claim_id,claimant_id,vehicle_id,clinic_provider_id,repair_provider_id,attorney_provider_id,incident_type,weather_condition,claim_date,police_report_filed,injuries_count,witnesses_count,claim_amount,claim_status,payout_amount,is_fraud,fraud_ring_id
CM005820,CL002434,VH003054,PR000129,PR000110,,multi_vehicle_pileup,clear,2023-11-28,True,0,0,4946.6,paid,4534.76,0,
CM007276,CL002579,VH000249,PR000208,PR000173,PR000215,sideswipe,rain,2023-02-14,True,0,0,1088.4,paid,1019.66,0,
CM000287,CL001992,VH000653,,PR000154,PR000237,sideswipe,clear,2023-04-07,True,2,1,3774.64,paid,3730.2,0,
CM004253,CL001717,VH000061,PR000156,PR000079,,single_vehicle,rain,2023-04-13,True,1,2,2910.78,paid,2834.66,0,
CM008825,CL000486,VH003336,PR000198,PR000086,,parking_lot,clear,2024-08-07,False,1,1,9094.04,denied,0.0,1,RING016
CM000762,CL003236,VH002092,PR000222,PR000097,,parking_lot,fog,2024-02-19,True,0,2,2854.23,under_review,,0,
CM002577,CL001077,VH000045,PR000192,PR000011,,sideswipe,fog,2023-08-24,False,0,0,2805.67,paid,2724.57,0,
CM008891,CL000072,VH002018,PR000235,PR000097,PR000130,sideswipe,snow,2023-04-09,False,0,0,5776.26,denied,0.0,1,RING019
CM001447,CL003113,VH000867,,PR000241,,single_vehicle,clear,2025-06-27,True,1,2,3806.48,paid,3751.74,0,
CM001350,CL003425,VH003817,,PR000071,,rear_end_collision,clear,2023-02-02,True,0,0,4090.34,paid,4084.5,0,
CM007360,CL002227,VH002478,PR000076,PR000060,,multi_vehicle_pileup,rain,2023-09-12,False,0,0,2539.05,paid,2472.26,0,
CM000096,CL000726,VH002590,,PR000221,PR000007,multi_vehicle_pileup,snow,2024-08-05,False,0,0,3973.11,paid,3747.25,0,
CM008683,CL000872,VH001966,PR000104,PR000075,PR000188,parking_lot,clear,2025-10-01,True,0,1,5425.61,paid,4982.64,1,RING010
CM001140,CL001703,VH002714,,PR000015,,multi_vehicle_pileup,clear,2024-10-23,True,0,0,4787.37,paid,4545.18,0,
CM008750,CL002900,VH000401,PR000119,PR000197,PR000135,multi_vehicle_pileup,snow,2025-05-26,False,2,0,2255.52,partially_paid,1032.61,1,RING012
CM006548,CL002297,VH001564,PR000195,PR000084,,single_vehicle,snow,2025-05-23,False,1,0,8296.17,paid,7931.31,0,
CM004630,CL001872,VH002607,PR000072,PR000099,,single_vehicle,fog,2024-04-05,True,0,1,1337.67,under_review,,0,
CM001766,CL000089,VH003058,,PR000197,,single_vehicle,snow,2024-03-31,True,0,4,2509.38,paid,2281.91,0,
CM006222,CL002138,VH003632,,,,sideswipe,snow,2023-08-14,True,1,0,2460.16,paid,2378.54,0,
CM003940,CL003792,VH002377,,PR000108,,multi_vehicle_pileup,clear,2023-06-16,True,2,0,2316.62,paid,2179.45,0,
CM004873,CL003082,VH001101,,PR000029,,single_vehicle,clear,2023-04-21,True,0,0,8483.21,paid,8425.64,0,
CM006530,CL003171,VH001197,,PR000220,,parking_lot,clear,2023-04-22,True,0,1,5977.55,paid,5952.19,0,
CM000268,CL001415,VH003173,,PR000138,,rear_end_collision,clear,2023-01-28,False,0,1,2967.32,paid,2760.24,0,
CM003729,CL003045,VH003516,,PR000218,,single_vehicle,clear,2023-10-12,True,0,0,2906.36,paid,2785.47,0,
CM008113,CL003340,VH000500,PR000198,PR000013,,parking_lot,clear,2025-01-20,True,0,0,4252.94,paid,4225.66,0,
CM007278,CL000999,VH002867,PR000033,PR000202,,rear_end_collision,fog,2024-03-18,False,0,0,3550.17,under_review,,0,
CM007472,CL000896,VH000756,,,,multi_vehicle_pileup,clear,2025-12-27,True,0,2,5505.49,paid,5458.08,0,
CM000170,CL000404,VH002200,,PR000005,,parking_lot,clear,2025-04-28,True,0,0,4768.37,paid,4703.73,0,
CM006102,CL002196,VH003576,,PR000047,,multi_vehicle_pileup,clear,2025-10-24,True,1,1,1400.4,paid,1280.88,0,
CM002933,CL001505,VH001300,PR000114,PR000245,,rear_end_collision,fog,2025-09-22,True,0,1,3780.65,paid,3492.99,0,
CM001916,CL001962,VH001992,,PR000225,PR000100,parking_lot,clear,2024-01-01,False,1,1,1717.29,paid,1587.98,0,
CM002376,CL000749,VH002576,PR000208,,,multi_vehicle_pileup,clear,2023-02-03,True,2,2,1393.48,paid,1268.2,0,
CM000995,CL001089,VH000384,PR000200,,,rear_end_collision,rain,2024-04-26,True,0,0,2951.36,paid,2709.43,0,
CM002895,CL002417,VH000204,,PR000041,,rear_end_collision,clear,2023-01-10,False,0,0,2017.86,paid,1912.58,0,
CM006227,CL000228,VH002780,PR000033,,,sideswipe,fog,2025-10-05,True,0,2,5071.67,paid,4759.08,0,
CM007196,CL003483,VH000035,PR000031,PR000172,,single_vehicle,rain,2025-08-16,False,0,0,898.69,paid,846.01,0,
CM002421,CL002421,VH002064,PR000025,PR000040,,sideswipe,fog,2024-08-01,False,1,3,6590.88,paid,6193.06,0,
CM001598,CL002542,VH000575,,PR000179,,single_vehicle,rain,2023-07-10,True,0,1,3425.03,paid,3163.08,0,
CM006573,CL003311,VH000455,,PR000207,,parking_lot,fog,2023-11-17,True,1,0,3784.96,paid,3756.27,0,
CM006692,CL003691,VH002389,,PR000199,,single_vehicle,clear,2025-06-10,True,2,0,3303.76,paid,3236.05,0,
CM007777,CL000114,VH002848,PR000074,PR000176,,sideswipe,snow,2025-02-27,True,0,1,3608.73,paid,3598.28,0,
CM000213,CL003880,VH002350,,PR000083,,multi_vehicle_pileup,rain,2024-08-17,True,1,4,1273.55,paid,1247.03,0,
CM001513,CL000686,VH001768,PR000056,PR000110,,parking_lot,fog,2025-07-31,True,1,0,3185.0,paid,2954.19,0,
CM006783,CL000876,VH000318,PR000031,,,parking_lot,snow,2023-01-24,True,0,1,909.11,paid,863.75,0,
CM001453,CL003928,VH000353,,,,parking_lot,rain,2024-10-17,True,0,0,1559.69,denied,0.0,0,
CM007338,CL003703,VH001322,,PR000117,PR000215,multi_vehicle_pileup,clear,2025-04-04,False,1,1,3084.98,paid,2907.67,0,
CM006707,CL001847,VH002860,PR000125,PR000166,,sideswipe,clear,2023-08-16,True,0,2,2588.77,paid,2378.91,0,
CM005453,CL003778,VH001673,,PR000124,,multi_vehicle_pileup,clear,2023-06-22,True,0,0,2231.78,paid,2134.21,0,
CM000928,CL002357,VH002693,PR000093,PR000117,,parking_lot,clear,2023-10-31,True,1,0,250.92,paid,227.02,0,
CM002898,CL001309,VH000439,PR000085,PR000142,PR000135,multi_vehicle_pileup,clear,2024-11-15,True,1,1,3779.3,paid,3544.05,0,
CM007089,CL002477,VH001066,,PR000121,,sideswipe,clear,2025-12-05,True,1,0,2291.83,paid,2194.17,0,
CM001889,CL000287,VH000371,PR000238,PR000000,,rear_end_collision,clear,2023-08-26,True,0,0,2776.9,paid,2633.4,0,
CM002550,CL002616,VH002209,PR000114,PR000024,,sideswipe,fog,2023-08-08,True,1,0,836.29,under_review,,0,
CM005539,CL001264,VH001047,,PR000097,,multi_vehicle_pileup,rain,2024-05-30,False,0,2,3545.06,paid,3293.73,0,
CM007074,CL000020,VH001519,PR000189,PR000108,,parking_lot,snow,2023-06-29,True,0,0,3035.32,paid,3031.53,0,
CM001576,CL003611,VH002275,PR000113,PR000241,,rear_end_collision,rain,2025-08-01,True,0,0,3798.76,paid,3711.73,0,
CM007151,CL003881,VH001089,,PR000226,,parking_lot,fog,2024-10-12,True,0,0,1956.22,paid,1851.53,0,
CM002408,CL002123,VH001072,,PR000105,,rear_end_collision,clear,2023-08-24,True,0,1,1599.25,paid,1506.51,0,
CM007959,CL003379,VH002974,,PR000173,PR000102,rear_end_collision,clear,2025-10-30,True,1,0,4517.22,denied,0.0,0,
CM008045,CL002568,VH001636,PR000034,PR000083,,multi_vehicle_pileup,fog,2023-09-16,True,1,0,2900.25,under_review,,0,
CM006954,CL003117,VH001347,,PR000142,PR000237,parking_lot,clear,2023-08-04,True,0,0,843.42,denied,0.0,0,
CM005912,CL002918,VH001122,,,,rear_end_collision,clear,2023-03-07,True,0,1,3604.52,paid,3578.14,0,
CM000765,CL003160,VH002641,,PR000108,,sideswipe,clear,2025-06-02,False,0,0,11617.79,denied,0.0,0,
CM007539,CL000978,VH000365,PR000034,PR000111,PR000237,multi_vehicle_pileup,snow,2025-10-14,False,0,1,2087.77,paid,1890.83,0,
CM004272,CL003778,VH002048,,,,multi_vehicle_pileup,snow,2024-11-10,True,0,0,11998.07,paid,11538.45,0,
CM005800,CL000772,VH003962,PR000144,PR000013,PR000139,single_vehicle,rain,2025-05-28,False,0,0,4768.72,paid,4368.17,0,
CM008124,CL000374,VH002276,PR000059,PR000123,,sideswipe,clear,2025-08-23,True,1,0,1818.09,paid,1668.0,0,
CM005170,CL003177,VH003391,,,PR000020,single_vehicle,clear,2024-12-20,False,1,1,2030.32,under_review,,0,
CM006243,CL002779,VH003358,,PR000110,PR000126,sideswipe,clear,2024-02-05,True,1,0,4375.98,paid,4258.09,0,
CM007511,CL003198,VH001927,,PR000142,,multi_vehicle_pileup,rain,2024-07-01,True,0,1,379.93,paid,359.44,0,
CM006099,CL001642,VH000723,,PR000083,PR000193,sideswipe,snow,2025-11-28,True,1,1,2623.24,paid,2394.16,0,
CM005492,CL001368,VH000233,PR000216,PR000180,,rear_end_collision,clear,2024-07-16,True,1,1,1874.06,paid,1759.05,0,
CM005844,CL002616,VH002066,PR000234,PR000150,,parking_lot,clear,2025-11-18,True,0,2,1416.05,paid,1348.73,0,
CM001407,CL000318,VH001262,PR000212,,,single_vehicle,fog,2023-10-01,True,0,0,1653.65,paid,1608.29,0,
CM001431,CL003286,VH002970,PR000039,PR000091,,multi_vehicle_pileup,fog,2025-05-29,False,0,2,5470.81,under_review,,0,
CM005825,CL002136,VH000769,PR000081,PR000117,PR000139,single_vehicle,clear,2025-05-26,True,0,0,847.91,paid,807.95,0,
CM004229,CL002159,VH003456,,PR000058,,multi_vehicle_pileup,fog,2024-01-07,True,0,3,4500.79,paid,4375.12,0,
CM003000,CL001702,VH001901,,,,parking_lot,clear,2023-09-07,True,1,1,2664.72,paid,2660.86,0,
CM008832,CL002509,VH001967,PR000244,PR000083,,rear_end_collision,clear,2023-12-04,True,1,0,4916.82,paid,4868.06,1,RING017
CM001663,CL001361,VH000952,,PR000241,,single_vehicle,rain,2024-03-31,True,0,0,594.16,paid,574.74,0,
CM006446,CL002556,VH003987,,PR000132,,sideswipe,clear,2025-02-03,True,0,1,7942.53,paid,7538.69,0,
CM006977,CL003959,VH002732,,PR000138,,multi_vehicle_pileup,rain,2023-06-16,False,0,1,3262.08,under_review,,0,
CM003464,CL003618,VH000823,,PR000138,,sideswipe,fog,2025-08-14,True,2,2,2997.69,paid,2745.37,0,
CM004406,CL000531,VH001558,,,,multi_vehicle_pileup,clear,2023-11-21,True,1,2,6317.38,paid,5963.07,0,
CM008257,CL000151,VH000578,PR000192,PR000220,PR000053,multi_vehicle_pileup,clear,2025-03-06,True,0,0,1037.13,paid,1032.79,0,
CM001878,CL001472,VH001507,,PR000062,,sideswipe,snow,2024-03-29,False,0,2,740.94,paid,729.26,0,
CM004973,CL001479,VH003887,PR000034,PR000009,PR000193,rear_end_collision,clear,2025-11-21,True,0,2,5173.89,paid,4935.74,0,
CM007925,CL000419,VH003508,,,,rear_end_collision,clear,2024-03-14,True,2,1,1370.35,paid,1264.41,0,
CM005313,CL001356,VH000800,,PR000138,PR000007,sideswipe,rain,2024-12-14,True,0,2,2882.82,paid,2854.27,0,
CM005181,CL003201,VH001178,,PR000097,,sideswipe,clear,2024-06-10,False,0,0,12050.87,paid,10995.31,0,
CM005683,CL002947,VH000671,,PR000042,,parking_lot,fog,2024-06-29,True,0,0,5884.08,paid,5711.39,0,
CM007025,CL001422,VH002133,,PR000210,,single_vehicle,snow,2023-02-19,True,0,1,4400.76,paid,4391.17,0,
CM000223,CL000909,VH001620,PR000093,PR000032,,rear_end_collision,clear,2025-01-02,True,0,0,4222.75,paid,3951.14,0,
CM001056,CL000835,VH001500,,PR000107,,sideswipe,clear,2024-01-06,True,0,1,1518.62,paid,1420.82,0,
CM002621,CL003259,VH002673,PR000021,PR000142,,single_vehicle,clear,2023-04-03,True,0,0,5140.3,paid,4868.24,0,
CM004392,CL000659,VH002065,,PR000166,,parking_lot,rain,2023-07-02,True,2,1,3096.24,paid,2967.58,0,
CM007493,CL001160,VH000616,PR000248,PR000182,,parking_lot,clear,2023-03-31,False,0,1,7249.96,paid,6968.78,0,
CM003002,CL001733,VH001960,,PR000084,PR000232,single_vehicle,rain,2025-04-24,True,2,1,3496.84,paid,3376.63,0,
CM005636,CL003051,VH002256,PR000112,,,rear_end_collision,clear,2025-05-30,True,0,0,3334.78,denied,0.0,0,
CM004059,CL001092,VH002744,PR000004,PR000133,,rear_end_collision,fog,2023-08-19,True,1,0,1114.65,denied,0.0,0,
CM006214,CL000891,VH002244,PR000248,PR000062,,multi_vehicle_pileup,fog,2023-11-15,True,0,0,8076.26,paid,7731.3,0,
CM007676,CL003768,VH000027,,,,single_vehicle,clear,2023-01-25,True,0,0,2072.88,paid,2020.87,0,
CM006359,CL002340,VH000837,PR000023,PR000132,,parking_lot,clear,2024-05-30,True,0,0,7563.56,paid,6985.09,0,
CM005119,CL003464,VH002248,PR000036,PR000145,,single_vehicle,clear,2025-09-17,True,0,1,5950.6,paid,5859.26,0,
CM003459,CL000557,VH002282,PR000249,PR000091,,parking_lot,clear,2024-10-09,True,0,3,3086.07,under_review,,0,
CM006384,CL002505,VH000429,PR000063,PR000124,,sideswipe,clear,2024-07-20,True,0,0,8561.26,paid,7774.72,0,
CM000568,CL003984,VH003413,,PR000174,,multi_vehicle_pileup,rain,2023-02-12,True,0,1,3804.97,paid,3478.71,0,
CM007262,CL002413,VH001675,,,,single_vehicle,snow,2023-04-15,False,0,0,2451.33,paid,2312.58,0,
CM004348,CL003374,VH003453,PR000068,PR000154,,parking_lot,rain,2025-11-21,True,0,0,1947.04,paid,1936.99,0,
CM007585,CL000519,VH001637,,PR000124,,single_vehicle,clear,2024-04-11,True,0,1,2594.3,paid,2523.47,0,
CM001422,CL003948,VH000648,PR000019,PR000209,PR000053,sideswipe,clear,2025-06-01,False,1,0,4531.6,paid,4267.21,0,
CM007989,CL002567,VH001961,,PR000040,,parking_lot,snow,2025-10-03,True,0,1,5788.55,paid,5604.88,0,
CM001700,CL002304,VH000190,,PR000084,,multi_vehicle_pileup,rain,2023-05-23,True,0,1,655.81,paid,643.27,0,
CM000648,CL001427,VH000990,PR000056,PR000151,,sideswipe,rain,2024-09-20,False,1,0,1782.49,paid,1680.35,0,
CM006281,CL000687,VH003150,PR000156,,,parking_lot,rain,2025-02-12,True,1,3,2283.3,paid,2138.12,0,
CM006080,CL003250,VH001701,PR000025,PR000041,,single_vehicle,clear,2025-08-24,True,2,1,3363.42,paid,3111.93,0,
CM006946,CL003036,VH000002,PR000010,PR000197,,sideswipe,clear,2023-09-14,True,0,1,1163.93,paid,1118.65,0,
CM003465,CL003551,VH003193,PR000089,,,single_vehicle,clear,2024-10-31,True,0,0,4964.53,paid,4769.85,0,
CM005258,CL002019,VH000891,,PR000225,,multi_vehicle_pileup,snow,2023-08-21,True,1,0,1706.16,under_review,,0,
CM004157,CL000421,VH003091,PR000036,,,sideswipe,fog,2024-06-02,True,0,0,2051.6,paid,1973.3,0,
CM008654,CL001476,VH002948,PR000114,PR000243,,sideswipe,clear,2025-01-11,True,0,1,7966.01,paid,7604.88,1,RING009
CM000316,CL000642,VH000060,,PR000084,PR000130,multi_vehicle_pileup,snow,2025-11-07,True,0,1,4138.62,paid,3862.54,0,
CM002115,CL000346,VH003542,PR000048,PR000042,,multi_vehicle_pileup,clear,2025-01-06,True,0,0,2913.33,paid,2666.87,0,
CM001569,CL000174,VH001340,,PR000075,,rear_end_collision,snow,2025-05-13,True,1,0,5794.55,paid,5594.84,0,
CM002479,CL002269,VH003290,,PR000132,,parking_lot,clear,2023-05-07,False,0,0,15460.14,paid,14922.66,0,
CM005681,CL003110,VH001923,PR000002,PR000028,,single_vehicle,clear,2023-05-11,True,0,2,4361.36,paid,4082.42,0,
CM002338,CL002658,VH003299,PR000171,PR000024,,multi_vehicle_pileup,clear,2023-06-18,False,0,1,2404.83,paid,2223.17,0,
CM004766,CL003879,VH002281,PR000167,PR000131,,multi_vehicle_pileup,clear,2023-02-01,True,0,0,2512.9,paid,2433.09,0,
CM005020,CL002531,VH002077,PR000144,PR000184,,multi_vehicle_pileup,clear,2023-02-17,True,0,0,6927.89,paid,6818.88,0,
CM001672,CL002527,VH000802,PR000078,PR000009,,sideswipe,clear,2024-02-02,False,0,1,1991.79,paid,1802.82,0,
CM004588,CL000223,VH003795,PR000187,PR000150,,rear_end_collision,clear,2023-11-08,True,0,0,2353.44,paid,2258.75,0,
CM006616,CL002515,VH001312,,PR000108,,parking_lot,clear,2023-07-23,True,0,1,3707.2,paid,3567.55,0,
CM001722,CL001824,VH002267,PR000158,,,single_vehicle,clear,2024-08-08,True,0,1,463.83,paid,421.62,0,
CM008857,CL003797,VH003129,PR000049,PR000045,,single_vehicle,clear,2024-08-26,True,2,0,13907.45,denied,0.0,1,RING018
CM001624,CL003395,VH001770,,,,rear_end_collision,clear,2024-04-23,True,0,0,8849.36,paid,8043.01,0,
CM002088,CL001704,VH001295,,PR000203,,parking_lot,rain,2024-07-31,False,2,0,1094.45,under_review,,0,
CM006062,CL003716,VH000517,PR000088,PR000038,,sideswipe,clear,2025-04-21,True,1,0,5219.38,paid,5066.1,0,
CM000555,CL000778,VH002027,PR000068,,,parking_lot,rain,2023-12-10,True,0,1,3385.32,paid,3246.08,0,
CM001616,CL002804,VH001034,,PR000050,,parking_lot,clear,2024-02-11,True,1,2,1205.15,paid,1186.35,0,
CM000719,CL000575,VH002782,PR000036,PR000097,,single_vehicle,clear,2025-02-20,True,0,0,3903.47,paid,3517.82,0,
CM002139,CL002227,VH002563,PR000093,PR000015,,single_vehicle,snow,2023-07-08,False,1,1,4420.19,paid,3979.02,0,
CM007404,CL000007,VH001800,PR000196,PR000154,,multi_vehicle_pileup,rain,2024-08-04,False,0,1,1767.31,paid,1733.0,0,
CM008651,CL003285,VH003251,PR000046,PR000201,PR000230,single_vehicle,clear,2025-02-16,True,1,0,3359.73,paid,3202.71,1,RING008
CM005145,CL001195,VH001904,PR000240,PR000028,,parking_lot,clear,2024-04-11,True,0,0,2649.51,denied,0.0,0,
CM005345,CL000678,VH003319,PR000006,PR000040,,single_vehicle,rain,2025-09-20,True,0,0,4793.41,paid,4388.29,0,
CM001143,CL003867,VH002542,PR000034,PR000203,,single_vehicle,clear,2025-07-01,True,0,1,5511.71,paid,5101.93,0,
CM006352,CL003597,VH002620,PR000025,PR000245,,single_vehicle,clear,2025-08-23,True,0,1,3556.25,paid,3248.36,0,
CM006274,CL000342,VH001121,PR000216,PR000205,,single_vehicle,clear,2024-05-18,True,0,1,3276.92,paid,3110.3,0,
CM002689,CL003921,VH002593,,PR000084,,multi_vehicle_pileup,clear,2023-03-31,True,0,0,4446.66,paid,4184.12,0,
CM007366,CL003452,VH003812,PR000066,PR000052,,rear_end_collision,rain,2024-06-01,False,1,1,11345.28,paid,10743.36,0,
CM004104,CL003088,VH002404,,PR000117,PR000102,multi_vehicle_pileup,fog,2023-12-30,True,0,0,6542.68,paid,5967.08,0,
CM008710,CL000911,VH000717,PR000104,PR000075,PR000188,multi_vehicle_pileup,clear,2025-10-23,True,0,0,2229.04,paid,2163.1,1,RING010
CM003705,CL002261,VH002757,PR000006,,,single_vehicle,clear,2023-05-19,True,0,0,3506.79,paid,3352.85,0,
CM001163,CL002099,VH003284,PR000074,,,single_vehicle,clear,2025-09-14,True,0,1,3538.03,under_review,,0,
CM004422,CL003617,VH000070,PR000222,PR000097,,single_vehicle,fog,2025-03-22,True,0,1,4121.64,paid,4109.95,0,
CM006175,CL002662,VH000816,,PR000201,,parking_lot,clear,2023-07-26,True,0,0,3350.01,paid,3276.4,0,
CM006138,CL003949,VH003463,PR000208,PR000041,,multi_vehicle_pileup,clear,2025-01-09,True,0,1,6810.82,paid,6563.22,0,
CM004334,CL000546,VH001454,,PR000037,,rear_end_collision,fog,2024-12-13,True,0,1,7258.75,paid,7001.06,0,
CM008879,CL002657,VH003036,PR000049,PR000045,,sideswipe,rain,2024-08-03,True,1,0,5382.47,under_review,,1,RING018
CM000867,CL002417,VH001936,,PR000040,,single_vehicle,clear,2024-01-02,True,0,0,6563.83,under_review,,0,
CM000621,CL001723,VH000713,PR000066,PR000013,,multi_vehicle_pileup,fog,2024-01-12,True,1,2,1437.28,paid,1393.77,0,
CM005917,CL000500,VH001130,PR000046,PR000037,,rear_end_collision,clear,2024-03-30,True,0,1,6660.52,paid,6507.98,0,
CM005324,CL000944,VH000054,PR000031,,,parking_lot,clear,2024-12-13,False,2,1,8733.64,denied,0.0,0,
CM003718,CL002453,VH000742,,PR000018,,sideswipe,clear,2024-06-08,True,0,1,6407.05,paid,6273.8,0,
CM006840,CL001524,VH000199,PR000001,,,parking_lot,clear,2023-10-03,True,0,2,5386.63,under_review,,0,
CM007854,CL002649,VH003383,,PR000086,,multi_vehicle_pileup,clear,2023-11-27,False,0,1,7865.63,under_review,,0,
CM007895,CL000694,VH000456,,PR000142,,sideswipe,fog,2025-09-09,True,0,3,3130.13,paid,2906.29,0,
CM002246,CL002554,VH000498,,PR000028,,sideswipe,clear,2024-06-23,True,1,0,10792.68,paid,10441.65,0,
CM005874,CL003811,VH002539,,,,single_vehicle,snow,2023-02-12,True,0,1,713.97,paid,710.17,0,
CM008179,CL003351,VH003764,PR000153,PR000199,,sideswipe,rain,2024-12-05,True,0,0,2579.32,under_review,,0,
CM006598,CL003526,VH001261,PR000035,PR000134,,single_vehicle,clear,2025-12-16,True,0,1,7374.56,under_review,,0,
CM008281,CL002106,VH001694,,PR000131,,parking_lot,fog,2025-10-20,True,0,2,952.79,paid,874.39,0,
CM006059,CL000937,VH001155,PR000022,,,rear_end_collision,snow,2023-04-01,False,0,2,4192.62,paid,4006.31,0,
CM007749,CL001817,VH003397,PR000233,PR000160,,rear_end_collision,snow,2024-11-12,False,1,1,2406.05,paid,2336.46,0,
CM007536,CL000189,VH001688,PR000103,PR000115,,rear_end_collision,fog,2025-04-21,True,0,3,5152.1,paid,4778.45,0,
CM001632,CL000409,VH002442,,PR000138,,parking_lot,rain,2024-09-16,False,0,0,2090.89,paid,1957.79,0,
CM008700,CL000344,VH002525,PR000104,PR000075,PR000188,single_vehicle,rain,2025-09-27,False,1,0,2375.55,paid,2159.07,1,RING010
CM000361,CL002493,VH001814,PR000249,PR000243,,rear_end_collision,clear,2025-06-01,False,0,1,2492.1,paid,2458.11,0,
CM004605,CL001072,VH003114,,PR000176,,sideswipe,clear,2023-08-07,True,0,0,4097.56,paid,3717.4,0,
CM006955,CL000277,VH003536,PR000212,PR000084,,multi_vehicle_pileup,clear,2024-03-02,True,0,2,2406.91,paid,2401.12,0,
CM002007,CL003327,VH000853,PR000096,PR000191,,parking_lot,fog,2025-08-25,True,0,2,2948.55,paid,2884.14,0,
CM003662,CL000581,VH000756,PR000023,,,parking_lot,clear,2025-10-27,False,0,0,5080.8,paid,4760.15,0,
CM004249,CL000221,VH001068,,PR000121,,rear_end_collision,clear,2024-11-11,True,0,0,3530.75,paid,3372.92,0,
CM003140,CL000984,VH001349,,PR000169,,parking_lot,clear,2024-06-14,True,0,3,3669.68,paid,3452.97,0,
CM008288,CL003289,VH001438,,PR000137,,single_vehicle,rain,2023-07-23,False,0,1,3378.78,under_review,,0,
CM004372,CL001441,VH002097,,,,sideswipe,clear,2024-12-11,True,0,0,1438.58,under_review,,0,
CM002628,CL002455,VH000698,PR000198,PR000038,,parking_lot,snow,2025-06-14,True,0,2,13919.48,denied,0.0,0,
CM008166,CL000795,VH000786,PR000002,PR000067,,sideswipe,rain,2023-03-04,True,0,1,1124.8,paid,1027.11,0,
CM005581,CL000705,VH002119,PR000208,PR000211,,parking_lot,clear,2023-02-16,False,0,0,4283.09,paid,4094.94,0,
CM003792,CL002979,VH003463,PR000019,PR000160,,sideswipe,clear,2023-05-03,False,1,0,7168.78,paid,7122.92,0,
CM008789,CL001293,VH002962,PR000156,PR000174,PR000122,multi_vehicle_pileup,clear,2023-08-09,True,1,0,9007.34,partially_paid,4750.95,1,RING014
CM004551,CL001365,VH003972,PR000186,PR000040,,sideswipe,clear,2025-06-21,True,0,0,11983.22,paid,11331.66,0,
CM008918,CL000054,VH003867,PR000129,PR000128,,sideswipe,clear,2024-04-08,True,1,0,3672.09,paid,3358.85,1,RING021
CM007376,CL001480,VH000361,PR000198,PR000228,,rear_end_collision,rain,2025-11-05,False,1,0,3394.07,paid,3055.87,0,
CM002752,CL000090,VH003763,,PR000142,,parking_lot,fog,2024-06-04,False,0,1,3353.55,paid,3056.01,0,
CM005225,CL003057,VH003784,PR000103,PR000105,,parking_lot,snow,2023-12-31,True,1,0,2550.58,paid,2460.57,0,
CM001492,CL003823,VH001710,,,,single_vehicle,fog,2023-10-17,True,1,0,3548.55,paid,3229.93,0,
CM006022,CL002519,VH002196,PR000153,,,rear_end_collision,fog,2024-02-26,True,1,1,7419.93,paid,7109.26,0,
CM006374,CL003406,VH001649,,PR000128,,single_vehicle,clear,2024-10-28,True,0,1,2409.05,paid,2280.06,0,
CM000240,CL000507,VH003355,PR000014,PR000242,PR000102,multi_vehicle_pileup,rain,2024-04-10,False,0,0,6415.58,paid,6075.17,0,
CM003249,CL001095,VH002000,PR000118,PR000242,,single_vehicle,clear,2023-12-11,True,0,0,11079.91,paid,10605.81,0,
CM002888,CL002797,VH000101,PR000085,,,sideswipe,rain,2024-06-05,True,1,2,2906.27,paid,2893.28,0,
CM007662,CL003886,VH001375,PR000159,PR000137,,sideswipe,clear,2023-03-24,True,0,0,1074.78,paid,980.32,0,
CM000081,CL003622,VH003073,,PR000245,,parking_lot,rain,2025-04-05,True,0,3,2868.47,paid,2703.06,0,
CM001615,CL002421,VH001433,,PR000184,,sideswipe,clear,2023-02-07,True,2,1,4362.92,paid,4310.11,0,
CM007809,CL002322,VH000060,,PR000032,,single_vehicle,clear,2025-06-07,True,0,2,1632.76,paid,1590.22,0,
CM005532,CL003729,VH000497,,PR000042,PR000175,rear_end_collision,snow,2025-12-28,True,0,1,2439.21,paid,2232.2,0,
CM008231,CL000107,VH002432,PR000214,PR000128,,parking_lot,clear,2025-10-21,True,0,0,1200.38,paid,1155.2,0,
CM002457,CL000725,VH002496,PR000056,PR000242,,single_vehicle,clear,2024-02-16,False,0,1,3381.48,paid,3320.22,0,
CM007567,CL001247,VH001362,,PR000062,,single_vehicle,clear,2024-12-15,False,0,0,2317.1,under_review,,0,
CM008708,CL000133,VH001966,PR000104,PR000075,PR000188,multi_vehicle_pileup,snow,2025-10-03,False,0,0,6915.65,partially_paid,3969.56,1,RING010
CM002575,CL000015,VH001617,,PR000201,,rear_end_collision,clear,2024-11-15,True,0,1,635.6,under_review,,0,
CM001418,CL002802,VH002170,,,PR000188,rear_end_collision,clear,2024-07-27,True,0,1,1619.63,paid,1555.06,0,
CM004081,CL003380,VH001378,PR000198,PR000151,,single_vehicle,clear,2024-03-08,True,0,1,4751.75,paid,4474.04,0,
CM007375,CL000127,VH002918,PR000072,PR000094,,single_vehicle,clear,2023-10-09,True,0,0,2325.73,paid,2288.64,0,
CM005431,CL000754,VH003859,,PR000178,,sideswipe,rain,2024-01-16,True,0,1,1139.38,paid,1066.9,0,
CM003257,CL001710,VH000392,,PR000000,,single_vehicle,clear,2024-07-23,True,2,1,3474.42,denied,0.0,0,
CM000593,CL000913,VH001648,,,,rear_end_collision,rain,2024-06-28,False,0,2,1966.97,paid,1939.89,0,
CM000669,CL000982,VH001176,PR000035,PR000173,,sideswipe,rain,2023-02-15,True,1,1,4370.45,paid,3954.97,0,
CM006819,CL001764,VH003599,PR000034,PR000204,PR000122,sideswipe,snow,2025-01-23,True,0,1,2366.65,paid,2187.45,0,
CM002313,CL001821,VH002836,PR000064,PR000209,,single_vehicle,snow,2025-08-04,True,1,1,2419.18,paid,2269.36,0,
CM004122,CL002405,VH002576,PR000008,,,parking_lot,snow,2023-08-19,False,0,2,4798.26,paid,4706.54,0,
CM004624,CL000444,VH001367,,PR000182,,single_vehicle,clear,2023-01-26,True,0,0,9130.34,paid,8648.08,0,
CM000510,CL003192,VH001345,PR000125,PR000124,,rear_end_collision,snow,2025-07-13,True,2,0,3863.14,paid,3833.5,0,
CM004642,CL003429,VH001536,PR000077,,,sideswipe,snow,2025-10-18,True,3,0,1562.06,under_review,,0,
CM001747,CL003117,VH002621,PR000078,PR000027,PR000016,single_vehicle,clear,2024-02-24,True,0,0,1707.84,paid,1609.83,0,
CM002009,CL002470,VH003436,,PR000201,,rear_end_collision,clear,2025-01-15,True,1,1,4669.85,paid,4464.61,0,
CM005748,CL003822,VH000911,,,,rear_end_collision,clear,2024-09-19,True,0,0,1925.61,paid,1840.29,0,
CM000734,CL000980,VH003469,PR000192,PR000245,PR000044,single_vehicle,clear,2024-06-10,True,0,0,1063.19,under_review,,0,
CM005945,CL001755,VH000211,PR000106,PR000038,,multi_vehicle_pileup,clear,2024-11-05,True,0,2,5124.92,denied,0.0,0,
CM000322,CL001969,VH002540,,PR000203,,multi_vehicle_pileup,clear,2023-11-04,True,0,1,1984.54,paid,1808.5,0,
CM000512,CL000495,VH003915,PR000249,PR000121,,single_vehicle,clear,2024-04-27,True,0,0,4918.78,paid,4543.46,0,
CM008431,CL002544,VH003622,PR000146,PR000105,,parking_lot,clear,2024-03-14,True,1,2,4673.12,paid,4221.19,1,RING001
CM005129,CL002180,VH003718,,PR000166,,rear_end_collision,snow,2023-11-27,True,1,1,1670.97,paid,1537.24,0,
CM006689,CL000555,VH000627,,PR000052,,sideswipe,clear,2024-05-02,False,0,0,3226.04,paid,3121.32,0,
CM008524,CL001693,VH003087,PR000214,PR000115,PR000147,sideswipe,rain,2023-12-01,True,2,0,12194.71,paid,11661.6,1,RING004
CM008838,CL002587,VH001876,PR000244,PR000083,,rear_end_collision,clear,2024-01-09,False,0,0,4415.65,denied,0.0,1,RING017
CM007188,CL001877,VH000375,PR000017,PR000086,,single_vehicle,snow,2025-05-15,True,0,4,1360.99,denied,0.0,0,
CM006740,CL002879,VH000907,PR000116,PR000181,,rear_end_collision,clear,2025-08-25,True,0,1,1624.18,paid,1585.65,0,
CM001881,CL000184,VH002617,,PR000075,,single_vehicle,fog,2024-01-14,True,0,0,9707.43,paid,9512.57,0,
CM003106,CL003852,VH002865,,PR000040,,sideswipe,clear,2025-10-29,True,0,0,5745.23,paid,5413.03,0,
CM000108,CL003024,VH003773,PR000186,PR000091,,rear_end_collision,rain,2024-05-27,True,1,0,3432.63,paid,3365.24,0,
CM004886,CL001710,VH001923,,PR000165,,rear_end_collision,rain,2024-06-26,True,0,2,4912.69,denied,0.0,0,
CM001563,CL001804,VH003266,PR000076,,,single_vehicle,clear,2024-12-23,True,0,0,2477.02,paid,2322.48,0,
CM007357,CL002482,VH003935,PR000187,PR000047,PR000053,multi_vehicle_pileup,clear,2023-10-25,True,1,1,2018.73,paid,1920.77,0,
CM001778,CL002476,VH000275,PR000158,PR000205,,rear_end_collision,clear,2024-09-01,True,0,2,2051.86,paid,1877.75,0,
CM001223,CL002507,VH000030,,PR000243,,parking_lot,clear,2024-05-13,True,0,1,3451.13,paid,3229.14,0,
CM000829,CL002387,VH001526,,PR000015,,parking_lot,rain,2023-06-12,False,0,0,4202.6,under_review,,0,
CM002819,CL001215,VH003448,PR000106,PR000015,,rear_end_collision,clear,2024-03-09,True,0,1,2699.17,paid,2633.03,0,
CM007034,CL003182,VH002378,,PR000169,,single_vehicle,rain,2024-01-27,True,0,0,4407.93,paid,4222.0,0,
CM007446,CL003283,VH000134,,PR000042,PR000155,single_vehicle,clear,2023-05-08,False,0,1,2817.52,paid,2735.6,0,
CM005120,CL000579,VH000472,,PR000060,,rear_end_collision,rain,2023-03-18,True,1,1,7933.52,paid,7807.87,0,
CM002796,CL001188,VH001664,PR000089,PR000151,,multi_vehicle_pileup,clear,2025-06-03,False,0,1,11956.45,paid,11406.49,0,
CM001865,CL003517,VH003295,,PR000042,,single_vehicle,clear,2023-02-18,True,2,1,1978.65,paid,1855.77,0,
CM008565,CL002088,VH003754,PR000064,PR000000,,multi_vehicle_pileup,clear,2023-07-15,True,0,0,3420.49,paid,3413.91,1,RING005
CM001942,CL001308,VH001595,PR000039,PR000095,PR000193,multi_vehicle_pileup,clear,2025-05-01,True,0,2,5294.05,paid,4972.12,0,
CM006644,CL003843,VH001554,PR000089,,,single_vehicle,clear,2025-02-07,True,0,1,691.57,paid,656.65,0,
CM008341,CL000317,VH000505,,PR000050,,multi_vehicle_pileup,clear,2025-04-05,False,0,1,1178.33,under_review,,0,
CM003315,CL003755,VH002046,PR000208,PR000000,,single_vehicle,rain,2024-05-10,True,0,2,5315.83,paid,5181.86,0,
CM006308,CL000868,VH001225,PR000113,PR000041,,sideswipe,fog,2023-05-05,True,0,0,4188.5,paid,4031.97,0,
CM000759,CL003608,VH002082,PR000078,PR000201,PR000100,parking_lot,rain,2023-11-17,True,1,1,2312.92,denied,0.0,0,
CM006299,CL003075,VH003337,PR000189,PR000221,,sideswipe,clear,2023-11-01,True,0,1,2879.82,under_review,,0,
CM004135,CL002207,VH002228,PR000198,PR000246,,parking_lot,clear,2025-07-06,False,0,1,2849.82,paid,2640.53,0,
CM007202,CL003536,VH000431,PR000002,PR000015,,single_vehicle,clear,2024-09-01,False,0,1,9167.67,under_review,,0,
CM004077,CL001656,VH002696,,PR000109,,parking_lot,clear,2024-03-06,True,0,1,1483.95,paid,1456.0,0,
CM002725,CL001410,VH000783,,PR000011,,rear_end_collision,rain,2024-03-24,True,0,0,6661.48,paid,6540.9,0,
CM008259,CL002640,VH001778,,PR000107,,parking_lot,clear,2025-12-26,False,1,0,2112.53,under_review,,0,
CM006594,CL000732,VH002269,,PR000163,,single_vehicle,clear,2024-12-19,False,1,1,2245.38,paid,2167.64,0,
CM000587,CL000838,VH002324,PR000149,PR000062,,single_vehicle,clear,2025-04-14,True,1,0,9041.84,paid,8454.08,0,
CM003039,CL003740,VH003804,,PR000210,PR000135,sideswipe,clear,2023-05-20,True,0,2,2441.28,paid,2329.43,0,
CM002599,CL001786,VH003622,PR000152,PR000128,,parking_lot,clear,2025-01-01,True,0,0,1579.89,under_review,,0,
CM000677,CL000762,VH000678,PR000017,PR000052,,sideswipe,clear,2023-11-25,True,0,0,2379.13,under_review,,0,
CM003401,CL001256,VH001511,PR000078,PR000011,PR000188,rear_end_collision,clear,2024-09-23,False,0,2,2953.15,paid,2810.95,0,
CM007840,CL001828,VH003845,,PR000157,,sideswipe,rain,2025-02-20,True,1,1,1798.55,paid,1623.24,0,
CM003356,CL000735,VH000855,PR000077,PR000245,,rear_end_collision,rain,2024-09-22,False,1,1,3725.85,paid,3717.68,0,
CM002304,CL002144,VH000692,,PR000140,,parking_lot,clear,2023-05-01,True,0,0,2791.46,paid,2665.87,0,
CM005959,CL001814,VH003188,PR000187,PR000245,,parking_lot,clear,2023-08-03,True,0,4,8677.53,paid,7927.68,0,
CM001730,CL000364,VH002678,PR000149,PR000224,,sideswipe,clear,2024-06-23,True,1,1,3149.74,paid,2970.21,0,
CM008487,CL000995,VH000767,PR000019,PR000071,PR000102,multi_vehicle_pileup,clear,2024-05-23,False,0,0,6028.98,paid,5486.89,1,RING003
CM005141,CL003830,VH001556,,PR000194,,sideswipe,clear,2024-08-04,True,0,2,3014.16,paid,2904.59,0,
CM006933,CL000156,VH003097,,PR000095,,parking_lot,clear,2024-02-09,True,1,0,1834.88,paid,1671.71,0,
CM003848,CL002339,VH001718,,PR000121,PR000102,sideswipe,clear,2023-04-24,False,1,0,3770.17,paid,3476.53,0,
CM006066,CL001268,VH001830,,,,sideswipe,clear,2024-12-30,True,1,1,4835.92,paid,4553.5,0,
CM003092,CL001565,VH002840,PR000125,PR000220,PR000007,parking_lot,clear,2024-11-02,False,1,1,2124.02,under_review,,0,
CM001148,CL003451,VH000395,PR000104,PR000131,,single_vehicle,clear,2025-10-24,True,0,2,7884.01,under_review,,0,
CM002303,CL003343,VH003976,PR000036,PR000243,,single_vehicle,rain,2025-06-11,True,0,2,3419.14,paid,3376.81,0,
CM007951,CL001885,VH002730,PR000001,PR000111,,multi_vehicle_pileup,rain,2025-01-02,False,0,0,2246.07,paid,2137.01,0,
CM000857,CL003938,VH000704,PR000235,,PR000139,rear_end_collision,rain,2024-12-20,True,1,0,8217.65,paid,8038.36,0,
CM002940,CL002719,VH003494,PR000200,PR000134,,sideswipe,rain,2024-10-22,True,0,0,1143.78,under_review,,0,
CM002003,CL001550,VH000123,,PR000086,,rear_end_collision,fog,2023-11-24,True,0,0,11475.85,paid,10895.23,0,
CM008334,CL000161,VH003536,PR000116,,PR000102,single_vehicle,clear,2025-05-06,True,0,0,4620.17,paid,4552.44,0,
CM008463,CL000830,VH002134,PR000146,PR000105,,single_vehicle,snow,2024-03-20,False,0,0,4172.92,denied,0.0,1,RING001
CM005740,CL000561,VH000905,,PR000123,,sideswipe,clear,2024-05-15,True,0,2,7657.81,paid,7117.94,0,
CM006320,CL000087,VH002961,PR000244,PR000091,,sideswipe,clear,2024-03-11,True,0,0,3464.72,paid,3368.84,0,
CM004664,CL000769,VH003707,,PR000109,,single_vehicle,rain,2023-06-24,True,0,0,3840.66,paid,3803.31,0,
CM008157,CL000775,VH000099,,PR000173,,rear_end_collision,snow,2024-06-21,True,0,0,5769.23,paid,5453.6,0,
CM004993,CL003144,VH002266,PR000085,PR000024,,rear_end_collision,fog,2023-01-10,False,1,0,7912.46,paid,7177.42,0,
CM007111,CL002925,VH002870,,PR000166,,sideswipe,clear,2024-06-21,True,1,0,2366.6,paid,2331.94,0,
CM005014,CL001161,VH000098,,,,parking_lot,rain,2025-06-04,False,1,1,4197.46,paid,4197.12,0,
CM007270,CL001163,VH001754,,,,single_vehicle,clear,2025-01-01,True,0,1,11065.75,under_review,,0,
CM003297,CL000117,VH002857,,,,multi_vehicle_pileup,clear,2023-06-14,True,1,0,3283.11,paid,3116.4,0,
CM003615,CL002326,VH002369,PR000057,PR000182,PR000162,sideswipe,clear,2023-12-15,True,0,1,5908.07,paid,5839.75,0,
CM005049,CL003354,VH001718,PR000189,PR000202,,parking_lot,snow,2024-08-19,False,0,2,922.78,paid,903.39,0,
CM005199,CL003023,VH003667,PR000004,PR000174,,parking_lot,rain,2024-05-13,True,1,1,6863.16,paid,6280.66,0,
CM003144,CL001633,VH003854,PR000021,PR000105,,parking_lot,fog,2024-12-25,True,0,1,5985.03,paid,5897.11,0,
CM003051,CL003647,VH002517,,PR000169,,single_vehicle,fog,2025-10-04,True,0,1,7508.75,paid,7421.69,0,
CM008871,CL002606,VH002667,PR000049,PR000045,,multi_vehicle_pileup,snow,2024-09-09,False,1,0,2779.42,paid,2502.26,1,RING018
CM001331,CL003776,VH000973,PR000017,PR000210,PR000100,parking_lot,snow,2024-03-23,True,0,0,3661.97,paid,3571.61,0,
CM001920,CL001858,VH003888,PR000113,PR000058,PR000141,sideswipe,clear,2023-07-31,False,0,1,3142.35,paid,2989.46,0,
CM006729,CL000107,VH000632,,PR000163,,rear_end_collision,clear,2023-10-21,True,1,1,1947.99,paid,1929.45,0,
CM005193,CL003036,VH002382,,PR000150,,rear_end_collision,fog,2024-01-02,True,0,1,3907.31,paid,3543.64,0,
CM007098,CL002457,VH000680,PR000120,PR000047,,single_vehicle,fog,2023-04-03,True,1,1,1050.71,under_review,,0,
CM005754,CL002735,VH002695,PR000186,PR000024,,multi_vehicle_pileup,rain,2024-04-25,True,0,1,2598.41,paid,2462.26,0,
CM008546,CL001303,VH003087,PR000214,PR000115,PR000147,multi_vehicle_pileup,clear,2023-12-17,False,2,1,5337.29,paid,5291.43,1,RING004
CM000519,CL003432,VH000882,PR000025,PR000182,,single_vehicle,fog,2023-12-22,True,0,2,6163.02,denied,0.0,0,
CM003482,CL003187,VH000798,,PR000045,,parking_lot,clear,2025-05-29,True,0,2,658.77,paid,630.53,0,
CM008019,CL002772,VH000088,,PR000207,,parking_lot,snow,2025-06-15,False,0,2,6078.72,paid,5553.96,0,
CM004610,CL003935,VH003628,PR000082,PR000058,,multi_vehicle_pileup,clear,2024-08-27,True,0,0,578.64,paid,565.03,0,
CM008203,CL003185,VH000453,PR000248,PR000069,,rear_end_collision,snow,2023-06-14,True,0,1,2748.21,under_review,,0,
CM006273,CL003943,VH000885,PR000118,PR000157,,multi_vehicle_pileup,clear,2023-12-11,True,0,0,5828.34,paid,5652.94,0,
CM002604,CL000345,VH003904,PR000046,PR000009,,parking_lot,clear,2023-06-07,True,0,0,4484.79,paid,4231.64,0,
CM001415,CL002151,VH002499,PR000035,PR000092,,multi_vehicle_pileup,fog,2024-07-20,True,3,0,7853.13,paid,7418.54,0,
CM002158,CL000420,VH002699,PR000003,PR000138,,rear_end_collision,fog,2023-04-25,True,1,1,6744.39,paid,6482.55,0,
CM003754,CL000503,VH002443,PR000136,PR000055,,sideswipe,rain,2025-07-13,True,0,1,3029.44,paid,2989.39,0,
CM001650,CL000705,VH002607,PR000149,PR000194,PR000177,single_vehicle,rain,2025-08-25,True,0,0,526.41,paid,503.65,0,
CM008162,CL001138,VH001497,,PR000184,PR000061,single_vehicle,snow,2023-03-07,True,0,0,2685.52,under_review,,0,
CM004512,CL002763,VH002002,PR000063,PR000052,,multi_vehicle_pileup,clear,2025-02-06,True,1,1,3311.44,paid,3099.58,0,
CM002405,CL002087,VH002244,,PR000163,,single_vehicle,snow,2025-08-25,True,0,0,627.19,denied,0.0,0,
CM007903,CL001067,VH003352,,PR000199,PR000016,sideswipe,fog,2024-09-27,True,0,0,2734.41,paid,2675.85,0,
CM004388,CL003372,VH000703,,PR000028,,multi_vehicle_pileup,clear,2025-03-13,True,1,0,5233.69,denied,0.0,0,
CM000222,CL001146,VH003295,PR000025,PR000042,,sideswipe,clear,2024-05-25,False,0,1,6468.76,paid,5855.46,0,
CM004360,CL000799,VH000926,,PR000117,,rear_end_collision,rain,2025-12-30,False,0,0,520.83,paid,506.25,0,
CM005267,CL002017,VH002121,PR000227,PR000009,,single_vehicle,snow,2023-02-12,True,1,0,4328.73,paid,4113.73,0,
CM002247,CL003534,VH001160,PR000039,PR000040,,rear_end_collision,rain,2024-09-27,True,0,1,2428.2,paid,2258.82,0,
CM004568,CL002530,VH002287,,,,multi_vehicle_pileup,clear,2023-11-17,True,0,0,1728.89,paid,1636.82,0,
CM006579,CL002110,VH002189,,,,rear_end_collision,clear,2023-11-24,True,0,1,4815.91,paid,4815.04,0,
CM003446,CL000819,VH001538,PR000168,PR000183,,single_vehicle,clear,2024-10-09,True,0,0,10151.58,paid,9495.47,0,
CM002153,CL002568,VH001826,PR000227,PR000018,,parking_lot,fog,2024-04-18,True,0,1,1689.82,paid,1543.13,0,
CM006189,CL003526,VH001174,,PR000062,,sideswipe,clear,2023-09-13,False,0,0,3515.68,paid,3369.31,0,
CM003045,CL003738,VH000918,PR000112,PR000009,,sideswipe,clear,2025-01-04,True,0,1,8062.13,paid,7367.52,0,
CM000120,CL003510,VH000907,PR000025,PR000133,,multi_vehicle_pileup,rain,2023-07-05,True,1,0,2405.93,paid,2239.02,0,
CM007756,CL002640,VH001933,,PR000138,,parking_lot,clear,2024-04-27,True,0,0,4535.42,under_review,,0,
CM006704,CL002585,VH001054,,PR000180,,rear_end_collision,clear,2024-05-31,True,0,1,4606.54,under_review,,0,
CM003376,CL003300,VH000763,PR000239,PR000087,PR000126,rear_end_collision,snow,2024-11-11,True,1,1,8268.16,under_review,,0,
CM004086,CL002246,VH003967,PR000076,PR000052,,rear_end_collision,fog,2024-10-22,False,0,0,860.31,paid,784.83,0,
CM002509,CL002853,VH003821,,PR000163,,rear_end_collision,rain,2025-04-06,True,1,1,5563.16,paid,5344.2,0,
CM000764,CL000791,VH003628,PR000127,PR000090,,rear_end_collision,rain,2025-07-14,True,0,0,6486.25,paid,6263.21,0,
CM005247,CL001095,VH002365,PR000119,PR000181,,single_vehicle,fog,2023-07-09,True,0,0,1252.58,paid,1153.29,0,
CM000625,CL000455,VH002302,,PR000105,,single_vehicle,snow,2023-09-19,True,0,0,2229.61,paid,2155.83,0,
CM007236,CL003395,VH003769,,PR000000,,single_vehicle,clear,2024-03-15,True,0,0,3436.46,paid,3328.2,0,
CM007268,CL003742,VH002960,,PR000000,,parking_lot,rain,2024-03-23,True,1,1,5029.28,paid,4853.97,0,
CM007052,CL001221,VH003080,PR000223,PR000084,,multi_vehicle_pileup,clear,2025-11-06,True,0,2,4003.15,paid,3651.43,0,
CM006552,CL000263,VH000397,PR000127,PR000179,,sideswipe,clear,2024-04-13,False,0,2,4567.74,paid,4308.26,0,
CM002322,CL003437,VH000113,PR000072,,,rear_end_collision,clear,2023-05-11,True,0,1,6375.79,paid,5832.78,0,
CM007787,CL003634,VH003686,PR000113,PR000015,,single_vehicle,clear,2023-08-27,True,0,0,4549.52,paid,4332.89,0,
CM003317,CL003061,VH003558,PR000104,PR000143,,single_vehicle,clear,2024-06-08,False,1,1,1489.71,paid,1440.2,0,
CM003618,CL000947,VH000421,PR000001,,PR000139,multi_vehicle_pileup,clear,2025-01-29,True,0,0,8504.14,paid,7870.41,0,
CM002730,CL000037,VH000193,PR000247,PR000226,,sideswipe,clear,2024-01-26,True,0,0,9051.79,under_review,,0,
CM002514,CL002219,VH003640,,PR000132,,rear_end_collision,fog,2025-05-03,True,1,0,8348.67,denied,0.0,0,
CM003474,CL002677,VH002692,,,,multi_vehicle_pileup,clear,2025-06-04,True,0,0,5806.56,paid,5717.6,0,
CM004741,CL002483,VH003082,PR000198,PR000218,,rear_end_collision,clear,2024-11-19,False,0,1,2883.88,paid,2697.86,0,
CM005194,CL003949,VH003600,PR000187,PR000107,,multi_vehicle_pileup,clear,2024-08-06,False,0,0,5680.34,under_review,,0,
CM007094,CL001873,VH002767,,PR000108,,rear_end_collision,rain,2024-07-13,False,0,1,3954.84,under_review,,0,
CM002517,CL003713,VH002874,PR000096,,,sideswipe,clear,2023-11-18,True,0,0,6071.95,denied,0.0,0,
CM005528,CL000779,VH000939,,PR000221,,parking_lot,clear,2024-09-02,True,0,2,1862.66,paid,1739.78,0,
CM000709,CL001300,VH000525,,PR000128,,single_vehicle,clear,2024-04-16,True,0,0,9153.84,paid,8355.12,0,
CM004743,CL000803,VH002711,,PR000245,,single_vehicle,clear,2024-02-17,True,0,3,3030.38,paid,2820.83,0,
CM007302,CL000866,VH002717,,PR000032,,sideswipe,clear,2025-03-29,False,0,0,1941.28,paid,1836.37,0,
CM006070,CL003809,VH001627,,PR000210,,parking_lot,rain,2025-02-05,False,1,0,3128.07,paid,3090.22,0,
CM002848,CL003587,VH003588,PR000056,PR000111,,multi_vehicle_pileup,fog,2024-05-09,True,0,0,7297.41,paid,7026.94,0,
CM004903,CL000949,VH000711,PR000216,PR000000,,rear_end_collision,fog,2023-05-03,False,0,2,1133.29,under_review,,0,
CM001254,CL001327,VH003510,PR000236,PR000229,,sideswipe,clear,2023-05-02,True,0,0,4440.54,paid,4119.68,0,
CM003429,CL000823,VH001775,,PR000151,,multi_vehicle_pileup,clear,2025-12-17,True,0,4,5287.05,paid,4968.95,0,
CM005108,CL003936,VH002907,,PR000095,,rear_end_collision,fog,2024-01-23,True,0,0,4534.02,under_review,,0,
CM004054,CL003601,VH000119,,PR000071,PR000141,multi_vehicle_pileup,clear,2023-11-13,True,0,1,5865.58,paid,5791.42,0,
CM008848,CL003880,VH003036,PR000049,PR000045,,single_vehicle,snow,2024-08-08,True,1,0,4931.46,paid,4665.04,1,RING018
CM004057,CL002230,VH003092,,PR000228,,rear_end_collision,rain,2023-03-19,True,0,0,11700.28,paid,11163.99,0,
CM000305,CL000928,VH000247,PR000164,PR000131,,single_vehicle,clear,2025-01-08,True,1,1,687.01,paid,638.7,0,
CM006166,CL003027,VH002445,,PR000067,PR000054,sideswipe,clear,2023-06-01,True,0,2,2533.22,paid,2356.43,0,
CM006890,CL002779,VH002290,PR000192,PR000097,,single_vehicle,fog,2024-10-25,False,0,0,5843.68,paid,5632.65,0,
CM001795,CL000754,VH000107,,,,single_vehicle,clear,2024-01-08,True,0,1,2115.23,paid,1996.89,0,
CM004142,CL001511,VH003603,,,,sideswipe,clear,2025-01-23,False,0,0,6403.6,paid,6325.1,0,
CM007515,CL003138,VH001213,,PR000013,,parking_lot,clear,2024-07-10,True,1,0,7776.26,paid,7115.23,0,
CM004735,CL000753,VH000636,PR000198,PR000181,,single_vehicle,clear,2025-01-26,True,0,1,3417.28,paid,3109.59,0,
CM000319,CL001121,VH003856,PR000063,PR000245,PR000237,sideswipe,rain,2024-04-18,False,0,2,1581.72,paid,1557.43,0,
CM005358,CL001775,VH002924,,PR000220,,parking_lot,rain,2024-09-07,True,0,0,3347.95,paid,3229.27,0,
CM000015,CL002989,VH003161,PR000021,PR000133,,single_vehicle,rain,2025-05-24,True,1,2,3818.31,paid,3461.63,0,
CM001047,CL003996,VH002502,PR000223,PR000241,,single_vehicle,snow,2023-05-05,True,0,0,1108.21,paid,1020.36,0,
CM000077,CL002168,VH002001,PR000212,PR000183,,sideswipe,clear,2023-08-04,True,0,1,8738.79,paid,8565.93,0,
CM005154,CL000966,VH003562,,PR000173,,sideswipe,clear,2025-03-27,True,0,0,5023.62,paid,4807.96,0,
CM007708,CL001364,VH002189,,PR000143,,multi_vehicle_pileup,clear,2025-01-27,False,0,2,961.73,paid,917.05,0,
CM006927,CL002754,VH000688,PR000072,PR000032,,multi_vehicle_pileup,fog,2024-10-30,True,0,2,7321.55,paid,6810.53,0,
CM005655,CL002324,VH000797,,PR000197,,single_vehicle,rain,2025-08-14,True,2,0,1454.07,under_review,,0,
CM008354,CL003608,VH002875,,,PR000122,single_vehicle,rain,2023-04-13,False,0,0,1919.97,paid,1769.8,0,
CM003913,CL003762,VH001145,PR000234,PR000211,PR000044,parking_lot,rain,2024-12-24,False,1,0,965.04,paid,944.86,0,
CM007250,CL001456,VH000725,PR000219,PR000052,,single_vehicle,snow,2023-07-23,False,0,1,11851.99,paid,10678.75,0,
CM005553,CL000757,VH001324,,PR000000,PR000215,parking_lot,clear,2024-11-28,True,1,1,3775.47,paid,3466.94,0,
CM008365,CL003643,VH002236,,PR000210,,rear_end_collision,clear,2024-02-09,False,1,1,1297.36,paid,1190.87,0,
CM000089,CL001273,VH000587,,PR000182,,multi_vehicle_pileup,clear,2025-10-09,False,0,0,2570.08,paid,2564.47,0,
CM008230,CL003979,VH002525,PR000098,PR000161,,parking_lot,clear,2023-01-08,True,1,0,3063.12,paid,2826.0,0,
CM006829,CL003929,VH003911,,PR000197,,multi_vehicle_pileup,rain,2025-05-19,True,0,0,1543.05,paid,1541.94,0,
CM006742,CL003196,VH001948,,PR000169,,multi_vehicle_pileup,snow,2024-12-28,True,1,1,3270.43,paid,3006.69,0,
CM002486,CL000395,VH003544,PR000249,PR000071,,sideswipe,clear,2023-08-16,True,0,0,6259.57,paid,5866.58,0,
CM008387,CL000065,VH003387,,PR000132,,sideswipe,clear,2024-05-22,True,0,0,2913.68,paid,2641.0,0,
CM006121,CL003053,VH003162,PR000240,PR000154,,parking_lot,clear,2023-08-19,True,0,1,6188.93,paid,5970.33,0,
CM000880,CL002396,VH000348,PR000153,PR000108,,parking_lot,rain,2023-03-06,True,0,2,5969.65,under_review,,0,
CM007842,CL003276,VH000566,,PR000028,,sideswipe,clear,2025-07-12,True,1,1,2730.5,paid,2543.17,0,
CM005138,CL000636,VH000314,,,,single_vehicle,rain,2025-12-17,True,0,0,1848.42,paid,1808.37,0,
CM007398,CL002293,VH002760,PR000074,PR000055,,parking_lot,clear,2024-10-06,True,1,1,2746.55,paid,2652.24,0,
CM002026,CL003574,VH001970,,PR000243,,rear_end_collision,clear,2025-04-04,True,0,0,5559.98,paid,5540.68,0,
CM006061,CL003641,VH000345,PR000236,PR000092,,multi_vehicle_pileup,clear,2025-05-17,True,0,1,4196.36,paid,4185.31,0,
CM008168,CL002866,VH000481,PR000068,PR000225,,sideswipe,clear,2025-01-30,True,0,1,4815.65,paid,4624.07,0,
CM006331,CL001647,VH000835,PR000096,PR000052,,sideswipe,clear,2023-12-28,True,0,1,4355.75,under_review,,0,
CM002267,CL002281,VH003260,PR000001,PR000245,,single_vehicle,clear,2023-12-20,True,0,0,7094.16,paid,6579.49,0,
CM001085,CL001363,VH003917,,PR000080,,single_vehicle,clear,2024-05-16,False,0,0,1506.05,paid,1403.24,0,
CM004454,CL000515,VH000515,PR000190,PR000205,,rear_end_collision,fog,2025-03-25,True,0,2,2006.05,paid,1812.96,0,
CM006454,CL002159,VH002982,PR000247,PR000040,,parking_lot,clear,2024-06-09,True,1,1,6293.13,paid,6103.01,0,
CM004340,CL001425,VH002848,PR000034,PR000194,PR000215,single_vehicle,fog,2023-07-21,True,1,0,6982.06,paid,6419.56,0,
CM008208,CL000813,VH002247,PR000074,PR000050,PR000185,parking_lot,clear,2023-01-26,False,1,0,1731.67,paid,1587.07,0,
CM008775,CL000242,VH001868,PR000096,PR000121,PR000147,sideswipe,clear,2023-04-05,False,0,0,5477.68,denied,0.0,1,RING013
CM007764,CL001083,VH003027,,PR000245,,rear_end_collision,snow,2025-12-20,True,0,2,3967.61,paid,3766.68,0,
CM006257,CL002192,VH000011,PR000031,PR000210,,parking_lot,clear,2024-09-04,True,0,0,11540.52,denied,0.0,0,
CM006300,CL000115,VH001360,,PR000199,,rear_end_collision,clear,2023-04-08,True,0,1,2889.54,paid,2647.92,0,
CM003458,CL002010,VH002371,PR000059,,,parking_lot,rain,2023-10-21,True,0,1,2582.06,paid,2391.2,0,
CM007279,CL001612,VH002034,PR000216,PR000140,,sideswipe,clear,2025-11-19,True,0,0,4993.54,paid,4754.17,0,
CM005993,CL003043,VH001592,,,,parking_lot,clear,2023-12-01,True,2,0,8345.66,paid,7990.86,0,
CM003743,CL002275,VH000622,,,PR000054,multi_vehicle_pileup,clear,2025-08-25,True,0,0,4382.36,paid,4346.97,0,
CM003892,CL000094,VH000917,PR000064,PR000201,,sideswipe,clear,2023-02-27,True,0,0,1992.39,paid,1866.35,0,
CM007604,CL000166,VH002640,PR000004,PR000221,,parking_lot,clear,2024-07-01,False,1,2,4048.7,under_review,,0,
CM004114,CL003651,VH000585,PR000113,PR000151,,rear_end_collision,snow,2023-10-25,True,0,0,565.06,paid,550.77,0,
CM008908,CL002529,VH002175,PR000235,PR000097,PR000130,multi_vehicle_pileup,fog,2023-03-24,False,0,1,2573.65,paid,2388.21,1,RING019
CM001011,CL000413,VH001333,PR000066,PR000084,,parking_lot,clear,2024-08-03,False,0,0,4065.37,paid,4011.93,0,
CM001176,CL000587,VH002375,,,,single_vehicle,clear,2024-06-17,True,0,0,5556.34,paid,5131.49,0,
CM000812,CL003743,VH002078,,PR000109,,single_vehicle,clear,2024-11-11,True,1,0,4147.83,paid,3831.87,0,
CM000933,CL002958,VH001269,PR000039,,,single_vehicle,snow,2023-03-09,True,0,0,3137.75,paid,2993.08,0,
CM007168,CL002940,VH000751,,PR000163,,sideswipe,clear,2024-05-09,False,0,4,861.78,paid,776.74,0,
CM000961,CL002447,VH003609,,PR000047,,parking_lot,snow,2025-07-18,True,1,0,530.0,paid,521.55,0,
CM001579,CL002096,VH000391,,PR000150,PR000007,rear_end_collision,snow,2023-11-16,False,0,0,2711.53,under_review,,0,
CM004417,CL000237,VH003967,PR000144,PR000169,,multi_vehicle_pileup,clear,2025-01-13,True,0,0,6139.68,paid,6011.32,0,
CM006425,CL003026,VH003010,PR000158,PR000032,,single_vehicle,clear,2024-12-12,True,0,0,6173.18,paid,5996.08,0,
CM008357,CL000097,VH000542,,PR000191,,rear_end_collision,fog,2024-11-27,False,0,1,2488.22,paid,2451.53,0,
CM008833,CL001365,VH001967,PR000244,PR000083,,sideswipe,clear,2023-12-27,False,1,0,4140.75,denied,0.0,1,RING017
CM005317,CL000448,VH001782,,PR000075,,rear_end_collision,clear,2024-06-08,True,0,3,5517.02,paid,5319.6,0,
CM000038,CL000495,VH002047,,PR000205,,parking_lot,clear,2023-05-19,True,0,0,1097.72,paid,1081.44,0,
CM006991,CL000229,VH000214,PR000190,PR000165,PR000185,sideswipe,rain,2024-03-11,True,0,0,4820.11,paid,4575.5,0,
CM000624,CL002606,VH003576,PR000244,,,multi_vehicle_pileup,clear,2025-05-13,False,0,1,3341.58,paid,3246.68,0,
CM000020,CL001846,VH001993,PR000171,PR000108,,single_vehicle,clear,2024-04-28,True,2,1,4477.85,denied,0.0,0,
CM001072,CL002530,VH001414,PR000152,PR000199,,sideswipe,clear,2024-11-04,False,0,0,8885.53,paid,8873.25,0,
CM004867,CL000144,VH001165,,PR000220,,multi_vehicle_pileup,clear,2025-10-17,True,1,2,2789.59,paid,2599.88,0,
CM003863,CL003552,VH003135,,,,parking_lot,rain,2023-05-26,True,0,0,1712.38,paid,1644.65,0,
CM006072,CL000304,VH000335,PR000249,PR000050,,single_vehicle,clear,2023-07-06,True,0,0,2199.55,paid,2034.44,0,
CM005595,CL001313,VH000994,,PR000163,,sideswipe,clear,2024-02-18,True,0,1,1399.02,paid,1332.36,0,
CM000654,CL001474,VH000387,PR000144,PR000052,,sideswipe,fog,2023-06-30,False,1,1,1828.66,paid,1809.11,0,
CM007927,CL001136,VH002981,PR000127,PR000109,PR000193,parking_lot,snow,2024-10-12,True,1,1,1105.28,paid,1057.26,0,
CM001323,CL003338,VH002561,,PR000075,,parking_lot,rain,2025-01-12,False,1,1,2218.29,paid,2021.31,0,
CM006476,CL001261,VH002154,PR000106,PR000243,,parking_lot,clear,2024-02-16,True,0,1,1503.45,under_review,,0,
CM002719,CL000705,VH003688,PR000149,PR000087,,multi_vehicle_pileup,clear,2023-08-25,False,1,0,1523.72,paid,1466.29,0,
CM008468,CL003134,VH001602,PR000146,PR000105,,parking_lot,clear,2024-02-07,False,0,0,1758.7,partially_paid,805.84,1,RING001
CM004815,CL002329,VH001839,PR000059,PR000111,,single_vehicle,clear,2023-11-19,True,2,0,19253.13,paid,17406.09,0,
CM003536,CL003602,VH002589,PR000065,PR000197,,sideswipe,clear,2023-02-10,True,0,2,3484.29,paid,3381.15,0,
CM000539,CL003172,VH001053,,PR000080,,parking_lot,rain,2023-03-30,True,0,0,1462.51,paid,1431.77,0,
CM007552,CL002842,VH001923,PR000088,PR000137,,rear_end_collision,clear,2024-03-22,True,0,1,8607.94,under_review,,0,
CM006353,CL002857,VH003024,,PR000207,,multi_vehicle_pileup,clear,2024-04-15,False,1,3,6204.4,paid,5880.58,0,
CM002859,CL000576,VH001540,,PR000015,,single_vehicle,clear,2025-01-24,True,0,1,3252.63,paid,3173.03,0,
CM004270,CL002479,VH001208,,PR000091,,rear_end_collision,clear,2024-05-26,False,1,1,355.17,paid,351.56,0,
CM002518,CL001184,VH000950,,PR000015,,parking_lot,rain,2023-10-17,False,0,1,5492.41,under_review,,0,
CM003434,CL000479,VH000196,,PR000123,,rear_end_collision,clear,2024-01-05,True,0,1,1455.12,paid,1367.48,0,
CM004230,CL000967,VH001649,PR000208,PR000005,,multi_vehicle_pileup,fog,2024-10-23,True,0,0,9800.52,paid,9514.04,0,
CM004569,CL000382,VH001305,PR000021,PR000097,,sideswipe,fog,2024-11-22,False,0,0,9525.24,under_review,,0,
CM005946,CL000431,VH001631,PR000059,PR000178,,parking_lot,clear,2024-02-01,False,0,0,2155.84,paid,2009.47,0,
CM000094,CL003906,VH001812,,PR000050,PR000016,sideswipe,clear,2024-04-07,True,0,2,1230.16,paid,1175.2,0,
CM007290,CL002007,VH001902,,,,parking_lot,snow,2023-04-05,False,2,0,5916.83,paid,5624.09,0,
CM002073,CL001065,VH000840,,PR000052,,parking_lot,rain,2024-06-07,True,1,1,3941.11,paid,3689.92,0,
CM007354,CL001001,VH003838,PR000036,PR000140,,multi_vehicle_pileup,clear,2025-06-05,True,0,0,8262.06,under_review,,0,
CM000583,CL002664,VH000237,,PR000071,,single_vehicle,clear,2024-09-20,True,0,0,1767.82,paid,1715.97,0,
CM004950,CL003385,VH002667,PR000033,PR000040,,parking_lot,rain,2024-08-24,False,0,1,1175.13,paid,1108.32,0,
CM000347,CL003273,VH003207,,PR000174,,multi_vehicle_pileup,clear,2023-08-24,True,0,0,4431.63,paid,4268.93,0,
CM004878,CL001110,VH003067,,PR000218,,parking_lot,fog,2024-04-03,True,0,1,939.31,denied,0.0,0,
CM001769,CL001859,VH000585,,PR000157,,parking_lot,fog,2025-06-01,True,0,0,3868.81,denied,0.0,0,
CM002834,CL003092,VH003943,PR000238,,,rear_end_collision,clear,2024-08-02,True,0,0,3507.47,paid,3172.3,0,
CM007901,CL002573,VH001074,PR000234,PR000207,,multi_vehicle_pileup,clear,2023-04-06,True,0,2,3521.41,paid,3438.04,0,
CM005831,CL001186,VH000586,,,,rear_end_collision,clear,2024-12-31,True,1,1,2863.26,paid,2775.75,0,
CM004326,CL001024,VH000469,PR000073,PR000229,,parking_lot,rain,2023-02-15,True,0,0,7370.01,paid,7024.37,0,
CM008545,CL003741,VH002152,PR000214,PR000115,PR000147,sideswipe,clear,2023-12-21,True,2,0,6071.48,denied,0.0,1,RING004
CM001804,CL003247,VH000756,PR000113,PR000080,,multi_vehicle_pileup,clear,2025-11-14,True,0,0,3610.8,paid,3557.43,0,
CM002877,CL000082,VH002621,,PR000176,,rear_end_collision,snow,2025-01-20,True,0,0,2224.43,under_review,,0,
CM004774,CL003765,VH000341,PR000103,PR000174,,sideswipe,clear,2025-09-17,True,0,1,2865.49,paid,2637.95,0,
CM005604,CL002246,VH003606,PR000212,PR000083,,single_vehicle,rain,2025-10-13,True,0,2,2774.13,under_review,,0,
CM001562,CL000569,VH003861,,PR000083,,single_vehicle,clear,2024-12-07,True,1,1,1974.01,paid,1802.7,0,
CM005214,CL002185,VH000596,PR000189,,,parking_lot,clear,2025-01-21,True,1,2,4128.2,paid,3833.96,0,
CM001116,CL001332,VH002252,PR000043,PR000110,,rear_end_collision,clear,2023-12-18,True,0,0,1824.67,paid,1669.28,0,
CM006814,CL000684,VH002438,PR000112,PR000111,,sideswipe,clear,2023-07-17,True,0,2,2964.73,denied,0.0,0,
CM005200,CL000577,VH001849,PR000004,PR000042,,single_vehicle,clear,2025-06-02,True,0,1,995.35,paid,990.05,0,
CM004029,CL003268,VH000285,PR000064,PR000138,PR000126,multi_vehicle_pileup,snow,2024-03-27,True,1,3,3000.79,paid,2887.34,0,
CM008689,CL000280,VH002525,PR000104,PR000075,PR000188,parking_lot,clear,2025-10-28,False,0,0,16666.24,paid,16242.09,1,RING010
CM008016,CL002636,VH003989,,PR000225,PR000155,single_vehicle,rain,2023-02-14,True,0,1,5207.3,paid,4741.07,0,
CM003444,CL000873,VH003846,PR000081,PR000012,,parking_lot,rain,2025-11-14,True,0,1,4333.97,paid,4027.18,0,
CM004473,CL003480,VH001940,PR000190,PR000202,,single_vehicle,clear,2025-08-18,True,0,0,5304.14,paid,5238.79,0,
CM002095,CL002097,VH000308,,PR000109,,single_vehicle,fog,2024-09-27,True,0,0,5376.38,paid,4946.9,0,
CM005913,CL003563,VH002441,PR000198,PR000115,,parking_lot,rain,2024-07-01,False,0,2,6714.07,paid,6359.59,0,
CM003556,CL003450,VH001526,,PR000182,,multi_vehicle_pileup,snow,2025-10-05,True,1,1,3423.13,paid,3115.5,0,
CM004254,CL001875,VH002120,PR000239,PR000169,,single_vehicle,snow,2024-06-05,True,0,1,5516.8,paid,4977.11,0,
CM004211,CL003563,VH000189,,,,parking_lot,clear,2024-03-10,True,0,1,1819.2,under_review,,0,
CM008892,CL000072,VH002889,PR000235,PR000097,PR000130,parking_lot,rain,2023-04-04,False,1,0,8565.74,paid,7967.69,1,RING019
CM003821,CL003160,VH000550,PR000026,PR000210,,parking_lot,rain,2025-08-05,False,0,1,2265.48,paid,2249.36,0,
CM006049,CL001826,VH000487,,PR000179,,parking_lot,clear,2025-06-11,False,0,0,1232.79,paid,1184.01,0,
CM003115,CL002738,VH003273,PR000149,PR000202,,multi_vehicle_pileup,clear,2025-05-23,True,1,0,1682.41,under_review,,0,
CM003008,CL003225,VH000543,,PR000226,,multi_vehicle_pileup,clear,2025-11-28,True,0,0,2764.63,paid,2593.49,0,
CM006319,CL001060,VH001207,PR000222,,,single_vehicle,clear,2024-02-01,True,1,1,6009.32,under_review,,0,
CM004032,CL002912,VH001092,PR000247,PR000040,,sideswipe,snow,2024-11-12,True,1,0,6428.26,paid,5812.25,0,
CM008632,CL001273,VH000847,PR000046,PR000201,PR000230,parking_lot,clear,2025-02-21,False,0,0,2859.64,paid,2788.24,1,RING008
CM005369,CL001674,VH002102,,PR000211,PR000213,sideswipe,clear,2025-01-18,True,0,2,7890.42,under_review,,0,
CM004231,CL000135,VH000386,,PR000050,,sideswipe,rain,2023-04-27,False,0,4,1264.11,paid,1217.01,0,
CM006861,CL001219,VH001251,PR000216,PR000121,,single_vehicle,clear,2025-06-10,True,0,0,4167.17,paid,3868.11,0,
CM007636,CL000424,VH001090,PR000063,,,parking_lot,clear,2023-08-07,True,0,2,3908.64,paid,3685.47,0,
CM005126,CL001206,VH001230,PR000043,PR000086,,sideswipe,clear,2023-10-03,True,0,0,2931.75,paid,2859.84,0,
CM008679,CL000293,VH000301,PR000104,PR000075,PR000188,parking_lot,fog,2025-09-25,False,0,1,2143.76,paid,2086.26,1,RING010
CM000334,CL000164,VH002011,,PR000015,,sideswipe,clear,2025-09-12,False,0,0,8494.52,paid,8199.19,0,
CM001077,CL001839,VH003551,,,,single_vehicle,clear,2025-06-13,True,0,0,4950.03,paid,4847.53,0,
CM002969,CL003290,VH003315,,PR000037,,single_vehicle,clear,2025-03-01,True,0,2,6108.94,paid,5499.57,0,
CM008140,CL003648,VH003547,,PR000045,,single_vehicle,rain,2024-04-05,True,0,0,2457.94,paid,2424.67,0,
CM004708,CL003700,VH003403,,PR000197,PR000030,sideswipe,clear,2024-01-06,False,0,0,2880.15,denied,0.0,0,
CM001643,CL003775,VH000539,,PR000131,,sideswipe,clear,2023-01-04,True,1,1,11288.54,paid,10582.07,0,
CM003650,CL002220,VH002782,,PR000092,,sideswipe,clear,2023-11-05,True,1,1,981.13,paid,976.92,0,
CM006629,CL000374,VH001949,PR000187,,,parking_lot,clear,2025-05-09,True,1,2,5884.14,paid,5466.35,0,
CM003003,CL000997,VH000825,PR000233,,,sideswipe,clear,2025-11-24,True,0,0,9299.35,paid,8380.62,0,
CM003686,CL001395,VH003754,,PR000029,PR000230,sideswipe,clear,2025-02-21,False,0,1,1854.05,paid,1845.17,0,
CM001570,CL000701,VH001700,,PR000210,,multi_vehicle_pileup,rain,2024-02-27,True,0,1,9095.31,under_review,,0,
CM001127,CL002586,VH002382,PR000158,PR000069,,multi_vehicle_pileup,clear,2023-10-25,True,0,0,11837.0,paid,11701.49,0,
CM005516,CL001663,VH001960,PR000073,PR000143,,parking_lot,clear,2025-05-13,False,0,0,1854.06,paid,1810.86,0,
CM004978,CL001988,VH002115,,PR000128,,single_vehicle,snow,2024-10-04,True,2,0,1903.5,paid,1884.85,0,
CM004665,CL000435,VH003967,,,,rear_end_collision,clear,2025-10-05,False,0,1,3743.91,paid,3504.38,0,
CM006228,CL000516,VH000533,PR000249,,,multi_vehicle_pileup,clear,2023-03-12,True,0,1,4309.65,paid,4200.99,0,
CM007348,CL003085,VH002980,,,,parking_lot,clear,2023-12-12,True,0,1,7510.24,paid,7138.29,0,
CM003298,CL002032,VH001656,,PR000134,,multi_vehicle_pileup,clear,2025-11-28,True,0,0,9141.04,paid,8569.23,0,
CM000024,CL003458,VH000995,PR000238,PR000115,PR000130,single_vehicle,clear,2024-10-17,True,1,0,2268.34,paid,2171.18,0,
CM003786,CL002962,VH003764,PR000077,PR000037,,single_vehicle,rain,2024-05-08,True,0,0,2777.68,paid,2629.89,0,
CM006568,CL001655,VH000972,,,,single_vehicle,clear,2023-10-10,True,1,0,1822.47,paid,1751.22,0,
CM006145,CL002751,VH003756,PR000247,PR000145,,rear_end_collision,snow,2024-11-01,True,0,2,4012.07,paid,3851.11,0,
CM003270,CL003841,VH000998,PR000190,PR000091,,rear_end_collision,rain,2023-08-26,True,0,3,3322.52,under_review,,0,
CM003853,CL002579,VH003022,PR000017,,,parking_lot,rain,2025-09-20,False,0,1,2375.37,paid,2191.22,0,
CM001657,CL000731,VH003503,,PR000202,,parking_lot,rain,2023-06-15,False,1,1,5660.61,paid,5545.21,0,
CM004148,CL003221,VH002869,PR000021,PR000050,,single_vehicle,snow,2025-02-09,False,0,2,3580.45,paid,3281.81,0,
CM003541,CL002015,VH001073,,PR000140,,parking_lot,rain,2023-02-03,True,0,0,11844.14,under_review,,0,
CM001666,CL000648,VH001446,PR000156,PR000166,,sideswipe,rain,2023-11-24,True,0,1,3190.16,paid,3166.41,0,
CM005563,CL000690,VH001977,,PR000172,,multi_vehicle_pileup,clear,2025-07-03,True,0,1,983.89,paid,926.35,0,
CM006383,CL000067,VH002647,PR000006,PR000194,PR000053,single_vehicle,clear,2025-04-10,True,0,0,2242.91,under_review,,0,
CM001045,CL001753,VH000444,PR000136,,,single_vehicle,snow,2023-04-06,True,0,0,6247.28,paid,5873.9,0,
CM002907,CL003643,VH000622,PR000082,PR000204,,single_vehicle,clear,2023-09-30,False,1,2,3833.55,under_review,,0,
CM007918,CL000320,VH002389,,PR000047,,rear_end_collision,clear,2023-08-27,True,0,1,3858.04,paid,3844.85,0,
CM007930,CL001754,VH000510,PR000078,PR000024,,single_vehicle,rain,2025-12-12,True,0,0,2448.25,paid,2378.87,0,
CM001502,CL002779,VH003193,,PR000242,,rear_end_collision,snow,2025-09-09,True,1,1,1514.24,paid,1370.19,0,
CM008844,CL003823,VH001967,PR000244,PR000083,,single_vehicle,snow,2024-02-11,True,1,0,6579.8,denied,0.0,1,RING017
CM003004,CL000353,VH000790,PR000190,PR000132,,single_vehicle,clear,2023-03-23,True,0,1,2679.6,paid,2473.53,0,
CM000497,CL003190,VH000027,,PR000038,PR000126,single_vehicle,snow,2023-02-28,True,0,1,1897.76,paid,1768.31,0,
CM001794,CL002130,VH001717,,PR000094,,sideswipe,clear,2025-11-09,False,0,2,10030.56,under_review,,0,
CM006914,CL001419,VH001351,,,,single_vehicle,fog,2025-07-16,False,0,2,1271.78,paid,1258.26,0,
CM007459,CL000682,VH001528,PR000127,PR000224,,single_vehicle,rain,2023-03-12,True,0,1,1857.73,paid,1821.76,0,
CM000034,CL001687,VH001576,,PR000246,,multi_vehicle_pileup,fog,2023-02-25,True,0,1,1116.66,paid,1044.01,0,
CM000683,CL001830,VH002139,,,,multi_vehicle_pileup,clear,2025-11-07,True,1,0,3233.6,paid,3159.55,0,
CM000051,CL001514,VH000350,PR000073,,PR000101,parking_lot,clear,2023-05-02,True,0,1,3288.46,paid,3111.7,0,
CM006869,CL003745,VH003308,PR000127,PR000080,,single_vehicle,clear,2025-07-15,True,0,0,5250.05,paid,4988.04,0,
CM002030,CL001689,VH000239,PR000057,PR000090,,rear_end_collision,clear,2023-04-13,False,0,0,3964.59,paid,3847.42,0,
CM003088,CL003912,VH001531,,PR000134,,single_vehicle,rain,2024-09-05,True,0,1,1068.03,paid,1044.71,0,
CM002390,CL000771,VH002370,PR000198,PR000018,,single_vehicle,clear,2025-04-14,True,0,0,1929.39,paid,1762.14,0,
CM001473,CL003418,VH001012,PR000002,PR000204,,multi_vehicle_pileup,snow,2023-11-28,False,0,0,5181.3,paid,4794.07,0,
CM000501,CL000796,VH001526,PR000049,PR000058,,multi_vehicle_pileup,clear,2024-04-27,True,0,3,9647.22,under_review,,0,
CM003694,CL002313,VH000608,,,,sideswipe,rain,2024-02-05,True,0,1,5075.0,under_review,,0,
CM004933,CL001811,VH001060,PR000195,PR000161,,rear_end_collision,clear,2025-04-18,True,0,2,2518.1,under_review,,0,
CM004984,CL000652,VH000947,PR000159,PR000176,,rear_end_collision,snow,2024-06-09,True,0,0,1017.69,under_review,,0,
CM005040,CL002969,VH002618,PR000104,PR000242,,sideswipe,clear,2023-05-28,False,0,1,1858.44,paid,1695.09,0,
CM007108,CL000134,VH000468,,PR000199,,multi_vehicle_pileup,clear,2024-05-05,True,0,1,9397.01,paid,8878.57,0,
CM008123,CL002568,VH000925,PR000072,,,single_vehicle,clear,2023-04-21,True,1,0,3198.16,paid,3045.06,0,
CM006928,CL003712,VH003303,PR000119,PR000243,,parking_lot,clear,2024-01-09,True,0,1,4781.55,paid,4356.63,0,
CM002821,CL002380,VH000255,,,,sideswipe,clear,2023-10-30,True,1,0,1384.24,under_review,,0,
CM000246,CL001506,VH003989,PR000127,PR000055,,rear_end_collision,clear,2025-01-12,True,0,1,1658.2,paid,1516.56,0,
CM000150,CL003409,VH002151,PR000068,PR000166,,rear_end_collision,clear,2024-08-13,True,1,0,5353.91,paid,4843.81,0,
CM006978,CL003208,VH003218,PR000022,PR000091,,rear_end_collision,fog,2023-04-07,True,0,0,5266.11,paid,4902.01,0,
CM000186,CL003978,VH001226,,PR000086,,multi_vehicle_pileup,fog,2025-12-21,True,1,0,3069.81,under_review,,0,
CM006276,CL001278,VH003388,PR000093,PR000038,PR000162,parking_lot,clear,2024-07-20,True,1,0,3211.07,paid,3198.52,0,
CM004109,CL003239,VH002628,PR000153,,,parking_lot,clear,2025-08-01,True,0,1,2012.07,paid,1918.03,0,
CM004058,CL003931,VH002830,,,,parking_lot,clear,2025-08-28,True,0,0,1651.59,paid,1552.94,0,
CM002983,CL003801,VH001466,,PR000110,,parking_lot,fog,2025-03-09,True,0,1,11795.52,paid,11484.83,0,
CM005848,CL002303,VH001402,PR000063,PR000108,,single_vehicle,clear,2024-03-05,True,0,2,818.96,paid,814.32,0,
CM004011,CL000428,VH002642,PR000074,PR000095,,parking_lot,fog,2025-09-08,False,0,1,6667.1,paid,6100.91,0,
CM003937,CL001399,VH003880,PR000190,PR000109,,rear_end_collision,clear,2025-07-25,True,0,1,4778.26,paid,4320.15,0,
CM003195,CL003641,VH002805,,PR000110,,multi_vehicle_pileup,clear,2025-03-24,True,1,0,2951.09,paid,2817.21,0,
CM008858,CL003797,VH003985,PR000049,PR000045,,rear_end_collision,clear,2024-09-02,True,0,0,2725.24,paid,2649.62,1,RING018
CM000551,CL001846,VH003410,PR000231,PR000197,,single_vehicle,clear,2024-08-21,True,0,0,6577.72,paid,6421.45,0,
CM004012,CL001386,VH002993,,PR000083,,multi_vehicle_pileup,fog,2025-02-09,True,0,0,2360.22,paid,2162.32,0,
CM006517,CL001696,VH001920,,PR000154,PR000147,multi_vehicle_pileup,clear,2023-09-13,False,0,0,7156.61,paid,6754.91,0,
CM000018,CL003629,VH002250,PR000001,PR000142,,parking_lot,clear,2025-10-18,False,0,0,2540.5,paid,2356.43,0,
CM007045,CL000449,VH002527,PR000170,PR000067,,single_vehicle,clear,2023-04-17,True,0,0,2400.88,paid,2176.26,0,
CM008290,CL000514,VH002312,PR000113,PR000229,,rear_end_collision,clear,2024-04-20,True,0,2,7222.81,paid,6518.23,0,
CM000941,CL002025,VH003748,PR000212,PR000083,,parking_lot,clear,2024-12-07,False,0,1,1174.74,paid,1160.39,0,
CM007319,CL001696,VH000352,,,,multi_vehicle_pileup,snow,2023-05-18,True,2,0,4770.15,paid,4516.01,0,
CM001609,CL000013,VH003275,PR000156,PR000097,,sideswipe,clear,2023-07-02,False,0,1,1923.05,paid,1906.12,0,
CM004285,CL001327,VH003968,PR000082,,,single_vehicle,rain,2024-10-02,True,0,0,10521.8,paid,10377.53,0,
CM003442,CL003642,VH003845,,PR000143,,rear_end_collision,fog,2023-02-22,True,0,0,5144.75,paid,4743.17,0,
CM001544,CL002137,VH002854,PR000076,PR000038,PR000232,parking_lot,rain,2025-10-21,True,0,3,1294.0,paid,1259.38,0,
CM001264,CL001753,VH000770,PR000189,PR000131,,parking_lot,rain,2025-10-01,True,1,2,3443.95,paid,3317.39,0,
CM004055,CL001705,VH003440,PR000034,PR000094,,parking_lot,fog,2024-11-22,True,0,2,3291.91,paid,3164.57,0,
CM004435,CL000466,VH001252,PR000048,PR000242,,parking_lot,clear,2025-06-25,False,1,1,4185.26,paid,4167.49,0,
CM002129,CL000163,VH002355,PR000081,PR000060,,parking_lot,clear,2024-06-18,False,2,0,3016.29,paid,2864.69,0,
CM000169,CL002545,VH000140,,,,multi_vehicle_pileup,clear,2024-12-08,True,0,0,7589.01,paid,7447.39,0,
CM006774,CL002598,VH000533,PR000170,PR000099,,parking_lot,clear,2024-01-25,False,0,2,9970.93,paid,9207.92,0,
CM008499,CL000057,VH001068,PR000019,PR000071,PR000102,single_vehicle,clear,2024-05-23,False,2,0,13956.83,partially_paid,5409.36,1,RING003
CM008150,CL002996,VH000600,PR000043,PR000151,,parking_lot,rain,2023-05-23,True,1,0,12016.77,paid,11784.55,0,
CM006805,CL000034,VH001967,PR000216,PR000181,,single_vehicle,fog,2024-08-28,True,0,1,2944.96,denied,0.0,0,
CM007353,CL003687,VH000944,,,,sideswipe,rain,2023-02-21,True,0,1,3275.52,under_review,,0,
CM002761,CL003435,VH002269,,,,single_vehicle,clear,2024-06-14,True,0,3,2535.02,paid,2418.36,0,
CM002901,CL000456,VH000081,PR000003,PR000150,,single_vehicle,rain,2024-12-12,True,0,1,2438.41,paid,2293.76,0,
CM006469,CL000696,VH003171,PR000089,PR000024,,multi_vehicle_pileup,clear,2025-10-21,True,1,0,2423.57,paid,2421.71,0,
CM005610,CL003526,VH001719,,PR000092,,sideswipe,snow,2025-07-29,True,1,1,1699.84,paid,1535.36,0,
CM002228,CL001572,VH003125,PR000072,,,parking_lot,clear,2023-01-05,True,2,0,2858.15,paid,2807.71,0,
CM000488,CL001093,VH001100,PR000233,PR000111,PR000044,parking_lot,snow,2024-10-26,True,0,0,706.88,paid,694.7,0,
CM008648,CL003224,VH001330,PR000046,PR000201,PR000230,rear_end_collision,clear,2025-02-11,True,0,0,4750.02,paid,4316.12,1,RING008
CM004621,CL001242,VH002344,,PR000246,,multi_vehicle_pileup,clear,2024-06-04,False,0,1,7535.16,under_review,,0,
CM003860,CL001590,VH003681,PR000014,PR000173,PR000030,multi_vehicle_pileup,rain,2023-07-21,False,0,0,2410.11,paid,2298.7,0,
CM006973,CL003755,VH002322,PR000114,PR000047,,single_vehicle,clear,2023-10-08,True,0,1,2945.93,paid,2884.38,0,
CM005814,CL003948,VH003106,PR000167,PR000224,,sideswipe,fog,2024-08-12,True,0,1,3508.75,paid,3484.33,0,
CM007264,CL000311,VH001208,,PR000050,,sideswipe,rain,2025-01-01,True,0,0,2698.55,paid,2619.35,0,
CM006063,CL002253,VH001454,PR000170,PR000137,,rear_end_collision,clear,2023-01-12,True,1,0,2827.02,paid,2786.94,0,
CM001742,CL003897,VH003763,,PR000166,,single_vehicle,rain,2024-01-24,False,2,0,2600.4,paid,2543.34,0,
CM006953,CL000911,VH000173,PR000244,PR000075,,sideswipe,clear,2023-02-09,True,1,1,419.38,paid,410.38,0,
CM004907,CL000480,VH003596,PR000073,PR000226,,single_vehicle,fog,2024-12-17,False,1,0,677.22,paid,617.35,0,
CM005220,CL001914,VH000219,PR000072,PR000226,,rear_end_collision,clear,2023-06-27,True,0,0,2450.0,paid,2382.08,0,
CM001198,CL002931,VH000410,,PR000178,,multi_vehicle_pileup,rain,2023-05-06,True,0,0,6638.79,paid,6172.76,0,
CM006536,CL001662,VH000444,PR000127,PR000075,,multi_vehicle_pileup,clear,2023-12-25,True,0,1,5362.52,paid,4911.75,0,
CM008663,CL002223,VH001349,PR000114,PR000243,,rear_end_collision,fog,2025-01-04,False,0,0,3187.39,paid,3086.59,1,RING009
CM001374,CL003230,VH002757,,PR000201,,multi_vehicle_pileup,clear,2024-01-04,False,0,1,4655.13,paid,4417.97,0,
CM004192,CL003593,VH000523,,PR000012,,sideswipe,clear,2023-09-24,False,0,0,2355.22,paid,2325.45,0,
CM000354,CL003457,VH001717,PR000120,PR000092,,single_vehicle,snow,2025-03-19,True,0,0,3801.88,paid,3516.39,0,
CM001660,CL003439,VH001793,,PR000154,,sideswipe,rain,2024-07-04,True,0,0,6159.24,under_review,,0,
CM006875,CL000756,VH001814,PR000065,PR000087,,parking_lot,rain,2023-08-08,True,1,2,1324.67,paid,1322.86,0,
CM001740,CL001117,VH000926,PR000026,,,rear_end_collision,snow,2025-10-18,True,0,1,1584.41,paid,1506.58,0,
CM000767,CL001479,VH001838,,,,single_vehicle,rain,2025-01-03,True,0,3,3108.99,paid,2936.93,0,
CM008117,CL000039,VH003841,,,,multi_vehicle_pileup,clear,2024-11-20,True,1,0,2831.12,denied,0.0,0,
CM008605,CL003458,VH002626,PR000112,PR000060,PR000139,rear_end_collision,clear,2023-09-04,False,0,0,2734.71,paid,2613.54,1,RING007
CM001955,CL002572,VH002901,PR000136,PR000199,,single_vehicle,clear,2024-05-27,False,1,0,4865.84,paid,4460.75,0,
CM008754,CL000688,VH002384,PR000119,PR000197,PR000135,sideswipe,snow,2025-05-29,True,0,0,1584.18,paid,1574.39,1,RING012
CM002535,CL003029,VH003265,PR000073,,,parking_lot,clear,2024-11-02,True,0,1,4088.11,paid,4025.49,0,
CM007075,CL000854,VH000172,,PR000181,,single_vehicle,fog,2024-09-19,True,1,0,2538.23,paid,2345.53,0,
CM006680,CL002112,VH000131,,PR000084,,parking_lot,clear,2024-02-27,True,0,2,2573.56,under_review,,0,
CM000922,CL001411,VH001489,,PR000228,,single_vehicle,fog,2024-05-20,True,0,0,3230.38,under_review,,0,
CM008158,CL001592,VH000565,PR000198,PR000151,,multi_vehicle_pileup,clear,2024-04-30,True,0,2,1957.66,denied,0.0,0,
CM000454,CL001526,VH003280,PR000234,PR000180,,multi_vehicle_pileup,clear,2025-04-26,False,0,1,2502.67,paid,2452.9,0,
CM006451,CL003912,VH000813,PR000004,PR000225,,parking_lot,fog,2023-08-12,True,1,0,6330.28,paid,6159.4,0,
CM008665,CL002981,VH001349,PR000114,PR000243,,multi_vehicle_pileup,clear,2025-01-22,False,0,1,10016.9,paid,9813.98,1,RING009
CM001128,CL001957,VH002188,,PR000243,PR000162,parking_lot,clear,2023-09-21,False,1,2,3075.95,paid,2899.32,0,
CM004177,CL002724,VH001064,PR000104,,,single_vehicle,clear,2025-10-04,True,1,0,3010.54,under_review,,0,
CM005364,CL000980,VH001134,PR000021,PR000097,,multi_vehicle_pileup,rain,2024-05-29,True,0,0,926.07,paid,858.93,0,
CM000737,CL000512,VH000578,,PR000131,,single_vehicle,clear,2023-12-12,True,0,1,4562.33,denied,0.0,0,
CM004265,CL003187,VH003886,,PR000165,,rear_end_collision,clear,2024-11-23,True,0,0,3320.89,paid,3050.06,0,
CM002466,CL002945,VH002079,,PR000041,PR000044,rear_end_collision,clear,2024-12-04,True,1,1,4319.72,paid,4019.12,0,
CM001671,CL001239,VH000918,,PR000005,,single_vehicle,snow,2023-09-05,True,0,2,2245.4,under_review,,0,
CM002125,CL001485,VH001484,PR000072,PR000011,,rear_end_collision,clear,2024-06-20,True,0,0,677.28,paid,640.45,0,
CM005939,CL002041,VH002427,,PR000084,,rear_end_collision,snow,2024-01-24,True,0,0,958.02,paid,889.59,0,
CM006693,CL001817,VH002078,PR000078,,,sideswipe,snow,2025-06-19,False,1,0,2339.59,paid,2117.66,0,
CM006357,CL003244,VH003430,PR000196,,,parking_lot,clear,2024-05-12,False,0,0,3650.89,paid,3482.51,0,
CM003535,CL000120,VH002892,PR000146,PR000133,,parking_lot,clear,2024-09-21,True,1,2,2728.99,paid,2659.88,0,
CM005222,CL001867,VH001243,PR000017,,,multi_vehicle_pileup,rain,2023-11-03,False,0,1,6345.29,paid,6157.49,0,
CM006444,CL002500,VH001623,PR000046,PR000134,,single_vehicle,clear,2025-05-15,True,0,0,656.63,paid,612.02,0,
CM005529,CL003817,VH000420,PR000192,PR000109,,single_vehicle,rain,2024-07-26,True,0,0,2951.67,under_review,,0,
CM002922,CL000466,VH003322,PR000187,PR000029,,sideswipe,rain,2025-08-02,True,0,1,493.03,paid,459.1,0,
CM001079,CL003401,VH001052,PR000113,PR000173,,parking_lot,rain,2024-10-18,False,1,0,3273.96,paid,2972.71,0,
CM001898,CL001036,VH000380,PR000004,PR000207,,multi_vehicle_pileup,rain,2024-04-27,True,0,1,2224.65,paid,2036.26,0,
CM008517,CL002142,VH002339,PR000214,PR000115,PR000147,rear_end_collision,snow,2023-11-25,True,0,0,7524.62,under_review,,1,RING004
CM003196,CL003335,VH003655,PR000082,PR000132,,multi_vehicle_pileup,fog,2023-06-14,True,0,0,1709.65,paid,1584.29,0,
CM000909,CL002663,VH001301,PR000078,PR000097,PR000054,parking_lot,fog,2025-05-23,True,0,3,4662.34,paid,4586.91,0,
CM008792,CL002226,VH003437,PR000106,PR000203,PR000230,single_vehicle,rain,2024-01-01,True,0,1,3405.54,denied,0.0,1,RING015
CM000430,CL001890,VH003701,PR000227,PR000050,,rear_end_collision,clear,2025-08-27,True,0,2,5168.76,paid,4825.98,0,
CM002522,CL002326,VH000873,PR000149,PR000038,,sideswipe,clear,2023-09-04,True,0,0,4345.84,paid,3964.3,0,
CM008904,CL000140,VH002889,PR000235,PR000097,PR000130,sideswipe,clear,2023-02-08,False,2,1,2237.86,denied,0.0,1,RING019
CM007844,CL002078,VH003818,,PR000165,,parking_lot,clear,2023-08-09,False,0,2,1906.98,under_review,,0,
CM004679,CL002270,VH002417,,PR000041,,single_vehicle,fog,2023-10-15,False,1,2,4862.15,paid,4493.68,0,
CM001154,CL003597,VH000203,,PR000181,,parking_lot,clear,2024-10-10,True,0,0,3091.17,under_review,,0,
CM005228,CL003227,VH001933,PR000049,PR000204,,rear_end_collision,clear,2024-02-22,True,0,2,10371.1,paid,10102.95,0,
CM001923,CL003177,VH001632,,PR000075,,single_vehicle,snow,2023-07-23,False,0,2,4160.4,paid,4122.09,0,
CM003078,CL001344,VH001119,,PR000084,,multi_vehicle_pileup,clear,2025-01-15,True,0,0,184.88,denied,0.0,0,
CM008520,CL001563,VH002339,PR000214,PR000115,PR000147,single_vehicle,clear,2023-12-24,True,0,1,3292.58,denied,0.0,1,RING004
CM008442,CL001442,VH003622,PR000146,PR000105,,sideswipe,fog,2024-01-30,True,2,0,7999.58,paid,7843.16,1,RING001
CM005538,CL000221,VH000864,,PR000163,,parking_lot,rain,2023-02-07,True,0,2,431.96,denied,0.0,0,
CM000638,CL002148,VH002354,,PR000087,,sideswipe,snow,2023-07-31,True,0,1,5133.02,paid,4877.93,0,
CM008619,CL001237,VH000847,PR000046,PR000201,PR000230,sideswipe,clear,2025-01-28,False,0,0,2103.03,paid,1996.46,1,RING008
CM006672,CL001174,VH002998,PR000192,,,rear_end_collision,rain,2025-11-18,True,1,0,2709.38,paid,2493.85,0,
CM000234,CL001934,VH001297,PR000146,PR000099,,parking_lot,clear,2024-12-17,True,0,0,5497.84,paid,4989.04,0,
CM000731,CL001192,VH002030,PR000051,,PR000130,parking_lot,snow,2025-05-29,True,0,0,5055.86,paid,4613.72,0,
CM002019,CL003819,VH001929,PR000004,PR000204,,multi_vehicle_pileup,clear,2023-11-19,True,0,0,2809.12,paid,2683.47,0,
CM006999,CL003109,VH000840,PR000234,PR000047,PR000230,parking_lot,snow,2025-01-10,False,0,1,10090.91,paid,9710.49,0,
CM006638,CL003355,VH001844,PR000247,PR000243,,parking_lot,clear,2024-06-17,False,1,0,3343.36,paid,3068.66,0,
CM004661,CL003103,VH000311,,,,parking_lot,rain,2025-12-12,False,1,1,4399.37,paid,4340.97,0,
CM005826,CL001848,VH001581,PR000112,PR000160,,single_vehicle,fog,2023-08-05,True,0,2,2962.19,paid,2949.32,0,
CM006837,CL001326,VH003973,PR000021,PR000055,PR000030,multi_vehicle_pileup,rain,2024-06-01,True,0,0,3138.61,paid,3127.57,0,
CM002167,CL000152,VH002421,,PR000037,,multi_vehicle_pileup,clear,2025-08-06,True,0,1,3804.65,paid,3625.02,0,
CM008448,CL002009,VH003622,PR000146,PR000105,,parking_lot,clear,2024-02-01,True,0,0,7984.46,denied,0.0,1,RING001
CM002671,CL002231,VH002929,,PR000209,,parking_lot,snow,2024-01-11,True,0,0,1884.69,paid,1728.58,0,
CM002587,CL002284,VH002592,PR000088,PR000005,,multi_vehicle_pileup,clear,2023-06-10,False,0,1,1119.65,paid,1014.68,0,
CM006413,CL001809,VH002296,PR000198,PR000018,,single_vehicle,snow,2023-01-19,False,0,0,1891.06,paid,1868.38,0,
CM005720,CL000931,VH003463,PR000190,PR000184,,rear_end_collision,fog,2024-11-28,False,0,1,10477.55,paid,9999.89,0,
CM005730,CL002527,VH003838,PR000081,PR000150,,single_vehicle,clear,2024-08-15,True,0,1,5536.38,paid,5535.46,0,
CM006233,CL001620,VH002280,PR000068,PR000221,,rear_end_collision,rain,2023-02-12,True,0,0,2317.94,paid,2107.02,0,
CM007560,CL000447,VH001041,,PR000154,,single_vehicle,clear,2024-01-31,True,0,0,2003.81,paid,1943.26,0,
CM001298,CL000160,VH002199,PR000068,,,rear_end_collision,rain,2025-09-26,False,1,1,7883.91,paid,7571.82,0,
CM000102,CL002018,VH002210,PR000003,PR000105,,single_vehicle,rain,2025-01-09,False,1,0,7571.37,paid,6853.18,0,
CM000320,CL003172,VH002635,,PR000201,,sideswipe,clear,2024-08-11,True,2,1,5663.85,paid,5573.88,0,
CM003012,CL002960,VH000118,,PR000090,,sideswipe,clear,2025-01-06,True,1,1,2911.77,paid,2867.19,0,
CM000626,CL002778,VH001980,PR000189,PR000194,,parking_lot,clear,2023-03-18,True,1,1,4137.36,paid,3922.5,0,
CM007053,CL003113,VH002187,,,,single_vehicle,clear,2025-07-28,True,0,0,3570.2,paid,3531.97,0,
CM003593,CL000138,VH000321,,PR000092,,sideswipe,clear,2024-01-01,True,1,1,2430.74,paid,2372.62,0,
CM003669,CL003543,VH002841,PR000085,PR000157,,parking_lot,clear,2023-01-21,True,1,1,2547.45,under_review,,0,
CM006775,CL000741,VH000370,,PR000069,,rear_end_collision,rain,2024-09-17,False,0,0,2695.86,paid,2650.2,0,
CM008210,CL000496,VH000309,,PR000047,,parking_lot,clear,2024-12-29,False,0,1,1336.26,paid,1297.99,0,
CM004218,CL002897,VH001130,,PR000099,PR000193,parking_lot,rain,2023-03-07,True,0,2,3915.8,paid,3775.68,0,
CM002817,CL002309,VH000854,PR000106,,,sideswipe,clear,2024-01-12,True,0,1,1175.91,paid,1170.4,0,
CM000335,CL002540,VH000781,PR000198,PR000199,,sideswipe,clear,2025-06-09,False,1,0,4180.4,under_review,,0,
CM007227,CL002990,VH002439,,PR000169,,sideswipe,fog,2023-12-18,True,1,1,5714.75,paid,5710.78,0,
CM001528,CL002313,VH002011,PR000035,PR000107,,sideswipe,clear,2023-06-17,True,0,0,9491.81,paid,9245.87,0,
CM006525,CL000443,VH000939,PR000212,PR000013,,parking_lot,clear,2023-09-21,True,0,2,3705.92,paid,3691.87,0,
CM004856,CL003878,VH003680,PR000159,PR000024,PR000053,multi_vehicle_pileup,clear,2024-11-26,True,0,0,4735.95,paid,4269.81,0,
CM002964,CL000938,VH002167,,PR000079,,parking_lot,rain,2025-01-12,True,0,0,4383.65,paid,4140.99,0,
CM000462,CL001972,VH002206,PR000043,PR000067,,parking_lot,clear,2024-04-13,False,1,1,1343.48,paid,1258.27,0,
CM004152,CL002704,VH002305,PR000186,PR000047,,multi_vehicle_pileup,clear,2023-06-21,True,0,2,3292.48,under_review,,0,
CM008655,CL001476,VH002386,PR000114,PR000243,,single_vehicle,clear,2025-01-02,False,1,0,5335.04,denied,0.0,1,RING009
CM004025,CL000106,VH002907,PR000003,PR000000,,rear_end_collision,rain,2023-05-11,False,0,0,10329.9,paid,9637.68,0,
CM002743,CL002955,VH001222,PR000113,PR000174,,single_vehicle,clear,2025-07-25,True,0,1,2470.87,paid,2279.81,0,
CM000009,CL003802,VH002491,PR000035,PR000246,,parking_lot,fog,2024-04-01,True,1,0,1597.86,paid,1569.7,0,
CM003946,CL000209,VH003652,,PR000038,,parking_lot,clear,2024-06-09,False,2,1,9266.2,paid,8583.46,0,
CM000100,CL002236,VH001861,PR000106,PR000109,,multi_vehicle_pileup,clear,2023-04-17,False,0,2,13131.09,paid,12864.9,0,
CM006154,CL002250,VH000233,,PR000131,,multi_vehicle_pileup,fog,2025-11-04,True,1,2,959.25,denied,0.0,0,
CM002482,CL003463,VH001145,,PR000111,PR000237,single_vehicle,clear,2023-06-19,True,0,0,6639.56,paid,6053.13,0,
CM007118,CL000223,VH002799,PR000070,,,multi_vehicle_pileup,fog,2025-02-12,False,0,1,3951.73,paid,3649.09,0,
CM001373,CL003626,VH001945,PR000049,PR000132,,single_vehicle,clear,2023-05-17,True,1,3,3232.71,paid,3022.01,0,
CM007110,CL003530,VH001364,,,,multi_vehicle_pileup,clear,2023-05-25,True,0,1,2290.1,paid,2286.71,0,
CM003396,CL002446,VH001941,,PR000166,,single_vehicle,snow,2023-04-14,False,0,1,953.13,paid,935.16,0,
CM000032,CL002002,VH002294,PR000106,,,multi_vehicle_pileup,rain,2024-10-28,True,0,0,6810.19,paid,6637.34,0,
CM001791,CL002624,VH001217,,PR000121,,rear_end_collision,snow,2023-10-22,False,1,0,7452.65,paid,7392.51,0,
CM003899,CL001012,VH002254,,PR000161,,rear_end_collision,clear,2024-03-29,True,1,0,2745.63,paid,2607.12,0,
CM005616,CL002110,VH001374,PR000006,PR000090,,multi_vehicle_pileup,rain,2023-09-24,True,0,1,3139.18,paid,3076.57,0,
CM002868,CL000026,VH001296,,PR000132,,rear_end_collision,rain,2025-06-06,True,0,2,5546.02,under_review,,0,
CM003056,CL002116,VH003473,,PR000166,,single_vehicle,clear,2023-03-04,True,0,0,2791.4,paid,2547.4,0,
CM003870,CL000863,VH000174,,,,rear_end_collision,clear,2024-04-26,False,0,0,5840.63,paid,5716.83,0,
CM006220,CL003499,VH003957,,PR000183,,single_vehicle,clear,2023-10-03,True,1,1,7899.76,under_review,,0,
CM003173,CL001152,VH001965,,PR000086,,sideswipe,clear,2024-09-09,True,1,1,4621.15,paid,4608.7,0,
CM006035,CL003215,VH002855,PR000010,PR000173,,single_vehicle,clear,2025-04-25,True,0,0,3644.0,paid,3383.52,0,
CM006720,CL000368,VH003770,PR000057,PR000211,,sideswipe,fog,2025-05-30,True,0,0,1727.55,paid,1678.77,0,
CM001069,CL000553,VH003166,PR000036,PR000165,,single_vehicle,clear,2024-11-05,True,0,1,3352.04,paid,3152.19,0,
CM006756,CL000166,VH002488,,PR000083,,rear_end_collision,clear,2023-10-15,True,0,0,1580.19,paid,1427.83,0,
CM004526,CL003602,VH002634,,PR000140,,single_vehicle,clear,2024-07-09,True,0,0,1872.2,paid,1850.16,0,
CM008394,CL001035,VH003624,PR000235,PR000194,PR000122,parking_lot,clear,2023-03-01,False,0,0,8125.05,paid,7402.08,0,
CM002909,CL002269,VH000213,PR000158,PR000203,,parking_lot,fog,2025-06-04,True,0,2,7213.59,paid,6987.77,0,
CM001150,CL000354,VH002452,PR000168,PR000032,,multi_vehicle_pileup,snow,2025-07-27,True,0,1,1210.85,under_review,,0,
CM008782,CL001459,VH002962,PR000156,PR000174,PR000122,multi_vehicle_pileup,clear,2023-06-15,False,2,1,5409.66,paid,5042.74,1,RING014
CM002884,CL001050,VH001528,PR000065,PR000071,,sideswipe,rain,2023-10-09,True,0,0,8498.17,paid,8152.89,0,
CM006389,CL002989,VH000844,,PR000205,,single_vehicle,clear,2024-08-11,False,0,1,3520.11,paid,3210.99,0,
CM008604,CL000962,VH003018,PR000112,PR000060,PR000139,rear_end_collision,clear,2023-08-19,True,1,0,3489.04,partially_paid,1741.8,1,RING007
CM007602,CL000605,VH002211,,PR000220,,rear_end_collision,snow,2025-11-29,True,0,1,3450.11,paid,3427.23,0,
CM008401,CL003701,VH000400,PR000114,PR000013,PR000030,multi_vehicle_pileup,clear,2024-03-11,False,0,0,2859.02,paid,2612.68,1,RING000
CM004976,CL000736,VH003743,PR000216,PR000097,,parking_lot,clear,2025-04-28,True,0,0,8791.94,paid,8619.59,0,
CM001091,CL000561,VH003111,PR000118,PR000174,,parking_lot,clear,2023-09-05,True,0,1,3231.69,under_review,,0,
CM006195,CL002908,VH002792,,PR000138,,sideswipe,clear,2025-05-21,True,0,1,785.17,paid,760.97,0,
CM001468,CL003719,VH003318,PR000039,,,sideswipe,clear,2025-06-25,True,0,1,6000.68,paid,5786.83,0,
CM004828,CL000178,VH002462,,PR000097,,single_vehicle,clear,2025-01-12,True,1,0,2264.55,paid,2075.43,0,
CM007958,CL000186,VH000134,PR000077,PR000069,,sideswipe,snow,2023-01-12,True,2,2,6399.22,paid,6324.76,0,
CM003775,CL002374,VH003193,PR000136,PR000038,,multi_vehicle_pileup,clear,2023-01-15,True,0,0,4587.67,under_review,,0,
CM005000,CL003116,VH002110,PR000014,,,single_vehicle,clear,2024-06-21,True,0,1,596.18,paid,548.76,0,
CM008134,CL001355,VH001552,PR000233,PR000133,,sideswipe,rain,2023-03-21,False,0,0,2176.2,paid,2056.26,0,
CM002456,CL000162,VH001832,,PR000210,,parking_lot,rain,2023-05-03,False,0,0,8209.16,paid,7757.08,0,
CM005900,CL000198,VH002781,PR000234,PR000220,,parking_lot,clear,2025-12-21,True,0,1,954.08,paid,885.4,0,
CM004513,CL003737,VH001258,PR000127,PR000058,,rear_end_collision,rain,2023-05-29,True,0,0,2005.7,paid,1879.6,0,
CM004631,CL001812,VH002630,,PR000134,,sideswipe,clear,2024-01-01,True,1,2,1634.59,paid,1529.7,0,
CM007035,CL002433,VH001115,PR000072,PR000050,,parking_lot,clear,2023-09-27,True,2,0,2941.68,paid,2906.71,0,
CM006736,CL002040,VH001431,,,PR000155,rear_end_collision,clear,2025-01-29,True,0,0,5206.91,paid,5064.13,0,
CM003214,CL003099,VH003351,,PR000107,,multi_vehicle_pileup,clear,2025-09-26,True,0,2,5487.61,paid,5481.75,0,
CM004484,CL001335,VH001826,PR000043,PR000211,,multi_vehicle_pileup,rain,2023-09-03,True,2,0,5022.65,paid,4781.8,0,
CM003606,CL000686,VH003012,PR000106,PR000137,,multi_vehicle_pileup,clear,2025-08-19,True,0,0,2868.46,paid,2773.32,0,
CM001057,CL003237,VH001120,,PR000094,,single_vehicle,clear,2023-08-10,True,1,0,1132.01,paid,1073.14,0,
CM006065,CL000206,VH003233,PR000208,PR000160,,multi_vehicle_pileup,fog,2023-08-17,True,0,3,6203.59,denied,0.0,0,
CM004837,CL002534,VH003445,PR000010,PR000140,,rear_end_collision,fog,2024-05-05,True,1,1,3487.16,under_review,,0,
CM007325,CL000782,VH003850,PR000195,,,sideswipe,clear,2023-07-31,True,0,1,2450.56,paid,2213.75,0,
CM002037,CL003621,VH002085,PR000068,PR000138,,parking_lot,rain,2025-03-30,True,0,2,6071.24,paid,5695.95,0,
CM008811,CL002536,VH001695,PR000106,PR000203,PR000230,parking_lot,fog,2024-02-02,True,0,0,5932.97,under_review,,1,RING015
CM000466,CL002800,VH002081,PR000206,PR000084,,sideswipe,clear,2023-03-19,False,0,0,503.5,paid,460.15,0,
CM000790,CL000274,VH000168,,PR000161,,sideswipe,clear,2024-06-28,True,0,0,7343.89,paid,6639.51,0,
CM002532,CL002495,VH002893,PR000167,PR000145,,single_vehicle,rain,2025-08-24,True,0,1,960.6,paid,906.92,0,
CM000292,CL000287,VH000886,PR000223,PR000115,PR000030,single_vehicle,rain,2025-10-29,True,0,0,1860.52,paid,1677.99,0,
CM001227,CL001286,VH003494,,,PR000020,multi_vehicle_pileup,fog,2024-07-06,True,0,0,3297.1,paid,3184.02,0,
CM001484,CL002230,VH003354,PR000085,PR000133,,single_vehicle,clear,2025-01-23,True,0,3,2039.21,paid,1922.88,0,
CM006324,CL003372,VH003003,PR000238,,,multi_vehicle_pileup,rain,2024-11-20,True,0,1,1981.22,paid,1821.69,0,
CM001088,CL003976,VH001973,PR000238,PR000109,,parking_lot,snow,2023-01-17,True,1,0,825.81,paid,787.5,0,
CM005021,CL002522,VH002987,,PR000067,PR000100,multi_vehicle_pileup,clear,2025-08-15,True,0,2,3183.48,paid,3038.42,0,
CM008796,CL000019,VH003437,PR000106,PR000203,PR000230,rear_end_collision,snow,2024-01-17,True,3,0,8368.45,denied,0.0,1,RING015
CM006881,CL003559,VH000489,,,,rear_end_collision,clear,2023-06-19,True,0,1,4550.65,paid,4264.39,0,
CM006280,CL002801,VH001111,PR000074,PR000009,,sideswipe,fog,2025-01-02,True,0,1,11143.33,paid,10110.99,0,
CM001146,CL002749,VH000892,,PR000201,PR000007,sideswipe,clear,2024-07-17,True,0,2,5053.49,paid,4654.62,0,
CM002215,CL002380,VH001639,,PR000027,,rear_end_collision,clear,2023-04-28,True,0,0,2013.99,paid,1849.05,0,
CM006502,CL001033,VH003611,PR000114,PR000229,,parking_lot,snow,2024-06-27,True,1,1,3465.37,paid,3165.26,0,
CM005974,CL000566,VH003902,PR000240,PR000123,,sideswipe,rain,2025-12-11,False,0,2,4620.71,paid,4183.12,0,
CM006245,CL000585,VH000274,PR000240,PR000115,,sideswipe,rain,2024-08-01,True,0,1,621.02,paid,584.55,0,
CM008855,CL002428,VH003036,PR000049,PR000045,,rear_end_collision,clear,2024-08-20,False,1,0,7463.99,denied,0.0,1,RING018
CM000595,CL001518,VH001952,,PR000172,,sideswipe,clear,2023-05-28,True,0,1,2208.96,paid,2069.87,0,
CM005362,CL000277,VH002624,PR000039,PR000137,,single_vehicle,clear,2023-09-16,True,2,0,1660.53,paid,1567.23,0,
CM006936,CL003244,VH001703,,PR000062,,single_vehicle,clear,2025-08-27,True,0,0,7616.57,paid,7401.54,0,
CM003820,CL002044,VH003449,PR000025,PR000037,,multi_vehicle_pileup,clear,2024-04-02,True,3,0,9117.43,paid,8653.7,0,
CM007709,CL002119,VH000687,,,,parking_lot,clear,2025-02-28,False,0,1,11474.51,paid,10371.0,0,
CM002305,CL002680,VH002582,,PR000117,,multi_vehicle_pileup,clear,2025-04-05,False,0,0,4103.27,denied,0.0,0,
CM002755,CL002630,VH000391,,PR000055,,rear_end_collision,rain,2025-07-23,False,0,0,2713.87,paid,2629.41,0,
CM004809,CL003579,VH002793,PR000039,PR000204,,rear_end_collision,clear,2024-12-10,False,0,0,3411.47,paid,3359.75,0,
CM001993,CL000911,VH003959,,PR000169,PR000100,rear_end_collision,clear,2025-12-05,True,0,0,2809.39,paid,2541.35,0,
CM006342,CL000304,VH000692,PR000249,PR000087,,sideswipe,clear,2025-12-29,False,0,0,2102.88,under_review,,0,
CM005153,CL001656,VH000045,,PR000179,,parking_lot,clear,2024-10-07,True,0,0,5557.43,paid,5185.6,0,
CM006180,CL001319,VH002790,,PR000012,,single_vehicle,rain,2024-02-13,True,1,0,946.17,paid,855.74,0,
CM005352,CL000010,VH003661,PR000223,PR000069,,rear_end_collision,clear,2024-10-13,True,0,1,7523.62,paid,6780.15,0,
CM004316,CL003574,VH003433,,,,sideswipe,clear,2023-07-08,True,0,0,6152.1,paid,6023.19,0,
CM003379,CL002492,VH000286,,PR000181,,single_vehicle,clear,2023-08-18,False,2,1,2300.49,paid,2197.09,0,
CM005975,CL003763,VH000371,PR000072,PR000181,,parking_lot,clear,2023-05-18,True,0,2,1501.74,paid,1352.27,0,
CM007175,CL001524,VH003539,PR000148,PR000083,,rear_end_collision,clear,2024-08-21,True,0,0,3434.35,under_review,,0,
CM007594,CL003205,VH000827,,PR000138,,sideswipe,clear,2023-10-11,False,0,0,8901.34,paid,8836.24,0,
CM002886,CL001042,VH002822,PR000248,PR000128,,parking_lot,clear,2023-09-05,True,0,0,3493.17,paid,3489.26,0,
CM003065,CL002099,VH001559,PR000136,PR000018,,parking_lot,fog,2024-12-21,False,0,1,113.2,paid,104.18,0,
CM008914,CL000638,VH003849,PR000059,PR000180,,rear_end_collision,snow,2024-08-07,False,2,0,1637.59,paid,1626.8,1,RING020
CM003945,CL000453,VH002902,,PR000110,,single_vehicle,clear,2023-04-18,True,0,2,6922.39,paid,6441.01,0,
CM003205,CL003198,VH002543,,PR000172,,multi_vehicle_pileup,clear,2023-10-08,True,0,2,3646.91,paid,3550.49,0,
CM004514,CL001799,VH000770,PR000003,PR000157,,sideswipe,clear,2024-03-15,False,0,0,1427.11,paid,1384.06,0,
CM004193,CL002696,VH002808,PR000089,PR000172,,multi_vehicle_pileup,clear,2023-02-10,True,0,0,4253.6,paid,3964.62,0,
CM004247,CL003956,VH003668,PR000002,,,parking_lot,snow,2023-05-13,True,1,1,4319.85,paid,3973.05,0,
CM004705,CL001503,VH003150,PR000240,PR000150,,sideswipe,rain,2024-11-14,True,1,0,3935.02,paid,3596.63,0,
CM006439,CL000051,VH003650,PR000186,PR000045,,parking_lot,rain,2023-06-24,False,0,1,5001.23,paid,4603.2,0,
CM006981,CL001801,VH002613,PR000222,PR000182,,single_vehicle,clear,2024-04-07,False,0,1,2302.04,paid,2279.24,0,
CM001003,CL001673,VH000952,PR000059,PR000107,,sideswipe,clear,2025-10-22,True,0,0,5901.86,paid,5590.72,0,
CM002273,CL000601,VH000521,PR000208,PR000040,,rear_end_collision,snow,2024-02-25,True,0,1,2739.83,paid,2566.89,0,
CM008033,CL003243,VH000237,PR000216,PR000207,,single_vehicle,clear,2023-05-31,True,1,1,1724.64,paid,1639.35,0,
CM007559,CL002893,VH000071,,PR000169,,rear_end_collision,fog,2025-02-24,False,0,0,4204.27,paid,4031.99,0,
CM007112,CL002344,VH003533,,PR000184,,sideswipe,fog,2023-07-01,True,0,0,11601.19,paid,10847.77,0,
CM004439,CL001490,VH002175,,PR000221,,multi_vehicle_pileup,clear,2025-11-21,True,0,1,2068.17,paid,2048.96,0,
CM004082,CL000836,VH000768,,PR000209,PR000030,single_vehicle,clear,2023-01-18,False,1,1,2118.27,under_review,,0,
CM001537,CL002358,VH002466,,PR000209,PR000102,multi_vehicle_pileup,rain,2025-05-22,True,0,1,2133.24,paid,2008.31,0,
CM008042,CL002327,VH001112,,PR000086,,rear_end_collision,rain,2024-05-28,True,0,2,5806.45,paid,5348.5,0,
CM008363,CL002630,VH000392,PR000063,PR000180,,sideswipe,clear,2024-06-09,False,0,2,1917.03,paid,1904.42,0,
CM005047,CL001002,VH000730,,PR000220,,parking_lot,fog,2023-01-19,True,2,2,5445.17,paid,5418.16,0,
CM006557,CL003381,VH001812,PR000208,PR000225,,multi_vehicle_pileup,fog,2024-01-19,True,0,0,1970.69,paid,1967.68,0,
CM005287,CL000544,VH002907,PR000019,PR000228,,parking_lot,snow,2023-03-15,True,2,1,627.71,paid,569.18,0,
CM002866,CL000514,VH002555,PR000106,PR000062,,multi_vehicle_pileup,rain,2025-11-12,True,0,0,2032.67,paid,1884.33,0,
CM005716,CL003585,VH000396,PR000200,PR000062,PR000122,single_vehicle,clear,2023-10-06,True,0,1,2696.46,paid,2667.61,0,
CM006901,CL000054,VH002741,PR000189,PR000111,,parking_lot,rain,2024-09-07,True,0,1,7816.44,paid,7323.21,0,
CM008248,CL002710,VH003451,PR000021,PR000211,,parking_lot,clear,2024-10-04,True,1,1,6125.34,paid,6107.61,0,
CM007229,CL001546,VH000856,PR000223,PR000075,,single_vehicle,clear,2023-04-18,True,2,0,2947.95,paid,2819.47,0,
CM005897,CL000426,VH002429,,PR000169,,sideswipe,clear,2024-01-16,True,0,1,1364.49,paid,1330.76,0,
CM003471,CL001920,VH002276,PR000033,PR000204,,single_vehicle,snow,2024-04-30,True,0,1,1362.09,paid,1334.41,0,
CM004186,CL001757,VH000402,,,,parking_lot,clear,2025-09-21,False,0,1,3495.24,paid,3445.68,0,
CM002516,CL001126,VH003675,PR000196,PR000079,PR000230,rear_end_collision,fog,2025-08-24,True,0,0,5527.57,paid,5411.37,0,
CM002883,CL001911,VH000295,,PR000134,,rear_end_collision,clear,2025-09-28,True,0,1,1782.0,paid,1648.4,0,
CM007124,CL000238,VH001018,PR000238,PR000047,,rear_end_collision,snow,2024-10-15,True,0,1,3906.98,paid,3829.56,0,
CM001607,CL000504,VH003392,,PR000075,,parking_lot,clear,2024-09-16,False,0,2,1334.27,paid,1242.16,0,
CM000484,CL001943,VH003164,PR000164,,PR000122,single_vehicle,clear,2024-08-20,True,0,0,6383.46,paid,5975.7,0,
CM005028,CL002957,VH002564,,,,rear_end_collision,rain,2025-03-24,False,0,1,3205.08,paid,3092.75,0,
CM008923,CL001809,VH000671,PR000129,PR000128,,sideswipe,rain,2024-04-26,False,2,0,6232.83,partially_paid,2063.61,1,RING021
CM008048,CL003658,VH001064,,PR000042,,parking_lot,clear,2025-03-27,True,1,0,1922.3,paid,1815.74,0,
CM000458,CL002241,VH002847,PR000167,PR000132,,single_vehicle,clear,2023-06-25,True,0,0,12795.46,paid,12215.94,0,
CM007442,CL001975,VH003827,PR000026,PR000207,PR000030,parking_lot,rain,2025-09-05,True,1,2,624.99,paid,603.86,0,
CM004368,CL003484,VH000428,PR000149,,PR000130,single_vehicle,clear,2025-06-16,True,0,0,6561.1,paid,5960.91,0,
CM004349,CL000035,VH003047,PR000089,PR000218,,parking_lot,clear,2023-11-18,True,0,0,2379.76,paid,2225.67,0,
CM005236,CL003436,VH002986,PR000238,PR000202,,single_vehicle,clear,2023-09-06,True,0,2,3540.17,paid,3470.23,0,
CM005624,CL003488,VH001525,,PR000083,,single_vehicle,fog,2024-05-24,True,0,1,1676.0,paid,1666.12,0,
CM003126,CL000506,VH002125,,,,rear_end_collision,clear,2024-06-22,True,0,0,4226.58,under_review,,0,
CM002589,CL003358,VH003265,PR000146,PR000220,,single_vehicle,fog,2024-05-06,True,0,3,6407.42,paid,6216.24,0,
CM000331,CL002030,VH003146,PR000198,PR000095,,single_vehicle,rain,2025-10-31,True,0,1,2419.67,paid,2252.07,0,
CM004428,CL001598,VH002665,,PR000018,PR000100,multi_vehicle_pileup,clear,2023-03-29,False,0,1,1542.46,paid,1522.69,0,
CM002826,CL001235,VH001840,PR000238,PR000108,,single_vehicle,clear,2024-10-02,True,0,0,7533.94,paid,7171.36,0,
CM006690,CL000209,VH000145,,PR000024,,sideswipe,clear,2024-12-08,True,1,1,4311.03,under_review,,0,
CM005131,CL002539,VH002183,,PR000138,,multi_vehicle_pileup,clear,2024-09-26,False,0,0,2444.14,under_review,,0,
CM002493,CL002665,VH000582,PR000051,PR000173,,single_vehicle,snow,2025-08-09,True,0,2,5660.56,paid,5652.35,0,
CM002084,CL000853,VH003947,,PR000050,,parking_lot,fog,2024-11-05,False,0,0,1809.39,paid,1647.74,0,
CM000749,CL003057,VH000813,,PR000154,,single_vehicle,rain,2024-06-03,True,0,0,2160.56,paid,2031.71,0,
CM003568,CL003253,VH003920,PR000120,PR000151,,multi_vehicle_pileup,clear,2024-05-19,False,0,3,3617.41,paid,3500.78,0,
CM002359,CL000595,VH003126,PR000146,PR000207,,rear_end_collision,clear,2025-03-12,True,2,0,3807.58,under_review,,0,
CM006572,CL001759,VH000146,,,PR000054,parking_lot,rain,2023-07-27,True,1,0,1238.33,paid,1140.45,0,
CM004765,CL002987,VH002861,,,,single_vehicle,clear,2025-03-10,True,1,1,10081.16,paid,9807.07,0,
CM003347,CL003698,VH001350,,PR000205,PR000061,rear_end_collision,rain,2024-07-25,True,0,3,1641.5,paid,1484.44,0,
CM005046,CL002718,VH003278,,PR000211,,rear_end_collision,snow,2024-03-07,True,0,1,10741.98,paid,9823.8,0,
CM002665,CL001057,VH001990,PR000190,PR000108,,rear_end_collision,clear,2024-05-02,True,0,0,1054.66,paid,952.79,0,
CM006391,CL001379,VH002549,,PR000011,,sideswipe,rain,2023-05-11,True,1,1,1174.84,under_review,,0,
CM003245,CL003582,VH000909,,PR000169,,rear_end_collision,clear,2025-10-23,True,0,3,3894.86,paid,3663.62,0,
CM003549,CL000599,VH000792,PR000212,PR000166,,parking_lot,clear,2023-05-12,False,0,0,2165.42,paid,2103.74,0,
CM004092,CL001618,VH003079,,PR000140,,rear_end_collision,clear,2024-11-24,False,0,2,6307.22,paid,6020.86,0,
CM008673,CL000014,VH001349,PR000114,PR000243,,sideswipe,clear,2025-01-26,False,1,0,8675.21,paid,8007.84,1,RING009
CM007054,CL003853,VH003836,,PR000069,,single_vehicle,clear,2025-05-23,True,2,1,4944.49,under_review,,0,
CM005794,CL001139,VH001281,,PR000142,,parking_lot,clear,2024-04-07,True,1,0,5549.57,paid,5075.6,0,
CM001738,CL003090,VH001888,,PR000194,PR000135,rear_end_collision,clear,2024-08-24,True,1,3,2288.23,paid,2233.41,0,
CM004608,CL000242,VH001078,PR000077,PR000115,,rear_end_collision,fog,2023-01-20,True,0,0,2907.48,paid,2623.62,0,
CM008819,CL003141,VH002729,PR000198,PR000086,,parking_lot,fog,2024-08-18,False,1,0,7147.9,denied,0.0,1,RING016
CM007634,CL002924,VH000412,,PR000184,,parking_lot,clear,2023-03-20,True,1,0,1933.84,paid,1806.54,0,
CM006264,CL000695,VH000433,,PR000000,,multi_vehicle_pileup,rain,2024-11-15,True,0,3,4266.36,paid,4133.03,0,
CM003071,CL001411,VH003137,PR000104,PR000115,,multi_vehicle_pileup,rain,2025-06-04,True,0,1,4696.12,paid,4515.54,0,
CM007184,CL001412,VH002464,PR000098,PR000176,,sideswipe,clear,2023-02-22,True,1,1,1954.44,paid,1904.61,0,
CM001200,CL003039,VH001488,PR000035,PR000042,,single_vehicle,snow,2023-05-03,False,0,0,5936.26,under_review,,0,
CM002222,CL003589,VH000290,PR000212,PR000157,,multi_vehicle_pileup,clear,2024-08-10,True,0,0,2519.35,paid,2301.4,0,
CM006825,CL000707,VH002485,,PR000179,,single_vehicle,clear,2023-03-29,False,0,1,8159.48,under_review,,0,
CM005442,CL000322,VH001597,,PR000124,,rear_end_collision,rain,2023-01-15,True,1,1,4106.26,under_review,,0,
CM002112,CL001893,VH003922,PR000098,PR000165,,rear_end_collision,clear,2025-01-08,True,0,1,720.71,paid,710.23,0,
CM001347,CL001046,VH002935,PR000022,PR000226,,rear_end_collision,fog,2025-08-29,True,0,0,1031.35,paid,972.97,0,
CM000665,CL001032,VH000172,,PR000052,,single_vehicle,clear,2024-05-06,True,0,0,5244.27,paid,4953.89,0,
CM008709,CL003511,VH002077,PR000104,PR000075,PR000188,single_vehicle,rain,2025-09-14,False,1,0,5065.65,under_review,,1,RING010
CM000842,CL001154,VH002999,,PR000225,,parking_lot,fog,2023-10-19,True,0,3,2154.73,paid,2068.59,0,
CM002089,CL001090,VH003868,,PR000084,PR000054,multi_vehicle_pileup,clear,2025-09-24,True,0,1,2397.53,paid,2270.97,0,
CM002108,CL001753,VH001076,PR000064,,,multi_vehicle_pileup,snow,2023-12-05,True,1,3,4258.69,paid,4167.46,0,
CM007284,CL001866,VH002007,,PR000154,,rear_end_collision,rain,2025-12-29,True,0,0,2014.4,paid,1995.83,0,
CM005678,CL003536,VH002367,,PR000245,,parking_lot,clear,2023-06-21,True,0,0,1941.41,paid,1760.91,0,
CM003616,CL000388,VH001344,PR000217,PR000191,,single_vehicle,rain,2023-11-25,True,2,0,7481.53,paid,7356.57,0,
CM001058,CL001343,VH002019,,PR000183,PR000130,single_vehicle,clear,2025-12-22,True,0,0,3336.06,denied,0.0,0,
CM006865,CL002951,VH003756,,PR000194,PR000020,single_vehicle,fog,2023-04-20,True,0,0,3075.36,under_review,,0,
CM000966,CL002321,VH003006,PR000219,PR000173,PR000232,rear_end_collision,rain,2024-09-14,True,0,0,1683.33,under_review,,0,
CM003363,CL002940,VH001913,,PR000169,,rear_end_collision,snow,2024-04-04,True,0,0,6925.86,paid,6624.69,0,
CM008038,CL003986,VH003381,,PR000024,,single_vehicle,clear,2024-01-07,False,0,3,1751.78,paid,1607.99,0,
CM005408,CL000514,VH000772,,PR000221,PR000020,single_vehicle,clear,2025-03-09,False,2,0,2730.54,paid,2525.5,0,
CM001316,CL003325,VH000552,,PR000203,,rear_end_collision,clear,2023-07-13,False,0,0,4570.14,paid,4239.56,0,
CM008728,CL001472,VH002009,PR000171,PR000087,,parking_lot,clear,2023-03-18,True,1,0,16758.76,paid,15531.27,1,RING011
CM004075,CL002762,VH000854,PR000057,PR000090,,sideswipe,rain,2023-07-25,False,1,0,6426.19,paid,6260.71,0,
CM001023,CL000552,VH001168,PR000244,,,sideswipe,clear,2023-01-05,False,0,0,6264.9,paid,5826.99,0,
CM005427,CL000900,VH000990,,PR000150,,sideswipe,rain,2025-06-05,True,0,2,2147.6,paid,1963.88,0,
CM005455,CL000785,VH002793,,PR000099,,parking_lot,rain,2023-08-07,True,0,1,3595.63,paid,3305.86,0,
CM004632,CL000335,VH003196,,PR000166,,sideswipe,clear,2023-12-30,True,1,1,1114.84,paid,1060.77,0,
CM003329,CL002497,VH002267,PR000195,PR000220,,multi_vehicle_pileup,rain,2024-12-08,False,0,0,3922.06,under_review,,0,
CM001427,CL000689,VH002526,PR000146,PR000151,,multi_vehicle_pileup,clear,2024-02-26,True,1,0,2653.7,paid,2411.17,0,
CM000541,CL002526,VH001644,PR000070,PR000107,PR000016,single_vehicle,clear,2023-02-17,True,0,2,8875.17,paid,8584.74,0,
CM000602,CL001153,VH001025,PR000196,PR000225,,sideswipe,clear,2023-01-17,True,0,0,1323.44,paid,1249.96,0,
CM001741,CL000428,VH001427,,PR000180,,parking_lot,clear,2024-09-02,True,1,1,665.87,paid,619.86,0,
CM008840,CL003485,VH001967,PR000244,PR000083,,rear_end_collision,clear,2023-12-01,False,1,0,3306.83,paid,3248.54,1,RING017
CM007051,CL002976,VH000879,PR000239,PR000011,,parking_lot,clear,2023-04-09,True,0,1,5853.45,paid,5506.79,0,
CM003590,CL000014,VH001125,,PR000183,,multi_vehicle_pileup,clear,2023-01-25,True,1,1,1776.75,paid,1676.94,0,
CM005389,CL002449,VH001932,PR000014,PR000075,,multi_vehicle_pileup,clear,2025-02-22,True,0,2,1200.49,paid,1177.36,0,
CM004318,CL003786,VH001690,,,,parking_lot,clear,2025-02-21,True,0,0,4513.12,paid,4219.33,0,
CM007383,CL003962,VH001663,,PR000133,,rear_end_collision,rain,2025-01-12,True,0,1,2106.45,paid,1914.6,0,
CM006156,CL000797,VH001716,PR000223,PR000110,,single_vehicle,snow,2025-07-30,True,1,0,3577.73,paid,3414.91,0,
CM004979,CL000389,VH003446,,PR000115,,single_vehicle,clear,2024-08-28,False,0,0,4835.95,paid,4618.16,0,
CM004915,CL000298,VH003460,,,,parking_lot,clear,2023-09-10,False,0,0,4274.83,denied,0.0,0,
CM001211,CL002058,VH000306,,PR000090,PR000044,single_vehicle,snow,2025-01-05,True,0,1,2098.94,paid,1996.86,0,
CM003397,CL003420,VH000626,,PR000042,,multi_vehicle_pileup,clear,2023-08-24,True,0,0,3522.66,paid,3419.52,0,
CM000412,CL002810,VH000537,,PR000000,,rear_end_collision,clear,2024-03-11,True,0,0,1177.12,paid,1165.54,0,
CM003693,CL003821,VH002504,,PR000154,,multi_vehicle_pileup,rain,2024-01-23,False,0,2,3563.11,paid,3538.79,0,
CM007783,CL002715,VH001805,,PR000080,,parking_lot,clear,2025-12-09,True,0,0,3129.38,paid,3081.43,0,
CM004047,CL000868,VH000866,,PR000194,,multi_vehicle_pileup,clear,2025-06-14,True,1,1,2987.82,paid,2893.72,0,
CM000744,CL000053,VH000065,PR000057,PR000058,,multi_vehicle_pileup,clear,2023-11-21,True,0,1,5769.34,paid,5527.75,0,
CM006057,CL003397,VH002340,PR000239,PR000203,,sideswipe,clear,2025-05-09,True,0,0,11159.76,paid,10885.69,0,
CM007691,CL002127,VH003359,PR000059,PR000115,,rear_end_collision,rain,2024-09-04,True,1,0,11585.36,paid,10831.67,0,
CM005731,CL003799,VH001712,PR000236,,,sideswipe,clear,2025-07-27,True,0,1,5214.13,paid,5075.75,0,
CM006183,CL002475,VH001100,PR000164,PR000067,,single_vehicle,clear,2024-01-12,True,1,0,5687.95,paid,5477.13,0,
CM003985,CL000526,VH000906,PR000158,PR000176,PR000188,rear_end_collision,clear,2023-03-06,True,1,1,4710.96,paid,4478.73,0,
CM007496,CL000962,VH001224,,PR000042,,single_vehicle,snow,2023-07-06,False,0,0,1015.47,paid,1006.93,0,
CM001401,CL001564,VH002743,,PR000145,,parking_lot,rain,2025-06-16,True,0,0,2280.43,paid,2188.9,0,
CM005649,CL000387,VH000904,PR000114,PR000005,,sideswipe,rain,2024-06-15,True,0,1,2016.15,under_review,,0,
CM001503,CL002242,VH001128,PR000238,PR000087,,multi_vehicle_pileup,clear,2025-06-06,False,2,1,1094.63,paid,1036.39,0,
CM007160,CL001204,VH001549,PR000112,PR000037,,single_vehicle,rain,2025-12-12,True,1,0,2315.32,paid,2256.36,0,
CM002122,CL003555,VH000004,PR000089,,,parking_lot,clear,2025-05-26,True,0,1,6220.01,paid,6017.75,0,
CM004869,CL002533,VH002141,PR000001,PR000052,,rear_end_collision,clear,2025-09-24,True,0,3,2842.8,paid,2745.79,0,
CM001719,CL001830,VH001027,PR000051,,PR000232,sideswipe,clear,2025-03-24,True,0,1,9292.47,paid,8866.07,0,
CM007492,CL000270,VH002461,PR000056,PR000069,,single_vehicle,snow,2024-04-16,True,0,1,5657.36,paid,5507.3,0,
CM003258,CL000937,VH002950,PR000216,PR000012,,multi_vehicle_pileup,clear,2024-02-10,True,0,0,4283.08,paid,4164.42,0,
CM002146,CL001528,VH000544,PR000004,PR000117,,single_vehicle,clear,2025-01-28,True,0,0,3305.46,denied,0.0,0,
CM006575,CL001631,VH001470,PR000136,PR000091,,parking_lot,snow,2023-11-03,True,0,1,5023.96,paid,4538.34,0,
CM000605,CL003004,VH002437,,,,rear_end_collision,snow,2023-11-24,True,2,0,1177.99,paid,1076.25,0,
CM000249,CL001899,VH003394,PR000136,PR000062,,rear_end_collision,snow,2024-07-28,True,0,0,2192.81,paid,2139.3,0,
CM002064,CL000292,VH002965,PR000063,PR000058,,single_vehicle,fog,2025-02-23,True,0,2,1239.72,paid,1200.43,0,
CM003961,CL000120,VH000652,PR000244,PR000154,,rear_end_collision,rain,2025-09-02,True,0,2,6497.28,paid,6099.84,0,
CM001958,CL000639,VH001838,PR000103,PR000086,,rear_end_collision,clear,2025-09-29,False,1,1,8504.39,paid,8356.46,0,
CM003843,CL000324,VH001551,PR000120,PR000050,,multi_vehicle_pileup,clear,2025-11-04,True,0,2,1702.29,paid,1685.94,0,
CM000264,CL003256,VH002582,PR000208,,PR000237,rear_end_collision,snow,2023-04-13,True,1,1,3152.55,under_review,,0,
CM001314,CL003868,VH002653,PR000073,PR000142,,single_vehicle,clear,2025-09-12,True,1,1,3849.47,paid,3621.62,0,
CM000248,CL003258,VH002424,,PR000067,PR000175,sideswipe,clear,2023-11-06,True,0,0,9988.29,paid,9578.57,0,
CM000448,CL001381,VH001676,,,,rear_end_collision,snow,2023-08-30,True,1,2,6521.28,paid,6177.33,0,
CM000853,CL003669,VH001895,PR000149,PR000110,,sideswipe,rain,2024-04-26,True,1,1,3052.96,paid,2931.85,0,
CM003711,CL003713,VH000751,,,,rear_end_collision,clear,2023-05-01,True,0,1,9871.58,paid,9495.16,0,
CM005019,CL000702,VH002506,,,PR000101,rear_end_collision,rain,2025-07-10,True,0,0,1436.46,paid,1318.43,0,
CM000200,CL000040,VH003196,PR000164,,,single_vehicle,clear,2025-07-09,True,0,3,5641.0,paid,5596.8,0,
CM000533,CL003636,VH001994,PR000077,PR000182,,single_vehicle,clear,2024-05-18,True,0,1,7092.01,paid,7064.74,0,
CM006702,CL002054,VH000052,,PR000202,,rear_end_collision,clear,2024-03-17,True,0,1,2341.57,paid,2298.98,0,
CM008757,CL001111,VH002586,PR000119,PR000197,PR000135,single_vehicle,clear,2025-05-08,False,0,1,2848.5,paid,2640.49,1,RING012
CM003007,CL003822,VH001278,,PR000229,,rear_end_collision,clear,2025-03-30,True,0,1,5690.5,paid,5438.59,0,
CM004813,CL003986,VH003983,,,,single_vehicle,clear,2025-03-30,True,0,0,1434.01,paid,1360.24,0,
CM004223,CL001690,VH001346,PR000002,,,rear_end_collision,clear,2023-05-17,True,0,0,5458.5,paid,5080.86,0,
CM005031,CL001293,VH001487,,PR000087,,multi_vehicle_pileup,clear,2024-03-06,True,0,1,8231.98,paid,8014.02,0,
CM000456,CL002731,VH002338,PR000206,,,single_vehicle,rain,2023-03-24,True,1,0,3410.2,paid,3187.86,0,
CM003079,CL001265,VH003349,,,,parking_lot,clear,2023-06-22,False,0,0,4495.13,under_review,,0,
CM003747,CL003550,VH000698,PR000004,PR000107,,sideswipe,clear,2023-03-30,True,1,1,6272.51,paid,6045.2,0,
CM005458,CL000327,VH000394,,PR000151,,rear_end_collision,clear,2023-04-26,True,0,1,2327.67,paid,2224.24,0,
CM005146,CL003836,VH002987,PR000144,PR000151,,single_vehicle,rain,2025-09-25,True,0,1,1343.99,paid,1239.38,0,
CM003143,CL002995,VH002345,,PR000058,,parking_lot,clear,2025-02-19,True,0,0,1569.66,paid,1488.81,0,
CM003255,CL001327,VH000624,PR000240,PR000151,,rear_end_collision,fog,2025-08-07,True,0,0,2410.99,paid,2243.55,0,
CM002474,CL003160,VH000117,PR000233,PR000228,PR000147,sideswipe,fog,2025-08-17,True,3,2,3286.49,paid,3008.45,0,
CM007119,CL003167,VH001285,,,,parking_lot,clear,2024-07-19,False,0,0,4541.84,under_review,,0,
CM003917,CL003455,VH002475,PR000043,PR000203,,single_vehicle,clear,2023-10-01,True,1,1,6126.97,paid,5861.02,0,
CM008693,CL000410,VH000301,PR000104,PR000075,PR000188,multi_vehicle_pileup,rain,2025-10-08,False,1,1,2292.8,paid,2258.53,1,RING010
CM000834,CL000437,VH001000,,PR000038,,single_vehicle,clear,2024-08-18,True,0,1,2216.38,paid,2015.67,0,
CM005965,CL002532,VH003584,PR000085,PR000199,,parking_lot,rain,2023-02-12,True,0,0,3439.82,paid,3127.36,0,
CM003208,CL002679,VH003898,PR000048,PR000024,,sideswipe,rain,2025-07-25,True,0,0,4632.46,paid,4557.84,0,
CM003519,CL001948,VH002601,,PR000166,,sideswipe,clear,2024-09-26,True,0,0,877.63,paid,859.28,0,
CM004557,CL001741,VH002909,PR000039,PR000161,,rear_end_collision,clear,2025-04-13,True,0,0,3057.06,paid,2817.09,0,
CM004587,CL003928,VH002445,,,,single_vehicle,rain,2023-03-21,False,1,0,4812.05,under_review,,0,
CM002651,CL003129,VH000136,,PR000124,,multi_vehicle_pileup,fog,2023-06-24,True,0,1,4448.84,paid,4017.46,0,
CM003704,CL000555,VH003614,,PR000086,PR000215,rear_end_collision,clear,2024-04-22,False,0,0,10572.71,paid,10539.81,0,
CM007498,CL000854,VH002282,,,,sideswipe,fog,2024-07-29,True,0,0,2457.48,paid,2421.96,0,
CM004236,CL001976,VH001041,PR000129,,,parking_lot,clear,2023-03-30,False,2,1,2045.11,paid,2033.32,0,
CM003783,CL001597,VH002415,PR000081,PR000091,,parking_lot,fog,2023-08-07,True,0,1,1900.26,denied,0.0,0,
CM006648,CL000522,VH002483,PR000235,PR000202,,parking_lot,snow,2023-12-07,True,0,0,8279.86,paid,7863.02,0,
CM004669,CL003513,VH002171,PR000200,PR000221,,parking_lot,clear,2024-07-15,True,1,3,3486.01,paid,3270.25,0,
CM002717,CL002019,VH003643,PR000003,PR000047,,single_vehicle,clear,2023-06-19,True,0,1,7261.08,paid,6965.95,0,
CM005594,CL001803,VH000716,PR000026,PR000132,PR000139,multi_vehicle_pileup,clear,2023-03-12,True,0,0,1400.73,denied,0.0,0,
CM001594,CL001402,VH001210,PR000233,PR000246,,parking_lot,clear,2024-04-29,True,1,2,2493.74,paid,2308.88,0,
CM006722,CL002082,VH000184,PR000216,,,sideswipe,clear,2024-11-03,True,1,1,2346.52,denied,0.0,0,
CM007263,CL002552,VH003450,,PR000201,,rear_end_collision,clear,2023-02-12,False,0,1,3739.97,paid,3440.12,0,
CM008469,CL002313,VH001602,PR000146,PR000105,,sideswipe,fog,2024-03-20,False,1,0,4005.97,paid,3719.19,1,RING001
CM004721,CL003585,VH001485,PR000127,PR000218,,rear_end_collision,snow,2024-12-31,True,1,2,2038.24,paid,2026.34,0,
CM003132,CL000421,VH003706,PR000098,PR000246,,single_vehicle,fog,2024-08-23,True,1,0,9143.08,paid,8706.22,0,
CM001746,CL001379,VH000237,,PR000165,,parking_lot,rain,2024-08-16,True,0,0,3779.49,denied,0.0,0,
CM001558,CL001920,VH000029,PR000112,PR000150,,sideswipe,clear,2025-02-08,True,0,2,1103.85,denied,0.0,0,
CM001035,CL000305,VH002059,PR000212,PR000224,,rear_end_collision,fog,2025-03-06,True,1,0,6386.37,paid,6232.51,0,
CM007916,CL000838,VH002799,,,,sideswipe,clear,2025-12-19,False,0,0,5044.71,paid,4653.48,0,
CM002174,CL003667,VH002518,,PR000097,PR000100,single_vehicle,clear,2025-04-06,True,0,0,1717.68,under_review,,0,
CM008919,CL003453,VH003867,PR000129,PR000128,,parking_lot,clear,2024-04-29,False,2,0,3373.12,partially_paid,1991.84,1,RING021
CM000701,CL001085,VH003637,,PR000124,,rear_end_collision,clear,2023-06-25,True,0,0,1916.89,paid,1894.68,0,
CM000218,CL002727,VH003603,PR000216,PR000079,,parking_lot,snow,2025-12-14,True,1,0,1855.69,paid,1814.03,0,
CM001006,CL001383,VH002605,,PR000090,,multi_vehicle_pileup,clear,2024-03-12,True,0,2,4414.82,paid,4143.97,0,
CM004515,CL002786,VH003010,,PR000131,,multi_vehicle_pileup,rain,2023-11-10,False,0,2,3668.24,under_review,,0,
CM001039,CL003345,VH003906,PR000073,PR000224,,sideswipe,snow,2024-07-24,True,0,0,2573.36,paid,2492.68,0,
CM006858,CL003710,VH003186,PR000021,PR000229,PR000130,rear_end_collision,clear,2023-10-29,True,1,2,6502.04,paid,6182.14,0,
CM002953,CL002019,VH001470,,,,single_vehicle,snow,2023-08-22,True,0,1,2600.76,paid,2433.52,0,
CM003275,CL000462,VH000636,PR000098,PR000012,,sideswipe,clear,2023-09-01,True,1,2,1291.28,paid,1198.39,0,
CM005093,CL002861,VH003764,PR000088,PR000128,,parking_lot,rain,2025-10-15,True,0,0,1774.98,paid,1748.57,0,
CM001596,CL002781,VH001091,,PR000069,,parking_lot,clear,2024-07-09,False,0,2,3563.38,paid,3437.31,0,
CM008167,CL002229,VH001755,,,,single_vehicle,clear,2024-12-12,True,0,0,964.28,paid,900.98,0,
CM006664,CL001261,VH002463,PR000223,PR000115,,sideswipe,rain,2023-01-12,False,0,1,3645.11,denied,0.0,0,
CM000676,CL001845,VH002898,PR000240,PR000160,,sideswipe,rain,2025-07-20,True,0,2,1014.96,paid,973.24,0,
CM008010,CL001722,VH000655,,PR000124,,sideswipe,clear,2025-10-22,True,0,1,11252.61,paid,10931.03,0,
CM001559,CL002151,VH003180,PR000190,PR000009,,single_vehicle,clear,2023-09-05,False,0,0,3428.47,paid,3278.24,0,
CM000230,CL001282,VH002663,,PR000121,PR000237,parking_lot,clear,2023-06-24,True,0,2,2788.71,denied,0.0,0,
CM007700,CL000362,VH002567,PR000249,PR000225,,rear_end_collision,clear,2025-08-28,True,0,2,4472.12,paid,4135.35,0,
CM006757,CL001611,VH000773,,PR000242,,sideswipe,snow,2023-06-15,True,0,0,3403.53,paid,3075.35,0,
CM001836,CL001778,VH001300,PR000249,PR000092,,single_vehicle,rain,2025-03-09,True,0,0,1907.84,paid,1877.63,0,
CM007734,CL000579,VH001359,,PR000015,,sideswipe,clear,2024-01-20,True,0,0,4398.62,paid,4297.24,0,
CM008424,CL003394,VH000051,PR000114,PR000013,PR000030,single_vehicle,clear,2024-05-01,True,2,1,6016.06,paid,5805.76,1,RING000
CM002128,CL001790,VH003550,,PR000178,,rear_end_collision,clear,2024-02-09,False,0,1,866.9,paid,826.73,0,
CM006772,CL002039,VH002016,,PR000095,,parking_lot,clear,2025-11-18,True,0,3,3143.63,paid,3126.19,0,
CM001651,CL000829,VH001284,,PR000128,,sideswipe,clear,2023-01-10,True,0,0,783.73,paid,760.4,0,
CM001833,CL003213,VH001015,,PR000111,,parking_lot,rain,2025-03-24,False,0,0,1629.33,denied,0.0,0,
CM003147,CL000099,VH003756,,,,multi_vehicle_pileup,rain,2025-05-20,True,0,0,6270.21,denied,0.0,0,
CM005629,CL002618,VH001641,PR000096,PR000050,,parking_lot,rain,2023-08-20,True,0,2,2576.46,under_review,,0,
CM008325,CL001945,VH002132,PR000104,,,rear_end_collision,clear,2023-11-07,True,0,1,3049.7,paid,2998.12,0,
CM001534,CL002089,VH003523,PR000089,PR000058,,rear_end_collision,clear,2025-05-03,True,2,1,1297.03,under_review,,0,
CM005243,CL000081,VH002757,,PR000133,,sideswipe,clear,2023-03-02,True,0,0,4755.28,denied,0.0,0,
CM004985,CL000887,VH002783,PR000200,PR000067,,parking_lot,rain,2023-12-16,False,0,0,8516.96,paid,7686.62,0,
CM008490,CL003894,VH000767,PR000019,PR000071,PR000102,sideswipe,clear,2024-03-25,False,0,0,3391.84,paid,3316.62,1,RING003
CM004966,CL002495,VH002963,PR000159,PR000180,,sideswipe,clear,2023-04-24,True,1,0,2114.13,paid,1949.83,0,
CM005378,CL002019,VH001043,,PR000009,PR000185,multi_vehicle_pileup,rain,2025-05-09,False,0,0,1699.96,paid,1644.9,0,
CM008444,CL001982,VH002785,PR000146,PR000105,,rear_end_collision,snow,2024-02-28,True,1,1,5362.1,partially_paid,1893.48,1,RING001
CM001157,CL003093,VH000674,,,,parking_lot,clear,2025-09-05,False,0,1,1473.92,paid,1422.82,0,
CM008810,CL002536,VH001804,PR000106,PR000203,PR000230,sideswipe,rain,2024-01-16,False,1,0,6723.49,paid,6208.93,1,RING015
CM006633,CL001437,VH003488,PR000200,PR000058,,parking_lot,clear,2023-05-25,True,0,0,2162.69,paid,2027.01,0,
CM007584,CL003787,VH002012,PR000240,PR000194,,sideswipe,snow,2024-02-20,True,0,1,892.26,paid,853.96,0,
CM000097,CL000258,VH000703,PR000149,PR000241,,sideswipe,clear,2024-04-18,False,1,2,4228.58,paid,4162.39,0,
CM002274,CL003038,VH003703,PR000208,PR000140,,single_vehicle,clear,2024-03-20,True,2,1,2029.8,paid,1850.82,0,
CM006706,CL002327,VH001243,PR000129,PR000163,,multi_vehicle_pileup,clear,2023-08-21,True,1,0,6908.51,under_review,,0,
CM005240,CL000246,VH003290,PR000192,,,single_vehicle,snow,2023-10-24,True,0,1,7496.6,paid,7219.26,0,
CM004540,CL001150,VH003850,,PR000181,,parking_lot,clear,2023-05-21,True,1,2,2707.29,under_review,,0,
CM006660,CL001368,VH003749,PR000222,PR000178,,single_vehicle,clear,2024-04-10,True,0,2,1532.94,paid,1511.24,0,
CM005630,CL003764,VH003718,,PR000209,,sideswipe,snow,2024-08-09,True,0,2,3550.53,paid,3416.15,0,
CM001489,CL000920,VH001155,PR000208,PR000028,,rear_end_collision,clear,2024-09-19,True,0,0,3300.6,paid,3019.93,0,
CM008204,CL003173,VH003799,,PR000225,,single_vehicle,clear,2023-01-02,False,0,3,7629.38,paid,7549.51,0,
CM002132,CL001650,VH002831,,PR000151,PR000155,single_vehicle,snow,2025-07-16,False,0,1,2655.35,under_review,,0,
CM001018,CL000660,VH000967,,PR000191,PR000130,multi_vehicle_pileup,clear,2024-04-25,True,0,1,2108.86,paid,1968.09,0,
CM001776,CL003576,VH002654,PR000195,PR000210,,single_vehicle,clear,2024-06-18,True,0,2,3466.28,paid,3383.28,0,
CM002692,CL003209,VH001533,,PR000087,,parking_lot,clear,2025-11-11,True,0,0,3927.9,paid,3536.19,0,
CM004817,CL003931,VH003097,,PR000246,,multi_vehicle_pileup,clear,2023-10-06,True,0,2,3536.89,paid,3356.39,0,
CM000351,CL001855,VH001779,PR000004,,PR000147,single_vehicle,clear,2023-09-25,True,0,0,5688.71,denied,0.0,0,
CM003019,CL001536,VH003294,PR000073,PR000042,,rear_end_collision,clear,2024-09-15,False,1,0,3999.65,paid,3640.3,0,
CM003542,CL002651,VH002482,PR000074,PR000178,,sideswipe,clear,2025-06-25,True,1,2,1608.62,paid,1549.96,0,
CM003756,CL000432,VH002346,,PR000160,,sideswipe,clear,2024-07-26,False,0,2,1811.78,paid,1772.26,0,
CM002484,CL000130,VH003784,PR000046,PR000128,,parking_lot,fog,2024-01-05,True,0,0,8363.72,under_review,,0,
CM003796,CL000481,VH001106,,PR000207,,single_vehicle,clear,2025-08-30,True,0,0,3585.4,paid,3378.67,0,
CM003146,CL000429,VH002619,,PR000183,,rear_end_collision,clear,2024-01-20,False,0,1,4748.43,denied,0.0,0,
CM007595,CL003730,VH003294,,PR000095,,parking_lot,rain,2024-07-30,False,1,1,1826.5,paid,1773.85,0,
CM007382,CL003701,VH001344,PR000234,,,multi_vehicle_pileup,clear,2024-03-04,True,0,3,6355.12,paid,6274.05,0,
CM004320,CL001026,VH002311,,PR000157,,sideswipe,rain,2024-04-04,True,0,1,4610.01,paid,4382.15,0,
CM005701,CL001970,VH001728,PR000187,PR000005,,single_vehicle,clear,2023-06-15,True,0,0,1571.6,paid,1527.26,0,
CM005467,CL001390,VH001724,,PR000218,,single_vehicle,clear,2023-11-05,False,1,1,5329.04,paid,4911.81,0,
CM001721,CL002913,VH001744,,,,rear_end_collision,rain,2025-05-08,True,0,0,264.25,paid,259.0,0,
CM008805,CL001959,VH001695,PR000106,PR000203,PR000230,rear_end_collision,clear,2024-01-16,False,1,0,7746.9,paid,7503.58,1,RING015
CM000743,CL000912,VH001390,,PR000150,,single_vehicle,clear,2025-08-16,True,0,0,3938.06,paid,3874.18,0,
CM000181,CL003509,VH001983,,PR000140,,rear_end_collision,rain,2025-03-04,True,1,0,5136.47,under_review,,0,
CM004181,CL000459,VH003533,PR000093,PR000110,,parking_lot,rain,2025-09-23,True,0,1,1761.85,paid,1613.1,0,
CM000350,CL001312,VH000240,,PR000000,,sideswipe,clear,2023-08-13,True,0,0,1252.67,under_review,,0,
CM007697,CL001168,VH000129,,PR000242,,single_vehicle,rain,2023-04-10,True,0,0,3134.67,under_review,,0,
CM003149,CL001570,VH003321,PR000043,PR000024,,multi_vehicle_pileup,snow,2024-02-10,True,1,1,7216.05,paid,6749.46,0,
CM007977,CL002396,VH002698,,PR000226,,parking_lot,clear,2023-08-30,True,0,1,1563.25,paid,1528.59,0,
CM008059,CL003800,VH001072,PR000127,PR000218,,single_vehicle,rain,2024-09-11,False,0,0,4635.4,paid,4606.27,0,
CM003284,CL003198,VH003972,,PR000204,,rear_end_collision,clear,2024-12-28,False,0,0,2982.09,under_review,,0,
CM006643,CL002167,VH001281,PR000198,PR000241,,rear_end_collision,clear,2024-05-14,True,0,0,3754.41,paid,3731.39,0,
CM000082,CL002658,VH001656,,,,multi_vehicle_pileup,clear,2025-05-15,True,2,0,2691.0,under_review,,0,
CM002998,CL001283,VH003467,PR000212,PR000133,,rear_end_collision,clear,2023-06-16,False,0,4,1485.09,paid,1442.01,0,
CM003795,CL003554,VH000675,,PR000204,PR000213,single_vehicle,clear,2024-01-02,True,0,0,4763.37,paid,4571.67,0,
CM005232,CL001908,VH003951,PR000074,PR000069,,rear_end_collision,clear,2023-08-16,True,1,1,3819.9,paid,3591.78,0,
CM000832,CL002190,VH002320,PR000235,PR000181,,rear_end_collision,snow,2023-05-03,True,0,0,3145.55,paid,2841.09,0,
CM001370,CL000152,VH002000,PR000001,PR000108,,multi_vehicle_pileup,clear,2023-04-06,True,1,1,5159.33,paid,4809.33,0,
CM004603,CL000603,VH000869,PR000068,,,sideswipe,rain,2024-07-17,True,1,1,7369.69,denied,0.0,0,
CM005322,CL002110,VH003221,,PR000050,,sideswipe,rain,2023-05-19,True,0,2,3376.81,paid,3296.21,0,
CM006052,CL003211,VH003877,,PR000029,,rear_end_collision,clear,2023-12-13,True,0,0,2124.72,paid,1956.83,0,
CM001220,CL002997,VH002320,PR000036,PR000221,,rear_end_collision,clear,2025-03-04,True,0,1,10553.36,paid,10245.56,0,
CM001184,CL002205,VH003959,,PR000246,,single_vehicle,clear,2023-07-29,True,0,0,950.91,under_review,,0,
CM001375,CL002985,VH002229,,PR000137,,parking_lot,clear,2023-06-30,True,0,0,6295.74,paid,5982.42,0,
CM004490,CL000456,VH000206,,,PR000213,rear_end_collision,clear,2025-01-04,True,1,2,3864.8,paid,3816.93,0,
CM001727,CL000332,VH002202,PR000106,,,sideswipe,clear,2023-04-27,False,0,0,9135.34,paid,9075.67,0,
CM002693,CL002259,VH001679,,PR000050,,multi_vehicle_pileup,clear,2023-08-21,True,0,1,2496.6,paid,2334.53,0,
CM001124,CL002033,VH001043,PR000223,PR000115,,parking_lot,clear,2024-07-09,True,0,1,3296.34,under_review,,0,
CM006947,CL001912,VH002087,,PR000087,,rear_end_collision,rain,2023-08-06,True,0,0,1032.92,paid,981.32,0,
CM001196,CL003808,VH000067,PR000239,,,parking_lot,rain,2024-10-31,True,0,1,3898.34,paid,3773.45,0,
CM007056,CL003141,VH002155,PR000039,PR000203,PR000232,multi_vehicle_pileup,clear,2024-02-17,True,0,1,4426.38,paid,4198.08,0,
CM000711,CL002797,VH002503,,PR000018,PR000162,multi_vehicle_pileup,clear,2025-10-31,True,0,1,5043.72,paid,4642.07,0,
CM002289,CL002844,VH003728,PR000106,PR000029,,parking_lot,clear,2023-05-12,False,0,2,3241.65,paid,3076.4,0,
CM001946,CL002318,VH002260,PR000171,PR000205,,single_vehicle,clear,2023-09-21,True,0,2,5919.97,paid,5801.03,0,
CM006608,CL000376,VH002801,,PR000160,,parking_lot,clear,2023-07-08,True,0,0,2624.38,paid,2554.5,0,
CM006759,CL003867,VH000410,PR000156,PR000123,,rear_end_collision,clear,2025-03-06,True,0,0,3238.77,paid,3183.02,0,
CM005911,CL003176,VH003383,,,,parking_lot,clear,2025-05-29,True,1,1,7226.66,paid,7133.24,0,
CM006701,CL002387,VH000181,PR000076,PR000083,,rear_end_collision,snow,2023-11-07,True,0,0,5213.0,paid,4821.94,0,
CM008910,CL001991,VH002249,PR000059,PR000180,,parking_lot,snow,2024-07-22,False,2,0,1423.1,paid,1378.92,1,RING020
CM004343,CL002748,VH002995,PR000156,PR000047,,parking_lot,clear,2024-04-26,True,0,0,3277.75,paid,3118.15,0,
CM005221,CL003854,VH000627,,PR000047,,single_vehicle,clear,2025-01-20,False,0,1,2546.74,paid,2415.57,0,
CM001384,CL002346,VH000012,,PR000138,,multi_vehicle_pileup,rain,2023-06-05,False,0,3,1788.89,paid,1780.77,0,
CM006349,CL003265,VH001979,PR000089,PR000032,,sideswipe,snow,2024-11-05,True,0,1,2242.26,paid,2200.28,0,
CM005034,CL002019,VH000004,,,,sideswipe,snow,2024-02-09,False,0,0,3434.79,paid,3179.31,0,
CM003622,CL001133,VH001377,PR000017,PR000075,,parking_lot,rain,2025-10-23,False,1,1,4604.56,paid,4254.14,0,
CM004826,CL002747,VH001328,PR000247,PR000228,,rear_end_collision,clear,2023-02-06,True,0,2,2920.14,paid,2878.74,0,
CM002612,CL002555,VH003851,PR000212,PR000095,,multi_vehicle_pileup,clear,2024-03-30,False,0,0,4911.77,paid,4763.94,0,
CM001841,CL000633,VH002535,,PR000194,,sideswipe,clear,2023-02-19,True,1,1,1931.44,paid,1930.35,0,
CM005876,CL000415,VH002780,,PR000224,,single_vehicle,clear,2023-05-04,True,0,0,1733.17,paid,1580.65,0,
CM004589,CL000094,VH003796,,PR000121,,multi_vehicle_pileup,rain,2023-09-23,True,0,1,4728.19,paid,4522.8,0,
CM001604,CL002962,VH003760,,PR000203,,sideswipe,rain,2024-10-18,True,1,1,5285.28,paid,5271.19,0,
CM000173,CL002041,VH002645,PR000164,PR000015,PR000126,multi_vehicle_pileup,rain,2024-10-09,True,0,3,3720.32,paid,3701.3,0,
CM004072,CL001637,VH000174,PR000022,PR000173,PR000122,single_vehicle,rain,2024-09-19,True,0,1,3056.77,paid,2788.58,0,
CM003909,CL003605,VH001299,,PR000040,,single_vehicle,clear,2025-01-19,True,0,0,1885.37,paid,1803.78,0,
CM006422,CL003267,VH001362,,,,rear_end_collision,clear,2024-03-04,True,1,1,1879.17,paid,1709.05,0,
CM003910,CL002699,VH001916,PR000010,PR000042,,parking_lot,fog,2025-09-19,True,0,0,4400.58,paid,4281.53,0,
CM007004,CL002234,VH003978,PR000023,PR000205,PR000126,sideswipe,snow,2024-05-17,True,0,0,3800.56,paid,3485.01,0,
CM002987,CL003233,VH000096,PR000231,PR000205,,parking_lot,rain,2025-10-03,True,0,2,1945.6,paid,1911.24,0,
CM007019,CL003687,VH001733,PR000106,PR000012,,sideswipe,rain,2023-11-21,False,0,0,4268.71,paid,4028.83,0,
CM003096,CL000831,VH000878,,PR000165,,single_vehicle,clear,2024-06-10,False,0,0,5561.52,paid,5148.95,0,
CM004865,CL000915,VH000217,PR000227,PR000226,,rear_end_collision,clear,2023-05-31,True,1,3,3099.14,paid,2910.21,0,
CM003888,CL001825,VH001478,PR000017,PR000005,PR000054,sideswipe,clear,2025-03-17,True,0,0,1595.23,paid,1533.27,0,
CM008471,CL003110,VH003716,PR000146,PR000105,,sideswipe,clear,2024-03-27,False,0,0,7393.55,paid,6770.05,1,RING001
CM003394,CL003586,VH003092,,PR000091,,sideswipe,snow,2023-03-26,True,0,1,3643.78,paid,3453.88,0,
CM003685,CL001907,VH002248,PR000010,,,single_vehicle,rain,2023-05-16,False,0,1,3244.28,paid,3221.12,0,
CM003310,CL003915,VH003458,PR000192,PR000182,,sideswipe,clear,2023-08-06,True,1,1,2713.69,paid,2596.51,0,
CM003054,CL001459,VH002889,,PR000210,,sideswipe,snow,2023-10-01,True,1,0,7062.92,paid,6602.2,0,
CM005397,CL003472,VH002848,,PR000242,,single_vehicle,clear,2025-01-19,True,0,2,5635.7,paid,5354.15,0,
CM000534,CL000260,VH003062,PR000114,PR000109,,rear_end_collision,clear,2023-09-19,True,0,1,1885.02,paid,1722.26,0,
CM002889,CL001362,VH001669,PR000023,,,rear_end_collision,rain,2024-05-21,True,0,0,1359.29,paid,1236.51,0,
CM006595,CL001632,VH000619,PR000106,PR000160,,single_vehicle,rain,2025-11-04,False,1,3,7521.3,paid,7359.58,0,
CM007553,CL002502,VH001176,,PR000226,,multi_vehicle_pileup,clear,2023-02-15,True,0,1,11242.04,denied,0.0,0,
CM000066,CL003701,VH001909,,PR000220,,rear_end_collision,rain,2024-04-19,True,0,0,7334.02,paid,6732.44,0,
CM003716,CL000816,VH002711,,PR000015,,sideswipe,clear,2023-10-11,True,0,2,1219.77,paid,1106.59,0,
CM004344,CL000531,VH003014,,PR000194,,parking_lot,rain,2025-09-05,False,0,2,10790.26,paid,10512.28,0,
CM000355,CL000011,VH001382,,PR000092,PR000016,multi_vehicle_pileup,clear,2025-06-06,True,0,1,2513.1,paid,2363.46,0,
CM001929,CL002892,VH001696,PR000106,PR000151,,parking_lot,clear,2023-05-21,True,0,2,6482.05,paid,6185.16,0,
CM005984,CL001176,VH000699,,PR000060,,sideswipe,clear,2023-05-21,True,0,0,2205.18,paid,2180.13,0,
CM006348,CL000151,VH001182,PR000072,PR000027,,sideswipe,clear,2025-03-14,True,1,0,1509.87,paid,1464.99,0,
CM002573,CL003497,VH002341,PR000216,PR000242,,rear_end_collision,fog,2024-05-09,True,0,0,4469.6,paid,4460.32,0,
CM004004,CL002819,VH002975,,PR000087,PR000232,parking_lot,clear,2024-09-28,True,0,0,7676.51,paid,7318.18,0,
CM000473,CL000819,VH000361,,PR000012,,single_vehicle,clear,2025-03-25,True,0,0,9133.6,paid,8251.58,0,
CM005842,CL002447,VH000637,PR000104,PR000178,,single_vehicle,clear,2023-03-06,True,0,2,4157.33,under_review,,0,
CM006402,CL000685,VH002026,PR000239,PR000204,,sideswipe,clear,2023-11-20,True,2,3,4006.99,paid,3808.07,0,
CM008098,CL000981,VH002364,,PR000013,PR000130,rear_end_collision,clear,2025-05-20,False,0,1,5289.73,paid,5173.33,0,
CM007626,CL002256,VH002659,,,,single_vehicle,clear,2025-05-08,True,2,0,3899.72,paid,3800.38,0,
CM001189,CL000276,VH002182,,PR000174,,multi_vehicle_pileup,clear,2023-04-03,False,0,0,2239.67,paid,2174.24,0,
CM000869,CL000587,VH000679,PR000238,PR000134,,multi_vehicle_pileup,snow,2025-08-13,False,1,0,1363.33,paid,1247.15,0,
CM001430,CL002840,VH003091,PR000025,PR000038,,single_vehicle,clear,2025-04-30,True,0,0,3521.7,paid,3217.33,0,
CM000324,CL000270,VH001014,PR000046,PR000052,,sideswipe,clear,2025-02-15,True,0,0,1205.36,paid,1134.08,0,
CM008724,CL002538,VH003410,PR000171,PR000087,,sideswipe,clear,2023-02-26,False,1,0,1802.74,partially_paid,899.97,1,RING011
CM004061,CL002208,VH002055,PR000152,PR000224,,single_vehicle,snow,2024-08-21,False,1,1,6211.1,paid,5590.93,0,
CM008842,CL000855,VH001876,PR000244,PR000083,,single_vehicle,clear,2024-02-11,False,2,0,3941.06,paid,3571.22,1,RING017
CM005582,CL000689,VH002089,,,,single_vehicle,clear,2025-10-19,True,0,1,555.78,paid,513.87,0,
CM006506,CL000710,VH001358,PR000227,PR000138,,sideswipe,clear,2023-11-04,True,1,1,4856.11,paid,4658.76,0,
CM001288,CL001353,VH001888,PR000014,,,multi_vehicle_pileup,fog,2025-04-28,True,0,1,5414.95,paid,5261.32,0,
CM008318,CL000583,VH003096,,PR000134,PR000147,parking_lot,clear,2024-12-08,True,0,1,5597.47,paid,5176.6,0,
CM006674,CL002568,VH002213,PR000085,,,multi_vehicle_pileup,clear,2023-04-06,False,0,1,5535.83,paid,5081.13,0,
CM001394,CL000639,VH001158,,PR000210,,multi_vehicle_pileup,rain,2025-05-07,False,0,1,4330.05,paid,4166.53,0,
CM001076,CL000253,VH002518,,PR000143,,parking_lot,rain,2023-03-31,True,0,1,767.81,under_review,,0,
CM008069,CL003790,VH002146,PR000043,PR000060,,parking_lot,rain,2023-09-10,True,1,0,1301.02,paid,1230.68,0,
CM008889,CL001736,VH002889,PR000235,PR000097,PR000130,multi_vehicle_pileup,snow,2023-04-06,True,1,0,2016.39,denied,0.0,1,RING019
CM007549,CL001004,VH000945,,PR000005,,multi_vehicle_pileup,rain,2023-10-29,True,0,1,6487.27,paid,6398.51,0,
CM005519,CL002062,VH003848,,PR000080,,parking_lot,rain,2023-10-05,False,0,1,8282.79,paid,8059.05,0,
CM004626,CL000341,VH000168,,PR000225,,single_vehicle,clear,2025-08-05,True,0,1,2569.5,paid,2406.73,0,
CM005934,CL001587,VH001929,,PR000042,,single_vehicle,clear,2023-06-18,True,0,0,10203.44,paid,9879.56,0,
CM004036,CL002424,VH000788,PR000189,PR000133,PR000139,single_vehicle,clear,2023-09-17,True,0,1,2747.47,under_review,,0,
CM006994,CL000074,VH000912,PR000049,PR000111,,multi_vehicle_pileup,clear,2023-11-07,True,1,0,3304.38,paid,3148.81,0,
CM000074,CL001411,VH001474,PR000066,,,multi_vehicle_pileup,rain,2023-05-29,True,0,2,2825.16,under_review,,0,
CM008095,CL001450,VH002737,,PR000133,,rear_end_collision,clear,2023-07-29,True,1,0,5204.35,paid,5140.46,0,
CM006553,CL000461,VH003827,,PR000210,,sideswipe,clear,2024-04-08,False,1,1,1949.09,paid,1891.73,0,
CM002923,CL000774,VH000575,,PR000176,,rear_end_collision,rain,2024-05-19,False,0,3,2868.12,paid,2802.95,0,
CM006287,CL002401,VH003331,,PR000027,,parking_lot,clear,2023-01-01,True,1,0,1364.54,paid,1341.01,0,
CM001729,CL003531,VH000823,PR000208,PR000094,,parking_lot,clear,2023-11-26,False,0,0,4486.9,paid,4162.29,0,
CM007841,CL001291,VH002049,,PR000071,,single_vehicle,clear,2023-09-17,True,0,2,1586.12,paid,1473.44,0,
CM006047,CL002005,VH001098,PR000034,PR000055,,single_vehicle,clear,2023-08-14,True,0,1,1086.3,paid,1063.96,0,
CM005186,CL001768,VH000728,PR000149,PR000166,,multi_vehicle_pileup,clear,2025-07-04,False,1,0,6936.74,paid,6756.77,0,
CM002023,CL003451,VH001242,PR000239,PR000163,,rear_end_collision,rain,2024-04-08,False,0,1,2172.62,paid,2153.93,0,
CM002778,CL000590,VH003265,,PR000242,,single_vehicle,rain,2024-03-13,True,1,1,5291.49,paid,4905.9,0,
CM003724,CL002941,VH000432,,PR000180,,parking_lot,snow,2024-12-08,True,0,1,3645.29,paid,3483.21,0,
CM003887,CL000431,VH001750,PR000149,PR000183,,rear_end_collision,fog,2025-12-01,False,0,0,4168.65,paid,4116.88,0,
CM007277,CL001323,VH002683,PR000238,PR000132,,sideswipe,clear,2023-02-16,True,0,0,1474.59,paid,1454.78,0,
CM002116,CL002938,VH000161,,PR000133,,single_vehicle,clear,2025-07-24,True,0,0,5034.7,paid,4813.94,0,
CM004274,CL000217,VH003643,,PR000011,,parking_lot,clear,2023-01-16,True,0,0,2105.03,paid,2007.72,0,
CM008658,CL000352,VH002386,PR000114,PR000243,,single_vehicle,clear,2024-12-24,True,0,0,6030.11,denied,0.0,1,RING009
CM001619,CL003189,VH003712,PR000104,PR000205,,parking_lot,clear,2024-10-26,True,1,2,4411.27,under_review,,0,
CM001560,CL002649,VH000347,PR000082,,,single_vehicle,clear,2023-08-27,True,0,1,3552.65,paid,3254.35,0,
CM003378,CL000083,VH002276,,PR000038,,parking_lot,clear,2025-06-13,False,0,2,2158.12,paid,1960.41,0,
CM008090,CL001280,VH001180,PR000048,PR000027,,multi_vehicle_pileup,clear,2023-04-14,True,0,0,3590.58,paid,3283.57,0,
CM003882,CL003820,VH000613,PR000022,PR000032,,sideswipe,rain,2023-12-17,True,0,1,868.41,paid,865.41,0,
CM004307,CL001215,VH003535,PR000010,PR000179,,single_vehicle,clear,2023-05-14,True,1,2,1372.31,paid,1279.42,0,
CM005268,CL000527,VH003926,,PR000197,,single_vehicle,clear,2023-02-05,True,1,1,6426.39,paid,6208.9,0,
CM002677,CL003505,VH000255,PR000049,PR000145,,rear_end_collision,fog,2024-11-24,True,0,0,2311.67,paid,2246.6,0,
CM001979,CL003645,VH001010,,PR000000,,multi_vehicle_pileup,snow,2025-09-14,True,0,1,5915.22,paid,5788.37,0,
CM000178,CL003957,VH000340,PR000114,PR000132,,single_vehicle,rain,2024-01-30,True,0,1,1789.54,paid,1734.62,0,
CM000133,CL000988,VH003427,PR000234,PR000241,,single_vehicle,rain,2023-06-06,True,0,0,2348.59,paid,2293.31,0,
CM006463,CL002262,VH000410,PR000227,,,single_vehicle,clear,2025-01-19,True,0,0,16769.45,paid,15832.0,0,
CM008234,CL003939,VH001574,PR000192,PR000205,,parking_lot,snow,2025-06-14,False,0,0,2458.64,paid,2391.23,0,
CM007876,CL001430,VH003935,PR000035,PR000241,PR000135,multi_vehicle_pileup,clear,2023-08-28,False,0,1,5789.85,paid,5676.62,0,
CM000001,CL003813,VH001494,,PR000080,,sideswipe,rain,2023-11-24,True,0,1,4979.65,paid,4526.82,0,
CM002345,CL003337,VH003481,PR000125,PR000166,,sideswipe,rain,2024-02-29,True,1,3,9259.99,paid,8922.97,0,
CM006235,CL001489,VH003809,,,,single_vehicle,clear,2023-04-07,True,1,1,5710.69,paid,5534.32,0,
CM005124,CL003880,VH000607,PR000231,PR000075,,rear_end_collision,clear,2024-11-02,True,0,1,2236.68,paid,2136.52,0,
CM001514,CL002834,VH003730,,PR000202,,rear_end_collision,clear,2023-02-27,True,0,0,3787.75,paid,3475.62,0,
CM001818,CL003467,VH000497,,PR000095,,parking_lot,clear,2023-09-08,True,1,0,3455.03,under_review,,0,
CM006913,CL003286,VH002808,PR000152,PR000165,,rear_end_collision,clear,2024-03-31,False,0,0,8658.82,paid,8159.53,0,
CM001845,CL003070,VH001776,PR000065,PR000229,,sideswipe,fog,2025-07-22,True,0,0,7409.84,paid,6975.63,0,
CM003911,CL002717,VH001507,,PR000091,,rear_end_collision,clear,2025-09-02,False,1,1,8072.26,paid,7918.58,0,
CM004042,CL002272,VH000609,,PR000092,PR000141,sideswipe,clear,2025-07-14,True,0,0,4288.13,paid,4166.52,0,
CM002261,CL000350,VH001804,PR000057,PR000015,PR000020,parking_lot,snow,2024-12-25,True,0,1,2088.49,denied,0.0,0,
CM005022,CL001806,VH001294,PR000120,PR000032,,single_vehicle,rain,2025-03-01,True,0,1,7128.82,paid,6434.87,0,
CM006562,CL003826,VH000035,PR000206,PR000013,,multi_vehicle_pileup,clear,2024-07-31,False,0,1,3287.42,paid,3060.73,0,
CM008148,CL002524,VH002497,,PR000245,PR000101,rear_end_collision,clear,2025-11-18,True,0,0,3516.58,paid,3234.25,0,
CM000409,CL001216,VH003653,,PR000092,,multi_vehicle_pileup,fog,2024-05-07,True,1,0,1203.77,paid,1196.92,0,
CM001439,CL002219,VH000174,PR000014,PR000041,,parking_lot,clear,2024-04-26,True,0,1,5423.75,paid,5087.98,0,
CM005817,CL001883,VH001104,PR000114,PR000157,,single_vehicle,clear,2023-04-04,False,0,1,3677.67,paid,3641.2,0,
CM001028,CL003730,VH000342,PR000167,PR000142,PR000044,multi_vehicle_pileup,snow,2023-12-09,False,0,3,3674.96,paid,3501.27,0,
CM000158,CL002079,VH003863,PR000063,,,sideswipe,fog,2025-11-28,True,0,0,6171.08,paid,5622.28,0,
CM000389,CL002216,VH002780,,PR000091,PR000230,sideswipe,clear,2023-11-23,True,0,0,4988.55,paid,4710.77,0,
CM001617,CL001189,VH001222,PR000114,PR000099,,rear_end_collision,clear,2023-02-16,True,2,0,1980.05,paid,1977.26,0,
CM008639,CL000930,VH003064,PR000046,PR000201,PR000230,rear_end_collision,clear,2024-12-26,True,0,0,4773.58,paid,4649.82,1,RING008
CM007987,CL003850,VH000374,PR000017,PR000183,PR000177,single_vehicle,rain,2025-12-27,True,0,0,2420.58,paid,2232.16,0,
CM002771,CL002137,VH001259,PR000068,PR000202,,parking_lot,clear,2025-06-08,False,0,0,3407.63,paid,3381.03,0,
CM005392,CL000567,VH001753,PR000014,PR000015,,sideswipe,fog,2025-09-05,True,1,1,3342.97,under_review,,0,
CM000713,CL001457,VH003278,PR000216,PR000083,,parking_lot,rain,2024-06-26,False,0,0,2800.49,paid,2737.92,0,
CM004943,CL002390,VH002912,PR000249,PR000013,,multi_vehicle_pileup,rain,2024-03-06,True,0,0,3527.89,paid,3323.76,0,
CM000511,CL002887,VH002204,,PR000184,PR000053,sideswipe,clear,2024-07-22,True,0,3,2960.2,under_review,,0,
CM001062,CL000176,VH000345,,PR000123,,multi_vehicle_pileup,fog,2023-02-03,False,0,1,1826.71,denied,0.0,0,
CM007835,CL003736,VH001013,PR000190,PR000184,PR000100,parking_lot,clear,2024-11-16,True,0,0,3395.9,paid,3358.3,0,
CM005534,CL002649,VH001208,PR000144,PR000055,,sideswipe,clear,2023-11-20,False,0,0,3980.59,paid,3924.67,0,
CM006524,CL002378,VH002113,,,PR000061,rear_end_collision,clear,2025-09-05,True,1,0,5438.11,paid,5131.97,0,
CM003035,CL003936,VH003043,,PR000226,,sideswipe,clear,2023-02-02,True,0,1,2690.99,paid,2529.94,0,
CM003266,CL003539,VH003520,PR000127,PR000242,,rear_end_collision,clear,2024-05-19,False,0,2,4629.34,denied,0.0,0,
CM002150,CL002454,VH002321,,PR000179,,single_vehicle,snow,2023-06-04,True,0,1,345.32,paid,340.5,0,
CM007213,CL002119,VH002329,PR000249,PR000032,,sideswipe,snow,2025-07-24,True,1,1,9917.0,paid,9461.59,0,
CM008206,CL003502,VH003033,,PR000166,,parking_lot,fog,2025-02-13,True,1,1,4495.64,paid,4186.91,0,
CM005132,CL003280,VH002140,PR000026,PR000115,,single_vehicle,clear,2025-05-24,True,0,0,6918.44,paid,6552.61,0,
CM002311,CL002841,VH000107,PR000096,,,rear_end_collision,rain,2024-10-29,True,0,0,4820.69,paid,4781.22,0,
CM008501,CL001419,VH000769,PR000019,PR000071,PR000102,parking_lot,clear,2024-05-10,True,2,1,2938.61,paid,2753.59,1,RING003
CM008000,CL003923,VH002571,PR000158,PR000109,PR000053,parking_lot,snow,2025-02-03,True,0,0,4854.55,paid,4828.02,0,
CM003350,CL002508,VH002725,PR000014,PR000055,,single_vehicle,clear,2025-06-26,True,1,0,2753.94,paid,2549.97,0,
CM007590,CL000783,VH000730,,PR000241,,parking_lot,rain,2024-03-14,False,0,0,1577.41,paid,1455.63,0,
CM004246,CL003928,VH002650,PR000223,,,multi_vehicle_pileup,clear,2023-07-11,True,0,1,4001.85,paid,3788.55,0,
CM005715,CL001952,VH001282,,PR000191,PR000162,rear_end_collision,clear,2025-07-06,True,0,0,954.25,paid,901.57,0,
CM005669,CL001669,VH000653,,PR000027,PR000130,sideswipe,clear,2023-06-17,True,0,0,3588.34,paid,3237.89,0,
CM006824,CL002497,VH000914,,PR000029,,parking_lot,clear,2023-12-22,True,1,0,1929.68,under_review,,0,
CM001329,CL003358,VH000635,PR000120,PR000011,,rear_end_collision,clear,2023-02-17,True,0,1,3431.74,paid,3179.58,0,
CM002211,CL001046,VH003294,,PR000117,,multi_vehicle_pileup,clear,2023-07-10,False,1,0,1946.48,paid,1889.99,0,
CM003816,CL000209,VH001398,PR000222,,PR000061,single_vehicle,clear,2023-02-25,True,0,0,114.31,denied,0.0,0,
CM004652,CL002278,VH002643,PR000187,PR000040,,multi_vehicle_pileup,rain,2023-10-27,False,0,0,2137.08,paid,1981.38,0,
CM004732,CL003303,VH003372,PR000249,PR000224,,multi_vehicle_pileup,fog,2025-05-26,True,0,0,4129.75,paid,4052.02,0,
CM000795,CL001979,VH002718,PR000233,PR000105,PR000162,multi_vehicle_pileup,rain,2023-12-14,True,0,3,3440.17,paid,3314.12,0,
CM007440,CL002245,VH002996,PR000198,PR000179,,rear_end_collision,rain,2025-01-24,True,0,0,7376.03,paid,6789.72,0,
CM007231,CL003359,VH003066,PR000059,PR000205,,multi_vehicle_pileup,clear,2024-11-08,True,0,0,8673.83,paid,7998.31,0,
CM004336,CL003333,VH002300,PR000216,PR000182,,single_vehicle,rain,2025-05-10,True,2,1,6719.06,paid,6686.64,0,
CM000252,CL001465,VH000609,PR000002,,,rear_end_collision,rain,2025-10-02,False,1,1,2231.7,paid,2065.49,0,
CM002914,CL001422,VH002769,PR000170,PR000108,,single_vehicle,fog,2025-01-16,False,0,1,947.36,paid,910.66,0,
CM008169,CL002520,VH000485,PR000186,,,multi_vehicle_pileup,clear,2025-01-17,False,0,2,5022.99,paid,4576.26,0,
CM008356,CL002335,VH001184,,PR000037,,multi_vehicle_pileup,clear,2024-07-05,True,0,0,911.73,paid,853.61,0,
CM003617,CL000030,VH001758,,PR000226,,single_vehicle,clear,2025-07-04,True,0,0,7480.56,under_review,,0,
CM003435,CL000016,VH001710,,PR000032,,single_vehicle,clear,2025-09-26,False,0,0,1101.1,paid,1071.48,0,
CM001234,CL000396,VH001605,,PR000037,,sideswipe,clear,2024-10-01,True,0,0,3404.01,paid,3180.69,0,
CM007347,CL000028,VH003787,PR000152,PR000028,,single_vehicle,fog,2024-11-17,True,0,2,5016.65,paid,4550.09,0,
CM002437,CL003815,VH000181,PR000186,PR000194,,single_vehicle,rain,2025-09-27,True,0,0,5533.18,under_review,,0,
CM004748,CL001200,VH001006,,PR000202,,parking_lot,clear,2023-11-08,True,1,3,7921.46,paid,7569.39,0,
CM005977,CL001292,VH003504,PR000186,PR000184,,multi_vehicle_pileup,clear,2023-11-21,True,0,0,8234.55,paid,8205.82,0,
CM006860,CL002562,VH001669,PR000076,PR000042,,rear_end_collision,clear,2024-10-03,True,2,0,3725.2,paid,3625.66,0,
CM001510,CL000108,VH003620,,,,sideswipe,rain,2025-05-25,True,1,0,1678.63,paid,1621.23,0,
CM001296,CL001639,VH003484,,PR000228,,sideswipe,clear,2025-12-17,False,1,1,881.9,paid,823.39,0,
CM003160,CL000187,VH002799,PR000017,PR000145,,single_vehicle,snow,2024-02-12,True,0,1,3939.66,paid,3666.65,0,
CM005787,CL003778,VH001136,,,PR000020,single_vehicle,clear,2025-01-14,False,0,1,5818.03,paid,5488.32,0,
CM005494,CL002816,VH001577,PR000171,PR000094,,single_vehicle,snow,2023-09-01,True,0,2,5174.21,paid,4659.76,0,
CM008377,CL003735,VH000030,PR000240,PR000111,,single_vehicle,rain,2024-02-08,True,1,1,4712.1,paid,4592.97,0,
CM004706,CL002612,VH003403,,PR000207,,rear_end_collision,clear,2023-02-12,True,0,2,7189.37,paid,6759.85,0,
CM003699,CL002545,VH003574,,PR000211,,sideswipe,snow,2023-09-29,True,2,0,3035.81,paid,2858.9,0,
CM001781,CL003585,VH003975,PR000217,PR000224,,rear_end_collision,rain,2023-06-17,True,0,0,487.23,paid,486.54,0,
CM004013,CL001756,VH002517,,PR000037,,sideswipe,clear,2023-09-03,True,0,1,678.79,paid,644.83,0,
CM004354,CL003090,VH000425,,,,single_vehicle,clear,2023-09-19,True,0,0,8883.42,denied,0.0,0,
CM008536,CL002974,VH001973,PR000214,PR000115,PR000147,single_vehicle,fog,2023-11-19,False,0,0,2907.79,paid,2804.96,1,RING004
CM002919,CL000500,VH003905,PR000051,PR000027,,multi_vehicle_pileup,snow,2025-06-02,True,0,0,6644.22,paid,6441.01,0,
CM003943,CL003279,VH002921,,PR000133,,parking_lot,clear,2025-04-22,True,0,0,3863.35,paid,3759.74,0,
CM000612,CL001824,VH000243,PR000214,PR000169,,sideswipe,clear,2023-01-06,True,0,0,1137.96,under_review,,0,
CM002068,CL000584,VH001895,PR000010,PR000075,PR000155,sideswipe,clear,2025-11-29,False,0,0,5366.2,paid,4952.81,0,
CM003949,CL001530,VH000529,PR000008,PR000111,,multi_vehicle_pileup,clear,2023-09-18,True,1,0,4354.77,paid,3984.08,0,
CM003333,CL001324,VH002646,,PR000184,,rear_end_collision,clear,2023-08-27,True,0,0,1869.67,under_review,,0,
CM008484,CL000178,VH000539,PR000019,PR000071,PR000102,rear_end_collision,clear,2024-03-10,True,1,0,15461.86,paid,15395.88,1,RING003
CM001702,CL001947,VH003586,PR000227,PR000176,,single_vehicle,clear,2024-12-18,False,0,0,10124.13,paid,9423.82,0,
CM007627,CL000507,VH003561,,PR000143,,single_vehicle,clear,2024-11-08,False,3,2,1814.3,under_review,,0,
CM003239,CL003927,VH003617,,PR000151,,rear_end_collision,rain,2025-07-13,True,0,2,1245.32,paid,1187.19,0,
CM008207,CL001532,VH000665,,PR000245,,multi_vehicle_pileup,snow,2024-03-02,False,0,1,6053.89,paid,5992.93,0,
CM003785,CL003021,VH001454,,,,rear_end_collision,clear,2024-07-24,True,0,2,4739.07,paid,4351.26,0,
CM007046,CL002623,VH001946,,PR000221,,rear_end_collision,clear,2024-12-17,True,1,1,1601.47,paid,1463.72,0,
CM006990,CL002984,VH003737,PR000017,PR000220,PR000135,sideswipe,clear,2023-10-01,False,0,2,2253.57,paid,2088.95,0,
CM007695,CL001000,VH002998,PR000104,PR000012,,multi_vehicle_pileup,clear,2023-01-17,True,0,1,3391.29,paid,3344.26,0,
CM000504,CL001843,VH003549,PR000227,PR000165,,sideswipe,rain,2023-04-26,False,1,1,4562.1,under_review,,0,
CM002861,CL003745,VH002146,,PR000228,,sideswipe,clear,2023-05-07,True,0,1,6490.74,paid,6490.13,0,
CM000275,CL003562,VH001176,,PR000131,,sideswipe,fog,2024-01-24,True,0,0,1579.03,paid,1514.26,0,
CM008380,CL002781,VH003286,PR000103,PR000138,,multi_vehicle_pileup,rain,2023-09-01,False,0,0,4502.82,paid,4408.6,0,
CM007826,CL001246,VH003498,,PR000060,,single_vehicle,clear,2024-04-29,True,0,0,3970.6,paid,3654.46,0,
CM006665,CL001930,VH002923,PR000019,PR000079,,rear_end_collision,fog,2023-02-17,True,0,1,2273.38,under_review,,0,
CM002255,CL002596,VH001771,,,,parking_lot,clear,2024-01-08,True,0,1,3674.85,paid,3497.11,0,
CM006612,CL001731,VH003013,PR000043,PR000109,,rear_end_collision,clear,2023-12-14,True,0,2,6206.43,paid,6095.93,0,
CM004304,CL003678,VH002474,,PR000191,,sideswipe,rain,2024-08-10,True,0,0,2363.05,paid,2341.22,0,
CM005188,CL000816,VH001756,PR000035,PR000229,,parking_lot,rain,2024-12-11,True,1,1,5266.66,paid,5129.79,0,
CM005614,CL000927,VH001051,,PR000229,,single_vehicle,rain,2023-09-28,False,0,0,3231.37,paid,3201.11,0,
CM000684,CL000132,VH003122,,PR000176,PR000061,single_vehicle,clear,2024-07-02,True,0,0,7866.08,paid,7738.96,0,
CM001551,CL003598,VH002491,PR000073,PR000015,,rear_end_collision,clear,2023-05-23,True,0,0,1836.89,paid,1790.32,0,
CM000998,CL001203,VH002126,PR000035,PR000015,,rear_end_collision,rain,2024-05-04,True,2,1,6176.09,under_review,,0,
CM001340,CL003245,VH000240,PR000247,PR000194,,sideswipe,snow,2023-07-25,True,0,0,4523.48,paid,4389.71,0,
CM005008,CL001352,VH002731,,PR000166,,multi_vehicle_pileup,fog,2025-04-23,True,1,0,10824.92,paid,10695.6,0,
CM001177,CL001518,VH001886,PR000059,PR000055,,sideswipe,clear,2023-02-09,True,0,1,1156.88,paid,1107.14,0,
CM007418,CL001923,VH002718,PR000164,PR000197,,sideswipe,rain,2024-12-22,True,1,1,8138.43,paid,7641.84,0,
CM000745,CL002967,VH001636,,PR000242,,sideswipe,clear,2023-06-10,False,0,1,1689.22,paid,1623.96,0,
CM008026,CL002979,VH002743,PR000017,PR000045,,parking_lot,clear,2023-06-15,True,0,0,5073.41,paid,4920.6,0,
CM004408,CL001287,VH003694,PR000088,PR000055,,single_vehicle,rain,2024-03-20,True,1,0,4909.94,paid,4705.27,0,
CM002200,CL002013,VH003788,PR000167,PR000207,,single_vehicle,fog,2023-12-21,True,1,1,3680.54,paid,3413.11,0,
CM004852,CL002913,VH003381,,PR000015,,single_vehicle,rain,2024-01-08,True,0,1,3047.31,paid,2882.91,0,
CM004995,CL002922,VH001304,PR000074,PR000242,,multi_vehicle_pileup,rain,2025-12-19,True,0,0,9853.66,paid,9240.75,0,
CM008727,CL001225,VH003410,PR000171,PR000087,,sideswipe,clear,2023-02-06,False,1,1,6786.18,paid,6614.84,1,RING011
CM005895,CL001180,VH003111,,PR000110,,single_vehicle,rain,2024-09-18,True,0,2,11171.06,paid,11030.85,0,
CM003778,CL003144,VH000656,PR000001,,,parking_lot,clear,2023-07-13,True,0,1,8648.7,paid,8000.66,0,
CM003061,CL003105,VH002989,PR000077,PR000029,,parking_lot,fog,2024-10-11,True,1,0,2670.61,paid,2635.45,0,
CM000694,CL002493,VH000176,,PR000060,,single_vehicle,clear,2023-05-14,True,1,1,1159.48,paid,1094.58,0,
CM006139,CL002653,VH001467,PR000186,PR000134,PR000139,rear_end_collision,rain,2025-08-16,True,0,0,3055.29,paid,2865.42,0,
CM003124,CL001246,VH002964,,PR000083,,sideswipe,clear,2025-08-08,True,1,0,9983.25,paid,9914.6,0,
CM000983,CL001116,VH003012,,,,parking_lot,clear,2023-12-11,True,0,1,3938.72,paid,3822.57,0,
CM001808,CL000672,VH001692,PR000051,PR000084,,multi_vehicle_pileup,clear,2024-03-18,False,0,2,5674.92,paid,5608.38,0,
CM000080,CL002500,VH002486,PR000208,PR000166,,sideswipe,clear,2024-02-02,True,0,2,2539.26,paid,2403.6,0,
CM007180,CL003078,VH000464,PR000231,PR000115,,multi_vehicle_pileup,clear,2023-01-30,True,1,2,4423.07,paid,4343.51,0,
CM002472,CL002575,VH001963,,PR000150,,rear_end_collision,clear,2024-06-04,True,0,0,9189.08,paid,8416.58,0,
CM007986,CL000018,VH000995,,PR000058,,sideswipe,clear,2024-08-19,True,1,0,12446.87,under_review,,0,
CM004694,CL000963,VH002643,,PR000000,,parking_lot,fog,2025-01-22,False,0,1,2615.34,paid,2431.26,0,
CM004234,CL000579,VH000788,,PR000015,,sideswipe,clear,2025-04-18,True,0,3,4494.43,paid,4487.19,0,
CM007683,CL002512,VH002499,,PR000207,,sideswipe,snow,2024-03-24,False,0,1,1833.63,paid,1665.62,0,
CM007012,CL002506,VH002375,PR000031,PR000067,,single_vehicle,clear,2023-10-21,True,1,2,5359.78,paid,5263.13,0,
CM006653,CL000099,VH002345,PR000096,PR000041,,rear_end_collision,snow,2024-07-07,True,1,0,7166.74,paid,6497.23,0,
CM002216,CL001314,VH000148,PR000056,PR000166,,sideswipe,rain,2025-07-28,True,0,0,4645.3,denied,0.0,0,
CM000446,CL002107,VH000698,PR000002,,,sideswipe,clear,2025-06-03,True,1,2,943.07,paid,882.82,0,
CM007619,CL001465,VH001684,,PR000012,,multi_vehicle_pileup,clear,2024-03-27,True,1,0,2751.93,paid,2515.69,0,
CM004848,CL002024,VH000502,PR000022,PR000029,,single_vehicle,clear,2023-12-11,False,1,2,3406.59,paid,3146.02,0,
CM005075,CL000147,VH003866,PR000136,PR000091,,single_vehicle,clear,2024-03-23,True,0,0,2814.58,paid,2551.84,0,
CM006523,CL002582,VH000832,PR000114,PR000047,,sideswipe,clear,2023-06-19,True,0,0,2818.89,paid,2636.96,0,
CM007776,CL001041,VH000224,PR000017,PR000111,PR000175,sideswipe,clear,2025-01-10,True,0,0,2039.91,paid,1972.32,0,
CM002639,CL002207,VH001625,,PR000013,,multi_vehicle_pileup,rain,2025-03-17,True,0,2,4772.05,paid,4562.37,0,
CM001403,CL003512,VH001657,PR000068,PR000099,PR000188,parking_lot,clear,2024-10-13,True,0,1,3646.12,paid,3411.85,0,
CM002413,CL000774,VH000039,PR000093,PR000105,,parking_lot,clear,2024-06-12,True,0,1,3365.73,paid,3200.74,0,
CM006897,CL001406,VH003066,PR000072,,,parking_lot,rain,2025-09-06,True,0,0,3206.46,paid,3032.75,0,
CM008562,CL000245,VH001153,PR000064,PR000000,,multi_vehicle_pileup,clear,2023-06-29,False,1,0,531.13,paid,509.05,1,RING005
CM000069,CL001052,VH001511,,PR000173,,multi_vehicle_pileup,rain,2023-06-26,True,1,1,7983.98,paid,7622.41,0,
CM001732,CL002324,VH000143,PR000187,PR000199,,multi_vehicle_pileup,fog,2023-02-13,True,0,0,3199.57,paid,2886.2,0,
CM000049,CL002518,VH002666,PR000082,PR000224,,rear_end_collision,rain,2025-10-25,False,1,2,1757.67,paid,1623.48,0,
CM001054,CL002924,VH002644,,PR000123,,sideswipe,clear,2023-11-13,False,0,0,4698.5,paid,4345.77,0,
CM002511,CL001094,VH002123,PR000114,PR000174,,single_vehicle,clear,2023-04-27,True,0,1,2886.26,paid,2873.24,0,
CM003001,CL001242,VH003579,,PR000211,,rear_end_collision,clear,2023-01-20,True,0,0,6575.3,paid,5984.61,0,
CM002993,CL003303,VH003747,,PR000083,,multi_vehicle_pileup,clear,2023-03-04,False,0,1,2835.5,paid,2801.29,0,
CM007889,CL000650,VH001530,,,,multi_vehicle_pileup,snow,2024-10-17,True,0,0,6581.88,paid,6123.57,0,
CM003296,CL000274,VH003656,,PR000199,,rear_end_collision,rain,2023-11-30,True,0,0,6043.91,paid,5784.7,0,
CM003439,CL000664,VH003352,,PR000013,,single_vehicle,snow,2023-10-28,True,0,1,7067.52,paid,6471.72,0,
CM007178,CL001625,VH002375,,PR000178,,single_vehicle,clear,2025-09-08,False,0,0,1954.52,paid,1800.09,0,
CM002988,CL001672,VH000090,PR000031,PR000037,,rear_end_collision,clear,2024-12-21,True,0,2,2438.98,paid,2377.66,0,
CM005158,CL002240,VH000517,,PR000109,,rear_end_collision,rain,2023-08-11,False,0,1,2731.02,paid,2638.36,0,
CM000394,CL002853,VH002086,,PR000242,,single_vehicle,clear,2025-05-13,False,0,2,2762.34,paid,2566.14,0,
CM003334,CL002380,VH002426,PR000159,PR000110,,parking_lot,clear,2024-03-04,True,0,1,8601.29,paid,8125.73,0,
CM000231,CL003495,VH002913,PR000072,PR000028,PR000147,rear_end_collision,fog,2023-03-05,True,0,0,3202.29,denied,0.0,0,
CM001321,CL001372,VH002067,PR000119,PR000013,,rear_end_collision,clear,2023-03-30,False,1,0,2116.39,paid,2075.75,0,
CM000042,CL000336,VH001430,PR000234,PR000199,,single_vehicle,rain,2024-01-24,True,0,1,7935.58,under_review,,0,
CM004150,CL001903,VH001925,PR000152,PR000111,,multi_vehicle_pileup,snow,2023-05-31,True,0,0,1565.91,paid,1476.96,0,
CM007601,CL000950,VH001790,PR000136,PR000176,,rear_end_collision,rain,2025-09-24,True,0,2,8873.09,paid,8191.6,0,
CM007754,CL002058,VH001766,PR000153,PR000243,PR000162,rear_end_collision,rain,2024-04-18,True,2,0,3778.97,paid,3443.68,0,
CM002355,CL000958,VH003899,PR000146,PR000138,,parking_lot,fog,2023-04-07,True,0,1,10332.59,paid,9757.26,0,
CM007546,CL000874,VH001923,,PR000009,,rear_end_collision,snow,2024-01-28,False,1,0,4151.72,paid,3978.64,0,
CM005718,CL003246,VH003971,PR000034,,,parking_lot,clear,2025-02-05,False,1,1,1919.27,paid,1793.68,0,
CM002485,CL000953,VH003471,,PR000205,,single_vehicle,clear,2024-11-17,True,0,1,2427.87,paid,2362.59,0,
CM006995,CL003723,VH001806,PR000233,PR000045,,multi_vehicle_pileup,rain,2024-03-24,True,2,1,1987.57,paid,1857.34,0,
CM007294,CL003180,VH001579,PR000023,PR000095,PR000213,single_vehicle,rain,2025-08-22,True,0,2,1528.07,paid,1429.08,0,
CM001324,CL000144,VH003901,,PR000179,,sideswipe,clear,2025-08-09,True,1,0,5651.39,paid,5087.69,0,
CM006605,CL001197,VH003925,,PR000060,,rear_end_collision,clear,2025-05-20,True,1,0,3455.12,paid,3298.39,0,
CM001784,CL003694,VH001197,PR000059,,,multi_vehicle_pileup,clear,2025-06-26,True,0,0,2168.19,paid,2075.65,0,
CM002134,CL003056,VH002483,PR000198,PR000042,,parking_lot,clear,2023-04-02,True,0,2,2026.13,paid,1836.22,0,
CM002133,CL000362,VH003842,PR000146,PR000062,,multi_vehicle_pileup,clear,2025-06-06,True,0,3,2453.77,paid,2362.33,0,
CM002593,CL001547,VH001788,PR000120,PR000142,,multi_vehicle_pileup,clear,2024-05-20,True,0,1,6136.33,paid,5830.33,0,
CM000062,CL000912,VH000420,,,,multi_vehicle_pileup,clear,2023-02-06,True,0,0,5157.27,paid,4916.38,0,
CM007717,CL001652,VH002380,PR000096,PR000110,,sideswipe,clear,2025-07-18,True,1,0,6670.5,paid,6482.2,0,
CM004033,CL001282,VH002674,,PR000197,,sideswipe,snow,2023-03-28,True,1,0,3639.27,paid,3619.41,0,
CM005160,CL002576,VH001471,PR000070,PR000045,,multi_vehicle_pileup,rain,2024-09-17,False,0,2,2432.17,under_review,,0,
CM000403,CL001700,VH003094,PR000098,PR000182,,rear_end_collision,rain,2023-12-27,True,1,0,2921.62,paid,2747.94,0,
CM000333,CL003125,VH003577,PR000046,,,parking_lot,clear,2024-02-19,True,0,0,5934.8,paid,5881.66,0,
CM007289,CL001332,VH003079,PR000004,PR000045,,multi_vehicle_pileup,clear,2025-09-20,True,0,1,3261.12,paid,3098.52,0,
CM001010,CL003223,VH001026,,PR000210,PR000139,rear_end_collision,clear,2024-09-19,True,0,0,763.82,denied,0.0,0,
CM001169,CL001894,VH001837,,PR000110,,single_vehicle,clear,2023-07-17,True,0,2,5674.2,paid,5340.78,0,
CM003162,CL003163,VH002704,,PR000224,,parking_lot,fog,2025-09-07,True,0,3,2608.67,paid,2476.84,0,
CM008065,CL000685,VH000190,PR000085,PR000160,PR000122,rear_end_collision,rain,2023-09-02,True,0,0,2816.91,paid,2762.17,0,
CM004904,CL002878,VH001897,PR000127,PR000094,,parking_lot,clear,2024-02-16,True,0,1,4727.81,paid,4627.84,0,
CM001618,CL003090,VH003913,PR000189,PR000224,,parking_lot,clear,2025-10-08,False,0,0,2889.3,paid,2881.0,0,
CM004488,CL001623,VH002043,,PR000091,,parking_lot,clear,2023-12-09,True,1,0,2246.42,paid,2207.98,0,
CM004102,CL001738,VH003211,PR000136,PR000079,,multi_vehicle_pileup,snow,2024-08-05,False,0,2,1079.72,paid,1011.99,0,
CM006975,CL002788,VH000355,,PR000173,,sideswipe,rain,2024-05-23,False,0,2,1204.77,paid,1165.59,0,
CM001733,CL001910,VH000368,PR000043,PR000121,,multi_vehicle_pileup,snow,2023-01-27,False,1,2,3208.81,paid,3043.43,0,
CM002099,CL000303,VH001321,,PR000080,PR000185,rear_end_collision,rain,2023-02-11,True,1,1,4942.84,paid,4810.89,0,
CM008043,CL003370,VH001939,PR000156,PR000055,,parking_lot,clear,2024-04-27,True,1,1,5634.53,paid,5331.14,0,
CM001335,CL003938,VH002801,,PR000111,,parking_lot,snow,2025-04-16,True,0,1,3011.31,paid,2840.87,0,
CM001480,CL001543,VH003214,,PR000180,,parking_lot,fog,2024-12-28,True,0,0,3267.9,paid,3194.39,0,
CM003681,CL001697,VH002625,,PR000209,,sideswipe,snow,2024-04-22,True,0,1,7032.43,under_review,,0,
CM008820,CL003592,VH003336,PR000198,PR000086,,sideswipe,clear,2024-08-18,False,0,2,5154.58,partially_paid,3233.8,1,RING016
CM008313,CL000427,VH001613,,PR000207,,sideswipe,rain,2024-10-16,True,0,1,1502.99,paid,1429.89,0,
CM002374,CL001599,VH003980,,PR000124,,multi_vehicle_pileup,clear,2025-06-24,True,0,0,4570.68,paid,4369.62,0,
CM003151,CL003711,VH001985,,PR000133,,rear_end_collision,clear,2023-05-01,True,1,0,1462.89,under_review,,0,
CM005673,CL002326,VH001880,,PR000011,,sideswipe,clear,2025-10-09,False,0,0,337.27,paid,320.07,0,
CM003182,CL000978,VH000061,,,,multi_vehicle_pileup,rain,2025-01-21,True,0,0,11364.48,paid,10851.96,0,
CM005279,CL002014,VH001429,PR000148,PR000221,,multi_vehicle_pileup,clear,2025-10-14,False,0,1,6563.78,paid,6364.48,0,
CM000707,CL003478,VH000497,,PR000095,,single_vehicle,snow,2023-03-15,True,0,3,1844.66,paid,1732.32,0,
CM003521,CL003556,VH003471,,PR000105,,multi_vehicle_pileup,clear,2025-06-25,False,0,1,6222.37,paid,5634.59,0,
CM003405,CL000595,VH003856,PR000247,PR000075,,sideswipe,clear,2024-01-13,True,0,1,2287.57,paid,2217.91,0,
CM005463,CL000371,VH003029,PR000017,PR000050,,rear_end_collision,rain,2024-04-29,True,1,0,3550.17,paid,3366.47,0,
CM004672,CL003926,VH002406,,PR000184,,single_vehicle,snow,2025-10-14,True,0,0,4568.93,paid,4276.17,0,
CM005073,CL002116,VH003422,PR000219,PR000176,,sideswipe,clear,2023-08-19,True,1,0,9118.35,under_review,,0,
CM002214,CL000175,VH002543,PR000073,PR000060,,multi_vehicle_pileup,clear,2023-04-19,True,1,2,3589.63,paid,3385.46,0,
CM000697,CL002147,VH001884,PR000063,PR000183,,rear_end_collision,rain,2023-06-12,True,0,1,4773.81,paid,4599.63,0,
CM001104,CL002436,VH000800,,PR000205,,sideswipe,snow,2024-11-16,True,0,1,3365.12,under_review,,0,
CM000474,CL001863,VH002134,PR000019,,,multi_vehicle_pileup,clear,2025-04-06,True,1,1,1059.74,paid,958.5,0,
CM000380,CL001486,VH000741,,,,rear_end_collision,clear,2023-06-04,True,1,1,2706.22,paid,2671.18,0,
CM007810,CL000734,VH003250,PR000074,PR000090,,parking_lot,clear,2024-12-18,True,1,1,10518.5,under_review,,0,
CM006171,CL002904,VH002850,PR000153,PR000124,,rear_end_collision,fog,2025-12-29,True,0,1,3438.67,paid,3158.76,0,
CM008701,CL002029,VH000717,PR000104,PR000075,PR000188,single_vehicle,fog,2025-09-15,False,1,0,4230.28,denied,0.0,1,RING010
CM006417,CL002491,VH002063,PR000074,PR000047,,parking_lot,fog,2025-12-14,True,0,1,5646.76,paid,5149.67,0,
CM002349,CL000355,VH003298,,,,single_vehicle,clear,2024-08-19,True,0,1,4032.72,paid,3683.4,0,
CM003081,CL002692,VH002849,,PR000199,,single_vehicle,clear,2023-05-01,True,0,1,4927.73,paid,4681.57,0,
CM003663,CL000527,VH003377,,,,multi_vehicle_pileup,snow,2023-05-01,True,0,1,8341.78,under_review,,0,
CM006673,CL000088,VH002288,,PR000115,,multi_vehicle_pileup,clear,2023-08-02,True,1,0,5819.78,paid,5816.49,0,
CM000382,CL002781,VH003482,,PR000097,,sideswipe,clear,2023-12-05,True,0,1,3951.78,paid,3898.8,0,
CM004923,CL001593,VH000179,PR000152,PR000138,,parking_lot,clear,2023-08-24,True,0,0,6464.88,paid,5844.7,0,
CM004511,CL001654,VH001809,,PR000075,,multi_vehicle_pileup,clear,2025-08-02,True,1,1,5294.59,paid,5125.31,0,
CM003246,CL002881,VH000162,,PR000032,,multi_vehicle_pileup,clear,2025-07-25,True,0,0,3276.27,paid,2989.06,0,
CM003203,CL002806,VH003190,,,,parking_lot,clear,2023-08-29,False,0,0,3837.83,paid,3591.77,0,
CM008013,CL000265,VH001148,PR000070,PR000107,,sideswipe,clear,2024-09-10,True,0,0,1448.7,paid,1312.27,0,
CM004975,CL002835,VH002502,PR000049,,,sideswipe,rain,2023-09-14,True,0,2,3026.57,paid,2748.4,0,
CM007086,CL003480,VH001544,,PR000150,,multi_vehicle_pileup,fog,2023-07-01,True,0,2,5608.21,paid,5215.03,0,
CM000059,CL002908,VH003883,PR000006,PR000069,,multi_vehicle_pileup,snow,2023-02-07,True,0,2,2573.89,paid,2423.33,0,
CM006845,CL003939,VH003658,PR000219,PR000105,,parking_lot,clear,2024-02-20,True,1,0,2076.27,paid,1960.32,0,
CM004831,CL001968,VH000084,PR000034,PR000197,,single_vehicle,rain,2023-05-24,True,1,0,4517.54,paid,4221.83,0,
CM007379,CL002194,VH000018,,PR000207,,rear_end_collision,clear,2024-10-29,True,0,1,3561.57,paid,3405.51,0,
CM004772,CL001249,VH002614,PR000085,PR000108,,rear_end_collision,clear,2025-12-16,True,0,0,409.62,paid,390.93,0,
CM002523,CL003451,VH002865,PR000195,PR000178,,rear_end_collision,rain,2025-07-25,False,1,0,4128.36,paid,4050.27,0,
CM007008,CL002120,VH000592,,PR000191,,single_vehicle,clear,2023-04-12,False,0,2,1132.06,paid,1084.36,0,
CM006207,CL000063,VH000623,PR000217,PR000087,,multi_vehicle_pileup,clear,2025-06-16,True,0,0,976.0,paid,901.97,0,
CM001194,CL003804,VH002264,PR000214,PR000012,PR000044,multi_vehicle_pileup,rain,2024-09-04,True,1,2,5247.51,under_review,,0,
CM008462,CL000830,VH002785,PR000146,PR000105,,sideswipe,clear,2024-02-28,False,1,2,7179.74,denied,0.0,1,RING001
CM000859,CL003781,VH000639,PR000073,PR000108,,sideswipe,rain,2025-04-06,True,0,0,1895.86,paid,1824.84,0,
CM006203,CL002516,VH003959,PR000059,PR000084,,sideswipe,clear,2023-12-13,True,0,2,3234.15,paid,3167.12,0,
CM001531,CL000139,VH003235,,PR000069,,sideswipe,clear,2024-04-20,True,0,2,1719.95,paid,1588.36,0,
CM008809,CL001192,VH003437,PR000106,PR000203,PR000230,single_vehicle,clear,2024-01-09,True,1,0,13979.71,paid,12909.77,1,RING015
CM006508,CL001843,VH000607,,PR000097,,single_vehicle,rain,2024-10-24,True,1,1,798.25,paid,732.05,0,
CM008641,CL003191,VH000847,PR000046,PR000201,PR000230,sideswipe,rain,2024-12-13,False,0,0,3541.41,partially_paid,1792.83,1,RING008
CM002961,CL003201,VH003326,PR000217,PR000124,,multi_vehicle_pileup,clear,2025-10-19,True,0,1,4447.79,paid,4004.8,0,
CM005332,CL002295,VH000201,,PR000224,,single_vehicle,rain,2025-04-16,True,1,0,1490.07,paid,1378.47,0,
CM006161,CL002035,VH003639,PR000035,PR000086,,rear_end_collision,clear,2023-12-04,True,1,1,3243.01,paid,2923.49,0,
CM002729,CL001334,VH001023,PR000098,PR000183,,multi_vehicle_pileup,fog,2024-07-18,True,1,1,6446.57,under_review,,0,
CM003101,CL003710,VH002377,PR000106,,,single_vehicle,clear,2025-08-24,True,1,3,2854.36,paid,2645.11,0,
CM003667,CL001574,VH001779,,PR000165,,multi_vehicle_pileup,clear,2023-12-31,True,0,0,4136.57,paid,3899.76,0,
CM006760,CL000982,VH003138,PR000212,PR000040,,multi_vehicle_pileup,clear,2025-11-02,True,2,2,1492.67,denied,0.0,0,
CM006721,CL002507,VH003753,PR000248,PR000166,,rear_end_collision,rain,2025-10-08,True,0,2,4814.91,paid,4422.39,0,
CM002813,CL002307,VH003673,,PR000138,,sideswipe,clear,2025-06-07,False,0,0,6032.76,paid,5643.98,0,
CM003419,CL000814,VH000916,,PR000108,,parking_lot,clear,2025-10-08,False,0,2,1981.93,paid,1902.64,0,
CM004555,CL003516,VH001083,,PR000000,,sideswipe,clear,2023-10-20,False,0,1,1753.26,paid,1642.92,0,
CM006603,CL001765,VH003801,,PR000163,,multi_vehicle_pileup,clear,2025-04-20,True,0,0,2524.46,paid,2388.5,0,
CM003591,CL001255,VH003264,,PR000226,PR000102,rear_end_collision,clear,2025-05-22,True,0,1,1918.26,paid,1867.45,0,
CM003046,CL002208,VH002880,PR000046,PR000242,,rear_end_collision,rain,2023-01-16,True,0,0,3489.28,paid,3391.18,0,
CM006815,CL003150,VH003971,,PR000176,,rear_end_collision,clear,2025-02-18,True,0,0,6537.77,paid,6318.42,0,
CM008633,CL001273,VH000847,PR000046,PR000201,PR000230,sideswipe,fog,2025-01-18,False,1,0,3455.39,paid,3365.53,1,RING008
CM004505,CL003352,VH002607,,,,parking_lot,fog,2024-05-30,True,0,4,3594.17,denied,0.0,0,
CM002076,CL002031,VH003539,PR000034,PR000105,,multi_vehicle_pileup,rain,2025-10-17,True,0,1,3461.32,paid,3276.78,0,
CM003525,CL003913,VH003773,PR000248,PR000181,,sideswipe,clear,2024-08-01,True,0,1,4593.99,under_review,,0,
CM004990,CL003932,VH001119,,,,parking_lot,rain,2023-03-15,True,0,1,2889.51,paid,2616.45,0,
CM002447,CL002630,VH002604,PR000070,PR000115,PR000126,rear_end_collision,clear,2023-07-20,True,0,0,16501.15,paid,16208.97,0,
CM007639,CL003593,VH000165,,PR000087,,multi_vehicle_pileup,clear,2023-12-09,True,1,0,1032.25,under_review,,0,
CM007424,CL000309,VH001728,,,,parking_lot,clear,2025-02-05,True,0,2,4018.26,under_review,,0,
CM000215,CL003343,VH000039,,PR000097,PR000061,single_vehicle,rain,2024-01-03,True,0,0,2485.32,under_review,,0,
CM005122,CL001547,VH001426,,PR000060,,parking_lot,clear,2025-01-01,True,0,1,3320.76,under_review,,0,
CM007031,CL003666,VH003595,,,,parking_lot,clear,2023-01-15,True,0,1,2715.81,paid,2629.55,0,
CM007632,CL001208,VH002742,,,,sideswipe,rain,2023-02-01,True,0,3,2454.51,paid,2366.22,0,
CM000863,CL000242,VH000734,PR000219,PR000178,,single_vehicle,rain,2025-02-05,True,0,0,2115.55,paid,1926.14,0,
CM008132,CL002614,VH001158,,PR000182,,single_vehicle,rain,2024-03-30,True,0,0,9676.62,paid,9328.99,0,
CM005846,CL001415,VH001314,PR000082,PR000097,,multi_vehicle_pileup,fog,2023-11-12,False,2,3,3057.26,paid,3036.67,0,
CM003353,CL001607,VH000765,,PR000079,,single_vehicle,clear,2025-05-03,False,0,0,1667.32,paid,1581.45,0,
CM008236,CL001150,VH000829,PR000198,PR000109,PR000044,sideswipe,clear,2025-08-28,True,1,2,2334.9,paid,2122.33,0,
CM001517,CL000579,VH000944,,PR000181,,sideswipe,fog,2023-11-29,True,2,2,2377.01,paid,2293.04,0,
CM000182,CL002391,VH000498,,PR000050,,rear_end_collision,clear,2025-07-28,True,1,0,9004.52,paid,8416.12,0,
CM002440,CL003526,VH001046,,,,parking_lot,rain,2024-06-06,True,0,2,951.22,paid,913.7,0,
CM005957,CL001455,VH001985,,PR000242,,single_vehicle,clear,2023-03-13,True,0,0,2227.78,paid,2070.4,0,
CM005217,CL001292,VH000877,,PR000083,,single_vehicle,clear,2023-08-06,True,0,1,1980.17,paid,1872.8,0,
CM003481,CL002195,VH001205,PR000231,PR000047,,sideswipe,snow,2025-12-31,False,0,0,835.13,paid,803.41,0,
CM008175,CL001166,VH001038,,PR000142,,single_vehicle,snow,2024-08-05,True,0,0,11765.46,paid,11546.97,0,
CM007788,CL002610,VH001144,,PR000109,,sideswipe,fog,2024-09-19,True,0,1,1395.15,under_review,,0,
CM006297,CL002210,VH002017,,PR000011,,sideswipe,clear,2025-05-17,True,0,1,3091.26,denied,0.0,0,
CM002706,CL002555,VH000655,PR000004,PR000024,,sideswipe,clear,2024-11-22,True,0,0,7231.59,under_review,,0,
CM003335,CL003580,VH003594,PR000236,PR000060,,parking_lot,clear,2024-07-09,True,0,1,974.99,paid,941.4,0,
CM004002,CL003716,VH003283,PR000186,PR000028,PR000141,multi_vehicle_pileup,clear,2024-08-25,True,0,1,5956.0,paid,5581.76,0,
CM000071,CL003682,VH001279,PR000065,PR000097,,single_vehicle,clear,2023-12-22,False,0,0,2067.55,paid,2036.34,0,
CM000545,CL003108,VH000982,PR000085,PR000169,PR000016,sideswipe,fog,2024-07-10,True,0,1,2591.13,paid,2503.89,0,
CM003232,CL002526,VH001676,PR000190,PR000132,,single_vehicle,clear,2025-04-02,True,0,2,4567.33,paid,4425.02,0,
CM003640,CL002309,VH001312,,PR000115,,parking_lot,clear,2024-12-01,True,1,0,8910.19,paid,8122.09,0,
CM002166,CL002716,VH002722,PR000059,PR000225,,rear_end_collision,rain,2024-07-13,False,0,1,3216.12,paid,3008.92,0,
CM004130,CL003878,VH001920,PR000096,PR000176,PR000020,sideswipe,rain,2023-10-26,False,0,0,3442.46,paid,3313.79,0,
CM002319,CL000368,VH003609,PR000168,PR000067,,rear_end_collision,clear,2024-04-12,False,0,0,3776.22,paid,3423.99,0,
CM003965,CL003031,VH000316,,PR000097,,single_vehicle,snow,2023-06-29,True,2,0,4084.44,paid,3986.2,0,
CM008636,CL003587,VH003064,PR000046,PR000201,PR000230,parking_lot,clear,2025-02-12,False,0,0,5089.53,denied,0.0,1,RING008
CM004353,CL003563,VH002669,PR000088,PR000038,,single_vehicle,fog,2023-04-05,False,0,0,5414.49,paid,4985.12,0,
CM006691,CL003143,VH002164,PR000198,PR000191,PR000054,multi_vehicle_pileup,clear,2024-10-15,False,0,2,4248.2,paid,4034.5,0,
CM008610,CL000640,VH001445,PR000112,PR000060,PR000139,rear_end_collision,rain,2023-09-04,True,4,0,11407.43,denied,0.0,1,RING007
CM003488,CL000444,VH000757,,PR000009,,rear_end_collision,clear,2025-09-04,True,0,1,2817.72,paid,2667.13,0,
CM007703,CL001571,VH002861,,PR000183,,multi_vehicle_pileup,clear,2025-09-13,True,0,2,610.26,paid,582.44,0,
CM000878,CL003599,VH003787,PR000006,PR000183,,sideswipe,clear,2023-03-09,True,1,0,1646.98,paid,1487.31,0,
CM007558,CL003860,VH000580,PR000118,PR000090,,rear_end_collision,fog,2023-07-13,True,0,2,6788.73,paid,6155.67,0,
CM006904,CL002644,VH003331,,PR000045,,multi_vehicle_pileup,snow,2025-06-11,True,0,0,874.94,under_review,,0,
CM008694,CL002841,VH002077,PR000104,PR000075,PR000188,parking_lot,clear,2025-09-19,False,1,0,2623.49,paid,2612.53,1,RING010
CM006363,CL001643,VH003722,,PR000199,,sideswipe,rain,2023-12-08,True,1,0,3058.53,paid,2884.85,0,
CM007781,CL001701,VH002026,PR000227,PR000084,,single_vehicle,clear,2025-12-02,False,0,0,5313.35,paid,5045.75,0,
CM007256,CL001303,VH003857,,PR000084,,sideswipe,rain,2024-01-13,True,0,1,3452.58,paid,3290.49,0,
CM003150,CL000416,VH000754,PR000156,PR000086,,single_vehicle,snow,2024-10-30,True,0,0,8047.79,paid,7955.12,0,
CM007332,CL000851,VH003332,PR000189,PR000091,,multi_vehicle_pileup,clear,2023-01-26,True,1,3,8687.33,under_review,,0,
CM001545,CL002750,VH001332,,PR000203,,sideswipe,clear,2024-11-18,True,0,0,1327.87,paid,1200.97,0,
CM006922,CL003979,VH001673,PR000129,PR000143,,single_vehicle,snow,2024-04-21,True,0,0,4419.69,paid,4275.55,0,
CM008849,CL001776,VH003129,PR000049,PR000045,,single_vehicle,clear,2024-08-10,False,0,0,5630.04,paid,5242.82,1,RING018
CM008687,CL003800,VH000301,PR000104,PR000075,PR000188,multi_vehicle_pileup,fog,2025-10-23,True,1,0,903.56,denied,0.0,1,RING010
CM005263,CL003402,VH002746,PR000217,PR000181,PR000177,parking_lot,clear,2025-04-04,True,0,0,1982.17,paid,1973.28,0,
CM008433,CL000528,VH003716,PR000146,PR000105,,sideswipe,clear,2024-02-16,False,0,0,3386.85,partially_paid,1640.47,1,RING001
CM001433,CL003288,VH002846,,PR000060,,sideswipe,clear,2025-08-27,True,1,2,7412.47,paid,7180.38,0,
CM004656,CL000020,VH001587,PR000144,PR000058,,sideswipe,clear,2023-07-16,True,1,1,1261.9,under_review,,0,
CM004332,CL003046,VH002765,,,,multi_vehicle_pileup,clear,2023-06-19,False,0,3,2648.53,paid,2527.46,0,
CM004268,CL003247,VH001093,PR000073,PR000221,,single_vehicle,rain,2023-01-15,True,0,2,2296.13,paid,2141.27,0,
CM007774,CL002515,VH002086,,PR000202,,multi_vehicle_pileup,clear,2024-08-31,True,0,0,1593.0,paid,1557.82,0,
CM001627,CL002447,VH003163,,PR000169,PR000122,parking_lot,clear,2023-02-20,False,0,1,2146.13,paid,2034.22,0,
CM001919,CL003374,VH003159,,PR000201,,single_vehicle,rain,2023-06-06,True,0,0,4004.62,paid,3992.47,0,
CM001731,CL002581,VH003938,PR000167,PR000145,,single_vehicle,clear,2023-12-23,True,0,0,2486.79,paid,2379.58,0,
CM002184,CL001810,VH003503,,PR000084,,multi_vehicle_pileup,rain,2023-04-16,True,0,0,8623.02,paid,8356.87,0,
CM002389,CL002943,VH003220,PR000198,PR000092,,single_vehicle,snow,2023-09-06,True,1,1,3923.27,paid,3691.4,0,
CM003880,CL002045,VH000727,,PR000176,,sideswipe,clear,2024-05-13,True,1,1,1677.74,under_review,,0,
CM004853,CL000342,VH002595,PR000196,,,parking_lot,clear,2025-02-09,True,0,1,13330.07,paid,12146.7,0,
CM004646,CL002066,VH003905,PR000149,PR000107,PR000102,sideswipe,clear,2024-11-07,True,0,1,1898.83,paid,1844.93,0,
CM003167,CL001467,VH003764,PR000125,,,parking_lot,rain,2025-02-16,True,0,0,2638.22,paid,2490.43,0,
CM004280,CL001324,VH001557,PR000136,PR000202,,multi_vehicle_pileup,clear,2024-12-30,True,0,0,1536.75,paid,1488.47,0,
CM000219,CL001997,VH002074,PR000152,,,multi_vehicle_pileup,clear,2025-09-10,True,1,1,469.82,paid,425.79,0,
CM003528,CL003048,VH000215,,PR000086,,single_vehicle,clear,2023-06-19,False,0,2,5381.86,paid,4863.46,0,
CM006445,CL001689,VH002311,,,,sideswipe,clear,2023-01-06,True,0,1,2683.41,paid,2484.27,0,
CM008596,CL002772,VH001445,PR000112,PR000060,PR000139,single_vehicle,clear,2023-09-27,False,1,0,2740.66,partially_paid,1096.94,1,RING007
CM007104,CL002467,VH002923,,PR000110,PR000215,single_vehicle,clear,2024-03-28,True,1,0,3699.69,paid,3372.16,0,
CM001245,CL000391,VH002510,,PR000226,,rear_end_collision,clear,2024-07-19,False,0,1,5908.37,paid,5354.15,0,
CM002882,CL000386,VH002977,PR000022,PR000009,,rear_end_collision,fog,2024-12-17,False,0,1,3966.71,paid,3917.6,0,
CM006926,CL002867,VH001185,PR000065,PR000028,,parking_lot,clear,2025-02-18,True,0,0,3641.93,paid,3419.85,0,
CM004928,CL002537,VH001591,PR000146,PR000203,,parking_lot,clear,2025-09-15,True,0,1,5649.2,paid,5341.91,0,
CM005741,CL002995,VH000536,PR000048,PR000013,,parking_lot,clear,2023-11-11,True,0,1,4115.55,paid,3879.08,0,
CM006966,CL002714,VH002489,,PR000040,,parking_lot,clear,2025-10-30,True,0,1,3599.22,paid,3519.57,0,
CM000577,CL002676,VH003391,PR000082,PR000124,,rear_end_collision,clear,2025-07-13,True,0,1,4788.83,paid,4361.46,0,
CM002958,CL002987,VH001886,,PR000040,,single_vehicle,clear,2023-04-28,False,0,0,7441.9,paid,7270.88,0,
CM001167,CL002637,VH002863,PR000103,PR000178,,single_vehicle,clear,2024-10-15,True,1,2,2432.33,paid,2302.33,0,
CM006341,CL002148,VH002787,PR000206,PR000105,,parking_lot,fog,2025-11-13,True,0,1,11941.15,paid,11771.85,0,
CM001966,CL000145,VH000431,,PR000050,,single_vehicle,snow,2024-11-09,True,0,2,2664.1,paid,2422.75,0,
CM000416,CL001625,VH000923,PR000198,PR000209,,multi_vehicle_pileup,rain,2023-12-14,True,0,1,2874.23,paid,2851.31,0,
CM005708,CL001041,VH002360,PR000113,,,parking_lot,rain,2024-03-22,True,0,1,4108.87,paid,3929.56,0,
CM008142,CL002499,VH003678,PR000073,PR000110,,multi_vehicle_pileup,fog,2023-10-21,True,0,1,3574.55,paid,3488.85,0,
CM004085,CL002468,VH000787,,PR000110,,rear_end_collision,rain,2025-09-03,True,0,0,2388.42,paid,2378.79,0,
CM000760,CL001481,VH002790,PR000019,PR000050,,rear_end_collision,rain,2025-10-11,True,0,1,9981.16,paid,9099.85,0,
CM001386,CL001438,VH003440,,PR000209,PR000185,sideswipe,clear,2025-04-07,True,0,0,1578.32,paid,1557.85,0,
CM008482,CL001349,VH001725,PR000248,PR000124,PR000020,single_vehicle,clear,2025-07-20,False,0,0,5525.4,paid,5102.04,1,RING002
CM001202,CL003811,VH000479,PR000158,PR000173,,rear_end_collision,clear,2025-06-09,False,0,2,1610.87,paid,1475.78,0,
CM003523,CL000204,VH001342,PR000208,PR000150,,parking_lot,rain,2024-08-20,True,0,1,4645.54,paid,4301.85,0,
CM005165,CL002612,VH000534,PR000192,PR000225,,multi_vehicle_pileup,clear,2023-05-30,True,0,0,3276.08,paid,2979.04,0,
CM003038,CL002606,VH000909,PR000146,PR000220,,multi_vehicle_pileup,snow,2025-03-04,True,0,1,6381.3,paid,5965.64,0,
CM002642,CL002152,VH003833,,PR000009,,sideswipe,clear,2024-09-17,True,0,0,3315.03,paid,3133.23,0,
CM005682,CL000753,VH002236,PR000034,PR000134,,parking_lot,clear,2025-11-21,False,0,1,2669.88,paid,2520.4,0,
CM008414,CL002728,VH000051,PR000114,PR000013,PR000030,single_vehicle,snow,2024-04-14,False,1,0,1972.66,denied,0.0,1,RING000
CM005185,CL003294,VH003403,PR000149,PR000075,,rear_end_collision,rain,2023-01-19,False,0,0,4108.3,paid,4005.22,0,
CM007822,CL003507,VH002535,,PR000133,,parking_lot,clear,2023-05-10,True,1,0,3616.74,paid,3378.86,0,
CM004005,CL003238,VH003743,,PR000174,,single_vehicle,clear,2023-11-07,True,0,1,1315.74,paid,1314.62,0,
CM004908,CL001040,VH002357,PR000112,PR000094,,multi_vehicle_pileup,clear,2023-01-11,False,1,2,3689.93,paid,3642.33,0,
CM000329,CL002686,VH003208,PR000081,,,multi_vehicle_pileup,clear,2024-07-05,True,0,0,1034.46,under_review,,0,
CM008119,CL003686,VH001260,,PR000071,,parking_lot,snow,2025-01-06,True,1,0,2796.98,paid,2767.54,0,
CM007461,CL002439,VH000235,,PR000027,,rear_end_collision,rain,2023-07-25,True,0,1,2655.22,paid,2463.3,0,
CM002927,CL001894,VH000749,PR000106,PR000242,,single_vehicle,clear,2024-02-12,True,0,0,5660.22,paid,5279.43,0,
CM007687,CL003695,VH002534,PR000235,PR000228,,single_vehicle,clear,2025-06-23,True,0,0,8996.86,paid,8779.38,0,
CM006247,CL000148,VH002733,PR000164,PR000174,,rear_end_collision,rain,2023-03-26,True,0,2,747.73,paid,700.74,0,
CM005991,CL000028,VH003184,,PR000099,,single_vehicle,clear,2024-07-23,True,1,1,2294.58,paid,2237.96,0,
CM001112,CL000193,VH000560,PR000078,PR000183,,parking_lot,clear,2025-06-19,True,0,1,2552.46,under_review,,0,
CM005639,CL000851,VH001918,PR000158,PR000099,,single_vehicle,clear,2023-07-28,True,0,0,12558.88,under_review,,0,
CM002830,CL000320,VH001125,,PR000179,PR000101,multi_vehicle_pileup,clear,2023-08-05,True,0,0,5159.03,paid,4801.33,0,
CM001996,CL001896,VH001251,PR000076,PR000203,PR000053,rear_end_collision,fog,2025-03-16,True,0,0,10633.58,under_review,,0,
CM002190,CL003249,VH000098,PR000235,PR000084,,multi_vehicle_pileup,snow,2025-11-20,False,1,0,8863.73,paid,8392.47,0,
CM001282,CL000482,VH001592,PR000244,,,rear_end_collision,clear,2023-12-21,True,0,0,5069.48,paid,4759.17,0,
CM003922,CL001375,VH000900,,PR000029,PR000044,sideswipe,rain,2023-08-13,True,0,2,4339.75,paid,3998.47,0,
CM007707,CL000003,VH000223,,PR000150,,parking_lot,clear,2023-02-16,True,0,1,2133.17,paid,2029.14,0,
CM004373,CL000860,VH003780,PR000089,PR000225,PR000230,multi_vehicle_pileup,clear,2025-08-10,True,0,0,7169.53,paid,6990.71,0,
CM003131,CL000003,VH003353,PR000156,PR000132,,rear_end_collision,clear,2024-12-03,True,0,1,3542.58,under_review,,0,
CM006941,CL003034,VH002981,,PR000047,,multi_vehicle_pileup,clear,2025-08-21,True,0,1,3032.37,paid,2791.27,0,
CM008557,CL001791,VH003754,PR000064,PR000000,,sideswipe,clear,2023-07-17,True,1,0,5735.61,paid,5692.41,1,RING005
CM006482,CL003695,VH002254,PR000223,PR000179,,rear_end_collision,clear,2025-05-01,True,0,0,2121.63,under_review,,0,
CM000971,CL000189,VH001462,PR000098,,,parking_lot,rain,2023-04-07,True,0,0,3624.56,paid,3377.13,0,
CM004271,CL003796,VH002657,,PR000083,,multi_vehicle_pileup,rain,2023-02-27,True,0,1,6788.73,under_review,,0,
CM004281,CL003288,VH002383,,,,single_vehicle,snow,2025-03-10,True,0,2,1689.89,under_review,,0,
CM004887,CL001205,VH001674,PR000116,PR000038,,sideswipe,snow,2024-07-19,True,1,0,6083.2,paid,5648.83,0,
CM003981,CL000604,VH000022,,PR000172,,multi_vehicle_pileup,clear,2023-05-25,True,2,1,1657.49,paid,1630.29,0,
CM006033,CL000649,VH002961,PR000078,PR000058,,sideswipe,fog,2023-09-04,True,1,0,7096.06,under_review,,0,
CM003313,CL000489,VH003484,PR000187,PR000181,PR000162,sideswipe,clear,2025-03-14,True,0,1,3932.02,paid,3857.57,0,
CM004909,CL000796,VH001883,,PR000128,,multi_vehicle_pileup,clear,2025-03-16,True,0,0,4012.96,paid,3801.9,0,
CM006028,CL002307,VH001677,PR000190,PR000225,,multi_vehicle_pileup,fog,2025-11-26,False,0,0,4479.63,paid,4065.4,0,
CM001283,CL001338,VH003738,PR000074,PR000105,PR000230,sideswipe,snow,2025-11-30,False,0,1,4299.87,paid,3927.25,0,
CM003411,CL002616,VH001183,PR000239,PR000038,,sideswipe,clear,2025-09-05,True,0,2,1446.33,paid,1405.44,0,
CM008901,CL000699,VH002175,PR000235,PR000097,PR000130,parking_lot,clear,2023-03-19,False,1,0,4748.83,paid,4575.08,1,RING019
CM004175,CL002792,VH001292,,PR000071,,single_vehicle,clear,2023-05-29,False,0,2,9391.45,paid,8910.74,0,
CM001438,CL000021,VH001931,,,,rear_end_collision,clear,2023-04-01,True,0,1,2211.73,denied,0.0,0,
CM005016,CL003182,VH001891,,PR000024,,single_vehicle,clear,2025-05-12,False,0,0,5116.33,paid,4803.31,0,
CM008587,CL001779,VH001153,PR000064,PR000000,,multi_vehicle_pileup,fog,2023-06-06,False,1,1,5124.23,paid,4972.86,1,RING005
CM000112,CL000791,VH003960,,PR000091,,single_vehicle,clear,2025-01-20,True,0,1,7681.34,under_review,,0,
CM001692,CL000656,VH003879,,PR000090,,single_vehicle,rain,2025-06-27,False,1,1,2806.6,paid,2642.83,0,
CM007297,CL002539,VH001876,PR000057,PR000209,,rear_end_collision,rain,2024-07-25,True,2,1,3264.5,paid,3070.62,0,
CM005545,CL000545,VH003124,PR000206,PR000123,,multi_vehicle_pileup,fog,2025-03-13,False,0,0,4579.81,under_review,,0,
CM008152,CL000561,VH003032,PR000078,PR000182,,parking_lot,rain,2025-08-01,True,0,1,3416.27,paid,3159.62,0,
CM003621,CL002024,VH002889,,,,parking_lot,clear,2024-09-17,True,0,0,7868.52,paid,7579.57,0,
CM004843,CL000677,VH001377,PR000219,,,sideswipe,clear,2024-01-07,True,1,0,2586.79,paid,2401.65,0,
CM007747,CL001175,VH000529,PR000233,PR000045,,rear_end_collision,snow,2023-12-26,False,0,1,1220.93,paid,1187.94,0,
CM002949,CL001904,VH001140,PR000003,PR000050,,multi_vehicle_pileup,fog,2023-01-20,False,1,1,8945.39,paid,8860.3,0,
CM006799,CL003212,VH000600,PR000085,,,parking_lot,clear,2024-09-07,False,0,0,3102.17,paid,3068.8,0,
CM002908,CL003312,VH002668,,PR000138,,rear_end_collision,rain,2023-11-17,True,0,1,8403.37,paid,7805.88,0,
CM002035,CL000865,VH002224,,PR000178,,parking_lot,clear,2024-06-07,False,1,2,7135.06,paid,7016.49,0,
CM001299,CL003550,VH001466,,PR000131,,parking_lot,rain,2023-07-27,True,0,1,5856.68,under_review,,0,
CM008080,CL000003,VH000580,PR000049,PR000094,,parking_lot,clear,2025-10-13,True,0,0,3687.96,under_review,,0,
CM000741,CL000955,VH000721,,,,single_vehicle,clear,2024-08-25,True,0,0,7363.24,paid,7045.86,0,
CM006611,CL001230,VH003134,,PR000009,,parking_lot,fog,2024-02-06,True,1,2,2097.51,paid,2015.96,0,
CM007702,CL000201,VH003515,PR000168,PR000174,,single_vehicle,clear,2023-02-08,True,0,0,5832.3,paid,5627.36,0,
CM003183,CL001085,VH002530,PR000043,PR000184,,rear_end_collision,clear,2023-01-18,True,0,2,1471.54,paid,1467.06,0,
CM006685,CL001057,VH001120,PR000043,PR000221,,rear_end_collision,fog,2025-07-18,True,0,1,891.11,paid,867.77,0,
CM008834,CL001365,VH001876,PR000244,PR000083,,multi_vehicle_pileup,clear,2023-11-28,False,0,0,2186.53,denied,0.0,1,RING017
CM005212,CL003963,VH000922,PR000004,PR000005,,sideswipe,snow,2023-12-16,True,0,2,4122.56,paid,3995.14,0,
CM006254,CL000641,VH001434,PR000222,PR000121,,single_vehicle,rain,2025-10-10,True,0,0,1109.78,paid,1106.25,0,
CM005121,CL000863,VH002151,,PR000058,,single_vehicle,snow,2025-07-17,False,0,1,3037.0,paid,3018.66,0,
CM007813,CL000669,VH003956,,PR000242,,rear_end_collision,rain,2023-07-04,False,1,2,2586.61,paid,2520.01,0,
CM004191,CL000318,VH000128,,PR000245,,parking_lot,snow,2025-06-05,True,0,0,5667.01,paid,5199.02,0,
CM004299,CL000844,VH000247,PR000014,,,parking_lot,clear,2025-09-21,True,1,0,914.14,paid,868.19,0,
CM003708,CL001946,VH003154,,PR000179,,multi_vehicle_pileup,clear,2025-02-24,True,1,3,9086.63,paid,8463.66,0,
CM003800,CL000596,VH003929,PR000017,PR000229,,parking_lot,clear,2023-04-21,True,1,1,4294.11,under_review,,0,
CM000436,CL001249,VH001433,,,,parking_lot,clear,2025-08-21,False,0,2,6484.71,paid,6361.4,0,
CM001689,CL003984,VH000968,PR000006,PR000199,,multi_vehicle_pileup,snow,2023-08-28,True,0,3,5389.86,denied,0.0,0,
CM008183,CL003339,VH002329,PR000046,PR000128,,rear_end_collision,rain,2024-02-10,True,1,0,6693.88,under_review,,0,
CM000309,CL001273,VH003861,,PR000097,,rear_end_collision,clear,2024-05-24,True,0,1,1609.78,paid,1593.73,0,
CM005437,CL001600,VH003499,,PR000166,,sideswipe,snow,2025-03-09,True,0,0,2024.42,paid,2005.45,0,
CM004951,CL001471,VH002773,PR000129,,,parking_lot,clear,2024-01-07,True,1,0,2938.39,under_review,,0,
CM000088,CL000751,VH003465,PR000206,PR000128,PR000130,parking_lot,clear,2024-04-27,True,0,2,3335.02,paid,3309.09,0,
CM008770,CL003464,VH003234,PR000096,PR000121,PR000147,single_vehicle,clear,2023-03-25,False,0,1,12515.52,paid,11707.35,1,RING013
CM000402,CL003256,VH002029,PR000212,PR000145,,sideswipe,clear,2023-08-05,True,1,0,2343.77,paid,2201.01,0,
CM001021,CL000409,VH003600,,PR000211,,parking_lot,rain,2023-05-05,True,0,1,2799.51,paid,2776.36,0,
CM000882,CL002382,VH003963,,PR000134,,parking_lot,fog,2023-06-08,True,0,2,4198.92,paid,3823.9,0,
CM007941,CL003170,VH001382,,,,single_vehicle,clear,2025-07-29,True,0,0,2817.43,paid,2736.67,0,
CM008447,CL000732,VH000213,PR000146,PR000105,,multi_vehicle_pileup,clear,2024-01-16,True,3,0,4509.5,paid,4278.27,1,RING001
CM006694,CL000363,VH001467,PR000144,PR000080,,single_vehicle,rain,2025-09-01,True,0,1,1652.84,under_review,,0,
CM003834,CL000542,VH001534,PR000021,PR000138,PR000162,parking_lot,clear,2023-09-08,True,1,2,2567.2,paid,2408.87,0,
CM007135,CL003294,VH002439,PR000106,PR000041,,single_vehicle,clear,2024-03-23,False,0,0,2908.05,paid,2828.96,0,
CM007173,CL002577,VH001412,PR000082,PR000150,,multi_vehicle_pileup,snow,2024-05-12,True,1,1,5832.35,paid,5629.4,0,
CM004128,CL003015,VH002614,PR000125,PR000062,,single_vehicle,snow,2025-12-15,True,0,1,1563.82,paid,1544.83,0,
CM000258,CL003347,VH000396,,,,parking_lot,snow,2024-02-14,True,0,0,1539.68,paid,1483.08,0,
CM004396,CL002762,VH003818,,PR000228,PR000044,rear_end_collision,clear,2023-09-14,True,1,0,3449.62,paid,3449.01,0,
CM000289,CL000505,VH000888,,PR000174,,multi_vehicle_pileup,clear,2023-03-26,True,0,0,948.66,paid,943.71,0,
CM002841,CL003051,VH001120,PR000070,PR000194,,multi_vehicle_pileup,clear,2024-12-16,True,0,2,6486.44,paid,6339.7,0,
CM006686,CL003194,VH002044,PR000159,,,single_vehicle,clear,2023-04-21,True,0,2,7166.05,paid,6493.24,0,
CM005351,CL001725,VH002118,PR000031,PR000224,,sideswipe,clear,2024-06-11,True,0,1,1408.46,paid,1323.01,0,
CM002334,CL001751,VH001424,,,,sideswipe,clear,2023-07-23,True,0,0,15701.22,paid,15014.13,0,
CM005558,CL000140,VH000242,PR000240,PR000132,,sideswipe,clear,2024-03-05,True,0,0,8595.4,paid,8348.34,0,
CM008731,CL000887,VH000921,PR000171,PR000087,,multi_vehicle_pileup,fog,2023-02-25,True,0,1,10166.51,paid,9441.82,1,RING011
CM003186,CL001889,VH000541,PR000198,PR000028,,multi_vehicle_pileup,clear,2024-07-28,False,1,1,3579.57,denied,0.0,0,
CM007737,CL002990,VH001634,PR000081,PR000182,,multi_vehicle_pileup,clear,2025-06-18,True,2,0,3228.3,paid,2994.8,0,
CM000738,CL002966,VH000693,PR000235,PR000243,,sideswipe,clear,2025-02-20,True,2,0,2353.96,paid,2273.45,0,
CM004880,CL000067,VH000655,,PR000194,,single_vehicle,clear,2023-10-01,True,0,1,3599.25,paid,3353.58,0,
CM002288,CL001045,VH001036,PR000196,PR000087,,sideswipe,rain,2024-10-09,False,1,1,1824.4,under_review,,0,
CM008570,CL001091,VH001660,PR000064,PR000000,,multi_vehicle_pileup,clear,2023-06-19,False,0,0,1827.13,denied,0.0,1,RING005
CM000544,CL002355,VH000440,,PR000204,,rear_end_collision,fog,2024-12-27,True,0,1,3658.04,under_review,,0,
CM008508,CL002898,VH000767,PR000019,PR000071,PR000102,sideswipe,clear,2024-05-01,False,0,0,3405.69,paid,3328.36,1,RING003
CM002615,CL002008,VH001086,PR000231,PR000069,,rear_end_collision,rain,2024-05-03,True,0,1,3998.59,paid,3890.88,0,
CM003990,CL002733,VH003886,,PR000142,,multi_vehicle_pileup,rain,2023-04-22,True,0,1,2451.64,paid,2327.22,0,
CM006886,CL001106,VH000437,,PR000117,,single_vehicle,clear,2025-03-13,False,0,2,1847.21,paid,1682.13,0,
CM005759,CL001801,VH000164,,,,single_vehicle,snow,2025-10-25,True,0,1,5506.93,under_review,,0,
CM006380,CL003948,VH002452,PR000136,PR000182,,sideswipe,clear,2024-04-24,True,1,0,5103.04,paid,5086.67,0,
CM004483,CL000573,VH003933,,PR000243,,parking_lot,clear,2025-08-28,True,0,0,1918.83,paid,1804.15,0,
CM005318,CL001689,VH000404,PR000048,PR000157,,sideswipe,clear,2025-10-14,True,0,0,4618.68,paid,4445.73,0,
CM008712,CL002761,VH002525,PR000104,PR000075,PR000188,multi_vehicle_pileup,clear,2025-09-28,False,1,1,1544.48,partially_paid,518.67,1,RING010
CM004410,CL000101,VH003320,PR000238,PR000132,PR000102,parking_lot,clear,2025-10-27,False,0,1,8690.77,paid,7975.38,0,
CM001863,CL002138,VH003065,PR000033,PR000050,,sideswipe,clear,2024-06-04,True,0,0,6334.88,paid,6005.93,0,
CM007210,CL000494,VH002484,,PR000087,,multi_vehicle_pileup,clear,2023-10-03,True,0,0,4000.36,paid,3883.58,0,
CM000801,CL000532,VH002553,PR000082,PR000205,,single_vehicle,clear,2023-06-17,False,2,1,2762.42,paid,2536.73,0,
CM003982,CL003841,VH000958,,PR000245,,rear_end_collision,fog,2023-08-05,True,1,0,8507.01,paid,8338.38,0,
CM001406,CL002515,VH000970,PR000002,PR000205,,rear_end_collision,fog,2025-04-29,False,0,0,2921.66,paid,2672.49,0,
CM000057,CL000965,VH000904,,PR000012,,parking_lot,snow,2024-12-16,True,0,2,2359.01,paid,2287.6,0,
CM000070,CL001986,VH002072,PR000222,PR000163,PR000162,multi_vehicle_pileup,clear,2025-05-27,True,0,0,1180.1,paid,1069.93,0,
CM004937,CL002237,VH000536,PR000077,PR000191,,sideswipe,rain,2025-09-15,True,0,1,2335.03,paid,2193.13,0,
CM000712,CL002633,VH003245,,PR000183,,single_vehicle,snow,2024-01-14,True,0,1,6063.11,paid,5544.94,0,
CM005606,CL000642,VH002560,PR000048,PR000027,,multi_vehicle_pileup,clear,2023-11-23,True,0,1,3230.66,paid,3104.81,0,
CM000266,CL001820,VH000010,PR000039,PR000145,,sideswipe,clear,2023-12-02,True,0,0,5769.94,paid,5337.62,0,
CM001587,CL003250,VH003434,PR000187,PR000209,,single_vehicle,snow,2024-03-10,True,0,0,6865.18,paid,6213.74,0,
CM002749,CL000318,VH001581,PR000153,PR000207,,sideswipe,clear,2024-02-20,True,1,4,672.17,paid,606.78,0,
CM005956,CL001258,VH000480,PR000063,PR000226,,multi_vehicle_pileup,rain,2023-05-09,True,0,1,442.15,paid,402.71,0,
CM004418,CL003585,VH002256,PR000190,,,multi_vehicle_pileup,rain,2025-03-05,True,0,1,5200.88,denied,0.0,0,
CM008317,CL002711,VH001814,PR000096,PR000176,,sideswipe,clear,2025-10-06,True,1,0,5778.77,paid,5266.14,0,
CM007955,CL001590,VH001234,PR000186,PR000205,,multi_vehicle_pileup,rain,2025-05-01,False,0,2,4840.21,paid,4707.21,0,
CM004088,CL002927,VH003759,PR000026,PR000246,,parking_lot,clear,2023-06-13,True,0,1,7614.35,paid,7386.62,0,
CM005966,CL001509,VH002139,PR000114,PR000011,,parking_lot,clear,2023-12-03,True,0,0,4872.4,paid,4740.87,0,
CM004693,CL003198,VH000612,,PR000042,,sideswipe,clear,2023-09-17,False,0,2,4612.17,paid,4345.46,0,
CM005634,CL003273,VH000487,,PR000028,,single_vehicle,rain,2025-03-21,True,0,1,3708.49,paid,3629.09,0,
CM008326,CL003257,VH003531,,PR000169,,multi_vehicle_pileup,clear,2023-03-24,True,0,1,7408.43,denied,0.0,0,
CM004849,CL001532,VH001922,PR000222,,,parking_lot,clear,2024-01-28,True,0,4,5249.47,paid,5200.39,0,
CM002165,CL002241,VH000403,PR000103,PR000091,,parking_lot,snow,2023-02-01,True,0,0,2921.52,paid,2885.9,0,
CM002250,CL003795,VH003551,PR000022,,,rear_end_collision,rain,2025-02-02,True,1,1,4028.32,paid,3944.94,0,
CM005477,CL000940,VH000813,PR000159,,,single_vehicle,fog,2024-02-15,True,0,0,4352.05,paid,4115.25,0,
CM002143,CL003829,VH002392,PR000227,PR000132,,sideswipe,clear,2023-05-24,False,0,0,7714.91,paid,7033.26,0,
CM002209,CL000182,VH003769,,PR000029,,parking_lot,fog,2025-02-28,True,0,0,631.42,paid,628.59,0,
CM006962,CL003006,VH003564,,PR000183,,single_vehicle,clear,2025-04-02,True,0,0,2002.37,under_review,,0,
CM006201,CL003781,VH002304,PR000051,PR000143,,sideswipe,rain,2023-05-08,True,1,1,1724.2,paid,1626.89,0,
CM008924,CL003886,VH000671,PR000129,PR000128,,parking_lot,clear,2024-04-06,False,4,0,1822.83,denied,0.0,1,RING021
CM006007,CL003957,VH001516,,PR000166,,rear_end_collision,fog,2023-07-16,False,0,0,3467.69,paid,3421.12,0,
CM005663,CL001540,VH003052,PR000125,PR000151,PR000007,sideswipe,clear,2023-09-10,True,2,2,1523.45,paid,1399.33,0,
CM006804,CL003112,VH002444,,PR000140,,multi_vehicle_pileup,clear,2024-12-30,True,1,0,3995.95,paid,3692.74,0,
CM002863,CL003949,VH003129,,PR000024,,parking_lot,clear,2024-12-20,True,0,2,5484.99,paid,5431.72,0,
CM008515,CL003904,VH002339,PR000214,PR000115,PR000147,rear_end_collision,rain,2023-11-15,False,2,0,4318.9,partially_paid,1312.91,1,RING004
CM007978,CL000326,VH002584,PR000006,,PR000185,multi_vehicle_pileup,fog,2023-03-08,True,0,2,3551.83,paid,3493.26,0,
CM001330,CL000505,VH002565,,PR000225,,sideswipe,clear,2025-11-01,False,0,2,7350.55,paid,7166.66,0,
CM003995,CL001660,VH003405,PR000189,PR000145,,multi_vehicle_pileup,clear,2024-10-22,True,0,0,856.4,paid,831.43,0,
CM001685,CL001233,VH003788,PR000072,PR000108,,parking_lot,rain,2025-03-18,True,0,1,5263.42,under_review,,0,
CM008601,CL001544,VH001445,PR000112,PR000060,PR000139,sideswipe,clear,2023-09-23,True,1,0,3844.71,paid,3718.74,1,RING007
CM008589,CL000563,VH001977,PR000064,PR000000,,sideswipe,clear,2023-07-01,True,0,0,10891.65,denied,0.0,1,RING005
CM004323,CL002532,VH002983,,,,sideswipe,rain,2025-06-06,True,1,0,3433.19,paid,3343.88,0,
CM000752,CL002115,VH002032,PR000008,PR000201,,rear_end_collision,clear,2025-05-20,True,0,1,1521.15,under_review,,0,
CM008748,CL003267,VH002384,PR000119,PR000197,PR000135,rear_end_collision,clear,2025-05-22,False,0,0,5043.51,denied,0.0,1,RING012
CM004185,CL001940,VH003652,,PR000197,,sideswipe,clear,2025-05-29,False,0,2,6908.9,paid,6584.15,0,
CM007542,CL000369,VH000727,,PR000028,,sideswipe,clear,2025-04-10,True,0,0,1889.22,paid,1787.06,0,
CM004770,CL000126,VH000533,,PR000197,PR000135,sideswipe,clear,2024-03-04,True,0,3,6018.32,denied,0.0,0,
CM000477,CL000635,VH003656,PR000231,,,multi_vehicle_pileup,clear,2024-01-12,True,0,0,2410.72,paid,2314.51,0,
CM004238,CL002140,VH000032,PR000129,PR000041,,sideswipe,clear,2024-04-28,True,0,1,1476.9,denied,0.0,0,
CM003885,CL000154,VH003590,PR000022,PR000121,,single_vehicle,snow,2024-09-03,True,0,3,2728.27,under_review,,0,
CM002992,CL001447,VH003927,PR000048,,PR000100,single_vehicle,clear,2025-10-07,True,0,1,2934.85,paid,2825.69,0,
CM000212,CL003332,VH002305,PR000035,PR000060,,multi_vehicle_pileup,fog,2023-05-02,False,1,1,2425.24,denied,0.0,0,
CM000469,CL001251,VH000028,PR000036,PR000062,,sideswipe,clear,2024-11-26,False,0,1,2015.28,paid,1984.27,0,
CM001546,CL003691,VH001845,PR000158,PR000071,PR000213,rear_end_collision,rain,2024-06-24,True,0,0,2158.51,paid,2050.68,0,
CM004996,CL003000,VH000289,,,,single_vehicle,clear,2023-07-05,True,0,0,2928.0,paid,2741.64,0,
CM006821,CL003284,VH001640,PR000136,,PR000102,multi_vehicle_pileup,clear,2025-07-08,True,0,0,1111.07,paid,1070.21,0,
CM008575,CL003693,VH003754,PR000064,PR000000,,sideswipe,clear,2023-07-04,False,0,0,1571.54,paid,1467.69,1,RING005
CM005680,CL001493,VH001819,,PR000000,PR000100,sideswipe,clear,2025-09-25,True,0,0,2391.0,paid,2243.83,0,
CM007147,CL002189,VH000672,,PR000228,,multi_vehicle_pileup,clear,2024-03-15,True,0,1,3775.12,paid,3413.44,0,
CM001026,CL002642,VH002510,,PR000242,PR000007,single_vehicle,clear,2023-06-15,True,0,0,3399.68,paid,3344.71,0,
CM005379,CL003093,VH002225,,PR000131,,sideswipe,clear,2025-08-09,True,1,0,494.19,under_review,,0,
CM006158,CL000998,VH000487,PR000017,PR000027,,sideswipe,clear,2025-01-16,False,0,1,4739.19,paid,4628.41,0,
CM007149,CL003877,VH003295,,PR000138,,rear_end_collision,snow,2024-03-29,True,0,0,7300.31,paid,7009.9,0,
CM002583,CL000591,VH000141,PR000116,PR000228,PR000044,sideswipe,clear,2023-08-09,False,0,0,6431.31,under_review,,0,
CM001471,CL000271,VH002512,PR000078,PR000084,PR000175,multi_vehicle_pileup,clear,2025-10-25,False,0,0,1715.0,paid,1616.91,0,
CM002178,CL003311,VH001823,,PR000071,,multi_vehicle_pileup,clear,2024-01-23,True,2,4,1326.72,paid,1294.72,0,
CM008239,CL000204,VH002103,PR000064,PR000228,,parking_lot,fog,2025-12-18,True,0,1,4747.36,denied,0.0,0,
CM003978,CL002731,VH001875,,,,single_vehicle,rain,2025-11-19,True,0,0,4855.81,paid,4479.01,0,
CM003838,CL002099,VH003084,PR000214,PR000071,,parking_lot,clear,2025-08-14,True,0,0,3533.34,paid,3252.48,0,
CM000774,CL002546,VH002606,,PR000202,,single_vehicle,clear,2023-04-06,False,0,2,6529.63,paid,6524.38,0,
CM005664,CL001785,VH003124,PR000057,PR000211,PR000155,rear_end_collision,clear,2025-05-21,False,0,0,3565.6,under_review,,0,
CM004242,CL001226,VH003539,PR000049,PR000037,,single_vehicle,clear,2025-02-11,True,1,0,5759.17,paid,5720.56,0,
CM002111,CL001024,VH002261,PR000186,PR000099,,parking_lot,rain,2025-03-02,True,0,1,3045.94,paid,2979.03,0,
CM007062,CL000120,VH002370,PR000033,PR000183,,rear_end_collision,clear,2025-09-15,True,0,0,3787.81,paid,3775.97,0,
CM000642,CL002116,VH003885,PR000192,PR000140,,multi_vehicle_pileup,clear,2025-12-28,True,0,0,3320.8,paid,3250.3,0,
CM002707,CL000498,VH000893,PR000085,PR000052,,sideswipe,snow,2023-05-15,True,0,2,2682.29,paid,2680.72,0,
CM000197,CL001313,VH002204,,PR000197,,sideswipe,clear,2025-07-27,False,0,1,3120.95,paid,2824.0,0,
CM003499,CL002284,VH001833,PR000136,PR000115,,parking_lot,fog,2023-11-03,True,0,2,1645.74,paid,1573.4,0,
CM001156,CL002333,VH003084,PR000116,PR000202,,rear_end_collision,fog,2025-05-05,True,0,0,2133.99,under_review,,0,
CM004594,CL003860,VH002743,,PR000207,,single_vehicle,clear,2024-11-11,True,0,1,3159.89,paid,3003.71,0,
CM007032,CL002298,VH003427,PR000195,PR000169,,rear_end_collision,clear,2025-10-24,True,0,0,2035.05,paid,1839.6,0,
CM001109,CL001432,VH003743,,PR000028,,sideswipe,clear,2024-07-24,True,0,3,2044.31,paid,1870.05,0,
CM006604,CL001290,VH001508,,PR000027,PR000141,rear_end_collision,snow,2025-01-05,True,0,0,3818.44,under_review,,0,
CM004078,CL003473,VH002483,PR000017,PR000179,,parking_lot,clear,2025-10-04,True,0,1,5238.56,paid,5215.6,0,
CM001421,CL002001,VH000941,,PR000184,,multi_vehicle_pileup,snow,2023-01-17,True,0,0,1734.41,paid,1625.35,0,
CM006841,CL000844,VH001765,PR000010,,,sideswipe,fog,2025-04-04,True,1,1,11295.14,paid,11230.94,0,
CM003026,CL000275,VH003909,,PR000038,,rear_end_collision,rain,2025-09-27,False,0,1,3961.89,paid,3909.03,0,
CM002996,CL001391,VH002388,,,,single_vehicle,clear,2023-04-21,False,0,1,5572.74,paid,5525.1,0,
CM007491,CL001640,VH003673,PR000072,PR000012,,multi_vehicle_pileup,clear,2025-08-06,False,2,0,1766.59,paid,1764.24,0,
CM008824,CL001731,VH003336,PR000198,PR000086,,sideswipe,rain,2024-08-08,False,2,0,7344.93,paid,7249.87,1,RING016
CM003709,CL002903,VH003595,PR000043,PR000005,,multi_vehicle_pileup,fog,2025-06-08,False,0,0,3608.09,paid,3298.72,0,
CM001759,CL000677,VH002847,,,PR000102,single_vehicle,clear,2023-05-07,True,0,1,2056.21,paid,1877.06,0,
CM000958,CL000429,VH001500,PR000171,PR000133,,sideswipe,rain,2025-08-12,True,0,0,1582.47,paid,1565.03,0,
CM004345,CL000343,VH002865,,,PR000193,sideswipe,snow,2023-08-24,False,0,2,6231.12,paid,5839.48,0,
CM001681,CL000067,VH000918,PR000034,PR000092,,single_vehicle,fog,2023-09-26,False,0,0,5144.18,paid,4753.7,0,
CM000634,CL001069,VH001443,PR000059,PR000015,,parking_lot,snow,2025-04-09,True,1,1,1047.88,paid,956.92,0,
CM003015,CL002099,VH001689,PR000098,PR000163,,multi_vehicle_pileup,clear,2025-08-18,True,0,1,10448.82,paid,9567.45,0,
CM004727,CL003316,VH001984,PR000127,,,parking_lot,snow,2023-11-26,True,0,1,4465.42,paid,4170.92,0,
CM007195,CL003612,VH001804,PR000118,PR000191,,multi_vehicle_pileup,clear,2023-08-10,True,0,0,2582.97,paid,2553.86,0,
CM001262,CL003705,VH003588,,PR000166,,rear_end_collision,rain,2023-12-09,True,1,2,5495.63,paid,5311.87,0,
CM000119,CL003616,VH001651,PR000031,PR000221,PR000139,single_vehicle,clear,2023-07-02,True,1,2,1238.62,paid,1221.1,0,
CM006438,CL000092,VH002245,,,,single_vehicle,clear,2024-05-02,True,1,0,1744.99,paid,1744.5,0,
CM008133,CL003738,VH002712,PR000072,,,rear_end_collision,clear,2023-07-21,True,0,0,552.05,paid,527.46,0,
CM008066,CL002373,VH003801,PR000248,PR000124,,single_vehicle,snow,2025-02-26,False,0,1,2820.36,under_review,,0,
CM006327,CL002595,VH000922,PR000043,PR000137,,multi_vehicle_pileup,rain,2024-02-07,True,0,0,13958.34,paid,13074.73,0,
CM002459,CL002504,VH002173,,PR000111,,multi_vehicle_pileup,clear,2025-07-12,True,0,2,1521.04,paid,1398.1,0,
CM006877,CL001786,VH000880,,PR000134,,rear_end_collision,rain,2023-12-24,True,0,0,3654.77,under_review,,0,
CM007610,CL003726,VH001363,PR000144,,,rear_end_collision,clear,2023-11-30,True,1,0,3684.21,paid,3541.99,0,
CM005932,CL003648,VH002557,PR000113,PR000151,,sideswipe,snow,2025-04-15,True,2,0,2544.05,paid,2421.01,0,
CM007324,CL003599,VH002693,,PR000086,,sideswipe,clear,2025-01-16,True,1,3,2952.21,paid,2730.5,0,
CM002192,CL003638,VH002808,PR000238,PR000143,,multi_vehicle_pileup,clear,2025-03-23,False,0,0,3531.31,paid,3422.89,0,
CM005953,CL001599,VH000693,,,PR000139,rear_end_collision,rain,2024-11-27,True,0,0,2112.26,paid,1967.69,0,
CM003609,CL002267,VH002897,PR000004,PR000055,,sideswipe,snow,2023-03-05,True,0,0,1230.62,paid,1141.94,0,
CM007565,CL003199,VH001085,,PR000172,,sideswipe,fog,2023-10-12,True,0,1,1621.62,paid,1540.21,0,
CM008900,CL000699,VH002889,PR000235,PR000097,PR000130,sideswipe,clear,2023-02-07,True,0,0,2592.15,paid,2497.14,1,RING019
CM001173,CL002697,VH000359,PR000085,PR000094,,parking_lot,rain,2025-04-29,True,0,2,2250.44,paid,2199.07,0,
CM003383,CL003481,VH002497,,PR000067,,single_vehicle,snow,2025-04-02,True,0,0,652.82,paid,641.8,0,
CM007370,CL000208,VH003137,PR000081,PR000050,PR000213,multi_vehicle_pileup,clear,2023-01-22,True,0,3,9042.85,paid,8533.73,0,
CM008869,CL003175,VH002854,PR000049,PR000045,,single_vehicle,rain,2024-09-13,False,0,0,2143.58,paid,2107.92,1,RING018
CM003456,CL000101,VH002363,PR000002,,,parking_lot,rain,2024-12-06,True,0,0,6785.23,paid,6510.1,0,
CM000093,CL000203,VH001532,,PR000117,,multi_vehicle_pileup,clear,2025-12-28,True,1,0,1194.89,paid,1130.61,0,
CM006093,CL000952,VH000925,,PR000042,,rear_end_collision,rain,2023-04-10,False,0,2,4396.41,paid,4283.53,0,
CM005633,CL001184,VH003721,,PR000173,,sideswipe,fog,2023-05-12,False,1,0,4659.73,paid,4287.2,0,
CM003127,CL001758,VH000910,,PR000172,,sideswipe,clear,2024-02-14,False,1,1,6582.3,paid,6086.43,0,
CM005836,CL001700,VH003459,PR000196,PR000246,,single_vehicle,rain,2025-02-05,True,1,2,3186.03,paid,3148.65,0,
CM001982,CL003573,VH003622,PR000114,,,parking_lot,clear,2024-02-25,True,0,1,4609.89,under_review,,0,
CM004660,CL003379,VH001877,,PR000015,,rear_end_collision,clear,2024-07-26,False,1,0,3136.35,paid,3019.16,0,
CM004739,CL000042,VH002964,PR000247,PR000012,,single_vehicle,fog,2025-11-06,True,0,1,5911.74,paid,5888.36,0,
CM006244,CL003611,VH000027,,,PR000193,multi_vehicle_pileup,clear,2024-11-26,True,0,0,7607.69,paid,6933.54,0,
CM007158,CL001247,VH002754,PR000051,PR000005,,single_vehicle,rain,2024-07-20,True,1,0,2863.91,paid,2670.67,0,
CM005969,CL001700,VH002612,,PR000131,,rear_end_collision,clear,2024-08-02,False,0,0,4393.63,paid,4105.79,0,
CM005925,CL000733,VH002468,,PR000140,,sideswipe,rain,2025-11-22,False,1,2,5066.62,paid,4626.6,0,
CM005068,CL000692,VH000832,,,,multi_vehicle_pileup,clear,2024-04-01,True,0,3,6587.72,paid,6349.86,0,
CM007592,CL000387,VH001366,PR000153,,,single_vehicle,clear,2025-02-10,True,0,0,5635.78,paid,5538.98,0,
CM004412,CL000376,VH002149,,PR000160,,sideswipe,clear,2023-06-01,True,0,0,2439.48,paid,2376.55,0,
CM006112,CL001434,VH002562,PR000103,PR000067,,single_vehicle,clear,2023-11-03,True,1,0,7573.05,paid,7499.24,0,
CM000816,CL003993,VH001049,PR000066,PR000161,PR000054,parking_lot,rain,2023-02-15,True,0,3,1821.16,paid,1718.16,0,
CM005523,CL002291,VH003084,,PR000037,,parking_lot,rain,2025-10-08,True,1,2,13549.42,paid,12341.66,0,
CM000619,CL002519,VH002080,PR000008,PR000173,,parking_lot,fog,2023-07-16,True,0,0,4461.46,paid,4042.19,0,
CM005457,CL000017,VH000434,PR000219,PR000169,,single_vehicle,clear,2025-02-26,True,0,0,3567.46,paid,3564.41,0,
CM002580,CL001058,VH000080,,,,parking_lot,clear,2025-12-17,True,0,1,16705.01,paid,15417.22,0,
CM006540,CL002573,VH002966,,PR000013,,parking_lot,clear,2025-04-13,True,0,0,6945.92,under_review,,0,
CM006895,CL003370,VH001125,,PR000109,,sideswipe,rain,2025-06-07,True,0,2,2017.11,paid,1895.98,0,
CM001043,CL001474,VH000177,PR000035,PR000209,,sideswipe,clear,2025-05-24,True,0,0,2633.15,paid,2478.39,0,
CM002277,CL000785,VH003347,PR000149,,,single_vehicle,clear,2024-10-19,True,0,0,2401.49,paid,2201.92,0,
CM004535,CL001823,VH003950,PR000026,,,sideswipe,clear,2024-05-19,False,2,1,1511.06,paid,1374.78,0,
CM001935,CL000105,VH001871,,PR000194,,sideswipe,clear,2024-10-21,True,2,0,5514.18,paid,5306.54,0,
CM001075,CL002998,VH003406,PR000025,PR000124,,multi_vehicle_pileup,snow,2025-08-04,True,1,1,4605.41,paid,4517.23,0,
CM001397,CL001487,VH003902,PR000033,PR000176,,sideswipe,clear,2023-07-06,True,1,1,3530.74,paid,3214.49,0,
CM007486,CL002121,VH003289,,PR000121,,sideswipe,rain,2024-11-26,True,0,1,2353.55,paid,2177.91,0,
CM008841,CL001329,VH001967,PR000244,PR000083,,sideswipe,clear,2024-01-15,True,1,0,7539.13,paid,7119.11,1,RING017
CM003154,CL002811,VH000700,,PR000062,,rear_end_collision,fog,2024-03-07,True,0,0,1617.62,paid,1615.06,0,
CM000180,CL003850,VH001385,PR000082,PR000094,,rear_end_collision,rain,2023-02-14,True,0,0,7529.59,paid,7336.23,0,
CM008243,CL001579,VH001374,PR000035,PR000108,PR000175,parking_lot,clear,2025-07-21,True,0,2,1701.39,paid,1662.18,0,
CM006182,CL001902,VH001559,PR000167,PR000140,,single_vehicle,clear,2023-11-11,True,3,2,7969.53,paid,7888.74,0,
CM003273,CL001315,VH000054,PR000113,PR000058,,multi_vehicle_pileup,clear,2024-03-15,False,0,1,6565.97,paid,6205.32,0,
CM006400,CL001852,VH000510,,,PR000101,parking_lot,clear,2025-05-11,True,0,0,5397.41,paid,5343.43,0,
CM008392,CL002703,VH001458,PR000004,PR000110,,rear_end_collision,rain,2025-11-04,True,0,2,4754.35,paid,4320.21,0,
CM004576,CL001615,VH003328,PR000010,PR000069,PR000135,rear_end_collision,rain,2025-10-14,True,0,1,2524.35,paid,2296.33,0,
CM006365,CL000124,VH002133,PR000057,PR000226,,sideswipe,clear,2025-09-19,True,0,0,4266.61,paid,4240.82,0,
CM001533,CL002302,VH003648,PR000081,PR000111,PR000141,sideswipe,fog,2025-01-26,True,0,1,5697.52,paid,5595.73,0,
CM008798,CL000329,VH001804,PR000106,PR000203,PR000230,sideswipe,clear,2024-01-24,False,2,0,3063.57,paid,3047.2,1,RING015
CM002989,CL000631,VH003235,PR000051,PR000123,,single_vehicle,clear,2023-04-05,False,0,0,1923.35,paid,1905.42,0,
CM004914,CL001108,VH000990,PR000198,PR000055,,parking_lot,clear,2023-01-22,True,0,2,2960.24,paid,2743.9,0,
CM003152,CL003630,VH002673,,,,single_vehicle,fog,2023-08-11,True,0,0,952.59,paid,898.44,0,
CM008027,CL003043,VH002614,PR000247,PR000203,,multi_vehicle_pileup,fog,2023-03-18,True,0,1,812.7,paid,769.96,0,
CM003648,CL000802,VH002910,PR000003,,,multi_vehicle_pileup,fog,2023-09-10,False,0,0,902.43,paid,814.35,0,
CM001536,CL002951,VH002051,,PR000091,,sideswipe,rain,2025-09-27,True,1,2,5880.27,paid,5734.77,0,
CM001346,CL003909,VH003456,,PR000243,,single_vehicle,rain,2025-12-25,True,0,0,8339.17,paid,7662.32,0,
CM002373,CL002851,VH002419,,PR000173,,single_vehicle,clear,2025-11-30,True,0,0,1790.0,paid,1701.11,0,
CM003962,CL003033,VH002779,PR000247,,,single_vehicle,clear,2024-05-16,True,0,1,12731.65,paid,12323.74,0,
CM006157,CL002860,VH003396,PR000076,PR000207,,multi_vehicle_pileup,rain,2023-04-08,True,0,0,4240.47,paid,4129.17,0,
CM002320,CL003768,VH002629,PR000103,,,parking_lot,clear,2025-03-11,True,0,1,2885.12,paid,2785.54,0,
CM006872,CL002214,VH001612,PR000136,PR000012,,sideswipe,clear,2024-02-01,True,0,0,10649.9,paid,9881.95,0,
CM008396,CL002142,VH000770,PR000063,PR000205,,single_vehicle,rain,2024-01-20,True,0,1,5513.13,paid,4984.95,0,
CM005571,CL003842,VH002399,PR000063,PR000197,,rear_end_collision,rain,2025-08-01,True,0,1,3892.67,under_review,,0,
CM005631,CL000530,VH002989,PR000008,PR000024,,parking_lot,fog,2025-10-23,True,1,1,3635.71,paid,3577.53,0,
CM002234,CL001582,VH001285,PR000033,PR000194,,single_vehicle,clear,2024-05-23,True,0,1,2334.59,paid,2310.65,0,
CM006307,CL003278,VH002435,,PR000226,,multi_vehicle_pileup,clear,2023-01-06,True,0,0,1249.93,paid,1152.25,0,
CM004140,CL001239,VH003972,,PR000221,,rear_end_collision,clear,2025-09-22,True,0,2,6164.92,paid,6111.3,0,
CM001278,CL001386,VH001395,PR000051,PR000032,,multi_vehicle_pileup,rain,2023-10-09,True,0,0,558.48,paid,547.35,0,
CM006727,CL003907,VH002789,PR000043,PR000071,PR000122,rear_end_collision,clear,2025-10-27,True,1,0,13109.27,denied,0.0,0,
CM006046,CL003013,VH003600,,PR000151,PR000185,rear_end_collision,clear,2024-03-02,True,0,0,3282.39,paid,2983.47,0,
CM008331,CL001559,VH003117,,PR000224,,parking_lot,clear,2023-07-03,True,0,0,1706.5,paid,1594.14,0,
CM004295,CL002884,VH002997,PR000066,PR000040,,sideswipe,rain,2023-05-10,True,0,0,832.59,paid,782.0,0,
CM003581,CL003803,VH001720,,PR000069,,multi_vehicle_pileup,rain,2023-09-08,False,0,2,1291.11,under_review,,0,
CM001481,CL003721,VH002459,PR000171,PR000183,,single_vehicle,clear,2025-08-08,True,0,1,6384.91,paid,5868.55,0,
CM000746,CL000181,VH001674,PR000223,PR000151,,single_vehicle,snow,2023-07-01,True,1,0,1906.8,paid,1829.26,0,
CM003575,CL001222,VH003266,PR000235,,,rear_end_collision,rain,2023-12-12,True,0,1,982.5,paid,914.21,0,
CM008864,CL003488,VH003036,PR000049,PR000045,,multi_vehicle_pileup,rain,2024-08-23,True,2,0,3037.46,partially_paid,1246.56,1,RING018
CM001840,CL002579,VH002024,,PR000207,,parking_lot,clear,2025-08-22,True,0,2,3773.36,paid,3429.02,0,
CM002865,CL000545,VH001023,PR000149,PR000062,,parking_lot,snow,2023-08-21,True,0,2,4406.85,under_review,,0,
CM002570,CL003693,VH001381,,PR000028,,multi_vehicle_pileup,clear,2024-01-05,True,0,2,6279.66,paid,6247.81,0,
CM006790,CL001384,VH002423,,,,rear_end_collision,rain,2024-05-30,True,0,1,2171.19,paid,2127.51,0,
CM000748,CL002572,VH000170,PR000244,PR000199,,parking_lot,clear,2024-09-07,True,0,0,6465.37,paid,5907.44,0,
CM002946,CL002247,VH002476,PR000014,PR000169,,parking_lot,clear,2024-09-12,True,0,0,2261.29,paid,2042.09,0,
CM008449,CL001423,VH003716,PR000146,PR000105,,single_vehicle,clear,2024-01-23,False,0,0,1173.96,partially_paid,717.32,1,RING001
CM002544,CL000659,VH003816,,PR000242,,parking_lot,clear,2023-12-03,True,1,3,1629.44,paid,1611.44,0,
CM008195,CL000041,VH000777,PR000082,PR000243,,parking_lot,clear,2025-08-20,True,0,0,2589.9,paid,2459.03,0,
CM003781,CL000218,VH002345,PR000235,PR000199,,sideswipe,clear,2023-04-29,True,0,1,6357.66,paid,6298.86,0,
CM004240,CL003666,VH003743,,PR000143,,sideswipe,clear,2023-12-22,True,0,0,2858.15,paid,2820.82,0,
CM002756,CL003085,VH003268,PR000127,PR000124,,rear_end_collision,clear,2025-04-09,True,2,1,7685.92,paid,6949.88,0,
CM001164,CL003881,VH002978,PR000127,PR000183,,multi_vehicle_pileup,clear,2024-08-25,True,2,1,2829.23,paid,2807.39,0,
CM006544,CL002200,VH002386,PR000119,,,rear_end_collision,clear,2024-09-19,True,0,0,5902.23,paid,5882.29,0,
CM008921,CL002800,VH000671,PR000129,PR000128,,sideswipe,clear,2024-04-17,False,0,0,3325.11,denied,0.0,1,RING021
CM004871,CL001326,VH002918,PR000096,PR000109,,sideswipe,clear,2024-02-07,True,2,0,1689.82,paid,1688.07,0,
CM008543,CL003100,VH002339,PR000214,PR000115,PR000147,multi_vehicle_pileup,rain,2024-01-01,False,0,0,862.79,denied,0.0,1,RING004
CM007235,CL001129,VH002564,PR000085,PR000079,,single_vehicle,clear,2023-12-29,False,0,1,2915.36,under_review,,0,
CM007476,CL003039,VH001177,PR000025,PR000040,,sideswipe,rain,2025-10-25,False,0,1,4556.01,paid,4504.61,0,
CM004583,CL001691,VH001620,,,,multi_vehicle_pileup,rain,2023-04-06,False,0,0,4119.4,under_review,,0,
CM008581,CL003432,VH001660,PR000064,PR000000,,single_vehicle,fog,2023-06-16,True,0,0,4949.39,under_review,,1,RING005
CM003306,CL002781,VH000340,PR000208,PR000226,,sideswipe,clear,2024-01-13,False,0,1,9033.66,under_review,,0,
CM006172,CL002666,VH001751,PR000168,,,parking_lot,clear,2024-03-07,True,0,0,2175.43,paid,2029.13,0,
CM001599,CL000531,VH002191,PR000238,PR000086,,parking_lot,rain,2025-06-21,True,0,0,9713.87,paid,9572.57,0,
CM007740,CL001332,VH002504,,,,multi_vehicle_pileup,clear,2024-10-31,True,0,1,1853.7,paid,1719.54,0,
CM000301,CL001646,VH001728,PR000076,PR000099,,sideswipe,clear,2025-07-19,True,0,0,4839.68,paid,4560.15,0,
CM001145,CL000137,VH000388,,PR000083,,single_vehicle,fog,2024-05-30,True,2,2,2547.54,paid,2530.83,0,
CM008588,CL001052,VH003754,PR000064,PR000000,,rear_end_collision,rain,2023-06-24,True,1,0,6960.47,partially_paid,3146.7,1,RING005
CM004099,CL002233,VH001048,PR000112,,,rear_end_collision,clear,2024-05-08,True,0,1,2051.58,paid,1865.24,0,
CM002378,CL002895,VH003960,PR000187,PR000194,,single_vehicle,clear,2025-02-14,False,1,0,3625.47,paid,3292.56,0,
CM003916,CL001119,VH000049,PR000076,PR000005,,parking_lot,clear,2024-12-28,False,0,1,1001.5,paid,988.89,0,
CM007692,CL000129,VH003988,PR000233,PR000092,,multi_vehicle_pileup,clear,2024-04-23,True,0,0,744.67,paid,725.03,0,
CM003627,CL003614,VH002803,,PR000245,PR000016,sideswipe,fog,2025-07-04,True,0,1,1763.28,under_review,,0,
CM003308,CL000884,VH002077,PR000048,PR000040,,sideswipe,clear,2023-06-29,True,1,0,11127.29,under_review,,0,
CM004491,CL002982,VH000860,,PR000062,,single_vehicle,clear,2025-09-24,False,1,2,1047.69,paid,979.37,0,
CM003687,CL003348,VH003595,,PR000180,,sideswipe,rain,2025-11-15,True,0,0,12696.06,under_review,,0,
CM004920,CL001691,VH000986,,PR000024,,rear_end_collision,clear,2025-04-13,False,0,1,4869.01,under_review,,0,
CM001360,CL003540,VH003190,,PR000094,,rear_end_collision,snow,2025-01-19,False,0,1,14228.21,paid,14079.61,0,
CM007123,CL000762,VH002782,PR000227,PR000032,,parking_lot,snow,2025-02-13,False,0,2,3693.02,paid,3656.08,0,
CM002442,CL001959,VH002643,PR000171,,,multi_vehicle_pileup,clear,2025-11-16,True,0,1,1617.86,paid,1480.58,0,
CM001158,CL001684,VH001837,PR000104,PR000197,,rear_end_collision,fog,2025-10-02,False,0,0,2293.34,paid,2252.26,0,
CM005501,CL002565,VH002703,PR000148,PR000009,,sideswipe,clear,2025-02-01,True,0,2,2909.83,paid,2899.13,0,
CM000487,CL003735,VH002101,PR000019,PR000194,,parking_lot,clear,2024-01-28,True,0,2,10736.61,paid,9940.09,0,
CM001181,CL001117,VH001755,PR000234,PR000154,,multi_vehicle_pileup,clear,2023-08-20,True,0,0,5076.25,paid,4939.78,0,
CM002302,CL003082,VH003902,PR000001,PR000180,,sideswipe,clear,2025-10-11,True,1,1,5457.78,under_review,,0,
CM003659,CL003854,VH002374,PR000021,PR000173,,multi_vehicle_pileup,clear,2025-09-20,False,0,1,2886.77,under_review,,0,
CM005666,CL003678,VH002057,PR000238,PR000067,,single_vehicle,clear,2024-07-18,True,1,0,2346.17,paid,2111.87,0,
CM002292,CL003050,VH001222,,PR000138,,single_vehicle,snow,2023-08-07,True,1,1,3276.0,paid,3204.18,0,
CM004216,CL003814,VH000561,,PR000108,,sideswipe,clear,2023-11-12,True,0,0,2265.19,paid,2141.37,0,
CM003951,CL001401,VH000600,,,,rear_end_collision,rain,2024-06-18,True,0,0,2998.33,paid,2723.12,0,
CM003083,CL001138,VH002498,,PR000071,,sideswipe,clear,2024-12-07,False,1,1,3934.28,paid,3666.8,0,
CM005337,CL003928,VH003656,,PR000012,,parking_lot,clear,2025-01-25,True,1,0,2281.75,paid,2167.47,0,
CM001153,CL002151,VH002340,PR000114,PR000183,,rear_end_collision,clear,2024-09-09,False,0,1,4656.41,paid,4488.99,0,
CM003839,CL003547,VH002632,PR000035,PR000032,PR000139,rear_end_collision,rain,2023-06-29,True,0,0,2193.89,paid,2122.71,0,
CM003689,CL003639,VH002352,PR000247,PR000087,,rear_end_collision,fog,2024-04-18,True,1,1,1574.6,under_review,,0,
CM002317,CL002396,VH002727,PR000129,PR000124,,single_vehicle,clear,2025-05-31,True,0,1,3127.8,paid,2956.57,0,
CM006208,CL001894,VH000268,PR000214,,,rear_end_collision,clear,2023-08-11,True,2,0,3499.33,paid,3436.39,0,
CM002956,CL002591,VH003623,,PR000181,PR000130,single_vehicle,clear,2025-11-20,True,0,1,3685.72,paid,3595.38,0,
CM001963,CL001364,VH001375,,PR000045,,sideswipe,clear,2025-02-24,False,0,2,4535.94,paid,4297.44,0,
CM006113,CL001456,VH002791,PR000222,PR000069,,sideswipe,clear,2025-08-01,False,0,1,1874.34,paid,1787.62,0,
CM008657,CL001789,VH002386,PR000114,PR000243,,sideswipe,snow,2025-01-25,True,0,1,1377.61,denied,0.0,1,RING009
CM006581,CL000073,VH003684,PR000190,PR000220,,rear_end_collision,clear,2023-10-03,True,0,1,4941.52,paid,4734.97,0,
CM006082,CL002005,VH001673,PR000008,,,single_vehicle,clear,2025-01-08,True,1,0,6071.44,paid,5640.42,0,
CM003762,CL001953,VH001916,,PR000110,PR000054,multi_vehicle_pileup,clear,2023-10-20,True,0,0,1975.82,paid,1918.92,0,
CM008009,CL001384,VH002868,,PR000145,,sideswipe,rain,2023-02-20,True,0,1,1296.26,paid,1224.12,0,
CM004657,CL000065,VH001879,,PR000040,,parking_lot,clear,2025-09-13,False,0,1,721.21,paid,671.9,0,
CM007655,CL001238,VH000810,PR000049,PR000095,,single_vehicle,clear,2023-07-02,False,1,2,1994.88,paid,1928.63,0,
CM007657,CL002474,VH001567,PR000249,PR000108,,single_vehicle,clear,2023-10-04,False,0,0,3888.37,paid,3607.71,0,
CM000666,CL003464,VH003432,PR000006,PR000243,,sideswipe,clear,2023-07-26,True,0,1,2114.79,paid,1953.78,0,
CM005490,CL003260,VH000269,,PR000202,,multi_vehicle_pileup,clear,2023-10-22,True,0,2,7132.51,paid,6421.14,0,
CM004921,CL001499,VH001117,PR000043,PR000028,PR000135,multi_vehicle_pileup,rain,2023-08-21,False,1,1,3310.82,paid,3218.02,0,
CM005757,CL001430,VH000423,PR000152,PR000011,,sideswipe,rain,2023-09-30,False,0,0,8025.44,paid,7464.39,0,
CM000643,CL001881,VH003297,,PR000154,,parking_lot,clear,2025-02-23,True,1,1,815.4,paid,798.69,0,
CM004003,CL000857,VH002914,PR000074,PR000080,,parking_lot,clear,2023-09-09,True,0,0,3761.14,paid,3566.24,0,
CM004310,CL000990,VH001701,PR000051,PR000109,,multi_vehicle_pileup,rain,2025-08-14,False,1,3,1510.02,paid,1422.34,0,
CM000177,CL000077,VH001664,PR000153,PR000107,,multi_vehicle_pileup,clear,2024-07-31,True,0,2,2460.24,denied,0.0,0,
CM002555,CL002867,VH002720,,,,sideswipe,rain,2024-09-12,True,0,1,1809.66,paid,1765.82,0,
CM001953,CL001492,VH001584,PR000214,,,sideswipe,fog,2025-02-07,True,0,0,2664.07,paid,2625.77,0,
CM003956,CL002859,VH002224,,,,multi_vehicle_pileup,rain,2023-11-03,True,0,1,2762.31,paid,2624.5,0,
CM000787,CL002967,VH003061,,PR000197,,rear_end_collision,clear,2023-12-25,True,1,0,2018.51,paid,1999.27,0,
CM007693,CL001599,VH003392,PR000004,PR000160,,single_vehicle,fog,2024-03-11,True,2,0,641.47,denied,0.0,0,
CM000450,CL000929,VH000217,PR000002,PR000160,,rear_end_collision,rain,2025-12-15,True,1,1,3023.94,paid,2749.18,0,
CM005703,CL000738,VH003659,PR000171,PR000095,,rear_end_collision,snow,2025-06-27,True,0,2,2551.69,paid,2338.53,0,
CM003520,CL001953,VH003190,,PR000109,,single_vehicle,snow,2023-07-04,True,1,1,745.28,under_review,,0,
CM008303,CL000813,VH003500,,,,parking_lot,clear,2023-03-08,True,0,3,3283.93,paid,3187.6,0,
CM000338,CL002225,VH003280,,PR000090,,parking_lot,rain,2025-10-08,True,0,0,1867.88,denied,0.0,0,
CM007049,CL003274,VH003644,PR000118,,,single_vehicle,clear,2023-11-29,True,0,1,1020.3,paid,969.1,0,
CM000092,CL000263,VH002144,,PR000201,,multi_vehicle_pileup,clear,2023-03-18,True,1,1,4493.45,paid,4450.95,0,
CM007001,CL001293,VH002324,PR000031,PR000092,,sideswipe,clear,2024-11-15,False,1,0,7799.53,paid,7422.72,0,
CM004554,CL003453,VH003247,,,,parking_lot,clear,2023-03-14,True,1,4,2508.13,paid,2506.46,0,
CM004534,CL000867,VH002016,PR000113,PR000018,,sideswipe,clear,2024-09-28,True,0,0,3983.42,paid,3749.16,0,
CM007039,CL000034,VH001965,,PR000038,PR000139,rear_end_collision,clear,2023-09-10,True,2,0,2906.89,paid,2679.82,0,
CM003027,CL001143,VH000917,,PR000183,,parking_lot,clear,2023-02-02,True,1,0,2668.32,paid,2485.11,0,
CM001972,CL002441,VH001498,PR000231,,,sideswipe,clear,2024-09-21,True,0,0,2239.34,paid,2034.26,0,
CM002869,CL002117,VH002093,,,PR000213,single_vehicle,rain,2023-01-27,True,0,1,6173.52,paid,5783.29,0,
CM000531,CL001312,VH003262,PR000036,PR000161,,single_vehicle,clear,2025-07-05,False,0,1,1611.77,paid,1489.62,0,
CM007426,CL002984,VH000899,,PR000169,,sideswipe,fog,2025-02-25,True,1,1,10851.07,paid,10725.37,0,
CM000997,CL000280,VH002968,PR000233,PR000181,PR000141,sideswipe,clear,2024-01-29,True,0,0,2484.2,paid,2391.99,0,
CM005462,CL000545,VH003885,PR000085,PR000121,,multi_vehicle_pileup,clear,2023-02-20,True,1,3,1216.87,paid,1112.56,0,
CM006350,CL000687,VH000635,PR000096,PR000024,,sideswipe,clear,2023-07-27,True,0,0,2082.52,paid,1997.87,0,
CM002698,CL001242,VH001726,,,,parking_lot,rain,2025-06-30,True,0,0,6174.19,paid,6158.22,0,
CM008283,CL002994,VH002522,,PR000090,,sideswipe,clear,2024-11-13,True,0,1,2707.78,paid,2589.99,0,
CM005752,CL002611,VH000430,PR000106,PR000157,,single_vehicle,clear,2024-08-19,False,0,1,4413.39,paid,4022.75,0,
CM005270,CL002963,VH003007,,PR000183,,rear_end_collision,clear,2025-09-18,True,2,0,883.52,paid,814.87,0,
CM001644,CL002654,VH002143,,PR000199,PR000237,multi_vehicle_pileup,snow,2025-06-15,False,0,0,10568.39,denied,0.0,0,
CM000107,CL002251,VH003703,,PR000111,PR000016,rear_end_collision,clear,2023-11-16,True,1,1,5177.0,paid,5166.67,0,
CM006812,CL001788,VH003242,,PR000210,,sideswipe,clear,2024-04-15,False,0,0,5050.75,paid,4961.92,0,
CM007452,CL002318,VH003990,,PR000211,,single_vehicle,snow,2025-02-11,True,1,0,2745.32,paid,2526.43,0,
CM005341,CL002325,VH000558,,PR000181,,multi_vehicle_pileup,snow,2024-07-03,True,0,1,13248.06,paid,11936.44,0,
CM001428,CL003698,VH001845,,PR000137,PR000130,multi_vehicle_pileup,rain,2023-04-30,True,2,0,2833.48,paid,2749.45,0,
CM001019,CL001527,VH003915,,,,rear_end_collision,clear,2023-11-23,False,3,0,11867.99,paid,11130.67,0,
CM003970,CL001531,VH000998,PR000148,PR000229,,parking_lot,fog,2024-01-27,True,0,3,7321.85,paid,6895.68,0,
CM000132,CL002680,VH001520,,PR000086,,multi_vehicle_pileup,clear,2025-08-18,True,0,0,10380.36,paid,10333.76,0,
CM008576,CL003503,VH001977,PR000064,PR000000,,multi_vehicle_pileup,rain,2023-07-10,False,0,0,3152.41,denied,0.0,1,RING005
CM003721,CL000054,VH003326,,PR000107,PR000185,sideswipe,clear,2025-01-29,True,0,1,3547.61,paid,3306.1,0,
CM006671,CL002304,VH001977,PR000065,PR000107,,sideswipe,fog,2025-01-16,True,1,1,1410.02,paid,1296.41,0,
CM005468,CL000231,VH000183,,PR000062,,multi_vehicle_pileup,clear,2023-07-22,True,0,0,9192.85,paid,8547.64,0,
CM005556,CL000625,VH003538,,PR000137,,sideswipe,clear,2023-11-20,True,1,0,3741.13,paid,3702.89,0,
CM008827,CL002523,VH002729,PR000198,PR000086,,multi_vehicle_pileup,clear,2024-08-23,False,1,1,5906.31,paid,5551.78,1,RING016
CM005661,CL003913,VH000045,,PR000151,,single_vehicle,clear,2025-04-23,False,0,0,4111.06,paid,3815.43,0,
CM003338,CL002150,VH003991,PR000127,PR000038,,parking_lot,clear,2024-11-21,False,1,0,1331.61,paid,1258.85,0,
CM002058,CL003297,VH000723,PR000085,PR000040,,single_vehicle,clear,2023-06-02,True,0,2,6514.91,paid,5984.13,0,
CM001748,CL000538,VH003860,PR000227,PR000009,,rear_end_collision,snow,2023-05-17,True,0,1,4970.51,paid,4732.87,0,
CM008760,CL001510,VH002384,PR000119,PR000197,PR000135,parking_lot,rain,2025-05-07,True,0,0,9985.73,partially_paid,5725.34,1,RING012
CM007789,CL001068,VH002058,PR000070,PR000242,,multi_vehicle_pileup,clear,2023-06-14,False,0,1,5588.67,paid,5520.29,0,
CM008865,CL003488,VH003985,PR000049,PR000045,,parking_lot,clear,2024-09-19,True,0,0,3947.72,denied,0.0,1,RING018
CM005060,CL001771,VH003970,PR000244,PR000218,,rear_end_collision,clear,2025-08-24,False,0,0,4340.48,paid,3992.63,0,
CM007574,CL003626,VH003959,PR000064,PR000225,,parking_lot,rain,2025-06-20,True,0,0,1690.47,paid,1572.98,0,
CM007845,CL003485,VH002972,,PR000203,,single_vehicle,clear,2025-11-06,False,2,0,1299.94,paid,1267.72,0,
CM007839,CL000515,VH002521,,PR000151,,parking_lot,clear,2025-03-27,False,1,0,6352.69,paid,5962.18,0,
CM006831,CL001629,VH001821,,PR000015,,single_vehicle,clear,2024-09-05,True,0,0,4856.78,paid,4791.96,0,
CM000695,CL003061,VH000319,PR000223,PR000204,,parking_lot,clear,2024-01-17,False,0,0,3834.2,paid,3772.15,0,
CM001938,CL001645,VH001924,,,,rear_end_collision,clear,2025-02-23,True,0,0,5553.07,under_review,,0,
CM003539,CL001667,VH001588,PR000186,PR000105,,sideswipe,clear,2025-02-02,False,0,1,645.91,paid,594.63,0,
CM004507,CL001022,VH002026,,PR000142,,rear_end_collision,clear,2023-03-06,False,1,0,10071.84,paid,9825.14,0,
CM001739,CL000039,VH001324,,PR000166,PR000188,sideswipe,clear,2025-07-22,True,0,1,4185.9,paid,4065.24,0,
CM002648,CL000164,VH001704,PR000073,PR000062,,multi_vehicle_pileup,rain,2023-01-27,True,0,1,4938.97,paid,4603.96,0,
CM000168,CL003850,VH003748,,PR000071,,rear_end_collision,clear,2025-06-22,False,1,2,3377.45,paid,3279.86,0,
CM008603,CL001471,VH002626,PR000112,PR000060,PR000139,multi_vehicle_pileup,clear,2023-09-20,False,2,2,3212.77,paid,2995.94,1,RING007
CM000368,CL001263,VH001661,PR000153,PR000091,,single_vehicle,clear,2023-09-01,False,1,1,6663.42,paid,6510.49,0,
CM003134,CL001252,VH000159,PR000219,PR000024,,parking_lot,clear,2024-02-04,True,0,1,1253.48,paid,1141.69,0,
CM007077,CL003796,VH003727,PR000125,PR000000,,multi_vehicle_pileup,clear,2023-12-16,True,0,2,7479.43,paid,6881.07,0,
CM007522,CL003224,VH002813,PR000033,PR000086,PR000215,parking_lot,rain,2025-02-20,False,0,2,2515.05,paid,2446.71,0,
CM002955,CL001832,VH000488,PR000068,PR000145,,single_vehicle,clear,2024-12-22,True,1,2,1547.41,paid,1404.01,0,
CM000836,CL001958,VH002630,PR000077,PR000090,,rear_end_collision,fog,2025-10-25,True,0,0,293.18,paid,287.59,0,
CM001673,CL001806,VH001021,PR000231,PR000067,PR000237,multi_vehicle_pileup,clear,2024-03-26,True,0,2,4883.8,paid,4495.01,0,
CM002253,CL003917,VH003001,PR000003,PR000150,,sideswipe,fog,2023-10-09,False,1,0,4704.06,paid,4434.72,0,
CM004565,CL003074,VH003199,,PR000060,PR000016,single_vehicle,clear,2023-03-06,True,0,1,1992.86,paid,1812.77,0,
CM003974,CL001528,VH000753,PR000064,PR000207,,single_vehicle,clear,2024-04-01,True,0,2,5134.05,paid,4941.42,0,
CM006731,CL000099,VH003019,,PR000199,,single_vehicle,clear,2024-06-14,True,1,2,7574.18,paid,7571.19,0,
CM008466,CL000519,VH001602,PR000146,PR000105,,sideswipe,fog,2024-03-26,False,1,0,891.31,denied,0.0,1,RING001
CM003934,CL001295,VH000317,PR000043,PR000221,PR000102,parking_lot,rain,2025-04-11,True,0,1,10591.79,paid,10197.1,0,
CM006465,CL003985,VH002877,PR000059,PR000184,,multi_vehicle_pileup,clear,2025-12-28,True,0,2,914.39,paid,837.96,0,
CM006313,CL001216,VH000340,PR000098,PR000202,,sideswipe,rain,2025-02-18,False,0,2,8925.08,paid,8922.37,0,
CM008735,CL000217,VH002009,PR000171,PR000087,,single_vehicle,clear,2023-03-01,True,0,1,3029.91,paid,2747.3,1,RING011
CM005819,CL001121,VH003915,PR000195,PR000075,,rear_end_collision,clear,2023-06-25,True,0,3,3536.01,paid,3229.64,0,
CM008004,CL002034,VH002552,PR000096,PR000052,,single_vehicle,clear,2025-11-10,True,1,1,6051.62,paid,5534.19,0,
CM005591,CL001213,VH003005,PR000171,PR000117,,multi_vehicle_pileup,fog,2023-04-01,False,1,2,884.7,paid,857.8,0,
CM005938,CL000464,VH002804,,PR000133,,rear_end_collision,clear,2023-02-13,True,0,0,6799.63,paid,6375.12,0,
CM000101,CL002143,VH003423,,PR000123,,parking_lot,clear,2024-05-10,True,1,1,735.24,paid,716.25,0,
CM004627,CL003089,VH003628,PR000019,PR000205,,multi_vehicle_pileup,fog,2024-07-04,True,1,0,5072.05,paid,5022.06,0,
CM003425,CL003169,VH000258,,PR000109,,sideswipe,rain,2025-01-17,True,1,0,8029.09,paid,7584.19,0,
CM008228,CL001779,VH003567,,PR000099,,rear_end_collision,clear,2024-12-16,True,0,1,6691.87,paid,6200.54,0,
CM002224,CL000473,VH001553,,PR000143,,single_vehicle,clear,2023-08-31,True,0,1,8355.39,paid,7807.16,0,
CM001466,CL002260,VH002899,PR000239,PR000157,PR000185,sideswipe,clear,2025-07-31,True,1,3,1182.33,paid,1100.02,0,
CM008773,CL001112,VH003234,PR000096,PR000121,PR000147,parking_lot,clear,2023-03-10,True,0,0,5705.85,paid,5267.83,1,RING013
CM001745,CL000783,VH001317,PR000206,PR000172,,sideswipe,fog,2024-11-20,True,0,0,3313.01,paid,3189.86,0,
CM007201,CL000401,VH001414,PR000010,PR000142,,rear_end_collision,fog,2025-08-21,True,0,0,1874.42,paid,1861.64,0,
CM007478,CL000830,VH001563,,PR000138,,parking_lot,clear,2025-09-12,True,0,0,1569.65,denied,0.0,0,
CM002151,CL001435,VH001255,,PR000173,,single_vehicle,clear,2024-12-05,True,0,0,7025.13,paid,6543.38,0,
CM006754,CL002859,VH003575,PR000167,PR000191,,multi_vehicle_pileup,rain,2023-06-25,True,1,1,2083.82,paid,2049.69,0,
CM008877,CL003130,VH003129,PR000049,PR000045,,single_vehicle,fog,2024-08-22,False,0,0,2585.4,under_review,,1,RING018
CM002454,CL000343,VH003754,PR000116,PR000108,PR000141,single_vehicle,rain,2025-04-22,True,0,0,2491.11,paid,2434.99,0,
CM007022,CL000428,VH001012,PR000085,PR000173,,single_vehicle,clear,2025-11-02,True,0,1,3361.66,under_review,,0,
CM004232,CL000943,VH000581,PR000116,PR000013,,sideswipe,snow,2025-07-26,True,0,1,8830.64,paid,8727.22,0,
CM008404,CL000525,VH001220,PR000114,PR000013,PR000030,sideswipe,rain,2024-04-17,False,1,0,5351.24,denied,0.0,1,RING000
CM008246,CL002625,VH003563,,PR000091,,multi_vehicle_pileup,snow,2025-10-09,True,1,0,8132.15,paid,7811.7,0,
CM007067,CL000796,VH001379,PR000073,PR000024,,rear_end_collision,clear,2023-08-23,True,0,1,10660.33,paid,9628.3,0,
CM003574,CL002536,VH001940,PR000043,,,parking_lot,snow,2025-06-22,True,0,1,373.17,under_review,,0,
CM002610,CL001922,VH001110,,,,rear_end_collision,clear,2023-08-25,False,0,1,4948.63,paid,4638.16,0,
CM006110,CL002178,VH000799,PR000146,PR000040,,multi_vehicle_pileup,clear,2023-05-09,True,0,1,1676.14,paid,1612.54,0,
CM001204,CL003542,VH000642,,PR000169,,parking_lot,clear,2023-10-22,False,0,0,4645.29,under_review,,0,
CM008242,CL002312,VH002750,,PR000184,,single_vehicle,clear,2025-07-27,True,0,0,1686.87,paid,1644.72,0,
CM001927,CL002349,VH002050,,,,single_vehicle,clear,2023-04-15,True,0,0,5077.24,paid,4870.79,0,
CM005810,CL003524,VH000812,,PR000111,,single_vehicle,clear,2024-09-24,True,0,1,1741.23,paid,1661.82,0,
CM004961,CL000502,VH000260,,PR000131,,single_vehicle,clear,2024-02-17,False,0,1,5097.95,paid,4862.13,0,
CM005724,CL000899,VH003674,,PR000166,,multi_vehicle_pileup,clear,2025-11-22,True,0,0,4550.1,paid,4123.63,0,
CM002499,CL003042,VH000818,,PR000245,,sideswipe,snow,2024-02-20,False,0,0,1439.69,paid,1382.46,0,
CM005742,CL001020,VH000420,,PR000090,,sideswipe,clear,2023-08-31,True,0,0,4993.52,paid,4716.1,0,
CM000806,CL003874,VH000136,PR000033,PR000242,,parking_lot,clear,2023-08-27,True,1,0,3720.18,paid,3690.28,0,
CM003285,CL003266,VH000399,PR000152,,,multi_vehicle_pileup,clear,2024-10-10,True,1,3,2714.13,paid,2557.39,0,
CM002226,CL003311,VH003530,PR000051,PR000047,PR000213,sideswipe,clear,2023-06-02,True,0,1,1288.57,denied,0.0,0,
CM003320,CL003622,VH001351,PR000227,PR000037,,single_vehicle,clear,2023-12-30,False,0,1,2639.95,paid,2501.45,0,
CM006334,CL000272,VH000001,PR000168,PR000176,,rear_end_collision,rain,2024-11-08,True,0,1,4499.16,paid,4353.52,0,
CM003188,CL000011,VH002789,PR000216,PR000091,,single_vehicle,clear,2025-05-14,True,0,2,6619.85,paid,6415.51,0,
CM001243,CL003943,VH000273,PR000116,PR000161,,rear_end_collision,rain,2025-05-22,True,0,0,2034.53,under_review,,0,
CM005612,CL001554,VH000309,,PR000207,,single_vehicle,fog,2024-06-09,True,0,2,588.08,paid,544.76,0,
CM004402,CL000858,VH002700,PR000222,PR000142,,multi_vehicle_pileup,clear,2025-05-05,False,0,1,4463.7,paid,4169.81,0,
CM000548,CL000325,VH001438,,PR000011,,single_vehicle,clear,2025-10-30,True,0,0,2901.61,paid,2687.32,0,
CM000027,CL002618,VH000165,PR000059,PR000058,,parking_lot,clear,2023-02-28,True,0,1,1221.59,under_review,,0,
CM006522,CL003384,VH001849,PR000023,PR000179,,sideswipe,clear,2025-11-30,True,0,1,2521.47,under_review,,0,
CM002772,CL003188,VH003733,PR000021,PR000121,,multi_vehicle_pileup,rain,2023-04-01,True,0,0,4471.68,paid,4358.49,0,
CM006862,CL001096,VH001405,PR000149,PR000069,,parking_lot,snow,2023-02-09,True,2,0,1912.36,paid,1910.82,0,
CM001303,CL003691,VH003752,,PR000132,,sideswipe,clear,2023-05-18,True,0,1,1430.37,paid,1381.5,0,
CM005149,CL001203,VH002378,,,,sideswipe,clear,2023-08-08,True,1,1,2096.19,paid,1988.89,0,
CM002465,CL002222,VH000160,PR000114,PR000132,,rear_end_collision,clear,2023-06-26,True,0,1,6057.73,paid,5535.42,0,
CM001222,CL003120,VH001706,,PR000041,,single_vehicle,clear,2023-10-01,True,0,1,2808.53,paid,2658.0,0,
CM007566,CL000957,VH001973,PR000206,PR000133,,rear_end_collision,clear,2025-01-24,True,1,1,756.45,paid,706.74,0,
CM000438,CL002723,VH001763,PR000081,PR000151,PR000185,sideswipe,snow,2024-08-31,True,0,2,5284.87,paid,4957.49,0,
CM008385,CL001980,VH003610,,PR000092,,single_vehicle,clear,2023-01-24,True,0,0,1979.17,under_review,,0,
CM002985,CL000861,VH002297,,PR000094,,rear_end_collision,snow,2023-01-14,False,0,0,2499.05,paid,2489.31,0,
CM005915,CL003376,VH002584,,PR000086,,rear_end_collision,clear,2025-07-04,True,0,1,3481.64,paid,3444.04,0,
CM004881,CL000677,VH001392,PR000085,PR000110,,parking_lot,fog,2024-01-17,True,0,0,4272.55,denied,0.0,0,
CM004598,CL003014,VH000089,,PR000182,,parking_lot,rain,2023-07-27,True,1,1,1153.22,paid,1076.82,0,
CM007473,CL002395,VH003734,PR000070,PR000032,,rear_end_collision,fog,2023-04-09,True,0,0,870.82,paid,834.72,0,
CM006871,CL002961,VH001675,,PR000142,,sideswipe,rain,2024-04-16,False,0,0,4472.59,paid,4410.99,0,
CM008730,CL000848,VH003410,PR000171,PR000087,,rear_end_collision,clear,2023-02-12,False,0,0,7402.61,paid,6665.01,1,RING011
CM000327,CL000913,VH003156,,PR000038,,parking_lot,clear,2024-08-10,True,0,1,1813.87,paid,1813.43,0,
CM001040,CL000845,VH000219,PR000096,PR000173,,parking_lot,fog,2025-02-27,False,1,0,431.84,paid,388.97,0,
CM006429,CL002890,VH001668,PR000206,PR000199,,single_vehicle,rain,2025-06-24,False,0,2,1270.29,paid,1229.28,0,
CM006634,CL003491,VH002458,,PR000092,,single_vehicle,clear,2025-09-24,True,2,1,6450.22,paid,6274.55,0,
CM001871,CL003491,VH002681,,PR000176,PR000155,single_vehicle,fog,2024-05-30,True,0,1,7658.25,paid,7280.9,0,
CM000535,CL002764,VH001239,PR000112,PR000055,,multi_vehicle_pileup,fog,2023-04-17,True,0,1,2659.92,paid,2637.56,0,
CM005815,CL000229,VH000319,,PR000024,,single_vehicle,clear,2025-01-26,False,0,0,10708.42,paid,9789.46,0,
CM000586,CL003721,VH003242,PR000214,PR000117,PR000215,multi_vehicle_pileup,clear,2024-01-31,True,1,2,3829.21,paid,3796.62,0,
CM008846,CL003334,VH001876,PR000244,PR000083,,rear_end_collision,rain,2024-01-09,True,3,0,5696.86,denied,0.0,1,RING017
CM001704,CL002083,VH000011,,PR000024,,single_vehicle,clear,2024-07-10,False,1,3,3189.24,denied,0.0,0,
CM002860,CL001387,VH001201,PR000127,PR000132,,multi_vehicle_pileup,clear,2024-07-18,True,1,1,2746.89,paid,2589.4,0,
CM006406,CL003312,VH002749,,PR000172,PR000130,multi_vehicle_pileup,fog,2023-12-15,True,0,1,1120.83,paid,1042.02,0,
CM000492,CL001305,VH001537,,PR000005,,rear_end_collision,clear,2024-10-15,True,1,1,5955.18,under_review,,0,
CM004129,CL001849,VH000820,PR000098,PR000131,,rear_end_collision,clear,2023-12-14,True,0,0,11474.68,under_review,,0,
CM006291,CL002395,VH000096,PR000066,PR000086,,multi_vehicle_pileup,clear,2023-01-21,True,0,1,4389.98,denied,0.0,0,
CM007425,CL001297,VH001768,PR000081,PR000011,PR000135,parking_lot,rain,2025-10-07,True,0,0,5430.73,paid,5326.62,0,
CM007164,CL001640,VH003278,PR000064,PR000134,,multi_vehicle_pileup,snow,2024-08-14,True,1,0,3015.31,under_review,,0,
CM003380,CL002737,VH000283,,PR000095,,parking_lot,fog,2025-05-03,True,1,0,5119.53,paid,5034.73,0,
CM002767,CL001995,VH001962,,PR000154,,parking_lot,clear,2024-10-07,True,0,0,5045.95,paid,4999.65,0,
CM001917,CL003880,VH003214,,PR000220,,single_vehicle,clear,2025-07-23,True,0,1,3249.33,paid,2928.04,0,
CM007920,CL000976,VH003781,PR000034,PR000143,,multi_vehicle_pileup,clear,2024-01-18,True,0,0,2727.22,paid,2708.42,0,
CM006042,CL003006,VH000954,PR000004,PR000055,,rear_end_collision,clear,2025-06-10,True,2,1,2090.65,paid,1886.94,0,
CM008697,CL002181,VH002525,PR000104,PR000075,PR000188,sideswipe,clear,2025-08-28,False,2,0,7298.79,under_review,,1,RING010
CM003342,CL000184,VH003717,PR000118,,,rear_end_collision,snow,2023-07-27,True,1,0,6433.45,paid,6346.38,0,
CM002856,CL000777,VH003350,,,,single_vehicle,fog,2025-06-24,False,0,0,2130.6,paid,2074.5,0,
CM003571,CL001939,VH003943,PR000081,PR000095,,rear_end_collision,fog,2024-01-31,True,1,0,2005.84,paid,1971.69,0,
CM000398,CL003951,VH002218,PR000103,PR000052,,single_vehicle,snow,2024-02-25,True,0,1,5138.61,paid,4877.37,0,
CM001318,CL000170,VH003027,PR000114,,,multi_vehicle_pileup,fog,2024-03-03,False,0,1,2112.06,paid,1984.74,0,
CM002795,CL002830,VH003797,PR000238,PR000047,,rear_end_collision,rain,2025-07-02,True,0,0,13223.99,paid,13107.7,0,
CM000122,CL003731,VH003013,,PR000243,,sideswipe,rain,2024-10-11,True,1,0,7293.08,paid,7136.52,0,
CM001567,CL002638,VH001051,,PR000199,,sideswipe,clear,2024-09-01,False,0,1,3662.98,paid,3348.3,0,
CM001985,CL001664,VH000387,,PR000090,,sideswipe,clear,2025-11-05,True,0,0,5429.67,under_review,,0,
CM004464,CL001452,VH002467,PR000113,PR000132,,single_vehicle,rain,2024-11-03,True,0,0,4025.24,paid,3733.04,0,
CM006969,CL000458,VH003675,PR000195,PR000092,,sideswipe,clear,2023-12-08,True,2,1,2125.52,paid,1977.92,0,
CM008136,CL000771,VH003647,PR000006,PR000095,,sideswipe,clear,2024-12-17,False,0,0,2950.6,under_review,,0,
CM000574,CL002111,VH002831,PR000249,PR000180,PR000232,rear_end_collision,clear,2025-05-29,True,0,2,5599.22,under_review,,0,
CM006984,CL001961,VH003440,,PR000069,PR000044,single_vehicle,clear,2024-09-15,True,0,0,3547.49,paid,3513.41,0,
CM007967,CL003441,VH000136,PR000200,PR000145,,single_vehicle,clear,2024-12-09,True,0,1,3084.79,paid,2938.72,0,
CM006347,CL003447,VH000666,PR000249,PR000226,PR000061,parking_lot,clear,2024-01-05,True,0,2,3923.57,paid,3719.37,0,
CM007482,CL001943,VH003425,PR000231,,,parking_lot,fog,2023-04-07,True,1,2,2246.27,denied,0.0,0,
CM001408,CL001991,VH002942,PR000198,,,sideswipe,fog,2025-07-15,True,0,1,6170.7,denied,0.0,0,
CM000536,CL003656,VH000469,,PR000150,,parking_lot,fog,2024-09-06,True,0,0,3103.3,paid,2903.43,0,
CM008272,CL002513,VH001542,,PR000128,,multi_vehicle_pileup,clear,2025-11-30,True,0,2,1067.34,paid,1020.3,0,
CM005635,CL002628,VH003793,,PR000086,PR000188,parking_lot,clear,2025-12-11,True,0,1,3351.41,paid,3174.58,0,
CM001435,CL003180,VH003648,PR000116,,,single_vehicle,clear,2024-09-21,True,0,1,1496.87,paid,1488.93,0,
CM005839,CL003211,VH000465,PR000070,PR000084,PR000147,multi_vehicle_pileup,clear,2025-08-03,True,0,0,3147.15,paid,3106.46,0,
CM001868,CL001853,VH001291,PR000036,PR000228,,parking_lot,rain,2024-08-09,True,0,1,7132.55,paid,6655.11,0,
CM001455,CL003039,VH002725,PR000219,PR000060,,single_vehicle,clear,2024-07-29,True,0,1,4083.03,paid,3952.33,0,
CM003480,CL002800,VH001402,,PR000204,,multi_vehicle_pileup,clear,2025-11-16,True,0,2,5821.49,paid,5486.19,0,
CM002586,CL002938,VH003287,PR000085,,,sideswipe,snow,2024-06-18,True,0,0,3398.86,paid,3199.04,0,
CM001821,CL003556,VH002645,PR000022,PR000038,PR000101,rear_end_collision,snow,2024-01-03,True,0,0,3829.6,paid,3827.99,0,
CM000052,CL000469,VH003367,PR000149,PR000128,,parking_lot,rain,2023-06-26,False,0,0,385.8,paid,374.44,0,
CM004562,CL000293,VH003800,PR000158,PR000226,,multi_vehicle_pileup,clear,2025-10-11,True,0,0,3862.74,under_review,,0,
CM006667,CL001369,VH000407,,PR000151,,rear_end_collision,snow,2025-07-31,True,0,2,3016.86,under_review,,0,
CM000470,CL001172,VH001645,PR000223,PR000165,PR000020,multi_vehicle_pileup,clear,2025-09-30,True,0,1,1986.84,paid,1938.14,0,
CM003996,CL002657,VH000991,,PR000161,,single_vehicle,clear,2023-02-01,True,0,2,1591.7,paid,1501.7,0,
CM005782,CL003214,VH000715,,PR000079,,rear_end_collision,snow,2024-09-04,False,0,0,2813.21,paid,2589.31,0,
CM008180,CL000269,VH003681,,PR000028,,sideswipe,fog,2024-05-09,True,1,1,2445.17,denied,0.0,0,
CM002754,CL000767,VH000978,,PR000242,,single_vehicle,snow,2023-03-14,True,2,0,2033.69,paid,1991.5,0,
CM001859,CL000474,VH000396,PR000170,PR000069,PR000122,sideswipe,snow,2025-09-07,True,0,0,1425.47,paid,1360.53,0,
CM008438,CL000364,VH000213,PR000146,PR000105,,single_vehicle,clear,2024-01-15,False,1,0,4798.08,paid,4463.27,1,RING001
CM000866,CL000588,VH001687,PR000227,PR000018,,rear_end_collision,snow,2024-05-16,True,1,1,1731.43,under_review,,0,
CM006355,CL002615,VH000953,,PR000143,,single_vehicle,clear,2025-01-28,True,0,1,1499.89,under_review,,0,
CM003690,CL002567,VH002101,,,,rear_end_collision,clear,2025-09-04,True,2,0,5779.97,paid,5248.55,0,
CM002496,CL003797,VH003486,,PR000181,,multi_vehicle_pileup,clear,2025-11-08,False,0,0,1754.89,paid,1663.37,0,
CM005107,CL000968,VH001706,,PR000163,,parking_lot,clear,2024-11-09,True,0,2,4232.9,paid,3845.64,0,
CM003661,CL000981,VH002015,,,PR000185,rear_end_collision,clear,2023-11-13,True,0,0,1600.02,under_review,,0,
CM000426,CL000987,VH002127,PR000093,PR000202,,parking_lot,clear,2023-09-06,False,1,0,7621.96,paid,7080.97,0,
CM000189,CL003496,VH001043,,PR000140,,single_vehicle,clear,2025-08-20,True,0,1,2373.57,under_review,,0,
CM008538,CL001800,VH001973,PR000214,PR000115,PR000147,rear_end_collision,clear,2024-01-06,False,2,0,7686.25,denied,0.0,1,RING004
CM002881,CL002209,VH000210,PR000113,,,parking_lot,clear,2024-01-14,False,0,1,6001.7,paid,5610.33,0,
CM000229,CL000063,VH001069,,,,sideswipe,clear,2023-01-01,True,0,1,5851.21,paid,5608.09,0,
CM004300,CL002308,VH001874,,PR000086,,single_vehicle,clear,2024-02-13,True,0,3,1730.75,paid,1717.65,0,
CM001042,CL001803,VH002637,PR000214,PR000027,,parking_lot,fog,2023-01-25,True,0,1,2368.28,paid,2314.5,0,
CM003413,CL000352,VH000568,PR000068,,,rear_end_collision,clear,2024-09-12,True,1,0,2776.78,paid,2765.16,0,
CM002581,CL001203,VH002989,PR000119,,,rear_end_collision,snow,2024-07-08,False,1,1,817.53,under_review,,0,
CM004378,CL001932,VH002458,PR000112,PR000005,,sideswipe,clear,2024-01-02,False,0,2,7369.65,paid,7221.8,0,
CM001906,CL000615,VH002474,PR000112,PR000169,,single_vehicle,snow,2025-01-30,False,1,0,1747.95,paid,1715.64,0,
CM007621,CL001810,VH001102,PR000074,,PR000193,rear_end_collision,clear,2023-01-28,True,1,1,3317.37,paid,3118.58,0,
CM000802,CL002466,VH000193,,PR000178,,parking_lot,clear,2023-05-17,True,1,1,1037.08,paid,1022.52,0,
CM001488,CL002972,VH002384,PR000244,PR000132,,multi_vehicle_pileup,rain,2023-05-21,True,1,2,2625.33,under_review,,0,
CM005577,CL001474,VH003581,PR000222,PR000210,,parking_lot,clear,2025-06-05,True,0,1,8350.41,paid,7863.8,0,
CM001129,CL000032,VH003049,,PR000109,,multi_vehicle_pileup,clear,2023-07-30,True,0,1,2844.44,paid,2708.36,0,
CM003919,CL002613,VH000596,PR000247,PR000115,,parking_lot,clear,2023-11-05,True,0,0,2414.98,paid,2378.62,0,
CM003210,CL001181,VH002203,,PR000241,PR000177,rear_end_collision,rain,2023-02-03,True,0,2,3431.88,paid,3395.43,0,
CM007664,CL001545,VH000384,,PR000028,,parking_lot,fog,2023-05-05,False,0,1,2281.17,paid,2075.36,0,
CM004959,CL001416,VH002092,PR000212,PR000038,,sideswipe,clear,2023-09-02,True,0,0,2871.07,paid,2791.64,0,
CM002997,CL003557,VH002769,,PR000115,,rear_end_collision,clear,2023-08-10,True,0,0,4867.39,paid,4824.87,0,
CM004919,CL000442,VH003790,PR000171,PR000204,,multi_vehicle_pileup,clear,2023-01-15,True,1,2,2988.49,paid,2901.74,0,
CM008561,CL000245,VH002401,PR000064,PR000000,,rear_end_collision,clear,2023-07-15,True,2,0,6452.68,under_review,,1,RING005
CM002145,CL001027,VH000690,PR000233,PR000209,PR000007,rear_end_collision,snow,2023-12-29,True,0,1,3230.96,paid,2939.19,0,
CM005849,CL003315,VH003753,PR000192,PR000204,,multi_vehicle_pileup,clear,2023-07-28,False,1,1,2987.86,under_review,,0,
CM001633,CL002008,VH001556,PR000146,PR000137,,single_vehicle,clear,2025-07-24,True,0,2,1930.7,paid,1853.62,0,
CM003858,CL003393,VH002725,,PR000108,,sideswipe,rain,2025-11-12,True,0,1,3483.59,paid,3412.68,0,
CM000157,CL001263,VH001282,,PR000094,,single_vehicle,snow,2023-03-05,True,1,2,2718.31,paid,2497.76,0,
CM007532,CL001106,VH000330,PR000056,PR000209,,single_vehicle,clear,2023-06-19,True,0,0,4643.21,paid,4479.98,0,
CM002649,CL002538,VH001095,,PR000165,PR000185,rear_end_collision,fog,2025-07-30,True,1,2,7139.7,paid,6543.81,0,
CM004841,CL001668,VH000365,,PR000132,,sideswipe,rain,2023-11-07,True,0,0,7580.5,paid,7150.35,0,
CM005479,CL002131,VH000595,,PR000041,PR000101,multi_vehicle_pileup,rain,2024-03-10,True,1,1,2444.38,paid,2388.18,0,
CM005410,CL001511,VH002654,,PR000197,,single_vehicle,clear,2025-02-04,False,0,0,10753.28,under_review,,0,
CM002252,CL002904,VH000172,PR000236,PR000011,,single_vehicle,rain,2023-12-02,True,0,1,7695.2,paid,7665.54,0,
CM006168,CL002512,VH000568,,PR000142,,rear_end_collision,rain,2023-05-25,True,0,0,3666.44,paid,3384.49,0,
CM004476,CL002639,VH002590,,PR000173,,rear_end_collision,clear,2024-12-07,True,0,0,939.31,paid,879.81,0,
CM002549,CL000438,VH002175,PR000152,PR000075,,parking_lot,rain,2023-09-19,True,0,0,3137.06,paid,2867.75,0,
CM002699,CL001686,VH001787,PR000106,PR000024,,multi_vehicle_pileup,clear,2023-10-03,True,0,0,3187.9,paid,2979.26,0,
CM004997,CL001208,VH002442,PR000217,,,sideswipe,rain,2025-04-05,True,0,3,4723.57,paid,4329.66,0,
CM005390,CL003256,VH000415,,PR000197,,single_vehicle,fog,2024-04-14,True,0,0,1427.93,paid,1327.5,0,
CM004276,CL000448,VH001112,,PR000218,,sideswipe,rain,2024-09-29,True,0,2,5256.09,paid,4908.11,0,
CM006206,CL001360,VH002801,PR000051,PR000199,,single_vehicle,clear,2023-08-06,True,0,1,3817.25,paid,3650.71,0,
CM005419,CL001351,VH000231,,PR000174,PR000177,single_vehicle,rain,2024-01-23,True,1,1,1735.19,paid,1687.91,0,
CM000848,CL002258,VH002649,,PR000225,,rear_end_collision,clear,2025-10-14,True,0,0,5728.36,paid,5441.47,0,
CM007377,CL003208,VH002406,PR000129,PR000011,,rear_end_collision,clear,2025-01-16,False,1,1,10847.43,paid,10755.05,0,
CM008674,CL002964,VH002948,PR000114,PR000243,,rear_end_collision,clear,2025-02-10,False,1,0,3605.91,paid,3322.86,1,RING009
CM000757,CL002589,VH002609,PR000227,PR000221,,sideswipe,clear,2025-02-24,True,0,0,8034.85,paid,7822.95,0,
CM007933,CL003669,VH000966,PR000217,PR000197,,rear_end_collision,clear,2023-09-02,True,1,0,309.06,paid,304.6,0,
CM008815,CL002267,VH002729,PR000198,PR000086,,parking_lot,fog,2024-07-31,True,1,1,6011.62,denied,0.0,1,RING016
CM005698,CL003847,VH003139,,PR000037,,sideswipe,clear,2025-04-30,False,1,0,2092.74,paid,1960.23,0,
CM008837,CL001181,VH001967,PR000244,PR000083,,single_vehicle,clear,2023-12-15,False,0,0,17919.16,under_review,,1,RING017
CM002062,CL003233,VH000765,,PR000011,,multi_vehicle_pileup,clear,2025-09-08,True,0,1,4371.35,under_review,,0,
CM000550,CL001770,VH002303,PR000208,,,multi_vehicle_pileup,snow,2025-01-10,True,0,0,2023.5,paid,2009.34,0,
CM005929,CL001140,VH003013,,,,multi_vehicle_pileup,clear,2023-03-04,True,0,0,6687.21,paid,6074.48,0,
CM007477,CL001028,VH001641,,PR000194,PR000155,multi_vehicle_pileup,clear,2023-10-23,False,0,4,2335.62,under_review,,0,
CM007829,CL003484,VH000831,PR000236,PR000005,,sideswipe,clear,2025-10-17,True,1,2,3979.93,paid,3859.96,0,
CM003904,CL000630,VH001087,PR000051,PR000086,,rear_end_collision,clear,2023-05-05,True,0,2,4770.73,paid,4450.09,0,
CM003551,CL003540,VH002308,PR000217,PR000157,PR000141,rear_end_collision,clear,2023-08-27,True,0,1,860.72,paid,806.71,0,
CM001260,CL003625,VH001181,,PR000199,,rear_end_collision,clear,2023-12-21,True,0,2,1290.65,paid,1207.31,0,
CM006221,CL003642,VH003455,PR000119,PR000117,,single_vehicle,clear,2023-08-24,True,0,2,1225.06,under_review,,0,
CM002276,CL000090,VH001128,PR000022,PR000055,,parking_lot,clear,2023-07-19,True,1,2,7013.12,paid,6793.09,0,
CM006256,CL002912,VH003892,,,,sideswipe,clear,2024-05-06,True,0,0,2424.84,under_review,,0,
CM001025,CL003791,VH003394,PR000171,PR000179,PR000016,sideswipe,clear,2024-03-17,True,1,0,3040.31,paid,2990.79,0,
CM000753,CL003315,VH001135,,PR000079,,multi_vehicle_pileup,clear,2024-10-14,True,0,2,1726.96,paid,1709.04,0,
CM004814,CL000436,VH000887,PR000231,PR000241,,multi_vehicle_pileup,clear,2023-12-31,True,0,1,2873.91,paid,2629.33,0,
CM006411,CL000388,VH000132,,PR000067,PR000193,rear_end_collision,clear,2023-01-25,True,0,0,1146.62,under_review,,0,
CM001952,CL003368,VH000032,,PR000092,,sideswipe,snow,2024-06-24,False,0,1,869.7,paid,866.31,0,
CM008367,CL000489,VH002634,,PR000131,PR000101,parking_lot,clear,2024-01-27,False,0,1,2962.25,paid,2721.61,0,
CM000352,CL002536,VH000316,PR000223,PR000128,,single_vehicle,rain,2025-04-15,False,0,1,3007.16,paid,2792.91,0,
CM001512,CL003886,VH002510,PR000136,PR000028,PR000044,parking_lot,clear,2023-11-02,True,0,0,4364.84,paid,4185.67,0,
CM006131,CL002721,VH003400,PR000231,,,single_vehicle,clear,2023-09-07,True,0,1,3100.76,under_review,,0,
CM003036,CL000342,VH002877,PR000074,,,sideswipe,clear,2024-11-04,False,0,2,7334.2,paid,7314.83,0,
CM008352,CL002110,VH003471,,PR000137,,parking_lot,clear,2025-11-29,True,0,2,1461.59,paid,1447.84,0,
CM000702,CL000038,VH003218,PR000056,PR000224,,multi_vehicle_pileup,clear,2024-03-20,True,0,0,1260.54,paid,1191.82,0,
CM005881,CL000153,VH003062,,PR000241,,parking_lot,clear,2023-08-24,True,0,1,1883.64,paid,1776.78,0,
CM000562,CL002278,VH000607,PR000006,PR000011,,single_vehicle,clear,2024-04-26,True,0,0,1677.48,paid,1672.82,0,
CM004845,CL003013,VH000246,PR000093,PR000092,,rear_end_collision,clear,2025-01-01,False,0,1,3925.82,paid,3656.63,0,
CM003466,CL001949,VH001031,PR000056,,,multi_vehicle_pileup,clear,2025-08-12,True,1,0,8570.77,denied,0.0,0,
CM003261,CL000326,VH000121,,PR000194,,multi_vehicle_pileup,fog,2023-06-11,True,0,1,3051.15,paid,2994.42,0,
CM007368,CL003893,VH001002,,PR000094,,single_vehicle,clear,2024-06-01,True,0,2,6670.39,paid,6156.26,0,
CM005867,CL000212,VH002516,,PR000062,,parking_lot,clear,2024-01-19,True,0,4,2655.17,paid,2527.0,0,
CM001048,CL003655,VH001512,,PR000154,,sideswipe,clear,2024-12-22,True,1,0,3184.82,denied,0.0,0,
CM005289,CL003717,VH002669,PR000149,,PR000016,rear_end_collision,snow,2025-09-18,True,0,1,5213.37,denied,0.0,0,
CM000415,CL000922,VH001409,,PR000165,PR000155,rear_end_collision,fog,2023-07-18,False,1,1,1257.74,under_review,,0,
CM003393,CL000561,VH000051,,PR000075,,parking_lot,clear,2025-12-12,True,0,1,2640.76,paid,2386.25,0,
CM005689,CL003831,VH002062,,PR000050,,sideswipe,clear,2023-05-24,False,2,1,3160.59,paid,3108.82,0,
CM004382,CL002505,VH002234,PR000063,,,parking_lot,clear,2023-11-13,True,0,0,5803.01,paid,5224.38,0,
CM003529,CL003856,VH003022,,PR000080,,multi_vehicle_pileup,clear,2023-03-31,True,1,1,9545.77,paid,8862.04,0,
CM005816,CL002545,VH002654,,PR000107,,single_vehicle,clear,2024-09-10,True,0,0,2443.4,paid,2309.14,0,
CM003942,CL000494,VH002892,PR000004,PR000087,,sideswipe,rain,2023-07-10,True,1,0,9076.18,paid,8860.98,0,
CM005830,CL001705,VH000422,PR000186,PR000207,,rear_end_collision,rain,2023-12-23,True,1,1,3362.63,under_review,,0,
CM002944,CL000769,VH000050,PR000089,PR000181,,multi_vehicle_pileup,clear,2024-10-05,True,0,0,5057.9,paid,4746.69,0,
CM007400,CL001020,VH001538,PR000227,PR000178,,single_vehicle,clear,2025-06-06,False,0,1,4852.39,denied,0.0,0,
CM006466,CL001464,VH003493,PR000031,PR000062,,single_vehicle,clear,2025-08-05,False,0,0,2138.59,paid,2030.74,0,
CM001584,CL003868,VH002953,PR000088,,,rear_end_collision,clear,2023-12-20,True,1,0,4103.54,paid,3833.56,0,
CM001413,CL002147,VH000040,,PR000172,,multi_vehicle_pileup,snow,2024-07-10,True,1,1,3849.39,paid,3819.09,0,
CM006044,CL002898,VH002274,,PR000173,,sideswipe,clear,2024-07-11,True,1,1,3958.28,paid,3938.33,0,
CM002664,CL001599,VH003368,,PR000000,,single_vehicle,clear,2024-11-22,True,0,1,4860.85,paid,4552.04,0,
CM001723,CL001302,VH001201,PR000119,,,single_vehicle,fog,2025-08-02,True,1,0,4477.83,paid,4443.05,0,
CM002808,CL001377,VH002373,,PR000183,,multi_vehicle_pileup,fog,2023-09-03,True,2,1,6282.21,paid,5996.77,0,
CM004801,CL002022,VH003653,PR000017,PR000145,,single_vehicle,clear,2023-03-29,True,0,1,4389.41,paid,4338.71,0,
CM001508,CL003892,VH003351,PR000164,PR000047,,multi_vehicle_pileup,fog,2025-03-11,True,0,0,2146.42,paid,1962.67,0,
CM006212,CL000130,VH000535,,PR000209,,parking_lot,clear,2025-11-20,True,0,1,7901.25,paid,7515.33,0,
CM008053,CL001104,VH002051,PR000081,PR000172,,sideswipe,clear,2025-10-22,True,0,0,3235.08,paid,3153.41,0,
CM001322,CL003017,VH001976,,PR000205,,rear_end_collision,clear,2023-05-26,True,0,1,7728.26,paid,6959.06,0,
CM000843,CL000351,VH002260,PR000217,,,rear_end_collision,clear,2024-09-15,False,0,1,7512.48,paid,6895.32,0,
CM001147,CL003772,VH002989,PR000223,PR000142,,rear_end_collision,clear,2023-10-04,True,0,2,8438.47,paid,8225.43,0,
CM002684,CL000159,VH003288,PR000056,PR000123,PR000175,sideswipe,clear,2025-10-17,False,0,0,9295.98,paid,8707.97,0,
CM007814,CL001391,VH002214,,PR000029,,parking_lot,clear,2023-10-06,True,1,0,7137.96,paid,6705.02,0,
CM000464,CL000077,VH002974,PR000046,PR000075,,multi_vehicle_pileup,snow,2023-01-29,True,1,0,4031.2,paid,3950.29,0,
CM003791,CL003857,VH003842,PR000192,PR000201,,sideswipe,clear,2025-09-12,False,0,0,626.67,paid,595.58,0,
CM005338,CL000566,VH003206,,PR000184,,parking_lot,rain,2023-08-30,True,0,1,1384.19,paid,1369.37,0,
CM008885,CL003343,VH003129,PR000049,PR000045,,multi_vehicle_pileup,rain,2024-09-02,True,1,0,3624.89,paid,3429.2,1,RING018
CM006500,CL001477,VH000854,PR000049,PR000132,,parking_lot,clear,2023-02-20,True,0,3,4038.97,paid,3781.84,0,
CM006647,CL000934,VH001627,,PR000150,,single_vehicle,clear,2023-11-24,True,1,1,5203.81,under_review,,0,
CM007599,CL001395,VH001965,PR000051,PR000160,,single_vehicle,clear,2024-04-07,True,0,0,2345.26,paid,2292.55,0,
CM000379,CL001917,VH003808,PR000036,PR000176,,rear_end_collision,rain,2025-05-08,True,0,0,5624.22,paid,5339.81,0,
CM006495,CL003334,VH002672,,PR000132,,sideswipe,rain,2025-02-22,True,1,0,4680.4,paid,4529.1,0,
CM001336,CL002669,VH002681,PR000082,,PR000232,sideswipe,clear,2025-05-26,True,1,2,1831.54,paid,1725.87,0,
CM001224,CL003277,VH000888,PR000234,PR000067,,sideswipe,clear,2024-02-06,True,0,0,4229.92,paid,3854.64,0,
CM006745,CL003130,VH002667,PR000186,,,rear_end_collision,clear,2023-07-31,False,1,0,5802.34,paid,5458.26,0,
CM002887,CL000499,VH000492,PR000021,,,rear_end_collision,rain,2024-06-23,True,0,1,2405.55,under_review,,0,
CM007523,CL003403,VH003819,PR000119,PR000166,PR000053,parking_lot,clear,2023-09-19,True,1,1,4006.53,paid,3976.14,0,
CM006931,CL002868,VH002396,,PR000115,,multi_vehicle_pileup,clear,2023-09-29,True,0,0,524.22,paid,496.24,0,
CM001812,CL000413,VH002519,PR000170,PR000191,,sideswipe,fog,2024-08-09,False,0,1,4489.66,paid,4448.64,0,
CM006385,CL001983,VH000621,PR000214,PR000090,,single_vehicle,clear,2023-04-16,True,0,2,5954.22,under_review,,0,
CM005050,CL001204,VH000485,,PR000071,,rear_end_collision,clear,2024-02-13,True,1,2,7082.71,paid,6680.61,0,
CM003207,CL001620,VH000948,PR000171,PR000117,,rear_end_collision,clear,2023-08-07,False,1,1,3809.34,paid,3589.73,0,
CM001895,CL003080,VH000634,,PR000154,,parking_lot,rain,2023-09-17,True,0,0,3588.61,paid,3535.77,0,
CM006649,CL000032,VH001438,,PR000024,,single_vehicle,rain,2023-03-27,True,1,0,5988.43,paid,5860.62,0,
CM007744,CL003189,VH003003,PR000001,PR000210,,multi_vehicle_pileup,fog,2024-10-20,True,0,1,10351.15,paid,10285.62,0,
CM004503,CL002842,VH002362,,PR000174,,rear_end_collision,rain,2023-10-18,True,2,1,2408.75,paid,2255.05,0,
CM007633,CL003893,VH002878,PR000078,PR000243,,parking_lot,fog,2024-05-20,True,1,1,2666.51,paid,2631.5,0,
CM005954,CL000855,VH001079,,,,parking_lot,clear,2024-09-01,True,0,2,3680.91,paid,3371.53,0,
CM003099,CL002046,VH002924,PR000216,PR000176,,single_vehicle,clear,2025-03-24,True,0,1,5110.98,paid,4831.66,0,
CM001190,CL001480,VH000135,PR000236,PR000165,,parking_lot,clear,2024-03-17,True,0,0,991.92,paid,899.79,0,
CM006569,CL001209,VH003623,PR000031,,,single_vehicle,snow,2023-07-02,True,0,0,3078.55,paid,3059.97,0,
CM000899,CL001618,VH001663,,PR000047,,single_vehicle,clear,2024-09-16,True,0,0,5144.99,under_review,,0,
CM003366,CL003009,VH003880,,PR000169,,parking_lot,clear,2023-05-15,False,0,1,6481.89,paid,6379.58,0,
CM005868,CL000877,VH000516,PR000152,PR000138,,rear_end_collision,clear,2024-12-28,True,0,0,2132.02,paid,2111.96,0,
CM002716,CL003676,VH003713,PR000248,PR000009,,parking_lot,clear,2024-12-18,False,0,0,4282.35,paid,4169.61,0,
CM006480,CL001543,VH003382,,PR000000,,sideswipe,clear,2025-05-17,True,0,1,6665.83,paid,6496.66,0,
CM005215,CL003093,VH003716,PR000057,PR000194,,single_vehicle,clear,2025-11-21,False,0,0,4606.6,paid,4200.57,0,
CM007796,CL003220,VH003539,PR000149,PR000087,,sideswipe,clear,2025-04-15,False,0,1,2574.49,under_review,,0,
CM005360,CL000436,VH002658,,PR000060,,single_vehicle,clear,2025-05-31,True,0,0,5468.87,paid,5461.02,0,
CM008542,CL003543,VH003087,PR000214,PR000115,PR000147,rear_end_collision,clear,2023-11-26,True,0,0,18894.87,paid,17354.17,1,RING004
CM001031,CL001745,VH000437,,PR000145,,rear_end_collision,fog,2025-04-10,False,1,0,3482.93,paid,3258.45,0,
CM003291,CL003288,VH003716,PR000049,,,sideswipe,rain,2024-12-29,True,0,0,10672.61,paid,9645.13,0,
CM006134,CL003256,VH003399,PR000073,PR000209,,single_vehicle,clear,2024-01-06,True,0,1,14523.99,paid,13557.57,0,
CM006101,CL002293,VH002654,,PR000138,,parking_lot,fog,2023-02-08,True,0,1,3054.52,paid,2920.11,0,
CM008537,CL002974,VH002339,PR000214,PR000115,PR000147,sideswipe,fog,2023-12-31,False,0,0,2714.98,paid,2617.28,1,RING004
CM001756,CL003265,VH003123,PR000159,PR000199,,parking_lot,clear,2023-11-27,False,0,1,766.39,under_review,,0,
CM002623,CL001143,VH002428,,PR000138,,parking_lot,snow,2024-07-14,True,0,1,4094.2,under_review,,0,
CM000232,CL003865,VH002343,PR000078,PR000024,,single_vehicle,clear,2024-11-02,False,0,1,747.67,paid,739.51,0,
CM006027,CL003135,VH003911,,PR000242,,parking_lot,clear,2025-05-02,True,0,0,1157.98,paid,1144.24,0,
CM002578,CL000781,VH000559,PR000206,PR000037,,single_vehicle,rain,2025-10-17,True,2,0,9535.66,paid,9296.25,0,
CM004068,CL001609,VH003406,,PR000042,,multi_vehicle_pileup,clear,2024-05-28,False,0,1,11081.31,paid,10862.79,0,
CM003400,CL000136,VH001649,,PR000218,,single_vehicle,clear,2025-01-07,True,0,0,3077.11,paid,3075.31,0,
CM003033,CL003358,VH001438,,,,parking_lot,clear,2023-06-16,True,0,2,1336.45,paid,1219.25,0,
CM002318,CL001063,VH003853,PR000116,PR000182,,sideswipe,clear,2025-08-05,True,0,2,1566.4,paid,1536.51,0,
CM003579,CL002786,VH002424,,PR000012,,parking_lot,snow,2024-08-24,True,0,0,1536.49,paid,1504.56,0,
CM001516,CL000016,VH001999,PR000023,PR000111,,parking_lot,rain,2024-03-10,True,2,0,6354.78,paid,6016.51,0,
CM000217,CL002093,VH002879,PR000249,PR000094,,sideswipe,clear,2024-05-18,True,0,1,1590.81,paid,1451.24,0,
CM002264,CL002890,VH002735,PR000065,,,multi_vehicle_pileup,clear,2023-04-21,True,1,2,2231.39,paid,2123.19,0,
CM003103,CL000947,VH003212,,PR000084,,sideswipe,rain,2025-03-03,True,0,0,3693.24,paid,3477.56,0,
CM004713,CL000894,VH003513,PR000195,,,rear_end_collision,rain,2023-04-20,True,0,0,577.2,paid,561.53,0,
CM005650,CL003000,VH002636,,PR000128,,rear_end_collision,clear,2023-11-14,True,0,0,845.1,paid,772.34,0,
CM000894,CL003395,VH001348,PR000035,,,parking_lot,rain,2023-09-18,True,0,1,9620.21,paid,9226.69,0,
CM003406,CL002905,VH002979,PR000089,PR000117,,sideswipe,clear,2025-12-23,False,0,0,2137.08,paid,2057.09,0,
CM001851,CL001257,VH000833,PR000233,PR000040,PR000147,parking_lot,clear,2024-07-05,True,0,0,4118.12,paid,3965.85,0,
CM006957,CL002925,VH002487,PR000119,PR000226,,single_vehicle,clear,2023-08-10,True,0,1,8837.45,under_review,,0,
CM003300,CL003966,VH001375,PR000239,,,multi_vehicle_pileup,clear,2025-12-17,True,0,3,2719.41,paid,2473.2,0,
CM000325,CL000206,VH003173,PR000146,PR000174,,multi_vehicle_pileup,clear,2024-01-04,True,0,2,6635.42,paid,6169.2,0,
CM001216,CL000043,VH001477,,PR000117,,sideswipe,fog,2023-07-19,True,1,0,4341.39,paid,4156.0,0,
CM006766,CL001134,VH001281,,PR000058,,single_vehicle,clear,2025-04-14,True,0,2,2505.98,paid,2407.23,0,
CM005609,CL003998,VH003746,PR000144,PR000032,,single_vehicle,clear,2023-09-05,False,0,0,5028.09,paid,4607.85,0,
CM001130,CL002445,VH001254,,PR000041,,multi_vehicle_pileup,rain,2023-06-27,True,0,1,2453.14,paid,2445.43,0,
CM007061,CL002393,VH000531,PR000008,,,parking_lot,clear,2025-12-30,True,0,1,2301.6,paid,2264.48,0,
CM002674,CL001282,VH003586,,PR000109,,single_vehicle,rain,2023-11-21,False,0,1,3995.7,paid,3941.35,0,
CM005472,CL000742,VH000027,PR000236,PR000009,,parking_lot,clear,2025-10-30,True,0,1,5409.65,paid,5292.95,0,
CM000209,CL001141,VH003195,,PR000202,,rear_end_collision,clear,2024-07-30,True,1,0,2250.36,paid,2148.73,0,
CM002400,CL001425,VH002721,,PR000011,,rear_end_collision,rain,2025-02-18,True,0,0,4600.11,denied,0.0,0,
CM000799,CL002133,VH001720,PR000081,PR000199,,sideswipe,clear,2023-02-04,False,0,1,2150.9,paid,2044.84,0,
CM008020,CL003826,VH001184,PR000167,PR000037,,parking_lot,rain,2024-03-05,True,1,2,5033.41,under_review,,0,
CM000735,CL003263,VH003303,PR000125,PR000201,,single_vehicle,clear,2024-12-25,True,0,1,6564.56,paid,6218.15,0,
CM002645,CL002494,VH003957,PR000212,,,multi_vehicle_pileup,clear,2023-05-25,True,0,0,740.96,paid,690.96,0,
CM002652,CL002177,VH002918,,PR000179,,rear_end_collision,clear,2023-12-18,False,1,1,4196.05,paid,4051.29,0,
CM001175,CL003022,VH003973,PR000195,PR000138,,parking_lot,clear,2025-10-02,True,0,1,5106.7,paid,4641.58,0,
CM002685,CL002632,VH002494,PR000153,PR000029,,single_vehicle,rain,2025-06-24,True,0,1,3327.6,paid,3163.12,0,
CM004620,CL002971,VH002440,PR000129,,,rear_end_collision,clear,2025-06-27,True,1,0,2546.17,paid,2340.9,0,
CM003998,CL003171,VH000593,PR000153,PR000041,,rear_end_collision,clear,2023-08-30,True,0,3,4403.87,under_review,,0,
CM006311,CL002075,VH002350,,PR000128,,parking_lot,clear,2025-07-12,True,0,0,2444.19,paid,2251.09,0,
CM003772,CL002847,VH002407,PR000114,PR000180,,parking_lot,clear,2025-01-14,True,0,0,3248.96,paid,3053.71,0,
CM007020,CL000438,VH000997,,,,sideswipe,rain,2023-03-09,True,1,1,4619.35,paid,4257.76,0,
CM003209,CL001287,VH001178,,PR000018,PR000053,rear_end_collision,clear,2025-03-16,True,0,0,4705.23,paid,4440.58,0,
CM000199,CL000991,VH000862,PR000248,,,sideswipe,clear,2024-11-23,False,0,2,672.3,paid,662.63,0,
CM003735,CL000311,VH001387,PR000076,PR000099,,rear_end_collision,rain,2025-07-10,True,0,1,1605.63,paid,1575.75,0,
CM005994,CL000824,VH000051,,,,parking_lot,snow,2025-12-27,True,0,1,748.67,paid,731.24,0,
CM001098,CL002180,VH001457,PR000171,PR000094,,parking_lot,clear,2024-08-05,False,0,0,2208.11,paid,2053.02,0,
CM000549,CL001393,VH002317,PR000152,,PR000230,multi_vehicle_pileup,clear,2025-09-14,True,0,0,3409.62,paid,3208.64,0,
CM002880,CL002498,VH002000,PR000190,,,sideswipe,clear,2023-09-09,False,0,2,3166.19,under_review,,0,
CM002836,CL002593,VH002809,PR000118,PR000180,,sideswipe,clear,2025-01-05,False,0,0,6470.41,under_review,,0,
CM003155,CL000830,VH003740,PR000001,PR000150,,sideswipe,clear,2024-05-19,True,0,1,812.98,paid,785.41,0,
CM005207,CL002036,VH001762,,,,multi_vehicle_pileup,clear,2025-09-23,True,1,2,1595.54,paid,1441.49,0,
CM002315,CL003108,VH001321,PR000006,PR000110,,parking_lot,rain,2024-07-09,True,0,0,1457.47,paid,1406.25,0,
CM005265,CL002289,VH003775,PR000200,PR000060,,multi_vehicle_pileup,clear,2024-01-20,True,0,1,9616.49,paid,9286.88,0,
CM008277,CL003095,VH002179,,PR000094,,single_vehicle,clear,2025-12-17,True,1,0,2921.62,paid,2827.32,0,
CM004692,CL003027,VH001351,,,,rear_end_collision,clear,2025-08-20,True,0,0,446.16,paid,401.97,0,
CM007851,CL001192,VH003962,,PR000105,,multi_vehicle_pileup,clear,2024-05-08,True,1,2,1670.55,paid,1569.31,0,
CM006483,CL001748,VH003979,PR000114,PR000160,,parking_lot,clear,2023-08-04,True,3,1,1808.21,paid,1766.75,0,
CM006216,CL000684,VH000949,PR000164,PR000067,,sideswipe,rain,2023-12-16,False,0,1,3284.83,paid,3035.54,0,
CM000617,CL001999,VH002273,,PR000097,,sideswipe,clear,2025-01-18,True,1,0,2173.21,paid,2132.86,0,
CM008061,CL002006,VH003456,,PR000174,,multi_vehicle_pileup,clear,2024-10-06,True,1,1,6657.06,paid,6082.23,0,
CM000938,CL002044,VH000256,PR000219,PR000040,,multi_vehicle_pileup,clear,2023-04-13,True,0,0,13334.22,paid,12516.98,0,
CM000623,CL002721,VH002693,PR000144,PR000067,,sideswipe,rain,2024-10-21,True,0,1,900.35,paid,880.67,0,
CM006602,CL000912,VH001016,,PR000084,,sideswipe,fog,2025-10-20,True,2,1,2118.1,paid,1964.68,0,
CM006681,CL003309,VH003525,PR000187,PR000161,,sideswipe,clear,2023-12-18,False,0,0,7368.63,paid,6676.3,0,
CM004481,CL000793,VH001702,,PR000181,,parking_lot,clear,2024-11-27,True,0,0,4313.96,paid,4087.47,0,
CM008823,CL003350,VH002729,PR000198,PR000086,,parking_lot,rain,2024-08-14,False,1,0,8592.66,paid,7986.06,1,RING016
CM004695,CL003971,VH002380,PR000231,PR000045,,single_vehicle,rain,2025-09-16,False,0,1,8694.32,paid,8581.05,0,
CM005763,CL000827,VH002124,PR000089,PR000165,,sideswipe,clear,2023-04-07,False,1,0,831.57,under_review,,0,
CM005168,CL000699,VH002735,,PR000128,,sideswipe,clear,2023-02-11,True,1,3,2556.76,paid,2355.06,0,
CM004699,CL002619,VH001740,,PR000058,,multi_vehicle_pileup,clear,2023-12-17,True,0,1,2391.48,paid,2385.56,0,
CM008774,CL000242,VH003234,PR000096,PR000121,PR000147,parking_lot,fog,2023-04-05,False,0,1,1220.84,partially_paid,613.17,1,RING013
CM002202,CL000300,VH001947,PR000073,,,single_vehicle,clear,2023-06-06,True,0,1,4407.53,paid,4244.23,0,
CM008147,CL002923,VH003480,PR000023,PR000013,,multi_vehicle_pileup,clear,2024-03-13,True,0,1,2144.01,paid,2073.89,0,
CM006924,CL002399,VH002889,PR000116,PR000211,,single_vehicle,clear,2023-06-27,True,1,0,3286.29,paid,2968.38,0,
CM008647,CL000933,VH000521,PR000046,PR000201,PR000230,sideswipe,fog,2025-01-12,False,1,0,7622.82,paid,7476.29,1,RING008
CM005762,CL000157,VH003121,,PR000028,,parking_lot,clear,2024-04-05,True,0,0,3770.24,paid,3594.83,0,
CM008883,CL003233,VH002854,PR000049,PR000045,,sideswipe,clear,2024-09-21,False,0,2,1796.56,denied,0.0,1,RING018
CM000479,CL001768,VH001395,PR000148,PR000245,,rear_end_collision,snow,2023-11-23,True,0,0,2114.94,paid,1940.39,0,
CM001353,CL001273,VH001694,,PR000204,,rear_end_collision,fog,2023-10-05,True,0,1,6193.22,paid,6075.18,0,
CM007444,CL003162,VH001200,,PR000132,,parking_lot,fog,2023-08-18,True,0,0,4770.63,paid,4337.16,0,
CM004508,CL000007,VH001648,PR000059,PR000228,,sideswipe,clear,2025-05-20,False,0,1,3757.28,under_review,,0,
CM006907,CL002216,VH002782,,PR000174,,multi_vehicle_pileup,clear,2023-09-22,True,0,1,1810.11,paid,1767.8,0,
CM008445,CL001334,VH002134,PR000146,PR000105,,sideswipe,rain,2024-01-11,False,2,0,4032.25,paid,3652.18,1,RING001
CM007232,CL000340,VH003994,PR000089,,,sideswipe,clear,2024-10-26,True,2,2,1636.24,paid,1567.73,0,
CM001034,CL000969,VH002633,PR000235,,,single_vehicle,fog,2024-07-07,False,0,1,5967.27,under_review,,0,
CM005697,CL003257,VH003241,,PR000191,,rear_end_collision,rain,2023-07-25,True,0,0,2111.64,paid,1982.38,0,
CM003818,CL003184,VH000792,,,,sideswipe,clear,2023-06-02,False,0,0,3320.28,under_review,,0,
CM002603,CL002872,VH003568,PR000098,PR000079,,multi_vehicle_pileup,clear,2023-04-08,True,0,0,2443.98,paid,2250.21,0,
CM006859,CL002059,VH001745,PR000043,PR000062,,rear_end_collision,clear,2025-12-04,True,2,1,2525.63,paid,2450.53,0,
CM006758,CL003082,VH000001,,PR000241,,multi_vehicle_pileup,rain,2025-10-11,True,0,0,3379.72,under_review,,0,
CM008116,CL002036,VH000583,PR000129,,,multi_vehicle_pileup,clear,2023-04-23,True,0,1,1010.61,paid,968.67,0,
CM004419,CL002013,VH003218,PR000208,PR000165,,parking_lot,snow,2025-08-19,False,0,1,3271.69,paid,3267.52,0,
CM005497,CL000292,VH001546,PR000198,PR000124,PR000175,single_vehicle,clear,2024-05-03,True,0,2,8527.47,paid,8373.16,0,
CM006265,CL003173,VH000299,PR000223,PR000203,,parking_lot,fog,2024-03-21,False,0,1,6371.59,paid,6357.56,0,
CM001426,CL000381,VH000843,PR000187,PR000047,,rear_end_collision,clear,2023-10-06,False,1,0,3455.53,paid,3409.62,0,
CM007423,CL001890,VH002302,PR000149,PR000015,,multi_vehicle_pileup,clear,2025-07-28,True,0,2,3677.49,paid,3414.47,0,
CM001872,CL002855,VH000838,PR000244,,,parking_lot,clear,2025-12-22,True,0,0,2122.1,paid,1928.23,0,
CM007293,CL001327,VH002239,,PR000124,,sideswipe,snow,2025-02-23,True,0,1,2023.66,paid,1924.6,0,
CM008563,CL001462,VH001977,PR000064,PR000000,,parking_lot,clear,2023-07-13,False,1,0,5948.2,denied,0.0,1,RING005
CM007251,CL000375,VH000988,PR000127,PR000209,,rear_end_collision,rain,2023-05-01,True,0,0,6894.5,paid,6780.46,0,
CM000528,CL000059,VH001230,PR000236,,,rear_end_collision,fog,2024-07-11,True,0,0,5167.72,under_review,,0,
CM007793,CL001207,VH001143,PR000074,PR000150,PR000016,rear_end_collision,rain,2024-03-25,True,2,0,6057.4,paid,5506.23,0,
CM003993,CL003049,VH000686,PR000206,,,sideswipe,fog,2024-05-19,True,2,1,5500.51,paid,5277.73,0,
CM003133,CL002903,VH003657,PR000192,PR000163,,rear_end_collision,clear,2024-01-12,True,0,0,2024.52,under_review,,0,
CM000221,CL000576,VH000205,PR000227,PR000071,PR000141,parking_lot,clear,2023-02-07,False,0,0,5785.77,paid,5482.09,0,
CM008172,CL001799,VH002790,,PR000131,,parking_lot,clear,2024-08-12,True,0,1,2555.03,paid,2345.57,0,
CM005015,CL000205,VH001998,PR000234,PR000172,PR000061,sideswipe,fog,2024-07-03,True,0,1,2971.85,paid,2927.96,0,
CM003530,CL003641,VH001955,,PR000069,,parking_lot,snow,2024-08-07,True,0,0,4262.2,paid,4050.66,0,
CM002500,CL001270,VH001225,,PR000151,PR000175,rear_end_collision,rain,2024-08-09,True,0,1,3142.64,paid,2867.37,0,
CM007334,CL000827,VH001886,PR000219,PR000197,,multi_vehicle_pileup,clear,2024-12-31,True,1,0,6346.22,paid,6100.62,0,
CM004683,CL003918,VH002553,PR000001,PR000067,,rear_end_collision,rain,2025-12-28,True,0,1,911.66,paid,875.63,0,
CM006226,CL001237,VH003168,PR000043,PR000060,,parking_lot,clear,2023-10-14,True,0,0,2547.82,under_review,,0,
CM006163,CL002096,VH002892,,PR000191,,parking_lot,rain,2023-08-06,True,0,0,3926.54,paid,3639.12,0,
CM005565,CL003939,VH000691,PR000063,PR000029,,parking_lot,clear,2023-02-20,True,0,0,917.34,paid,881.4,0,
CM004788,CL000238,VH000427,PR000129,PR000000,,sideswipe,rain,2023-11-18,True,0,1,638.75,paid,623.02,0,
CM002392,CL000732,VH001002,,PR000018,PR000044,sideswipe,rain,2024-02-03,True,0,1,2707.1,under_review,,0,
CM008212,CL003524,VH002199,,,,multi_vehicle_pileup,clear,2024-10-19,True,0,0,1890.91,paid,1809.38,0,
CM005104,CL003103,VH003851,,PR000201,,single_vehicle,clear,2025-08-12,True,0,2,2428.97,paid,2243.82,0,
CM003969,CL002391,VH001386,PR000031,PR000169,,single_vehicle,rain,2024-03-20,False,1,2,3990.33,paid,3786.34,0,
CM006550,CL002973,VH000926,,PR000184,,single_vehicle,clear,2025-07-12,True,1,0,2832.21,paid,2677.24,0,
CM001555,CL002479,VH001335,,PR000009,,rear_end_collision,clear,2023-11-29,True,0,1,6643.02,paid,6534.99,0,
CM008002,CL001873,VH000367,,PR000202,,rear_end_collision,snow,2023-09-28,True,1,2,2000.76,paid,1882.04,0,
CM002934,CL002081,VH002076,PR000034,PR000071,,rear_end_collision,clear,2025-05-23,True,1,1,4691.49,paid,4344.35,0,
CM003915,CL000304,VH003391,,PR000133,,single_vehicle,clear,2024-02-07,True,2,2,1233.72,paid,1206.06,0,
CM005370,CL003338,VH000912,PR000146,PR000115,PR000232,single_vehicle,clear,2023-06-10,True,0,0,2853.73,paid,2772.35,0,
CM002524,CL000110,VH001152,PR000096,,,single_vehicle,clear,2024-11-18,True,0,1,6935.17,paid,6812.54,0,
CM001678,CL001609,VH002233,,,,single_vehicle,rain,2025-09-09,False,0,1,6204.14,paid,5715.03,0,
CM005083,CL000161,VH002148,PR000078,PR000087,,parking_lot,snow,2025-06-01,True,1,0,4838.17,paid,4443.77,0,
CM007922,CL003969,VH001547,PR000098,PR000197,,parking_lot,snow,2025-10-23,True,1,0,5642.4,paid,5542.22,0,
CM008087,CL001641,VH000235,PR000025,,,multi_vehicle_pileup,clear,2023-04-15,True,2,0,4696.61,denied,0.0,0,
CM002297,CL003359,VH003779,,PR000009,,single_vehicle,clear,2025-06-02,True,0,1,3816.1,under_review,,0,
CM003707,CL003162,VH002655,PR000043,PR000142,,rear_end_collision,rain,2025-11-11,True,0,0,2979.24,paid,2920.54,0,
CM000297,CL002959,VH003954,PR000034,PR000173,,rear_end_collision,clear,2024-05-31,True,0,0,6193.43,paid,6009.92,0,
CM007569,CL002668,VH003902,,PR000165,,rear_end_collision,rain,2025-02-19,True,0,1,8248.34,paid,7591.47,0,
CM000058,CL002908,VH003398,PR000195,PR000220,,sideswipe,rain,2025-04-13,True,1,0,8420.72,paid,7971.33,0,
CM008127,CL000607,VH002980,,PR000160,,rear_end_collision,fog,2023-07-21,True,0,0,5218.59,paid,4857.38,0,
CM006932,CL003874,VH003721,PR000033,PR000169,,single_vehicle,snow,2025-08-19,True,0,2,5148.06,paid,4838.85,0,
CM006848,CL003552,VH001881,,PR000040,,multi_vehicle_pileup,clear,2023-05-19,True,0,0,2523.2,paid,2295.93,0,
CM008077,CL003772,VH001213,PR000051,PR000179,,sideswipe,clear,2025-01-25,True,0,0,6551.92,paid,6086.87,0,
CM008504,CL003679,VH000769,PR000019,PR000071,PR000102,multi_vehicle_pileup,clear,2024-05-13,False,0,0,3255.8,paid,2935.1,1,RING003
CM005305,CL000742,VH003975,PR000088,PR000042,,sideswipe,clear,2025-04-07,False,0,1,4128.38,paid,3858.21,0,
CM005115,CL003931,VH000281,,,PR000188,single_vehicle,rain,2023-01-09,True,0,0,1426.84,paid,1418.1,0,
CM006054,CL003513,VH003643,,PR000060,,multi_vehicle_pileup,snow,2025-04-14,True,0,0,2377.0,paid,2234.91,0,
CM004076,CL002727,VH003191,PR000222,PR000092,,rear_end_collision,clear,2025-12-29,True,1,0,3660.43,paid,3319.71,0,
CM002945,CL003935,VH003607,PR000026,,,single_vehicle,clear,2024-11-23,False,0,1,7152.73,paid,6829.89,0,
CM006514,CL003631,VH002954,,PR000151,,parking_lot,snow,2024-01-11,True,0,1,4194.32,paid,4028.18,0,
CM000649,CL002114,VH002838,PR000217,PR000055,,sideswipe,clear,2023-04-25,True,0,2,2437.26,denied,0.0,0,
CM001371,CL002476,VH001617,PR000186,PR000086,,multi_vehicle_pileup,fog,2023-05-20,True,0,1,7688.77,paid,7264.35,0,
CM005533,CL002310,VH000206,PR000129,PR000132,,parking_lot,clear,2025-12-31,True,0,0,7083.01,paid,6575.47,0,
CM008554,CL000834,VH002942,PR000064,PR000000,,rear_end_collision,rain,2023-06-09,True,2,0,9000.76,denied,0.0,1,RING005
CM005510,CL000339,VH002230,PR000146,PR000197,,multi_vehicle_pileup,rain,2023-11-03,True,0,0,3921.5,paid,3784.87,0,
CM007015,CL002299,VH001089,,,PR000122,multi_vehicle_pileup,snow,2023-12-04,False,0,0,2192.95,paid,2011.18,0,
CM002681,CL001796,VH001842,,PR000045,,rear_end_collision,rain,2025-12-18,True,0,1,8324.29,paid,8202.58,0,
CM000682,CL000462,VH001140,,PR000181,,parking_lot,clear,2024-12-22,False,0,2,2517.36,under_review,,0,
CM000435,CL001454,VH001508,PR000017,,,rear_end_collision,clear,2023-02-01,True,0,1,1083.62,denied,0.0,0,
CM004440,CL002369,VH001670,PR000073,PR000062,,multi_vehicle_pileup,clear,2024-02-25,True,0,0,899.46,paid,837.23,0,
CM003544,CL001216,VH001376,PR000231,PR000080,,single_vehicle,clear,2023-08-14,False,1,0,2998.31,paid,2711.72,0,
CM001490,CL001168,VH003644,,PR000180,,rear_end_collision,rain,2025-03-24,True,0,3,4136.26,paid,3740.62,0,
CM000813,CL003247,VH000133,PR000049,PR000045,,multi_vehicle_pileup,clear,2025-11-20,True,1,0,344.17,paid,319.85,0,
CM001883,CL003295,VH000655,,,PR000215,rear_end_collision,rain,2025-06-07,True,0,3,1370.11,paid,1271.16,0,
CM005982,CL001346,VH003184,PR000217,PR000221,,single_vehicle,clear,2024-01-06,False,0,1,1781.4,paid,1758.76,0,
CM002803,CL003418,VH002920,,PR000201,PR000016,sideswipe,clear,2025-04-21,True,0,0,530.11,paid,502.4,0,
CM001941,CL002363,VH000107,PR000093,PR000226,,sideswipe,clear,2024-06-01,True,1,0,7182.76,paid,6744.6,0,
CM005921,CL003440,VH002198,PR000116,PR000029,,parking_lot,clear,2025-07-08,False,2,3,967.42,paid,883.38,0,
CM005461,CL000096,VH000825,,PR000202,PR000016,single_vehicle,clear,2024-04-30,True,0,0,6324.21,paid,5702.07,0,
CM006741,CL003740,VH001382,,PR000134,PR000193,sideswipe,clear,2024-07-18,True,0,0,3167.51,paid,3003.02,0,
CM001182,CL003231,VH003200,PR000129,PR000183,,multi_vehicle_pileup,rain,2024-04-03,True,0,1,2681.72,paid,2553.43,0,
CM001376,CL001481,VH000145,PR000039,PR000209,,single_vehicle,clear,2023-03-20,True,1,0,9777.04,paid,9350.48,0,
CM006763,CL003163,VH000634,,PR000179,,rear_end_collision,rain,2023-01-22,True,1,1,2467.87,paid,2270.72,0,
CM004251,CL002464,VH002327,PR000096,PR000209,,multi_vehicle_pileup,clear,2023-06-13,True,0,1,1195.44,paid,1128.37,0,
CM000627,CL003199,VH001103,PR000196,PR000042,,parking_lot,snow,2025-05-20,True,0,1,4055.84,paid,3740.0,0,
CM006489,CL003149,VH002128,,PR000060,,multi_vehicle_pileup,clear,2024-07-25,False,0,0,5540.07,paid,5146.47,0,
CM001670,CL000678,VH003318,,PR000150,PR000007,multi_vehicle_pileup,snow,2024-08-09,True,1,0,4780.08,denied,0.0,0,
CM002113,CL000107,VH002508,PR000021,PR000097,,rear_end_collision,clear,2024-08-24,True,0,0,8787.53,paid,8559.6,0,
CM005500,CL000336,VH002327,PR000031,PR000178,,sideswipe,rain,2023-05-22,True,2,1,1204.24,paid,1147.92,0,
CM004386,CL000535,VH001907,,PR000140,,single_vehicle,clear,2024-06-20,True,0,0,3500.77,paid,3461.7,0,
CM005174,CL003410,VH001643,,PR000024,,sideswipe,fog,2024-10-11,False,0,1,4227.41,paid,3887.92,0,
CM000085,CL002202,VH000553,PR000156,PR000050,,multi_vehicle_pileup,clear,2023-04-30,True,0,1,4971.13,under_review,,0,
CM006094,CL002163,VH003927,PR000223,,,sideswipe,clear,2023-03-29,True,1,1,1849.47,paid,1665.83,0,
CM007874,CL002598,VH003481,PR000195,PR000199,PR000122,rear_end_collision,fog,2025-10-01,True,0,0,2423.41,denied,0.0,0,
CM002284,CL002441,VH001025,PR000120,,,sideswipe,snow,2023-05-07,True,0,1,832.17,paid,795.65,0,
CM008808,CL001840,VH001804,PR000106,PR000203,PR000230,parking_lot,fog,2024-01-23,False,0,0,4980.49,denied,0.0,1,RING015
CM006998,CL000910,VH003084,PR000120,PR000242,,parking_lot,rain,2025-10-15,True,0,1,2203.3,paid,2071.92,0,
CM000419,CL003915,VH002340,PR000190,PR000109,PR000185,sideswipe,rain,2023-01-15,False,0,0,545.43,paid,514.51,0,
CM002358,CL003994,VH000549,,,,multi_vehicle_pileup,fog,2025-09-24,True,0,0,1447.95,paid,1393.69,0,
CM005968,CL001187,VH003685,,PR000012,,rear_end_collision,clear,2025-01-07,True,0,2,3176.56,paid,3035.0,0,
CM004195,CL003864,VH000005,PR000098,PR000055,,single_vehicle,snow,2025-12-26,False,0,1,2758.72,paid,2487.9,0,
CM000294,CL002631,VH003996,PR000214,PR000154,,sideswipe,clear,2024-11-15,True,1,1,2535.75,paid,2349.47,0,
CM008432,CL002544,VH002134,PR000146,PR000105,,rear_end_collision,clear,2024-03-04,False,3,0,5795.58,denied,0.0,1,RING001
CM001507,CL002650,VH000648,PR000004,PR000163,PR000213,multi_vehicle_pileup,clear,2023-02-05,True,0,0,1491.26,paid,1406.01,0,
CM008361,CL002719,VH002865,PR000214,PR000087,,single_vehicle,clear,2025-02-23,True,0,0,989.69,paid,902.92,0,
CM005837,CL000267,VH001507,PR000064,PR000218,,parking_lot,clear,2025-07-03,True,0,1,2687.41,paid,2480.98,0,
CM001635,CL002121,VH003297,PR000196,,PR000126,parking_lot,fog,2025-01-25,True,1,1,3027.5,paid,2959.77,0,
CM007322,CL003274,VH001702,PR000223,,,single_vehicle,clear,2024-06-12,True,0,1,1017.17,paid,1009.77,0,
CM003828,CL002239,VH000704,PR000022,PR000243,,sideswipe,clear,2023-12-31,True,0,1,10256.48,paid,9845.35,0,
CM007790,CL002757,VH000046,,PR000015,,sideswipe,clear,2023-06-06,True,0,1,2809.87,paid,2636.96,0,
CM005827,CL000759,VH003217,PR000186,PR000075,,single_vehicle,fog,2025-04-23,True,0,0,2372.28,paid,2268.79,0,
CM001564,CL002882,VH002700,,PR000242,PR000215,multi_vehicle_pileup,fog,2024-06-25,True,0,1,12122.31,paid,11121.31,0,
CM007265,CL000690,VH002433,,PR000123,,single_vehicle,clear,2025-08-28,True,1,2,3156.99,paid,3126.19,0,
CM008050,CL000140,VH003810,PR000002,PR000097,,sideswipe,fog,2025-05-20,False,1,1,1618.13,paid,1609.97,0,
CM001980,CL001243,VH002889,PR000189,PR000099,,sideswipe,snow,2025-03-17,True,0,1,2566.13,paid,2565.31,0,
CM001884,CL003850,VH000952,,PR000092,PR000188,single_vehicle,clear,2024-07-24,True,0,2,6754.58,under_review,,0,
CM000439,CL000710,VH000685,PR000026,PR000220,,parking_lot,fog,2025-01-13,True,0,1,1422.09,paid,1285.38,0,
CM005459,CL001369,VH002613,PR000065,PR000069,,rear_end_collision,clear,2023-07-06,True,0,1,3213.94,paid,3190.08,0,
CM003123,CL001873,VH001490,PR000171,,,multi_vehicle_pileup,clear,2023-11-29,True,0,1,1639.45,paid,1517.04,0,
CM006193,CL002399,VH000780,,PR000140,,sideswipe,clear,2025-12-31,True,0,1,2910.88,paid,2730.71,0,
CM007390,CL000736,VH003568,,PR000205,,sideswipe,snow,2025-04-16,True,0,1,939.87,paid,877.01,0,
CM002281,CL001661,VH003094,,,,parking_lot,clear,2025-11-11,False,0,0,613.26,paid,565.21,0,
CM004305,CL003715,VH003663,PR000019,PR000000,,single_vehicle,rain,2025-11-24,False,0,1,2344.98,under_review,,0,
CM002606,CL001849,VH001358,PR000074,PR000052,,multi_vehicle_pileup,fog,2023-08-23,False,0,0,3028.69,denied,0.0,0,
CM000374,CL003777,VH003386,PR000114,,PR000130,parking_lot,clear,2025-12-06,True,0,0,1575.45,paid,1476.99,0,
CM004127,CL002525,VH001245,PR000065,PR000132,,single_vehicle,clear,2024-12-25,True,0,2,3313.47,paid,3131.99,0,
CM004031,CL002014,VH002425,,PR000201,,parking_lot,clear,2024-11-21,False,0,1,4140.8,paid,3807.32,0,
CM005275,CL002713,VH001254,PR000085,,,multi_vehicle_pileup,clear,2023-03-06,True,0,1,6759.69,paid,6340.09,0,
CM006561,CL003823,VH000687,PR000049,PR000218,,multi_vehicle_pileup,clear,2025-07-11,True,1,2,2126.69,under_review,,0,
CM003107,CL002638,VH003039,PR000190,PR000052,PR000185,single_vehicle,clear,2023-01-27,True,1,0,4300.35,paid,4027.06,0,
CM001785,CL003819,VH000087,,PR000182,,rear_end_collision,clear,2024-12-01,False,1,0,1859.18,paid,1836.17,0,
CM007030,CL000788,VH002570,,PR000145,,multi_vehicle_pileup,clear,2024-01-03,True,0,3,4662.66,paid,4597.1,0,
CM003264,CL003218,VH002305,PR000171,,,rear_end_collision,rain,2024-03-28,True,0,1,6248.69,paid,5755.14,0,
CM003018,CL003549,VH001101,PR000127,PR000226,,rear_end_collision,clear,2025-12-03,True,1,0,6357.35,paid,6054.98,0,
CM005813,CL001220,VH003118,,PR000121,,sideswipe,clear,2025-10-11,True,0,1,2964.71,paid,2753.31,0,
CM005283,CL001979,VH003689,,PR000109,,parking_lot,clear,2023-06-29,True,1,0,2566.23,denied,0.0,0,
CM004776,CL002089,VH002940,PR000006,PR000062,,sideswipe,snow,2025-09-21,True,0,2,2824.72,paid,2596.69,0,
CM002727,CL003720,VH001336,PR000208,PR000000,,single_vehicle,snow,2025-11-30,True,0,0,1412.75,paid,1370.54,0,
CM006884,CL003892,VH003783,PR000001,PR000024,,sideswipe,clear,2023-07-30,True,0,0,2744.88,paid,2630.76,0,
CM008031,CL002094,VH003288,PR000070,PR000220,,parking_lot,clear,2025-07-20,True,0,1,5731.69,paid,5509.05,0,
CM004100,CL001078,VH002952,,PR000194,,rear_end_collision,rain,2023-08-19,True,0,0,4753.28,paid,4727.67,0,
CM002971,CL000657,VH001930,PR000082,PR000246,,rear_end_collision,snow,2023-12-13,True,1,1,7592.53,paid,7397.24,0,
CM006010,CL001887,VH001434,,PR000176,,rear_end_collision,rain,2025-03-31,True,0,1,2396.46,paid,2274.75,0,
CM005010,CL000240,VH002710,,PR000067,,sideswipe,clear,2023-09-09,True,0,2,4435.46,paid,4376.33,0,
CM005197,CL003421,VH003610,PR000247,PR000137,,single_vehicle,clear,2023-04-07,True,0,1,3287.5,paid,2992.8,0,
CM001542,CL002585,VH003085,,PR000086,PR000102,multi_vehicle_pileup,fog,2023-06-27,False,1,1,4329.26,paid,4084.63,0,
CM002629,CL002537,VH003116,PR000148,PR000075,,parking_lot,rain,2024-03-27,True,1,0,2737.03,paid,2487.16,0,
CM000323,CL002699,VH003245,PR000238,PR000133,,multi_vehicle_pileup,clear,2023-06-02,True,1,0,424.1,paid,407.94,0,
CM002032,CL000717,VH000879,,PR000229,,sideswipe,fog,2023-12-31,True,1,1,5808.86,paid,5270.54,0,
CM000994,CL002820,VH002712,,PR000151,PR000213,sideswipe,clear,2023-06-29,True,0,1,3178.66,paid,2970.77,0,
CM005340,CL002416,VH000637,,PR000221,,rear_end_collision,clear,2023-03-22,False,0,1,7740.8,paid,7386.06,0,
CM008539,CL003789,VH001973,PR000214,PR000115,PR000147,parking_lot,clear,2023-12-29,False,0,1,1686.65,denied,0.0,1,RING004
CM008413,CL001268,VH001220,PR000114,PR000013,PR000030,rear_end_collision,clear,2024-04-02,False,2,0,4700.12,under_review,,1,RING000
CM003028,CL003266,VH003198,PR000168,PR000220,,sideswipe,clear,2025-05-29,True,0,0,5766.75,paid,5470.96,0,
CM006659,CL001780,VH000443,,PR000180,,multi_vehicle_pileup,rain,2025-09-07,True,0,0,8739.02,paid,8108.31,0,
CM002185,CL003727,VH000345,,PR000203,,sideswipe,clear,2023-05-24,True,3,0,2413.31,paid,2271.76,0,
CM000111,CL002159,VH003983,PR000004,PR000058,,rear_end_collision,clear,2025-02-09,True,0,2,3729.95,paid,3677.83,0,
CM003862,CL000430,VH003301,PR000152,PR000242,,sideswipe,clear,2025-08-20,True,1,0,4145.21,paid,3781.0,0,
CM005336,CL003221,VH002318,,PR000083,,sideswipe,clear,2024-10-05,True,0,0,3565.59,paid,3330.11,0,
CM001080,CL003687,VH003339,PR000125,PR000040,,sideswipe,clear,2025-07-11,True,0,1,2367.67,paid,2166.42,0,
CM002227,CL000455,VH002476,,PR000115,,single_vehicle,fog,2024-02-17,True,0,1,1744.23,under_review,,0,
CM005706,CL000257,VH001284,PR000159,,,sideswipe,rain,2024-09-05,False,0,0,615.0,paid,590.22,0,
CM008073,CL000831,VH000039,,PR000183,,parking_lot,snow,2025-09-19,True,0,1,5412.57,paid,5321.67,0,
CM005399,CL001315,VH002014,PR000001,PR000203,,multi_vehicle_pileup,rain,2023-05-03,False,0,1,7438.54,paid,7335.44,0,
CM006776,CL002152,VH003406,,,,rear_end_collision,rain,2025-12-29,True,0,1,829.57,paid,764.03,0,
CM001165,CL000331,VH000546,PR000034,PR000086,,single_vehicle,rain,2024-11-28,False,2,0,1156.26,under_review,,0,
CM005308,CL000572,VH000829,PR000057,PR000161,,multi_vehicle_pileup,clear,2024-03-01,True,0,0,673.39,paid,620.76,0,
CM001451,CL001561,VH003674,,,,parking_lot,clear,2023-11-30,True,0,3,3474.48,paid,3294.22,0,
CM007323,CL001243,VH003283,,,,sideswipe,clear,2023-04-30,True,0,0,2472.48,under_review,,0,
CM006546,CL000133,VH000716,PR000200,PR000220,,multi_vehicle_pileup,fog,2023-10-28,True,0,0,1497.63,paid,1436.45,0,
CM006251,CL002947,VH001536,,PR000055,,sideswipe,rain,2024-05-24,True,1,0,3269.46,under_review,,0,
CM005447,CL002946,VH002703,PR000104,PR000013,,parking_lot,clear,2025-07-17,True,0,1,1533.28,paid,1457.35,0,
CM004763,CL002927,VH000903,PR000082,PR000176,PR000185,sideswipe,fog,2025-10-02,True,1,2,5159.98,paid,4723.02,0,
CM003647,CL001653,VH002802,,PR000173,PR000185,multi_vehicle_pileup,rain,2025-03-29,True,0,0,1447.5,denied,0.0,0,
CM006408,CL002372,VH002008,PR000240,PR000045,,rear_end_collision,rain,2023-12-11,False,0,1,1437.8,paid,1411.38,0,
CM006278,CL002665,VH003381,PR000104,PR000018,,rear_end_collision,clear,2024-12-27,True,0,0,4121.93,paid,3761.2,0,
CM003020,CL002604,VH001323,PR000153,PR000169,,multi_vehicle_pileup,clear,2025-09-02,True,1,0,2200.14,paid,2048.61,0,
CM003773,CL001917,VH002499,,PR000029,,single_vehicle,clear,2024-09-07,False,0,0,4611.91,under_review,,0,
CM007421,CL001364,VH003937,,,,sideswipe,clear,2023-11-27,True,0,0,3498.78,under_review,,0,
CM007872,CL003815,VH003043,PR000063,PR000166,,rear_end_collision,fog,2023-08-30,True,0,2,5568.0,paid,5501.48,0,
CM003460,CL000573,VH000091,PR000096,PR000194,PR000007,multi_vehicle_pileup,clear,2025-05-26,True,0,3,3677.75,paid,3663.19,0,
CM001515,CL002498,VH002728,PR000231,PR000161,,sideswipe,clear,2023-12-21,True,1,1,4449.46,paid,4209.46,0,
CM002314,CL001290,VH002536,,PR000132,,single_vehicle,fog,2025-12-05,True,1,0,12172.18,paid,11230.52,0,
CM008101,CL002926,VH001790,PR000214,PR000083,,rear_end_collision,clear,2023-11-16,True,1,0,3188.94,paid,2879.14,0,
CM001452,CL002722,VH002081,,PR000067,,sideswipe,clear,2023-06-24,True,0,1,6202.0,paid,6146.55,0,
CM002021,CL002515,VH003676,PR000144,PR000038,,multi_vehicle_pileup,clear,2025-05-25,False,0,0,3146.94,paid,2907.18,0,
CM007843,CL000067,VH000490,,,,multi_vehicle_pileup,clear,2024-12-31,True,0,0,2497.36,paid,2380.22,0,
CM004529,CL003019,VH000421,PR000022,PR000134,,single_vehicle,clear,2025-01-03,True,0,1,5838.61,paid,5472.1,0,
CM006850,CL003264,VH001072,,PR000224,,single_vehicle,rain,2025-04-15,False,0,0,2519.32,paid,2439.1,0,
CM004424,CL001817,VH003534,PR000026,PR000075,,parking_lot,fog,2023-12-08,False,0,0,674.94,under_review,,0,
CM000839,CL003498,VH000063,PR000235,PR000024,,parking_lot,rain,2025-07-06,True,0,1,979.05,paid,963.17,0,
CM008847,CL003880,VH002854,PR000049,PR000045,,single_vehicle,rain,2024-09-03,False,0,0,4531.6,partially_paid,2493.81,1,RING018
CM002375,CL000131,VH002927,,PR000060,,multi_vehicle_pileup,clear,2025-10-08,False,0,2,2547.83,paid,2340.84,0,
CM004994,CL000339,VH001672,PR000192,PR000045,,rear_end_collision,clear,2024-05-13,True,0,0,4974.03,under_review,,0,
CM008217,CL001412,VH001839,PR000008,PR000045,,parking_lot,clear,2025-11-13,True,1,1,6580.13,paid,6304.75,0,
CM008154,CL001182,VH003876,PR000149,PR000241,,sideswipe,clear,2024-07-13,True,0,1,2678.82,paid,2486.57,0,
CM005260,CL003318,VH001039,PR000072,PR000121,,single_vehicle,clear,2024-06-06,True,0,0,8960.02,paid,8402.64,0,
CM005503,CL001001,VH003202,,PR000181,,single_vehicle,fog,2024-10-14,True,0,0,9988.6,under_review,,0,
CM007243,CL002344,VH003113,PR000118,PR000169,,multi_vehicle_pileup,fog,2023-01-24,False,0,0,5947.33,paid,5577.58,0,
CM000451,CL002382,VH000266,PR000106,PR000199,,parking_lot,clear,2023-09-09,True,0,1,936.07,paid,856.34,0,
CM004374,CL001751,VH001936,,PR000094,,multi_vehicle_pileup,clear,2025-04-15,False,0,0,8620.34,paid,7800.05,0,
CM001715,CL002920,VH001343,,PR000157,,sideswipe,clear,2025-04-02,True,1,0,1488.67,paid,1473.42,0,
CM003211,CL003340,VH002489,PR000022,PR000038,PR000213,multi_vehicle_pileup,snow,2025-09-30,True,0,1,2416.94,paid,2183.85,0,
CM004650,CL001681,VH001377,PR000212,PR000012,,parking_lot,clear,2025-02-15,True,0,1,1561.09,paid,1453.37,0,
CM000340,CL003069,VH001732,PR000103,,,single_vehicle,clear,2023-07-14,True,0,1,6224.57,under_review,,0,
CM003398,CL002389,VH001993,,PR000145,,multi_vehicle_pileup,clear,2025-07-18,True,1,2,5427.36,denied,0.0,0,
CM008282,CL001311,VH003353,PR000019,PR000090,,multi_vehicle_pileup,fog,2025-06-10,True,2,1,3842.1,paid,3702.81,0,
CM008682,CL001453,VH000301,PR000104,PR000075,PR000188,multi_vehicle_pileup,fog,2025-09-14,False,0,1,3575.35,denied,0.0,1,RING010
CM007228,CL003088,VH003741,,PR000045,,parking_lot,clear,2024-05-17,True,0,1,6350.09,paid,6346.77,0,
CM001420,CL001449,VH002079,PR000023,,,multi_vehicle_pileup,clear,2023-06-10,True,1,0,2075.29,paid,2062.38,0,
CM000035,CL000226,VH003088,PR000082,,,parking_lot,rain,2024-08-21,True,0,0,868.72,paid,786.63,0,
CM007163,CL002970,VH003339,PR000008,PR000079,PR000126,single_vehicle,clear,2023-03-07,False,0,1,1993.98,paid,1942.48,0,
CM005541,CL000532,VH001580,PR000043,,,single_vehicle,rain,2024-07-17,True,0,0,3880.61,under_review,,0,
CM006268,CL003393,VH000281,PR000065,PR000166,,single_vehicle,clear,2023-02-16,True,0,1,5807.39,paid,5725.99,0,
CM003470,CL003056,VH002004,,PR000000,,single_vehicle,clear,2023-03-30,True,0,1,4431.33,paid,4128.98,0,
CM001411,CL002295,VH000613,PR000136,PR000194,,multi_vehicle_pileup,clear,2024-01-05,True,0,0,5189.45,paid,4889.6,0,
CM006337,CL001694,VH003555,,PR000145,,multi_vehicle_pileup,clear,2024-06-10,True,0,0,2407.03,paid,2166.37,0,
CM002171,CL002681,VH000597,,,,multi_vehicle_pileup,clear,2025-11-22,True,1,0,3789.15,paid,3489.64,0,
CM004023,CL003572,VH000018,PR000171,PR000205,,single_vehicle,clear,2023-01-02,True,0,0,3465.3,paid,3387.58,0,
CM000890,CL001140,VH002548,PR000035,PR000203,,single_vehicle,snow,2024-11-02,True,0,1,2688.99,paid,2614.74,0,
CM008379,CL002189,VH001820,,PR000131,PR000141,multi_vehicle_pileup,snow,2023-09-01,True,2,1,4997.15,paid,4968.38,0,
CM007924,CL002552,VH003013,PR000019,PR000075,,rear_end_collision,snow,2023-10-08,True,0,0,1481.36,under_review,,0,
CM007981,CL003777,VH000757,,PR000179,,parking_lot,clear,2023-10-01,True,0,1,4855.57,paid,4719.02,0,
CM002245,CL003977,VH001319,PR000190,PR000181,,sideswipe,clear,2024-08-05,True,1,0,5615.15,paid,5344.91,0,
CM003299,CL001158,VH003036,PR000021,PR000142,,parking_lot,snow,2024-06-12,True,0,0,2117.95,paid,2068.14,0,
CM007882,CL003076,VH000530,PR000112,,,sideswipe,clear,2025-12-13,True,0,0,2930.92,paid,2729.49,0,
CM008437,CL003074,VH003622,PR000146,PR000105,,single_vehicle,clear,2024-02-05,True,0,1,2030.73,paid,1991.24,1,RING001
CM005600,CL003061,VH002909,,PR000071,,multi_vehicle_pileup,clear,2024-04-09,True,2,0,2345.16,paid,2132.91,0,
CM000433,CL000931,VH003393,PR000159,,PR000007,parking_lot,clear,2025-02-24,True,0,0,2399.87,paid,2286.59,0,
CM004030,CL003340,VH002229,PR000034,PR000128,,sideswipe,clear,2025-08-23,True,1,3,7009.66,paid,6489.8,0,
CM004049,CL000144,VH002565,,PR000207,,parking_lot,clear,2025-11-07,True,0,1,2040.84,paid,1916.32,0,
CM003856,CL002907,VH003951,PR000081,,,parking_lot,rain,2025-09-17,False,0,2,4888.33,paid,4792.05,0,
CM007513,CL003924,VH002080,PR000196,PR000037,,sideswipe,clear,2025-10-12,True,0,0,10546.34,paid,9902.13,0,
CM007199,CL001097,VH003628,,,,single_vehicle,clear,2024-12-08,False,0,0,3423.03,paid,3157.83,0,
CM002885,CL002985,VH000457,PR000144,PR000115,,single_vehicle,clear,2024-07-15,True,0,1,1904.66,denied,0.0,0,
CM001887,CL002303,VH002322,PR000066,PR000163,PR000232,single_vehicle,clear,2025-11-13,True,0,1,2786.62,paid,2633.93,0,
CM006823,CL000312,VH002370,,,,single_vehicle,clear,2025-02-16,True,0,0,1439.93,paid,1344.54,0,
CM001787,CL000958,VH003861,PR000022,PR000099,,rear_end_collision,rain,2024-07-30,False,2,0,2460.93,paid,2370.16,0,
CM004882,CL002607,VH002716,,,PR000044,parking_lot,clear,2024-12-13,True,0,0,2389.64,paid,2361.33,0,
CM007434,CL000340,VH002101,PR000244,PR000000,PR000054,rear_end_collision,clear,2025-01-10,True,0,0,1031.01,paid,971.66,0,
CM003468,CL002348,VH001537,PR000048,PR000160,,sideswipe,rain,2025-03-28,True,0,2,5076.5,paid,4722.5,0,
CM002182,CL000061,VH002652,PR000096,,,single_vehicle,clear,2025-01-15,True,0,0,2532.12,under_review,,0,
CM004707,CL002420,VH000912,PR000088,PR000110,,multi_vehicle_pileup,clear,2024-09-27,True,0,1,3364.84,paid,3360.03,0,
CM008062,CL000470,VH003061,,PR000080,,sideswipe,clear,2025-12-05,False,0,0,3494.7,under_review,,0,
CM002070,CL001748,VH002525,,PR000191,,single_vehicle,snow,2024-07-30,True,0,0,5450.65,paid,5149.18,0,
CM008716,CL001674,VH002525,PR000104,PR000075,PR000188,parking_lot,clear,2025-08-24,False,1,0,12851.92,paid,12384.64,1,RING010
CM004819,CL003339,VH002708,,PR000172,,single_vehicle,clear,2024-09-29,True,0,0,1010.51,paid,946.22,0,
CM004415,CL000348,VH003416,,PR000154,,rear_end_collision,clear,2024-09-20,False,0,0,4995.72,paid,4804.92,0,
CM000881,CL000472,VH003115,PR000048,PR000142,,multi_vehicle_pileup,clear,2023-06-07,True,1,1,453.98,paid,453.75,0,
CM004160,CL000332,VH003154,PR000043,PR000090,,multi_vehicle_pileup,rain,2025-11-17,True,2,2,5787.99,paid,5768.75,0,
CM003498,CL001407,VH001011,,PR000137,,multi_vehicle_pileup,snow,2025-05-10,True,0,0,4369.29,paid,3970.9,0,
CM003108,CL003666,VH003328,,PR000038,,parking_lot,rain,2024-09-01,True,0,2,5978.12,paid,5917.09,0,
CM006903,CL001320,VH003532,PR000136,PR000221,,sideswipe,clear,2023-10-01,True,0,1,4896.27,paid,4685.27,0,
CM004342,CL001691,VH002014,PR000171,PR000095,,sideswipe,snow,2025-10-06,True,1,2,8986.34,paid,8194.93,0,
CM007485,CL000399,VH002193,PR000023,PR000087,,sideswipe,clear,2025-05-02,True,0,1,4447.58,under_review,,0,
CM002827,CL001490,VH003177,,PR000123,,sideswipe,clear,2023-05-20,True,0,0,1690.98,paid,1638.23,0,
CM004681,CL000295,VH000203,PR000249,PR000226,PR000230,parking_lot,clear,2023-10-02,True,0,0,279.35,paid,254.92,0,
CM006929,CL003731,VH000973,,PR000094,,multi_vehicle_pileup,clear,2024-02-21,True,0,1,7370.28,paid,6772.27,0,
CM001707,CL002697,VH002984,,,,sideswipe,clear,2024-10-19,True,0,0,2812.6,paid,2791.39,0,
CM001159,CL002954,VH001149,PR000076,PR000121,,rear_end_collision,clear,2024-04-09,True,0,0,2384.16,denied,0.0,0,
CM002307,CL001227,VH000861,PR000033,PR000174,,single_vehicle,clear,2025-12-25,True,2,0,5902.22,paid,5551.9,0,
CM007050,CL003833,VH002806,,PR000169,,multi_vehicle_pileup,rain,2025-02-27,False,0,3,2133.19,paid,2078.36,0,
CM007538,CL001796,VH002456,,PR000145,,multi_vehicle_pileup,clear,2023-08-22,True,0,2,3331.0,under_review,,0,
CM005256,CL000352,VH001558,PR000089,PR000107,PR000020,parking_lot,rain,2024-05-16,True,0,0,4216.03,paid,3994.72,0,
CM007248,CL000904,VH001441,PR000120,PR000191,,parking_lot,clear,2025-03-02,False,1,2,2084.65,paid,1974.27,0,
CM007041,CL003122,VH001932,PR000120,PR000174,,rear_end_collision,rain,2025-12-01,False,0,0,3973.5,paid,3951.52,0,
CM003594,CL001988,VH002648,PR000059,PR000084,,parking_lot,clear,2023-01-25,True,1,0,11000.19,paid,10090.36,0,
CM006409,CL002275,VH001900,,PR000058,,multi_vehicle_pileup,clear,2025-05-07,False,0,1,1630.39,under_review,,0,
CM008817,CL000749,VH002729,PR000198,PR000086,,multi_vehicle_pileup,rain,2024-08-14,True,0,0,9314.5,partially_paid,3224.16,1,RING016
CM004478,CL002418,VH001466,,PR000045,,parking_lot,clear,2023-07-11,True,0,2,7423.9,paid,6748.19,0,
CM001565,CL002658,VH000696,,PR000243,,rear_end_collision,clear,2025-02-05,True,0,0,1131.24,paid,1095.13,0,
CM001783,CL002795,VH000081,,PR000242,,parking_lot,clear,2024-10-16,True,1,0,2923.3,paid,2640.94,0,
CM005618,CL001677,VH000610,PR000093,PR000229,,rear_end_collision,clear,2024-10-03,True,1,1,7733.88,paid,7244.49,0,
CM006836,CL003741,VH003681,PR000248,PR000107,,single_vehicle,snow,2024-07-30,False,1,2,6838.1,paid,6258.95,0,
CM006826,CL001475,VH000806,,,,sideswipe,clear,2024-09-02,True,0,0,3891.98,paid,3833.5,0,
CM000905,CL003488,VH000424,,,,sideswipe,clear,2025-05-06,True,0,0,5378.41,paid,4992.67,0,
CM008626,CL001322,VH000847,PR000046,PR000201,PR000230,sideswipe,fog,2025-01-27,False,0,0,2451.81,partially_paid,1007.18,1,RING008
CM003986,CL001646,VH000690,PR000072,PR000121,,multi_vehicle_pileup,clear,2023-01-04,True,1,0,2540.24,paid,2313.27,0,
CM007226,CL000565,VH003777,,PR000094,,rear_end_collision,clear,2025-12-14,True,1,1,5656.07,paid,5253.72,0,
CM004506,CL002876,VH001329,,PR000018,,multi_vehicle_pileup,clear,2025-02-05,True,2,0,3315.78,paid,3057.83,0,
CM002081,CL003482,VH000267,PR000227,PR000197,,parking_lot,rain,2023-01-29,False,1,0,7774.65,paid,7656.92,0,
CM001566,CL003032,VH003327,,PR000226,,rear_end_collision,clear,2024-03-20,True,0,1,6643.23,paid,6232.94,0,
CM005823,CL001111,VH003468,PR000081,PR000210,,rear_end_collision,snow,2023-03-06,False,0,1,2082.25,paid,2056.33,0,
CM003072,CL001665,VH001868,,PR000094,,sideswipe,clear,2025-11-29,True,0,1,6677.8,paid,6378.97,0,
CM005059,CL000629,VH003907,,,,sideswipe,clear,2025-12-26,True,0,2,3874.85,under_review,,0,
CM004623,CL003441,VH003999,,PR000052,PR000188,multi_vehicle_pileup,rain,2024-09-02,True,1,0,3920.34,denied,0.0,0,
CM004899,CL000430,VH001373,,,,parking_lot,clear,2025-02-06,True,0,1,1286.94,paid,1246.82,0,
CM004375,CL003813,VH001456,,PR000173,,parking_lot,clear,2025-06-17,True,0,1,4812.79,paid,4499.52,0,
CM006261,CL001694,VH003597,,PR000109,,parking_lot,clear,2024-03-17,True,0,2,7341.88,paid,7005.4,0,
CM005096,CL002212,VH003154,,PR000108,,multi_vehicle_pileup,clear,2024-02-22,True,0,0,4119.32,paid,3782.4,0,
CM001114,CL000406,VH000841,PR000021,PR000228,,single_vehicle,rain,2023-06-21,True,0,0,2395.17,paid,2382.57,0,
CM002647,CL003797,VH001535,,PR000178,,single_vehicle,clear,2025-08-25,True,0,1,2739.32,paid,2706.73,0,
CM003017,CL000485,VH000585,,PR000123,,sideswipe,fog,2025-02-19,True,0,1,2635.95,under_review,,0,
CM007131,CL001248,VH002375,,,,parking_lot,clear,2023-06-16,False,1,2,6112.69,under_review,,0,
CM003967,CL003061,VH000675,,PR000184,,sideswipe,snow,2023-06-19,True,0,2,551.02,paid,522.49,0,
CM005169,CL001363,VH002316,PR000014,PR000060,,rear_end_collision,clear,2024-01-28,False,1,1,2554.51,paid,2407.4,0,
CM002301,CL001528,VH003440,,PR000202,,single_vehicle,clear,2024-07-09,False,0,0,1243.69,paid,1218.65,0,
CM008426,CL002028,VH000907,PR000114,PR000013,PR000030,parking_lot,clear,2024-05-12,True,0,0,8688.25,denied,0.0,1,RING000
CM000255,CL003521,VH002218,PR000167,PR000225,,sideswipe,clear,2025-03-23,False,0,1,2292.19,under_review,,0,
CM004802,CL003948,VH003024,PR000190,PR000079,,multi_vehicle_pileup,clear,2024-05-05,True,0,0,5379.31,paid,5043.61,0,
CM004124,CL001806,VH000066,,PR000111,,single_vehicle,clear,2024-02-04,True,0,2,5154.65,paid,4786.67,0,
CM006628,CL000724,VH000481,PR000003,PR000220,PR000175,single_vehicle,clear,2023-10-05,True,0,1,8800.98,paid,8661.22,0,
CM008859,CL001958,VH003212,PR000049,PR000045,,sideswipe,clear,2024-09-22,True,1,0,4644.85,paid,4643.69,1,RING018
CM005580,CL003322,VH000961,PR000014,PR000071,,rear_end_collision,fog,2024-12-12,True,1,0,1836.89,paid,1793.0,0,
CM003502,CL001607,VH002433,PR000022,PR000160,,single_vehicle,clear,2025-01-21,True,1,1,10208.95,paid,9629.11,0,
CM005674,CL001071,VH000461,,PR000202,,parking_lot,clear,2023-01-28,True,0,1,3204.43,under_review,,0,
CM005314,CL001990,VH000616,PR000106,PR000028,,sideswipe,clear,2024-05-04,True,2,4,2554.69,paid,2352.11,0,
CM002590,CL002821,VH001397,,PR000041,,parking_lot,clear,2023-04-24,True,0,0,2159.45,under_review,,0,
CM002847,CL000234,VH000217,PR000236,PR000225,,parking_lot,clear,2025-02-18,True,0,0,8824.24,paid,8130.68,0,
CM000304,CL001598,VH002149,PR000051,PR000184,,parking_lot,clear,2023-10-10,True,0,0,4996.82,paid,4894.82,0,
CM007457,CL002838,VH001019,,PR000194,,parking_lot,fog,2023-08-29,True,1,1,7668.75,paid,7215.55,0,
CM003032,CL000826,VH000891,,PR000050,,parking_lot,clear,2023-07-06,True,1,0,1307.16,paid,1294.85,0,
CM005112,CL001199,VH002519,,PR000211,PR000185,sideswipe,clear,2023-10-01,False,0,1,1323.94,paid,1272.4,0,
CM004367,CL003028,VH003100,,,,rear_end_collision,snow,2023-08-18,True,0,0,3164.19,paid,2942.93,0,
CM004962,CL001710,VH003069,,PR000179,,rear_end_collision,snow,2025-01-19,True,1,0,1466.19,paid,1431.59,0,
CM001437,CL000587,VH001695,PR000198,,,rear_end_collision,clear,2024-01-22,False,0,5,642.09,paid,583.37,0,
CM002918,CL001011,VH000530,PR000159,PR000161,,rear_end_collision,clear,2023-11-05,True,0,0,3273.22,paid,3155.35,0,
CM006318,CL002330,VH000726,,PR000166,,single_vehicle,rain,2025-04-21,True,0,1,4961.67,paid,4933.75,0,
CM000377,CL002876,VH003993,,PR000202,,sideswipe,clear,2024-10-22,True,0,1,2383.78,paid,2305.82,0,
CM001870,CL000513,VH001760,PR000088,PR000000,,multi_vehicle_pileup,rain,2023-11-08,True,0,0,5212.99,paid,5142.1,0,
CM003835,CL000099,VH000452,,PR000050,,single_vehicle,rain,2024-09-02,True,0,0,1122.64,under_review,,0,
CM003025,CL000876,VH001952,PR000010,PR000165,,sideswipe,clear,2023-09-02,True,1,0,3797.24,paid,3575.61,0,
CM007929,CL002222,VH003790,,PR000055,,sideswipe,snow,2024-07-15,True,0,1,3154.26,under_review,,0,
CM001659,CL002797,VH002512,,PR000055,,sideswipe,clear,2025-07-15,True,0,1,377.31,paid,347.34,0,
CM000756,CL002082,VH001815,PR000206,PR000202,,parking_lot,clear,2025-05-26,True,1,2,2388.19,paid,2300.6,0,
CM005007,CL000287,VH002625,,PR000069,PR000101,rear_end_collision,snow,2023-07-12,False,1,1,3279.27,paid,3196.14,0,
CM004292,CL002596,VH000124,PR000231,PR000166,PR000054,rear_end_collision,clear,2023-02-21,False,0,1,1627.74,paid,1490.83,0,
CM005191,CL002645,VH001676,PR000240,PR000210,,sideswipe,snow,2023-08-17,True,1,0,1874.0,paid,1856.92,0,
CM000291,CL001010,VH002187,,,,parking_lot,clear,2024-01-30,False,0,0,7721.86,paid,7701.15,0,
CM002237,CL003163,VH003052,PR000118,,,multi_vehicle_pileup,snow,2023-11-02,True,0,0,3970.38,under_review,,0,
CM003318,CL003060,VH003357,PR000158,PR000161,,parking_lot,rain,2025-12-08,False,1,1,3177.46,paid,2992.94,0,
CM006398,CL002613,VH001894,PR000103,PR000055,,sideswipe,clear,2023-07-31,True,1,1,4625.6,denied,0.0,0,
CM002119,CL001175,VH003645,PR000010,PR000161,,multi_vehicle_pileup,clear,2024-04-26,True,0,1,3768.49,paid,3524.02,0,
CM004872,CL002483,VH001277,PR000208,PR000228,,multi_vehicle_pileup,clear,2024-05-08,True,0,0,3181.43,paid,3093.81,0,
CM005521,CL001853,VH001732,PR000103,PR000191,,parking_lot,clear,2025-12-26,True,0,1,3479.24,paid,3341.45,0,
CM000502,CL002973,VH001544,,PR000131,,rear_end_collision,clear,2023-04-13,True,0,2,4300.96,paid,4297.53,0,
CM007011,CL001051,VH002077,PR000144,,PR000162,rear_end_collision,clear,2023-06-21,True,0,0,6349.67,paid,5762.19,0,
CM004954,CL000666,VH000163,,PR000151,,parking_lot,clear,2025-05-24,True,1,0,4084.16,paid,4011.45,0,
CM003769,CL003313,VH003526,PR000164,PR000084,,sideswipe,clear,2023-09-23,True,1,0,3712.97,paid,3616.0,0,
CM001540,CL002034,VH002682,PR000236,PR000132,,rear_end_collision,rain,2023-04-16,True,0,2,4734.16,paid,4709.51,0,
CM004862,CL000843,VH003348,PR000159,,,parking_lot,clear,2023-12-01,True,0,1,2868.91,under_review,,0,
CM001212,CL001075,VH000218,PR000025,PR000047,,multi_vehicle_pileup,clear,2024-12-25,True,0,2,6745.17,paid,6740.91,0,
CM007411,CL001408,VH001928,,PR000211,,sideswipe,rain,2023-11-10,False,0,0,5187.42,paid,4874.91,0,
CM008047,CL002139,VH000513,PR000085,PR000128,,sideswipe,clear,2024-08-20,True,0,0,7285.0,paid,7259.81,0,
CM000673,CL001877,VH001860,,PR000245,,rear_end_collision,fog,2025-01-13,True,0,1,5549.6,paid,5454.39,0,
CM008527,CL002484,VH001973,PR000214,PR000115,PR000147,parking_lot,clear,2023-11-26,True,2,0,6239.17,paid,5870.34,1,RING004
CM005077,CL002265,VH003666,,PR000079,,rear_end_collision,clear,2025-01-08,True,0,1,2531.76,under_review,,0,
CM005282,CL002180,VH003230,PR000214,PR000182,,rear_end_collision,clear,2023-05-18,True,0,2,3842.28,under_review,,0,
CM005226,CL000280,VH001649,,PR000028,,parking_lot,clear,2023-12-04,True,1,1,8258.48,paid,7594.85,0,
CM008420,CL002912,VH000400,PR000114,PR000013,PR000030,single_vehicle,snow,2024-03-07,True,1,1,7331.96,paid,6903.91,1,RING000
CM007487,CL001158,VH003466,PR000023,PR000040,,multi_vehicle_pileup,clear,2025-10-30,True,0,1,2673.3,paid,2612.33,0,
CM001465,CL003113,VH003648,PR000004,PR000228,,parking_lot,clear,2023-11-10,True,0,1,6541.78,paid,6391.21,0,
CM005572,CL000524,VH001096,PR000231,PR000210,PR000054,sideswipe,rain,2024-01-31,True,0,0,1648.56,paid,1530.11,0,
CM007525,CL000998,VH001549,,PR000062,PR000175,parking_lot,clear,2025-05-09,True,0,0,9321.86,under_review,,0,
CM001193,CL001650,VH001913,PR000093,,,parking_lot,clear,2024-02-22,True,1,0,4031.91,paid,3835.53,0,
CM008029,CL003196,VH003929,PR000235,PR000060,,multi_vehicle_pileup,clear,2024-05-08,True,0,1,3829.41,paid,3649.12,0,
CM002265,CL003133,VH003961,PR000146,PR000009,,multi_vehicle_pileup,clear,2023-05-17,True,0,0,1989.35,paid,1951.4,0,
CM000422,CL002423,VH000120,,PR000071,,rear_end_collision,snow,2025-03-21,False,0,1,5942.44,paid,5401.87,0,
CM000506,CL002443,VH002501,,PR000229,,single_vehicle,clear,2023-03-04,True,0,1,1987.72,under_review,,0,
CM006399,CL002406,VH001274,PR000189,PR000160,,multi_vehicle_pileup,clear,2024-12-06,True,1,1,2522.32,paid,2424.6,0,
CM002624,CL001013,VH003540,PR000114,PR000140,,sideswipe,clear,2024-05-16,True,0,3,2545.77,paid,2316.11,0,
CM001583,CL001502,VH003994,PR000031,PR000013,,rear_end_collision,rain,2025-09-09,False,1,0,1320.45,paid,1317.78,0,
CM000507,CL003844,VH000537,,,,sideswipe,fog,2024-05-26,True,0,0,606.45,paid,556.83,0,
CM003066,CL001378,VH000210,PR000249,PR000012,,parking_lot,clear,2024-08-12,False,1,2,2034.13,denied,0.0,0,
CM002406,CL000558,VH003643,,PR000202,,parking_lot,clear,2023-10-16,True,0,1,2765.07,paid,2572.34,0,
CM005304,CL002629,VH001538,PR000119,PR000105,PR000016,sideswipe,rain,2024-08-12,True,1,1,1292.98,paid,1187.48,0,
CM005822,CL002662,VH000941,PR000196,,,single_vehicle,clear,2025-12-17,True,1,1,2178.64,denied,0.0,0,
CM000622,CL000087,VH000759,PR000003,,,rear_end_collision,clear,2023-04-25,False,0,0,1124.64,paid,1087.56,0,
CM002127,CL000168,VH002128,PR000004,PR000092,,single_vehicle,clear,2024-08-12,False,2,0,3793.52,paid,3547.12,0,
CM006190,CL002465,VH003594,,PR000117,,sideswipe,clear,2025-01-14,True,0,0,6979.28,denied,0.0,0,
CM003906,CL003495,VH002740,PR000049,PR000224,,rear_end_collision,clear,2023-11-29,True,0,0,2632.61,paid,2560.64,0,
CM003654,CL003441,VH002461,PR000063,PR000047,,single_vehicle,clear,2023-12-31,True,0,0,1601.17,under_review,,0,
CM006486,CL002635,VH001884,PR000036,PR000040,,multi_vehicle_pileup,fog,2024-08-10,True,0,0,5579.34,paid,5563.34,0,
CM004380,CL002026,VH003658,PR000189,PR000205,,multi_vehicle_pileup,rain,2023-11-25,True,0,0,4537.09,paid,4453.96,0,
CM000348,CL000720,VH001574,,PR000210,,multi_vehicle_pileup,clear,2024-06-22,False,0,0,5895.81,paid,5804.06,0,
CM000798,CL002100,VH001590,,PR000203,,rear_end_collision,clear,2023-03-12,False,1,0,1874.28,denied,0.0,0,
CM006675,CL002937,VH001252,,PR000124,,sideswipe,clear,2023-11-10,True,1,1,3711.3,paid,3426.47,0,
CM003750,CL000454,VH002562,PR000233,PR000045,,multi_vehicle_pileup,clear,2025-10-20,False,0,2,7788.44,paid,7608.06,0,
CM008308,CL002802,VH001044,PR000136,,,multi_vehicle_pileup,clear,2025-01-21,True,0,0,5345.99,paid,5288.56,0,
CM007406,CL001510,VH000376,PR000167,PR000218,,sideswipe,clear,2025-11-30,True,0,0,1242.72,paid,1191.32,0,
CM008616,CL001678,VH003251,PR000046,PR000201,PR000230,single_vehicle,clear,2025-01-15,False,0,0,8793.99,paid,8206.16,1,RING008
CM000313,CL003541,VH000269,,PR000121,,rear_end_collision,clear,2023-08-30,False,0,0,6421.47,paid,6285.06,0,
CM008040,CL000127,VH003541,PR000081,PR000018,,parking_lot,clear,2024-05-24,True,0,0,3904.66,under_review,,0,
CM000747,CL003010,VH000530,,PR000050,,parking_lot,clear,2025-01-26,True,0,0,1288.15,under_review,,0,
CM000791,CL001928,VH003583,,,,sideswipe,clear,2025-11-11,True,0,2,371.94,paid,351.14,0,
CM002477,CL003128,VH003204,,PR000194,,rear_end_collision,fog,2025-11-18,True,0,1,4907.03,paid,4683.1,0,
CM002025,CL000329,VH002168,PR000171,,,rear_end_collision,clear,2024-12-05,True,0,0,6104.66,under_review,,0,
CM004126,CL002512,VH000459,PR000129,PR000245,,sideswipe,clear,2025-10-08,False,0,1,6171.81,paid,5882.0,0,
CM002571,CL002477,VH002529,,PR000060,,single_vehicle,clear,2025-04-22,True,0,0,4296.26,paid,4155.89,0,
CM008383,CL000528,VH001634,PR000187,PR000140,,parking_lot,clear,2025-12-03,True,0,1,5401.39,paid,5291.66,0,
CM005621,CL001985,VH003939,,,,rear_end_collision,clear,2025-11-17,True,0,0,4475.42,paid,4473.39,0,
CM006970,CL001602,VH003471,,,,sideswipe,rain,2024-06-05,True,1,2,7034.93,paid,6558.82,0,
CM005310,CL003460,VH002574,PR000076,PR000174,,sideswipe,rain,2025-11-07,False,0,0,4656.87,paid,4393.73,0,
CM008586,CL001779,VH001153,PR000064,PR000000,,multi_vehicle_pileup,clear,2023-07-26,False,2,0,11089.04,denied,0.0,1,RING005
CM004123,CL001112,VH002715,PR000238,PR000042,,single_vehicle,clear,2023-05-19,False,0,4,3279.11,under_review,,0,
CM000260,CL001763,VH001133,,PR000011,,parking_lot,snow,2023-05-07,True,0,0,1530.7,paid,1493.35,0,
CM002164,CL000514,VH002765,,,,rear_end_collision,clear,2024-08-04,True,0,2,1767.19,paid,1623.68,0,
CM008129,CL000235,VH002178,PR000085,PR000013,PR000147,sideswipe,clear,2023-11-05,True,0,0,1610.89,paid,1534.12,0,
CM000381,CL003420,VH002550,,PR000069,,single_vehicle,fog,2023-10-02,True,0,1,2365.6,denied,0.0,0,
CM004820,CL001254,VH001745,,PR000150,,rear_end_collision,clear,2024-05-26,True,0,1,1641.31,paid,1621.78,0,
CM008916,CL000135,VH003849,PR000059,PR000180,,multi_vehicle_pileup,snow,2024-07-24,False,0,0,13406.56,paid,12434.39,1,RING020
CM001913,CL003278,VH000671,,PR000105,,parking_lot,clear,2023-08-04,False,0,1,3494.57,paid,3396.79,0,
CM003784,CL000567,VH002379,,PR000062,,multi_vehicle_pileup,clear,2025-03-12,True,0,0,5880.33,paid,5305.82,0,
CM000600,CL001445,VH003398,,PR000142,,parking_lot,clear,2024-09-29,True,2,1,6176.73,paid,5585.36,0,
CM000046,CL001741,VH003524,PR000068,PR000145,,single_vehicle,clear,2025-11-22,True,0,0,1351.83,under_review,,0,
CM001445,CL003044,VH002603,,PR000083,,parking_lot,clear,2024-10-04,True,0,1,719.68,paid,713.21,0,
CM001653,CL003680,VH000292,PR000035,PR000084,,multi_vehicle_pileup,clear,2025-03-13,True,0,0,1392.17,under_review,,0,
CM002700,CL002579,VH002969,PR000114,PR000245,,rear_end_collision,rain,2023-03-02,False,0,0,1869.84,paid,1694.78,0,
CM007759,CL002304,VH001942,,PR000038,,parking_lot,clear,2025-11-26,True,1,1,3399.49,paid,3398.44,0,
CM001894,CL001696,VH003345,PR000035,PR000131,,multi_vehicle_pileup,clear,2024-03-15,True,0,0,2281.75,paid,2209.88,0,
CM001945,CL002164,VH003854,PR000240,PR000145,,multi_vehicle_pileup,rain,2024-08-16,False,0,2,5078.64,paid,4701.42,0,
CM002407,CL002689,VH002129,PR000231,PR000245,,rear_end_collision,clear,2024-06-07,False,1,1,2143.85,paid,2049.1,0,
CM005264,CL003933,VH003412,PR000103,PR000047,PR000215,multi_vehicle_pileup,clear,2023-11-03,True,0,1,3586.01,paid,3311.28,0,
CM008714,CL001703,VH000717,PR000104,PR000075,PR000188,single_vehicle,fog,2025-09-27,False,2,1,2247.98,paid,2156.1,1,RING010
CM005423,CL003055,VH000526,PR000170,PR000000,,single_vehicle,rain,2023-06-17,True,0,0,4398.89,paid,4357.27,0,
CM001967,CL001817,VH002512,,PR000161,,rear_end_collision,clear,2023-08-03,False,1,0,3805.24,paid,3614.13,0,
CM002875,CL000575,VH001852,PR000106,PR000169,PR000061,rear_end_collision,rain,2024-09-20,True,3,0,788.69,paid,777.78,0,
CM005642,CL001202,VH001739,PR000076,PR000121,,rear_end_collision,clear,2025-09-09,True,1,1,5513.95,paid,5500.13,0,
CM004794,CL003153,VH002614,,PR000174,,single_vehicle,clear,2024-09-13,True,0,1,4528.74,paid,4181.79,0,
CM004303,CL001663,VH000784,PR000186,,,sideswipe,clear,2023-07-13,False,0,0,6101.32,paid,5696.15,0,
CM001601,CL001919,VH003252,PR000249,,,sideswipe,clear,2025-06-22,True,0,0,9417.21,paid,8695.16,0,
CM005901,CL000134,VH003807,,PR000203,,single_vehicle,fog,2023-04-02,True,0,1,2997.68,paid,2909.18,0,
CM001393,CL002504,VH001949,,,,single_vehicle,snow,2024-07-08,True,0,1,5137.1,under_review,,0,
CM004442,CL003883,VH000864,PR000219,,,rear_end_collision,clear,2025-11-17,True,1,0,3998.42,denied,0.0,0,
CM003091,CL003139,VH002626,,PR000157,,multi_vehicle_pileup,rain,2024-06-26,True,0,0,4238.01,paid,4054.86,0,
CM004754,CL003736,VH002255,PR000227,PR000243,,rear_end_collision,clear,2025-10-21,True,1,1,6531.93,paid,6039.02,0,
CM004718,CL000304,VH003299,PR000152,PR000124,,single_vehicle,rain,2024-04-05,True,1,1,4025.45,paid,3955.23,0,
CM000427,CL003552,VH001516,PR000167,PR000180,,parking_lot,clear,2025-01-08,True,1,0,1605.85,paid,1556.46,0,
CM004948,CL001573,VH000176,,PR000084,,rear_end_collision,clear,2023-09-17,True,0,1,6426.63,paid,6124.61,0,
CM000411,CL003906,VH002922,,PR000052,,sideswipe,fog,2024-04-12,True,0,1,4888.77,paid,4719.85,0,
CM008021,CL000831,VH001914,PR000048,,,single_vehicle,clear,2024-06-19,False,0,1,6424.36,paid,6241.3,0,
CM007818,CL000931,VH000948,PR000081,PR000169,,rear_end_collision,clear,2024-09-15,True,0,2,5440.8,paid,5176.01,0,
CM006537,CL001444,VH001894,PR000153,PR000009,,parking_lot,rain,2025-01-05,True,0,0,6118.87,paid,5735.09,0,
CM004607,CL002602,VH003910,PR000212,PR000225,,multi_vehicle_pileup,rain,2025-12-23,True,0,1,1084.71,under_review,,0,
CM004039,CL001268,VH002028,PR000074,PR000224,,sideswipe,clear,2023-05-03,True,0,0,5623.58,paid,5496.84,0,
CM000780,CL002671,VH001658,PR000190,PR000041,,single_vehicle,clear,2025-05-17,False,0,0,1007.42,paid,921.66,0,
CM004302,CL000874,VH001921,PR000059,PR000142,,sideswipe,rain,2023-06-12,False,0,1,1185.53,paid,1168.35,0,
CM005723,CL001191,VH000268,,PR000110,,parking_lot,rain,2025-07-06,True,0,0,1210.89,denied,0.0,0,
CM004697,CL001714,VH001127,PR000074,PR000228,,sideswipe,clear,2024-06-27,True,0,2,2889.44,paid,2666.02,0,
CM000211,CL003709,VH002455,PR000025,PR000161,,parking_lot,clear,2023-07-13,True,0,1,8066.47,paid,7359.24,0,
CM002488,CL003039,VH001969,,PR000067,,multi_vehicle_pileup,clear,2025-05-08,True,1,0,2850.68,under_review,,0,
CM007954,CL003695,VH000308,PR000227,,,single_vehicle,fog,2024-09-12,True,0,0,1809.34,paid,1674.77,0,
CM003625,CL000696,VH000011,,PR000201,,parking_lot,rain,2025-09-09,True,1,1,3088.42,paid,2854.39,0,
CM005732,CL000994,VH001638,PR000048,PR000201,,multi_vehicle_pileup,fog,2023-07-09,True,0,1,5393.58,denied,0.0,0,
CM004170,CL001965,VH002422,,PR000080,,sideswipe,clear,2025-01-28,True,0,1,1829.87,paid,1782.4,0,
CM001050,CL001242,VH003473,,PR000018,,sideswipe,rain,2024-03-12,True,0,1,1108.86,paid,1090.86,0,
CM007934,CL003718,VH000506,PR000247,PR000180,,single_vehicle,rain,2025-10-23,False,0,0,1834.52,paid,1744.24,0,
CM007852,CL003111,VH002575,PR000103,PR000060,PR000232,rear_end_collision,clear,2024-05-17,False,0,1,2434.11,paid,2418.73,0,
CM007979,CL000673,VH001147,PR000129,PR000210,,multi_vehicle_pileup,fog,2023-05-09,True,0,0,7742.09,paid,6981.27,0,
CM005688,CL001570,VH001734,,PR000150,,rear_end_collision,clear,2024-11-08,True,0,0,6233.39,paid,5930.62,0,
CM008514,CL003904,VH003087,PR000214,PR000115,PR000147,single_vehicle,snow,2023-11-25,False,2,1,1759.29,paid,1614.98,1,RING004
CM001973,CL001904,VH002035,,PR000000,,multi_vehicle_pileup,fog,2025-10-18,True,0,1,5501.37,paid,5092.39,0,
CM007605,CL002319,VH000483,,PR000154,,parking_lot,rain,2023-12-09,False,0,1,6153.47,paid,5892.31,0,
CM002100,CL002354,VH002560,,PR000134,,parking_lot,clear,2025-05-09,True,0,0,6464.28,paid,6351.08,0,
CM001500,CL000223,VH000078,PR000112,PR000150,,parking_lot,clear,2025-07-03,True,0,1,4215.53,under_review,,0,
CM001110,CL002757,VH000815,,PR000128,,single_vehicle,clear,2024-02-18,True,1,3,3906.97,under_review,,0,
CM005311,CL001508,VH001726,PR000021,PR000160,,multi_vehicle_pileup,fog,2024-11-11,True,0,4,2470.41,paid,2264.94,0,
CM003881,CL001303,VH001072,,PR000163,,rear_end_collision,rain,2023-08-27,False,0,0,2272.6,paid,2101.27,0,
CM000653,CL001630,VH001501,PR000227,PR000067,,single_vehicle,rain,2024-07-22,True,0,0,5852.89,paid,5728.47,0,
CM005163,CL001679,VH002277,PR000034,PR000224,,multi_vehicle_pileup,rain,2023-07-19,True,0,0,2690.51,paid,2437.28,0,
CM002733,CL003419,VH003174,PR000249,PR000117,,single_vehicle,clear,2024-12-28,True,0,1,6611.0,denied,0.0,0,
CM008144,CL002473,VH001757,,PR000176,,rear_end_collision,clear,2023-01-18,False,0,1,2817.65,denied,0.0,0,
CM001796,CL000453,VH003581,,PR000151,,rear_end_collision,clear,2024-03-25,False,0,0,1795.02,under_review,,0,
CM001703,CL000416,VH002674,PR000239,PR000038,,multi_vehicle_pileup,snow,2025-02-18,False,0,0,1366.55,paid,1340.04,0,
CM003804,CL002806,VH000327,PR000208,PR000203,,parking_lot,fog,2025-06-24,True,0,0,543.44,paid,523.26,0,
CM005712,CL001753,VH003880,PR000214,PR000067,,single_vehicle,snow,2023-10-01,True,0,0,4092.23,paid,3894.61,0,
CM004048,CL000644,VH000896,PR000168,PR000169,,sideswipe,clear,2023-08-01,True,0,2,995.62,under_review,,0,
CM001499,CL002686,VH001429,,PR000207,,rear_end_collision,rain,2025-04-21,True,1,1,4552.7,paid,4449.67,0,
CM002757,CL001559,VH000275,,PR000173,,single_vehicle,clear,2023-12-21,True,0,0,4043.37,paid,3892.55,0,
CM007055,CL003778,VH000260,PR000127,,,single_vehicle,clear,2023-06-11,True,0,1,3108.01,paid,2999.36,0,
CM004935,CL002979,VH001113,PR000208,PR000207,,single_vehicle,rain,2023-10-30,True,0,0,2307.47,paid,2285.4,0,
CM002179,CL002863,VH003581,PR000247,PR000000,,single_vehicle,clear,2024-01-12,True,1,2,14949.05,paid,13768.75,0,
CM004105,CL000932,VH003551,PR000113,,,sideswipe,clear,2023-02-21,False,0,0,6044.8,paid,5805.53,0,
CM008200,CL000648,VH003418,,PR000132,,single_vehicle,clear,2024-04-16,False,0,2,7293.31,under_review,,0,
CM006410,CL001240,VH003828,PR000156,,PR000139,sideswipe,clear,2024-10-14,True,0,0,1008.0,paid,967.31,0,
CM007541,CL002560,VH002167,,PR000047,PR000102,sideswipe,clear,2023-09-26,True,1,1,3841.54,paid,3698.08,0,
CM000706,CL002650,VH000430,,PR000084,PR000126,rear_end_collision,rain,2025-05-13,False,0,1,2270.37,denied,0.0,0,
CM001873,CL002615,VH000039,PR000198,PR000050,,sideswipe,clear,2025-12-24,True,0,1,2003.69,paid,1901.06,0,
CM004757,CL002760,VH002001,,PR000203,,rear_end_collision,fog,2025-05-26,True,0,0,8188.88,under_review,,0,
CM003657,CL001674,VH002962,,,,multi_vehicle_pileup,clear,2023-12-06,True,0,0,1310.22,paid,1216.54,0,
CM005838,CL003722,VH000228,PR000070,PR000172,PR000188,sideswipe,clear,2023-02-14,True,1,3,10652.88,paid,10488.02,0,
CM003533,CL002348,VH003880,,PR000181,,sideswipe,rain,2023-12-03,False,0,0,8422.36,paid,7728.13,0,
CM008358,CL001763,VH003668,,PR000123,,parking_lot,clear,2024-03-19,False,1,0,1146.89,under_review,,0,
CM007972,CL002233,VH003722,,PR000134,,multi_vehicle_pileup,clear,2024-03-17,True,0,0,10104.48,paid,10092.09,0,
CM006842,CL000110,VH000966,PR000120,PR000209,,rear_end_collision,clear,2024-04-07,True,1,0,3520.2,paid,3445.59,0,
CM005858,CL000011,VH000537,PR000064,PR000086,,parking_lot,rain,2024-05-27,False,0,0,4031.81,paid,3801.59,0,
CM008854,CL001070,VH003212,PR000049,PR000045,,parking_lot,fog,2024-09-12,False,1,0,6229.84,paid,5898.63,1,RING018
CM006688,CL002308,VH003284,PR000148,PR000174,,multi_vehicle_pileup,clear,2023-10-15,True,0,0,2263.68,paid,2256.02,0,
CM000566,CL002777,VH003563,,PR000086,,multi_vehicle_pileup,rain,2025-05-27,True,0,2,3675.29,paid,3574.44,0,
CM007701,CL002330,VH003955,PR000002,PR000132,,single_vehicle,fog,2023-10-16,True,0,3,7198.18,paid,6560.93,0,
CM003938,CL002357,VH003684,,PR000109,,sideswipe,rain,2025-08-23,False,0,0,2923.92,paid,2729.6,0,
CM003980,CL001304,VH000641,,,,single_vehicle,clear,2024-04-10,False,0,1,6659.31,paid,6227.5,0,
CM000641,CL000914,VH001057,,PR000047,,parking_lot,clear,2025-05-01,False,1,0,1516.09,paid,1515.57,0,
CM003483,CL003906,VH000712,PR000153,PR000154,PR000007,single_vehicle,rain,2024-12-23,True,0,0,2481.21,paid,2429.2,0,
CM008768,CL003563,VH003234,PR000096,PR000121,PR000147,multi_vehicle_pileup,rain,2023-04-01,False,1,0,6998.68,denied,0.0,1,RING013
CM002779,CL001843,VH001690,,PR000013,,multi_vehicle_pileup,clear,2024-09-17,True,0,1,6569.47,paid,6208.64,0,
CM000508,CL002651,VH000301,,,,rear_end_collision,clear,2025-01-28,True,1,0,3532.53,paid,3378.74,0,
CM005949,CL002644,VH003676,,PR000131,,sideswipe,rain,2025-09-07,True,0,1,4495.58,paid,4142.81,0,
CM001965,CL002170,VH000545,PR000104,,,single_vehicle,rain,2023-04-24,False,1,1,5860.64,denied,0.0,0,
CM006373,CL002503,VH000953,,PR000012,,sideswipe,fog,2023-07-20,False,0,0,2909.53,paid,2843.63,0,
CM004052,CL002336,VH002074,PR000198,PR000087,,single_vehicle,snow,2024-08-30,True,0,0,1870.49,paid,1721.83,0,
CM000326,CL003395,VH003475,PR000164,PR000029,,sideswipe,clear,2025-12-18,False,0,1,7395.68,paid,7137.28,0,
CM006205,CL000106,VH000735,,,,parking_lot,clear,2025-03-21,True,0,1,2481.74,paid,2470.96,0,
CM002339,CL002089,VH003700,PR000003,PR000243,,single_vehicle,rain,2023-11-10,True,0,1,4277.19,paid,3870.85,0,
CM007658,CL000856,VH000469,,PR000079,,parking_lot,clear,2024-09-08,True,0,1,597.27,paid,541.37,0,
CM006934,CL002389,VH003849,PR000239,PR000107,,parking_lot,clear,2024-12-15,False,0,2,14101.89,paid,13844.53,0,
CM005144,CL000115,VH000442,,PR000038,,parking_lot,fog,2025-04-16,True,1,0,1331.43,paid,1246.4,0,
CM002238,CL000056,VH001564,PR000113,PR000178,,multi_vehicle_pileup,rain,2024-08-24,True,0,0,6087.43,paid,5594.15,0,
CM006367,CL001379,VH000123,PR000022,PR000050,,single_vehicle,clear,2025-04-11,True,0,0,4183.31,paid,4135.63,0,
CM004519,CL002317,VH001673,,,,multi_vehicle_pileup,rain,2023-02-14,True,3,0,2013.49,paid,1890.16,0,
CM005255,CL000541,VH001141,PR000023,PR000224,,sideswipe,rain,2025-03-27,True,0,1,5998.2,paid,5994.72,0,
CM008624,CL002600,VH001560,PR000046,PR000201,PR000230,sideswipe,clear,2025-01-03,True,0,0,7593.03,denied,0.0,1,RING008
CM005499,CL000891,VH001960,,PR000108,,sideswipe,clear,2025-06-23,True,0,1,1201.78,paid,1122.39,0,
CM008671,CL003607,VH001349,PR000114,PR000243,,single_vehicle,clear,2025-01-19,False,2,0,3387.94,paid,3245.57,1,RING009
CM000865,CL003278,VH000111,,PR000037,,sideswipe,clear,2023-03-10,True,0,0,3892.63,paid,3800.53,0,
CM005328,CL003155,VH001895,PR000074,,,single_vehicle,clear,2023-03-26,True,0,0,5835.16,denied,0.0,0,
CM008120,CL001863,VH002885,PR000234,PR000203,,multi_vehicle_pileup,clear,2025-12-19,True,0,0,10664.23,paid,9617.56,0,
CM007779,CL001574,VH000600,PR000239,PR000028,,multi_vehicle_pileup,clear,2025-06-19,True,0,1,6198.88,paid,6171.5,0,
CM008845,CL003334,VH001876,PR000244,PR000083,,sideswipe,rain,2023-12-03,False,2,0,13138.7,paid,13053.4,1,RING017
CM002816,CL003430,VH001261,,,,single_vehicle,clear,2024-07-29,True,0,0,2597.96,paid,2405.02,0,
CM004111,CL002752,VH000728,,PR000169,,multi_vehicle_pileup,rain,2023-04-29,True,0,3,2538.09,paid,2292.13,0,
CM005919,CL003613,VH003422,,PR000128,PR000061,sideswipe,clear,2023-02-25,False,0,0,1678.63,paid,1623.0,0,
CM000372,CL003115,VH002477,,PR000160,PR000030,sideswipe,clear,2024-04-01,True,0,1,7214.98,paid,6786.16,0,
CM004393,CL003482,VH000883,,,,rear_end_collision,clear,2023-09-14,True,0,0,2671.67,paid,2473.98,0,
CM005066,CL002422,VH002792,PR000153,PR000084,,multi_vehicle_pileup,rain,2023-08-05,True,0,0,1532.56,under_review,,0,
CM006743,CL003153,VH000713,PR000164,,,multi_vehicle_pileup,snow,2024-12-04,True,1,0,3592.29,paid,3259.28,0,
CM002543,CL001554,VH000385,,PR000123,,parking_lot,clear,2024-10-10,False,0,0,841.78,under_review,,0,
CM008402,CL000182,VH000907,PR000114,PR000013,PR000030,parking_lot,clear,2024-05-13,False,0,1,2113.01,paid,1930.68,1,RING000
CM004662,CL002568,VH003523,,PR000067,,parking_lot,clear,2024-09-01,True,0,1,4586.15,paid,4539.16,0,
CM006806,CL003232,VH002381,,PR000042,,rear_end_collision,snow,2024-06-29,False,1,1,1313.6,paid,1214.46,0,
CM005385,CL003825,VH002709,PR000103,PR000109,,single_vehicle,snow,2023-11-07,True,0,2,2193.19,under_review,,0,
CM008729,CL000045,VH000921,PR000171,PR000087,,multi_vehicle_pileup,rain,2023-02-10,False,1,0,4561.81,paid,4112.48,1,RING011
CM002365,CL000574,VH003130,,PR000205,,sideswipe,clear,2025-08-14,False,0,0,4504.54,paid,4366.21,0,
CM001361,CL002838,VH003714,,PR000107,,single_vehicle,clear,2024-07-23,True,0,1,3243.54,paid,3069.4,0,
CM000912,CL000133,VH000602,,PR000045,,sideswipe,clear,2025-03-26,True,1,0,1267.84,under_review,,0,
CM007913,CL000544,VH003740,PR000240,PR000052,,parking_lot,rain,2023-10-30,True,0,1,1717.57,paid,1683.62,0,
CM003423,CL000324,VH003548,,PR000169,,rear_end_collision,clear,2023-01-09,True,1,0,5869.05,paid,5509.37,0,
CM006592,CL002279,VH003792,PR000149,PR000224,,single_vehicle,clear,2025-01-31,False,1,0,7840.18,paid,7769.28,0,
CM003414,CL001433,VH002247,PR000112,PR000182,,sideswipe,snow,2024-09-08,True,0,1,3465.19,under_review,,0,
CM004989,CL003147,VH001254,PR000066,PR000157,,sideswipe,clear,2023-04-27,True,0,0,4864.97,paid,4823.6,0,
CM006089,CL003137,VH000347,PR000190,PR000060,,multi_vehicle_pileup,clear,2025-03-09,False,1,0,1908.6,paid,1774.7,0,
CM000965,CL001505,VH003878,,PR000055,,single_vehicle,clear,2025-03-25,True,1,1,2215.1,under_review,,0,
CM003782,CL003629,VH002369,PR000118,PR000134,,sideswipe,clear,2023-07-05,False,1,2,2393.38,paid,2332.22,0,
CM001424,CL002231,VH000950,,PR000067,,sideswipe,clear,2024-12-25,True,1,2,2287.53,paid,2285.84,0,
CM000123,CL000608,VH003929,,,,single_vehicle,snow,2024-08-18,True,0,0,1989.31,paid,1864.48,0,
CM000480,CL000153,VH002012,,PR000166,,rear_end_collision,snow,2023-06-23,True,0,0,2172.29,paid,2073.15,0,
CM000663,CL003435,VH002782,PR000120,PR000005,,parking_lot,clear,2025-03-13,True,1,0,4821.31,paid,4631.42,0,
CM005357,CL001078,VH001924,PR000098,PR000091,,multi_vehicle_pileup,clear,2023-05-19,True,1,2,2768.62,paid,2616.21,0,
CM003935,CL003823,VH003818,PR000170,PR000224,,sideswipe,clear,2023-10-05,True,0,0,4546.72,paid,4243.25,0,
CM003128,CL003214,VH000018,,PR000173,,parking_lot,clear,2023-05-30,True,0,2,7338.87,paid,6865.27,0,
CM008269,CL002508,VH003956,PR000125,PR000110,,multi_vehicle_pileup,rain,2024-05-26,True,1,0,7245.06,paid,7092.32,0,
CM003044,CL002041,VH002951,,PR000243,,parking_lot,clear,2025-01-31,True,0,0,1927.33,paid,1810.77,0,
CM002777,CL002116,VH002819,,PR000018,,parking_lot,clear,2024-02-24,False,0,0,3039.06,denied,0.0,0,
CM000440,CL000764,VH000763,,PR000207,PR000130,parking_lot,clear,2023-02-27,True,0,0,3971.47,under_review,,0,
CM001380,CL002182,VH001944,PR000077,PR000115,,sideswipe,rain,2025-06-14,False,1,0,1106.42,paid,1059.34,0,
CM007238,CL000987,VH003150,PR000001,PR000105,,parking_lot,clear,2025-04-23,True,1,0,4980.06,paid,4703.7,0,
CM008322,CL001660,VH000407,PR000238,,,multi_vehicle_pileup,clear,2023-09-06,True,0,2,1728.56,paid,1714.87,0,
CM008801,CL000538,VH001695,PR000106,PR000203,PR000230,sideswipe,clear,2024-01-05,False,0,1,5417.63,paid,5096.45,1,RING015
CM001444,CL000249,VH003896,,PR000137,,parking_lot,fog,2024-12-16,True,1,1,473.98,paid,453.94,0,
CM005262,CL002675,VH003580,,PR000173,,parking_lot,clear,2023-09-15,True,0,0,1556.39,paid,1516.31,0,
CM004764,CL002080,VH003515,PR000068,,,single_vehicle,clear,2025-09-16,True,1,3,4244.12,paid,3840.94,0,
CM001478,CL002190,VH001925,PR000227,PR000128,,rear_end_collision,clear,2025-02-14,True,0,1,2441.34,paid,2440.98,0,
CM008085,CL000643,VH003604,PR000088,PR000041,,parking_lot,clear,2024-08-21,False,0,1,2578.15,paid,2370.43,0,
CM001174,CL000858,VH000031,,PR000060,,multi_vehicle_pileup,snow,2023-10-17,True,0,0,7650.59,paid,7021.16,0,
CM005439,CL001961,VH002924,,PR000209,,rear_end_collision,rain,2024-06-15,True,0,1,5036.92,paid,4792.2,0,
CM005862,CL001562,VH002590,PR000192,,,parking_lot,clear,2024-09-11,True,0,0,4159.78,paid,4114.97,0,
CM003382,CL000384,VH003454,PR000085,PR000058,,multi_vehicle_pileup,clear,2024-06-14,True,1,1,1511.51,paid,1479.03,0,
CM005771,CL003628,VH001731,,PR000183,,sideswipe,rain,2025-11-04,True,0,1,5788.49,paid,5784.32,0,
CM007862,CL002250,VH000607,,PR000123,PR000054,parking_lot,rain,2025-07-25,True,0,1,2732.15,paid,2643.77,0,
CM004263,CL001461,VH003161,,PR000201,,rear_end_collision,clear,2024-09-15,False,0,0,1605.94,paid,1583.96,0,
CM002894,CL000109,VH003921,,PR000246,,rear_end_collision,clear,2024-09-24,False,0,1,9496.28,paid,8735.89,0,
CM002670,CL000164,VH003971,,PR000191,,sideswipe,clear,2024-01-10,False,1,3,3644.17,paid,3282.59,0,
CM007821,CL001872,VH003825,PR000023,PR000052,,rear_end_collision,clear,2023-03-18,True,0,0,1005.17,paid,951.03,0,
CM000280,CL000023,VH001058,PR000219,PR000047,,sideswipe,rain,2023-02-19,True,0,1,3987.98,paid,3779.67,0,
CM006716,CL002352,VH000646,PR000168,PR000038,PR000020,parking_lot,clear,2025-09-12,True,0,0,2614.61,under_review,,0,
CM005325,CL003853,VH002661,,,PR000215,single_vehicle,clear,2024-01-25,True,0,0,600.08,under_review,,0,
CM004833,CL000280,VH001240,,PR000110,,multi_vehicle_pileup,clear,2025-11-29,True,0,1,6447.34,denied,0.0,0,
CM002572,CL002054,VH002017,PR000065,PR000220,,multi_vehicle_pileup,clear,2025-06-30,True,0,2,8661.03,paid,7993.01,0,
CM008355,CL000348,VH003674,PR000149,PR000145,,sideswipe,snow,2023-06-13,True,0,0,3778.13,paid,3448.95,0,
CM001102,CL001418,VH002954,PR000056,PR000241,,multi_vehicle_pileup,clear,2025-06-20,False,0,0,1538.8,paid,1396.17,0,
CM000569,CL002933,VH002211,,PR000140,,sideswipe,rain,2025-04-03,True,0,1,372.31,paid,335.29,0,
CM001695,CL001299,VH000536,,PR000111,PR000147,multi_vehicle_pileup,clear,2024-02-23,False,1,0,2942.65,under_review,,0,
CM003064,CL003382,VH001235,PR000214,PR000138,,single_vehicle,snow,2023-08-01,True,1,1,1692.07,under_review,,0,
CM003626,CL001841,VH002271,PR000171,PR000228,,parking_lot,clear,2024-02-09,True,1,2,1883.98,under_review,,0,
CM003455,CL000696,VH002273,PR000186,PR000071,,multi_vehicle_pileup,clear,2023-11-15,True,0,2,4504.64,paid,4352.93,0,
CM008182,CL002201,VH003431,,PR000094,,multi_vehicle_pileup,fog,2024-02-19,True,0,0,2126.63,paid,1957.67,0,
CM008870,CL003175,VH003212,PR000049,PR000045,,rear_end_collision,clear,2024-08-16,False,0,1,6463.33,denied,0.0,1,RING018
CM000578,CL003405,VH003023,PR000112,PR000131,,single_vehicle,snow,2024-09-21,True,0,1,9966.05,paid,9329.42,0,
CM000060,CL001235,VH000427,,PR000052,,single_vehicle,clear,2023-01-21,True,0,0,4197.59,paid,4002.09,0,
CM000788,CL002440,VH003505,,PR000133,,multi_vehicle_pileup,rain,2023-05-22,True,0,1,3230.11,paid,3150.42,0,
CM008275,CL001120,VH002726,PR000159,,,sideswipe,clear,2023-06-25,True,1,1,728.91,paid,720.94,0,
CM004210,CL001102,VH002919,,PR000209,,parking_lot,clear,2025-11-07,True,0,0,5323.61,paid,5097.33,0,
CM003086,CL001060,VH003510,PR000112,PR000075,,single_vehicle,clear,2023-04-09,True,0,2,4818.57,paid,4345.6,0,
CM006146,CL002142,VH001809,PR000249,PR000226,PR000130,parking_lot,clear,2025-06-22,True,1,1,1952.04,paid,1829.35,0,
CM005171,CL000295,VH001705,PR000206,PR000060,,single_vehicle,rain,2023-06-12,True,0,1,3662.57,paid,3643.57,0,
CM006912,CL001153,VH002899,PR000063,PR000137,,multi_vehicle_pileup,rain,2023-06-15,True,0,3,4583.24,paid,4211.31,0,
CM005702,CL000687,VH002855,PR000235,PR000150,,multi_vehicle_pileup,clear,2023-12-16,False,0,1,2824.7,paid,2641.99,0,
CM003321,CL001294,VH000704,,PR000037,,single_vehicle,snow,2024-07-06,False,0,1,988.78,paid,906.38,0,
CM005403,CL000434,VH000023,PR000001,PR000243,,single_vehicle,clear,2024-10-13,False,0,2,2717.4,paid,2611.5,0,
CM005907,CL003263,VH002413,PR000070,PR000111,,rear_end_collision,snow,2025-04-03,True,0,1,3782.27,paid,3602.58,0,
CM003972,CL003503,VH000811,PR000116,PR000060,,multi_vehicle_pileup,fog,2023-08-25,True,0,1,1201.15,paid,1091.95,0,
CM000336,CL002780,VH003548,,PR000087,,parking_lot,clear,2024-04-04,True,0,1,1740.02,denied,0.0,0,
CM007029,CL003527,VH002976,PR000217,PR000207,,rear_end_collision,clear,2023-07-20,False,0,0,3073.37,paid,3010.41,0,
CM005795,CL003481,VH002652,PR000051,PR000047,,single_vehicle,clear,2025-10-30,True,0,0,3930.51,paid,3918.89,0,
CM006976,CL001737,VH000465,,,,single_vehicle,clear,2023-07-25,True,0,0,2365.47,paid,2317.48,0,
CM008410,CL000234,VH000051,PR000114,PR000013,PR000030,parking_lot,clear,2024-04-24,True,1,1,881.48,partially_paid,392.57,1,RING000
CM008135,CL003637,VH002803,,PR000246,,single_vehicle,clear,2024-02-27,True,1,0,1069.86,paid,1004.69,0,
CM000185,CL002917,VH003823,PR000227,PR000087,,single_vehicle,rain,2023-11-18,True,1,1,2116.52,paid,1930.98,0,
CM008171,CL003566,VH001779,PR000248,PR000150,,parking_lot,rain,2023-11-02,True,0,1,1722.43,paid,1572.7,0,
CM007249,CL000769,VH000229,PR000227,PR000018,,rear_end_collision,clear,2023-05-02,True,0,0,4061.09,paid,3685.79,0,
CM000421,CL001987,VH000489,PR000249,PR000086,,parking_lot,rain,2024-05-15,False,1,0,1885.71,paid,1711.57,0,
CM002351,CL003384,VH000876,PR000002,,,multi_vehicle_pileup,clear,2024-11-26,True,1,2,2448.76,under_review,,0,
CM000554,CL002397,VH003662,,PR000083,,parking_lot,clear,2023-04-07,True,0,0,3467.68,under_review,,0,
CM001398,CL002172,VH001968,,PR000037,PR000135,rear_end_collision,clear,2025-03-16,True,0,3,9856.92,paid,9640.45,0,
CM001385,CL003374,VH003271,,PR000226,,single_vehicle,clear,2024-07-25,True,0,0,848.32,paid,788.2,0,
CM003545,CL003616,VH003185,PR000004,PR000095,,multi_vehicle_pileup,fog,2024-12-07,False,0,2,3131.32,paid,2941.4,0,
CM007200,CL000350,VH002663,,,,sideswipe,clear,2025-09-13,True,1,0,7016.72,paid,6634.48,0,
CM001761,CL000168,VH001041,,,,rear_end_collision,rain,2025-04-17,False,0,0,3728.28,paid,3595.07,0,
CM005435,CL002439,VH003212,,PR000079,,single_vehicle,clear,2023-02-21,True,0,2,7891.97,paid,7650.13,0,
CM000298,CL001956,VH002525,PR000219,PR000108,,rear_end_collision,clear,2025-04-16,False,0,2,5857.9,paid,5619.15,0,
CM000444,CL003427,VH001674,,PR000115,,single_vehicle,clear,2025-09-09,True,1,0,6490.15,paid,6483.78,0,
CM000778,CL000492,VH002942,,PR000124,,single_vehicle,rain,2025-05-18,True,0,0,6853.15,paid,6356.3,0,
CM001120,CL001644,VH000397,,PR000246,PR000054,sideswipe,snow,2024-05-15,True,0,1,5617.47,paid,5299.46,0,
CM003814,CL002456,VH001924,,PR000094,,single_vehicle,rain,2025-01-30,True,0,1,3904.31,paid,3638.88,0,
CM008802,CL001227,VH001804,PR000106,PR000203,PR000230,parking_lot,snow,2024-02-05,False,1,1,1624.58,denied,0.0,1,RING015
CM006116,CL003346,VH003821,,PR000142,PR000175,rear_end_collision,clear,2025-07-22,True,0,2,4717.26,paid,4673.08,0,
CM001922,CL000150,VH000008,,PR000105,,parking_lot,clear,2024-08-25,True,0,2,974.6,paid,962.42,0,
CM000656,CL001176,VH001367,PR000231,PR000203,,sideswipe,clear,2025-08-21,False,3,0,3410.09,paid,3159.19,0,
CM006174,CL003149,VH000058,PR000164,PR000169,,multi_vehicle_pileup,clear,2024-10-02,False,0,0,1356.68,paid,1232.11,0,
CM002230,CL000827,VH003774,,PR000091,,sideswipe,fog,2024-01-22,True,1,0,3232.35,paid,3025.77,0,
CM004523,CL000346,VH003286,PR000022,PR000123,,rear_end_collision,clear,2024-05-24,True,0,1,5731.37,paid,5655.49,0,
CM002843,CL003502,VH000428,PR000249,,,single_vehicle,clear,2025-05-24,True,2,0,2982.76,paid,2692.35,0,
CM002538,CL001275,VH002148,PR000227,PR000163,,parking_lot,rain,2025-08-27,True,0,0,3470.16,paid,3412.77,0,
CM007994,CL002071,VH000585,PR000233,PR000055,,sideswipe,clear,2024-02-20,True,0,1,6228.0,paid,6105.5,0,
CM006650,CL000677,VH001557,,PR000050,PR000053,single_vehicle,clear,2025-12-19,True,0,0,1542.02,paid,1409.61,0,
CM002541,CL003151,VH000562,PR000244,PR000124,,single_vehicle,fog,2025-10-02,True,1,1,6040.29,paid,5912.74,0,
CM003788,CL001774,VH000369,,PR000169,,multi_vehicle_pileup,rain,2025-11-02,True,0,0,4400.81,paid,4138.38,0,
CM005097,CL001875,VH003748,PR000006,PR000133,,rear_end_collision,rain,2025-02-28,True,0,2,1751.19,paid,1663.13,0,
CM002458,CL000067,VH000708,PR000049,PR000133,PR000213,multi_vehicle_pileup,clear,2024-10-22,True,1,1,9332.46,paid,9256.55,0,
CM002579,CL003113,VH000797,,PR000071,,multi_vehicle_pileup,clear,2023-04-25,True,0,0,4736.67,paid,4458.24,0,
CM007439,CL002988,VH003314,,PR000079,,single_vehicle,clear,2024-01-09,False,0,1,5619.01,paid,5324.37,0,
CM003323,CL003058,VH001706,PR000076,PR000154,,rear_end_collision,clear,2025-10-03,True,0,1,2871.72,under_review,,0,
CM007689,CL001928,VH003727,,PR000191,,sideswipe,clear,2023-02-03,True,0,0,4048.26,under_review,,0,
CM002759,CL002735,VH000299,,,,parking_lot,clear,2023-10-15,True,0,0,3409.4,paid,3221.92,0,
CM007853,CL002397,VH002786,,,PR000030,single_vehicle,clear,2025-08-18,True,3,0,7194.46,paid,6499.17,0,
CM003095,CL000267,VH002148,PR000167,PR000042,,rear_end_collision,clear,2025-09-09,True,1,3,5293.5,paid,5266.96,0,
CM000559,CL001721,VH001399,PR000212,PR000107,,rear_end_collision,clear,2025-01-20,True,0,1,888.48,paid,864.74,0,
CM008074,CL000153,VH003091,,PR000150,,rear_end_collision,fog,2025-09-30,True,0,0,845.18,paid,801.56,0,
CM003040,CL000592,VH000264,PR000190,PR000115,,single_vehicle,snow,2023-08-18,True,0,1,2725.81,paid,2688.33,0,
CM001372,CL000768,VH002215,PR000149,PR000086,,multi_vehicle_pileup,fog,2025-02-18,True,0,2,7625.08,paid,7459.1,0,
CM006433,CL000768,VH000359,,PR000160,,sideswipe,clear,2025-02-24,True,0,0,1747.74,paid,1684.31,0,
CM000908,CL000968,VH002213,PR000006,PR000172,,sideswipe,clear,2024-10-31,True,0,0,5484.23,paid,5456.62,0,
CM005904,CL003888,VH000595,PR000068,PR000165,,multi_vehicle_pileup,clear,2024-11-18,True,0,0,4939.66,paid,4633.17,0,
CM001434,CL003199,VH002251,PR000077,PR000207,PR000061,multi_vehicle_pileup,fog,2025-06-17,True,0,0,2984.93,paid,2707.39,0,
CM007645,CL000240,VH002251,,PR000099,,parking_lot,clear,2023-05-04,True,0,2,1383.02,paid,1344.79,0,
CM007833,CL002815,VH000029,,PR000179,,single_vehicle,clear,2024-04-03,True,0,0,1904.26,paid,1842.69,0,
CM005227,CL003287,VH002133,PR000171,PR000224,,parking_lot,snow,2024-04-09,False,0,2,1086.27,under_review,,0,
CM007162,CL003859,VH000681,PR000014,PR000038,PR000126,multi_vehicle_pileup,clear,2024-02-25,True,0,0,5880.94,paid,5349.31,0,
CM004822,CL003916,VH001751,,PR000115,,rear_end_collision,clear,2024-07-31,True,0,0,2133.85,paid,2049.07,0,
CM000927,CL002371,VH002529,PR000089,PR000194,,single_vehicle,snow,2023-08-10,True,0,1,5596.71,under_review,,0,
CM004864,CL000449,VH002240,PR000152,PR000012,PR000185,single_vehicle,clear,2023-02-21,True,1,0,2511.9,paid,2492.02,0,
CM002471,CL000125,VH001847,PR000149,,,parking_lot,rain,2024-08-01,True,0,0,3236.79,paid,2988.16,0,
CM000016,CL001819,VH003347,,PR000071,,multi_vehicle_pileup,clear,2025-06-25,True,1,0,1131.89,paid,1063.87,0,
CM000144,CL002495,VH000048,,PR000094,,single_vehicle,clear,2024-06-01,False,0,1,3411.15,paid,3388.46,0,
CM007190,CL000402,VH000058,PR000238,PR000041,PR000147,multi_vehicle_pileup,fog,2024-06-11,True,0,1,3434.73,paid,3393.78,0,
CM002364,CL000325,VH001897,,PR000197,,rear_end_collision,rain,2024-12-29,True,0,3,4697.22,denied,0.0,0,
CM005166,CL001793,VH003519,,PR000047,PR000020,rear_end_collision,rain,2023-07-31,False,2,1,6269.35,paid,6267.65,0,
CM006855,CL002383,VH002031,PR000219,PR000166,PR000030,sideswipe,rain,2024-01-16,True,1,0,5408.57,paid,4944.31,0,
CM001162,CL002010,VH003269,PR000106,PR000058,,sideswipe,clear,2024-05-23,True,0,0,1348.68,paid,1233.26,0,
CM004998,CL002621,VH002088,,PR000151,,rear_end_collision,fog,2024-07-16,True,1,1,5429.17,paid,5413.4,0,
CM007464,CL003439,VH002164,PR000153,PR000221,,single_vehicle,clear,2025-09-09,True,0,0,8403.33,paid,7772.03,0,
CM005622,CL002339,VH001648,PR000129,PR000050,,parking_lot,snow,2023-08-04,True,0,0,2778.61,paid,2674.41,0,
CM005023,CL002251,VH002775,,,,parking_lot,clear,2023-02-12,False,0,0,1590.53,paid,1467.67,0,
CM004056,CL000585,VH000522,PR000031,,,rear_end_collision,clear,2023-06-08,True,1,1,1574.24,under_review,,0,
CM006202,CL000252,VH000077,PR000239,PR000084,,sideswipe,clear,2025-05-16,False,0,1,3555.36,paid,3530.04,0,
CM001363,CL000785,VH002321,,PR000179,,single_vehicle,rain,2025-01-22,False,1,2,5363.31,paid,5052.9,0,
CM003438,CL003328,VH001029,,PR000080,,single_vehicle,snow,2024-02-10,True,0,0,929.89,paid,859.84,0,
CM001213,CL003937,VH001115,,PR000161,,sideswipe,clear,2023-02-01,False,0,0,11185.92,paid,10985.47,0,
CM001877,CL002300,VH000127,PR000208,PR000179,PR000188,single_vehicle,snow,2024-03-27,True,0,0,7748.57,paid,7562.3,0,
CM003129,CL001728,VH003783,PR000164,PR000080,,rear_end_collision,rain,2025-03-04,True,0,0,2766.75,paid,2573.98,0,
CM008656,CL003624,VH002948,PR000114,PR000243,,rear_end_collision,clear,2025-01-14,False,0,0,1921.05,denied,0.0,1,RING009
CM007395,CL003584,VH000880,,,,multi_vehicle_pileup,rain,2023-09-25,True,0,0,3529.49,paid,3256.52,0,
CM007465,CL002471,VH001901,PR000240,PR000202,,single_vehicle,snow,2024-08-19,True,2,1,9386.49,paid,8455.8,0,
CM004857,CL003473,VH002491,,PR000207,,parking_lot,clear,2025-06-27,False,0,0,1564.19,paid,1448.15,0,
CM008213,CL001021,VH002841,PR000196,PR000091,,rear_end_collision,rain,2025-09-21,False,0,0,2391.56,under_review,,0,
CM001171,CL001796,VH002648,,PR000000,,parking_lot,clear,2025-05-18,True,1,1,3394.82,paid,3134.09,0,
CM000580,CL002012,VH002845,PR000098,PR000229,,sideswipe,rain,2025-09-14,True,0,0,5882.27,paid,5705.53,0,
CM002183,CL003383,VH003229,PR000200,PR000218,,multi_vehicle_pileup,clear,2023-05-05,True,0,1,5063.32,under_review,,0,
CM005685,CL001548,VH003196,,PR000173,,single_vehicle,clear,2024-05-14,True,0,1,3645.81,paid,3586.95,0,
CM003166,CL002582,VH002479,PR000017,PR000058,,multi_vehicle_pileup,rain,2024-06-25,True,0,0,2007.6,denied,0.0,0,
CM003734,CL003288,VH001372,PR000026,PR000071,,sideswipe,clear,2024-03-16,True,1,1,2131.86,paid,2119.77,0,
CM001834,CL003876,VH003439,,PR000041,,multi_vehicle_pileup,clear,2024-01-23,True,0,0,4590.74,under_review,,0,
CM007072,CL002773,VH003307,,PR000246,,single_vehicle,clear,2025-07-29,False,1,0,3827.43,denied,0.0,0,
CM004014,CL002059,VH002157,PR000214,PR000018,,sideswipe,clear,2025-05-15,True,0,2,1137.38,denied,0.0,0,
CM007557,CL002634,VH000969,PR000072,PR000242,,rear_end_collision,clear,2025-07-21,True,0,1,6194.03,paid,5719.73,0,
CM001860,CL000107,VH002104,PR000036,,,single_vehicle,fog,2023-03-28,False,1,0,4511.59,paid,4171.56,0,
CM008014,CL000814,VH003399,,PR000245,,rear_end_collision,fog,2024-07-06,True,0,1,3862.39,paid,3547.17,0,
CM004688,CL001539,VH000958,PR000233,PR000097,,parking_lot,fog,2025-05-12,True,1,0,990.45,paid,985.6,0,
CM002686,CL003106,VH002423,,PR000009,PR000102,multi_vehicle_pileup,clear,2024-04-29,True,0,1,5202.88,paid,4887.99,0,
CM006015,CL000413,VH002674,PR000043,,,rear_end_collision,snow,2023-04-13,True,0,0,7538.13,paid,7115.77,0,
CM005024,CL000659,VH003965,,PR000012,PR000141,sideswipe,clear,2025-01-17,True,0,2,1112.43,paid,1034.39,0,
CM004447,CL002129,VH003941,PR000116,PR000092,,rear_end_collision,rain,2023-04-26,True,1,0,2710.27,paid,2439.7,0,
CM003122,CL000867,VH003797,PR000114,,,multi_vehicle_pileup,clear,2025-06-14,True,0,0,6898.82,paid,6362.71,0,
CM000388,CL003508,VH001060,PR000059,PR000005,,multi_vehicle_pileup,clear,2024-10-29,False,0,0,7866.26,paid,7197.69,0,
CM006150,CL000675,VH003195,PR000153,PR000183,,multi_vehicle_pileup,fog,2024-06-11,False,0,0,1976.5,paid,1961.57,0,
CM001033,CL000883,VH000079,PR000127,PR000011,,multi_vehicle_pileup,clear,2025-03-01,False,0,1,7560.43,under_review,,0,
CM006204,CL002806,VH003154,,PR000161,PR000122,multi_vehicle_pileup,fog,2025-03-09,True,1,0,5760.48,paid,5389.72,0,
CM002489,CL000046,VH001715,PR000059,PR000011,,multi_vehicle_pileup,clear,2023-12-03,True,0,2,2329.35,paid,2246.26,0,
CM002287,CL000897,VH003095,PR000156,PR000160,PR000175,rear_end_collision,clear,2025-08-26,True,0,1,2662.26,paid,2416.11,0,
CM002630,CL001797,VH001813,PR000236,PR000176,,rear_end_collision,clear,2025-12-28,True,1,1,1829.98,paid,1742.38,0,
CM006937,CL001072,VH002505,,PR000111,,multi_vehicle_pileup,clear,2023-05-09,True,1,1,2547.78,paid,2437.03,0,
CM008483,CL001514,VH001698,PR000248,PR000124,PR000020,rear_end_collision,clear,2025-06-02,True,0,0,1684.34,partially_paid,960.73,1,RING002
CM003059,CL000353,VH002567,,PR000151,,single_vehicle,clear,2025-06-08,True,0,0,772.07,paid,722.33,0,
CM003280,CL002035,VH003538,PR000167,PR000097,,sideswipe,rain,2025-12-13,True,0,0,4102.35,paid,4045.97,0,
CM000932,CL003411,VH002870,PR000190,PR000133,,rear_end_collision,clear,2024-09-04,True,0,0,5205.93,under_review,,0,
CM004615,CL003426,VH000214,,PR000062,,single_vehicle,snow,2025-10-17,True,0,0,5693.45,paid,5152.92,0,
CM000692,CL000638,VH002929,PR000073,PR000097,,parking_lot,snow,2023-02-18,True,0,2,11177.71,paid,10366.14,0,
CM004190,CL003563,VH003506,PR000190,PR000052,,multi_vehicle_pileup,clear,2023-08-18,True,0,1,7182.53,paid,6473.12,0,
CM001892,CL000399,VH002286,,PR000154,,single_vehicle,rain,2025-03-18,True,0,0,4134.15,paid,3726.41,0,
CM002269,CL000206,VH001056,,PR000086,,rear_end_collision,rain,2025-08-26,True,0,0,4046.71,paid,3749.39,0,
CM005269,CL003779,VH001304,,PR000087,,parking_lot,clear,2025-11-23,False,1,3,967.13,paid,905.14,0,
CM006771,CL002349,VH003982,PR000031,PR000178,,multi_vehicle_pileup,fog,2025-05-10,True,0,0,3495.22,paid,3392.56,0,
CM006450,CL000906,VH003788,PR000244,PR000109,,multi_vehicle_pileup,clear,2023-04-28,False,2,0,13984.97,paid,13650.41,0,
CM007628,CL000685,VH002200,PR000036,PR000131,,rear_end_collision,clear,2024-02-23,True,0,1,3732.27,paid,3378.0,0,
CM007114,CL000737,VH001798,PR000167,PR000178,,single_vehicle,rain,2024-09-08,True,1,0,7430.92,under_review,,0,
CM008108,CL001679,VH000951,PR000036,PR000029,,sideswipe,clear,2023-12-23,True,0,2,3616.2,paid,3273.05,0,
CM000045,CL000787,VH002820,PR000129,PR000246,,multi_vehicle_pileup,clear,2023-03-14,True,0,3,2151.25,paid,2071.84,0,
CM003102,CL001845,VH000247,PR000048,PR000145,,sideswipe,clear,2025-06-15,True,0,1,3374.0,paid,3353.58,0,
CM004158,CL002990,VH001725,,PR000028,,single_vehicle,clear,2025-10-24,True,1,0,4831.29,denied,0.0,0,
CM003013,CL002208,VH002884,PR000156,PR000097,,multi_vehicle_pileup,clear,2024-12-06,True,0,0,737.92,paid,735.37,0,
CM006390,CL001970,VH001389,,PR000005,,single_vehicle,clear,2024-03-15,True,0,1,9791.83,paid,9071.51,0,
CM000224,CL001324,VH002946,,PR000011,,single_vehicle,clear,2025-11-12,True,0,3,7165.23,paid,6938.86,0,
CM008044,CL002253,VH001110,PR000048,PR000220,,parking_lot,clear,2025-11-25,False,1,1,6117.77,paid,5881.37,0,
CM001188,CL001871,VH001803,PR000022,,,multi_vehicle_pileup,snow,2025-06-28,False,0,1,7102.77,paid,6595.72,0,
CM007825,CL001927,VH000085,PR000153,PR000079,,single_vehicle,clear,2024-11-06,True,0,2,3108.02,paid,3086.96,0,
CM000838,CL003014,VH002390,,PR000182,,sideswipe,clear,2025-11-27,True,0,0,7140.74,under_review,,0,
CM005367,CL003236,VH001314,,PR000207,,sideswipe,clear,2024-09-04,True,0,1,8301.57,paid,8002.66,0,
CM001684,CL001496,VH003101,PR000063,PR000124,,single_vehicle,clear,2025-06-18,True,0,0,2525.11,paid,2403.95,0,
CM007172,CL000870,VH000186,,,PR000230,multi_vehicle_pileup,clear,2025-07-09,True,1,0,3280.39,paid,2995.4,0,
CM003060,CL003592,VH000968,PR000070,PR000042,,multi_vehicle_pileup,fog,2024-04-11,False,1,1,5017.14,under_review,,0,
CM007618,CL003399,VH003611,PR000200,PR000052,,sideswipe,clear,2023-02-26,True,1,1,589.6,paid,573.35,0,
CM007753,CL001265,VH003337,PR000190,PR000140,,rear_end_collision,fog,2024-03-04,True,0,0,1234.51,paid,1162.7,0,
CM000064,CL000521,VH000442,PR000036,,,multi_vehicle_pileup,clear,2025-06-22,True,0,2,2733.22,paid,2606.98,0,
CM003093,CL001807,VH001219,,PR000069,PR000232,parking_lot,clear,2023-04-08,True,0,2,8248.9,paid,7972.69,0,
CM000618,CL002770,VH003585,,PR000210,PR000213,single_vehicle,clear,2024-09-01,True,0,1,7685.85,paid,7413.69,0,
CM007767,CL000438,VH000730,PR000238,PR000055,,single_vehicle,clear,2024-01-15,True,0,1,8848.96,paid,8507.61,0,
CM006248,CL000512,VH001165,,PR000182,,single_vehicle,snow,2023-05-15,False,0,2,2327.94,paid,2181.98,0,
CM000228,CL001694,VH000703,PR000198,,,multi_vehicle_pileup,rain,2023-11-17,True,0,2,8659.32,paid,8647.61,0,
CM004952,CL002846,VH001095,,PR000095,,parking_lot,clear,2025-06-29,True,0,4,1514.58,paid,1475.96,0,
CM006789,CL000044,VH000758,PR000076,PR000032,,multi_vehicle_pileup,rain,2024-02-02,True,0,0,4179.23,paid,3817.77,0,
CM008450,CL001423,VH001732,PR000146,PR000105,,parking_lot,clear,2024-01-15,False,0,0,8011.79,paid,7656.04,1,RING001
CM003461,CL001908,VH003344,PR000223,PR000055,PR000155,single_vehicle,clear,2025-04-02,False,1,0,7333.34,paid,7303.0,0,
CM006600,CL000791,VH001754,,PR000137,,rear_end_collision,clear,2023-05-18,True,0,1,2289.02,denied,0.0,0,
CM000970,CL003577,VH000562,PR000023,PR000181,PR000162,single_vehicle,clear,2024-11-09,False,1,0,6395.23,paid,6245.91,0,
CM001806,CL003620,VH001067,,PR000191,,single_vehicle,clear,2023-03-06,True,0,0,3027.41,under_review,,0,
CM002448,CL003202,VH003080,PR000049,PR000124,PR000213,multi_vehicle_pileup,rain,2023-01-27,True,0,1,1799.06,paid,1750.79,0,
CM008338,CL002131,VH003770,PR000189,PR000009,,single_vehicle,clear,2025-12-28,True,1,1,2303.42,paid,2238.48,0,
CM003384,CL003668,VH000426,,PR000086,,single_vehicle,clear,2024-04-23,False,1,1,2600.46,paid,2540.23,0,
CM005103,CL002446,VH001204,PR000118,PR000084,,rear_end_collision,fog,2024-11-12,True,0,0,6743.88,paid,6630.5,0,
CM006833,CL001378,VH003283,PR000070,PR000060,,parking_lot,clear,2024-05-12,True,0,0,4348.27,paid,3957.99,0,
CM004451,CL000513,VH002251,PR000112,PR000184,PR000053,parking_lot,clear,2024-01-19,False,0,1,3289.96,paid,3073.62,0,
CM002852,CL003632,VH003655,,PR000045,,rear_end_collision,clear,2023-10-01,True,1,0,3172.79,paid,2886.61,0,
CM003847,CL002343,VH003695,,PR000108,,rear_end_collision,clear,2023-06-26,True,0,1,6480.71,paid,6144.6,0,
CM005474,CL002637,VH000462,PR000078,PR000138,,sideswipe,clear,2023-06-23,True,0,0,4270.66,paid,4180.99,0,
CM001861,CL002636,VH002634,PR000164,PR000241,PR000101,rear_end_collision,clear,2024-11-15,False,1,0,5177.51,paid,4917.31,0,
CM004861,CL002322,VH002138,PR000043,,,sideswipe,rain,2025-12-19,True,0,1,3894.75,under_review,,0,
CM005401,CL002825,VH001471,PR000234,PR000071,,multi_vehicle_pileup,clear,2025-06-09,False,0,0,4939.79,paid,4737.64,0,
CM006170,CL001291,VH002721,,PR000121,,sideswipe,clear,2024-11-28,False,0,0,2901.61,paid,2808.77,0,
CM007397,CL000465,VH001050,PR000002,PR000210,,multi_vehicle_pileup,clear,2025-10-27,True,0,0,3196.28,paid,2915.94,0,
CM005152,CL003089,VH002332,PR000200,PR000009,,sideswipe,clear,2023-10-07,True,0,0,4130.99,paid,3817.5,0,
CM000253,CL002942,VH001631,,PR000015,,sideswipe,fog,2024-05-08,False,0,2,7591.43,paid,6912.5,0,
CM004504,CL002687,VH003443,PR000014,PR000062,,sideswipe,clear,2024-07-19,True,1,3,3576.98,paid,3368.15,0,
CM006240,CL001847,VH000548,,PR000091,,multi_vehicle_pileup,fog,2025-01-15,True,1,1,1025.95,paid,1015.73,0,
CM001790,CL003076,VH000786,PR000136,PR000055,,parking_lot,clear,2024-08-04,False,0,0,1285.12,paid,1183.48,0,
CM006619,CL001525,VH001478,,PR000099,,sideswipe,clear,2023-04-26,True,0,2,7966.87,paid,7252.45,0,
CM002060,CL003937,VH000917,PR000152,PR000038,,single_vehicle,snow,2025-11-27,True,0,1,3417.68,paid,3302.74,0,
CM005051,CL003289,VH002348,,PR000108,,rear_end_collision,clear,2024-11-11,True,0,3,5359.94,paid,4883.33,0,
CM003048,CL003262,VH003292,PR000164,PR000105,PR000162,parking_lot,snow,2025-08-19,True,0,2,1848.05,paid,1737.71,0,
CM004291,CL003412,VH003935,PR000159,PR000042,,multi_vehicle_pileup,clear,2023-07-30,True,0,1,4194.03,paid,3791.79,0,
CM005738,CL002837,VH002968,PR000222,PR000204,PR000101,rear_end_collision,clear,2023-01-21,True,1,1,655.5,paid,645.18,0,
CM001903,CL000453,VH002720,,PR000137,,parking_lot,clear,2023-04-26,True,0,0,4188.35,paid,3988.68,0,
CM002751,CL002165,VH003181,,PR000042,,rear_end_collision,clear,2023-04-04,True,0,0,8785.26,paid,8240.17,0,
CM002120,CL003859,VH003803,PR000006,PR000084,,sideswipe,clear,2024-09-03,False,0,1,5412.68,paid,5088.84,0,
CM007948,CL000895,VH002507,PR000170,PR000110,,rear_end_collision,clear,2025-12-02,True,0,1,3574.38,paid,3499.16,0,
CM004795,CL000833,VH003244,PR000081,PR000143,,multi_vehicle_pileup,clear,2024-10-18,True,0,2,2836.04,paid,2634.53,0,
CM003827,CL002372,VH003261,PR000249,,,multi_vehicle_pileup,clear,2025-10-28,True,1,0,3523.81,paid,3461.45,0,
CM002690,CL003096,VH002906,PR000063,PR000169,,rear_end_collision,fog,2025-02-18,True,0,0,2710.5,under_review,,0,
CM005745,CL003187,VH001156,PR000159,PR000047,,rear_end_collision,snow,2025-10-26,True,1,1,5553.15,under_review,,0,
CM004202,CL003215,VH003881,,PR000220,PR000185,multi_vehicle_pileup,clear,2025-07-30,True,1,0,2992.84,paid,2881.73,0,
CM001924,CL003634,VH002348,,PR000013,,multi_vehicle_pileup,fog,2023-09-29,True,0,2,7133.94,paid,6800.91,0,
CM006746,CL002422,VH001346,PR000195,PR000045,,single_vehicle,rain,2023-06-11,False,1,1,2826.82,paid,2775.49,0,
CM000076,CL000054,VH002855,,PR000154,,rear_end_collision,clear,2025-06-17,True,0,0,3319.01,paid,3039.36,0,
CM002346,CL002773,VH001706,PR000189,PR000210,,rear_end_collision,clear,2025-12-10,False,0,0,3939.62,paid,3581.9,0,
CM002352,CL003114,VH003638,PR000082,,,parking_lot,clear,2025-01-11,True,0,1,3967.27,paid,3816.96,0,
CM005329,CL001194,VH000850,PR000006,PR000015,,rear_end_collision,clear,2024-01-23,False,1,0,2954.85,paid,2904.35,0,
CM000431,CL002569,VH002110,PR000039,PR000191,,multi_vehicle_pileup,rain,2024-08-04,True,0,1,2163.57,denied,0.0,0,
CM004922,CL000236,VH000288,,PR000133,,rear_end_collision,clear,2023-08-05,True,0,2,1132.39,paid,1029.54,0,
CM004314,CL001489,VH000882,,PR000138,,sideswipe,clear,2024-04-21,False,0,0,1943.45,paid,1854.95,0,
CM004964,CL001437,VH002733,PR000222,PR000087,,single_vehicle,clear,2024-07-16,False,0,0,2475.68,paid,2271.5,0,
CM006196,CL003953,VH003984,PR000063,PR000179,,rear_end_collision,clear,2023-01-29,True,0,0,3066.72,paid,2984.1,0,
CM008382,CL001516,VH003765,PR000063,PR000042,,multi_vehicle_pileup,clear,2025-04-20,True,1,0,747.31,paid,689.94,0,
CM003871,CL000284,VH000222,PR000089,PR000180,,single_vehicle,clear,2024-03-31,True,0,0,1746.01,paid,1577.27,0,
CM003957,CL000913,VH001745,PR000104,PR000058,,parking_lot,clear,2024-12-04,True,1,0,3747.46,paid,3710.1,0,
CM006428,CL002540,VH001970,,PR000134,,sideswipe,clear,2024-04-30,False,0,2,1794.9,denied,0.0,0,
CM006626,CL000723,VH003265,,PR000109,PR000232,single_vehicle,rain,2025-12-18,True,0,0,5099.34,paid,5083.14,0,
CM003602,CL000347,VH003062,PR000019,,,rear_end_collision,rain,2023-02-08,True,0,1,1771.85,paid,1743.86,0,
CM006038,CL000173,VH003227,,PR000174,,multi_vehicle_pileup,clear,2023-05-08,True,0,1,2319.44,paid,2155.4,0,
CM000241,CL001819,VH003880,,PR000083,,parking_lot,clear,2023-03-30,True,1,2,5297.87,paid,5052.15,0,
CM000784,CL002317,VH003385,PR000048,,,rear_end_collision,rain,2024-11-13,False,0,1,1252.44,paid,1198.75,0,
CM001355,CL003784,VH003484,PR000066,PR000110,,single_vehicle,clear,2024-09-25,False,0,1,4299.35,paid,4004.34,0,
CM003067,CL002547,VH000573,PR000043,,,multi_vehicle_pileup,rain,2024-06-19,True,0,0,5754.98,paid,5448.23,0,
CM004510,CL000948,VH002582,,,,single_vehicle,clear,2024-08-08,True,0,2,1933.39,paid,1776.9,0,
CM000978,CL000912,VH001423,,PR000209,PR000155,multi_vehicle_pileup,rain,2024-12-14,True,0,3,2489.71,under_review,,0,
CM000810,CL003099,VH001845,,,,multi_vehicle_pileup,clear,2024-08-15,True,0,0,5379.02,paid,5101.99,0,
CM002169,CL001990,VH003471,,,,parking_lot,clear,2023-05-18,True,1,0,1319.53,paid,1301.81,0,
CM008440,CL003647,VH000213,PR000146,PR000105,,single_vehicle,snow,2024-01-20,True,0,0,3656.81,partially_paid,1122.07,1,RING001
CM004538,CL001052,VH000634,,PR000092,,rear_end_collision,rain,2023-01-13,True,1,0,4511.42,under_review,,0,
CM001600,CL001502,VH001081,,PR000173,,multi_vehicle_pileup,rain,2023-10-29,False,0,1,5027.76,under_review,,0,
CM002942,CL000660,VH002872,,PR000140,,sideswipe,fog,2023-10-13,False,1,1,4096.04,under_review,,0,
CM005205,CL001483,VH003603,PR000236,PR000009,,multi_vehicle_pileup,clear,2023-06-18,False,1,1,1818.68,paid,1805.63,0,
CM007205,CL003326,VH000388,,,,multi_vehicle_pileup,clear,2023-11-13,True,1,2,9072.02,paid,8499.49,0,
CM003412,CL001756,VH002669,PR000233,PR000246,,parking_lot,fog,2025-01-30,True,0,1,2709.79,denied,0.0,0,
CM000685,CL003035,VH000745,PR000048,PR000140,,single_vehicle,clear,2024-01-27,True,0,1,4107.36,paid,3783.6,0,
CM006067,CL003211,VH001607,PR000118,PR000090,,multi_vehicle_pileup,clear,2023-09-26,True,2,0,2285.57,paid,2250.94,0,
CM001621,CL003935,VH000816,,PR000220,,multi_vehicle_pileup,rain,2023-11-03,True,1,2,6007.2,paid,5573.79,0,
CM004020,CL001772,VH003552,,PR000124,,rear_end_collision,clear,2024-04-11,False,0,0,10228.77,paid,10162.74,0,
CM001483,CL001915,VH001142,PR000249,,,sideswipe,clear,2024-08-01,True,1,2,7086.13,paid,6662.19,0,
CM002147,CL000382,VH000715,PR000033,PR000094,,sideswipe,fog,2025-09-18,True,0,3,2133.43,denied,0.0,0,
CM001802,CL002972,VH001291,PR000195,,,sideswipe,clear,2024-10-18,True,0,1,1167.63,paid,1154.8,0,
CM002096,CL001884,VH002405,PR000240,PR000220,,sideswipe,clear,2024-08-23,False,1,0,5992.62,paid,5938.97,0,
CM004804,CL001917,VH002850,PR000158,,,rear_end_collision,rain,2025-06-23,True,2,1,3180.96,under_review,,0,
CM001358,CL001734,VH001598,,PR000018,,sideswipe,snow,2025-12-15,True,0,2,6892.78,under_review,,0,
CM006361,CL003262,VH000084,,PR000160,PR000232,rear_end_collision,clear,2024-02-27,True,1,2,6519.9,paid,6249.18,0,
CM008268,CL003513,VH001380,,,,parking_lot,rain,2024-09-15,False,0,0,5421.2,paid,4979.5,0,
CM003807,CL003354,VH003915,,PR000067,,sideswipe,clear,2025-10-30,False,0,0,5994.65,paid,5603.21,0,
CM004103,CL000632,VH001898,PR000187,PR000111,,single_vehicle,clear,2024-12-27,True,1,1,3635.17,paid,3377.76,0,
CM007947,CL000460,VH003451,,PR000210,,single_vehicle,rain,2024-07-31,True,0,2,11102.69,under_review,,0,
CM004479,CL002010,VH002709,,PR000018,,sideswipe,rain,2024-04-14,True,1,1,2121.77,paid,2082.55,0,
CM004297,CL001907,VH001218,,PR000145,,multi_vehicle_pileup,clear,2025-04-14,True,1,1,1524.84,paid,1420.34,0,
CM004575,CL002997,VH003527,PR000189,PR000203,,parking_lot,clear,2024-04-08,True,0,2,6537.84,paid,6370.59,0,
CM001610,CL002293,VH001216,,PR000181,,sideswipe,fog,2023-07-25,False,0,1,2523.69,paid,2321.57,0,
CM008723,CL002538,VH003410,PR000171,PR000087,,sideswipe,rain,2023-02-11,True,0,0,1620.96,paid,1584.34,1,RING011
CM000495,CL000869,VH001548,PR000093,PR000138,,rear_end_collision,rain,2023-11-01,True,0,3,3813.22,paid,3608.52,0,
CM007672,CL000095,VH003200,PR000073,PR000071,,sideswipe,clear,2024-09-28,False,1,0,1506.96,paid,1408.99,0,
CM002018,CL001568,VH002442,PR000159,PR000123,,parking_lot,clear,2024-09-21,True,0,0,5757.33,paid,5231.52,0,
CM006111,CL003166,VH002948,PR000051,PR000128,,parking_lot,clear,2024-03-11,True,0,0,3496.77,paid,3345.29,0,
CM002329,CL002827,VH003046,,PR000131,,rear_end_collision,clear,2024-08-30,False,0,2,3460.36,paid,3389.43,0,
CM000030,CL001664,VH003125,,,,parking_lot,snow,2024-11-19,True,0,1,8921.39,paid,8441.94,0,
CM006344,CL003525,VH001345,,PR000024,PR000175,multi_vehicle_pileup,clear,2023-03-02,True,0,0,5239.05,under_review,,0,
CM006272,CL001179,VH002066,PR000234,PR000242,PR000230,multi_vehicle_pileup,rain,2025-04-15,True,0,4,660.47,paid,606.22,0,
CM008744,CL003028,VH000401,PR000119,PR000197,PR000135,parking_lot,clear,2025-05-06,True,0,0,1408.49,denied,0.0,1,RING012
CM003119,CL001647,VH002423,PR000078,PR000058,,rear_end_collision,rain,2023-03-15,True,0,1,660.18,under_review,,0,
CM001093,CL000598,VH001184,PR000002,PR000099,,sideswipe,clear,2025-07-03,False,0,0,1754.17,paid,1722.42,0,
CM003247,CL002646,VH000093,,PR000242,,rear_end_collision,rain,2024-09-15,True,0,0,1150.49,paid,1035.67,0,
CM000125,CL000937,VH000519,PR000116,PR000209,,parking_lot,clear,2023-05-08,True,0,1,2725.2,paid,2602.94,0,
CM008486,CL002353,VH000767,PR000019,PR000071,PR000102,rear_end_collision,clear,2024-04-14,False,3,1,6090.35,paid,5634.38,1,RING003
CM007018,CL001604,VH002893,PR000192,PR000174,,parking_lot,clear,2025-05-03,False,0,1,4321.75,paid,4258.36,0,
CM008812,CL000398,VH003437,PR000106,PR000203,PR000230,parking_lot,snow,2024-02-10,False,0,0,3723.36,denied,0.0,1,RING015
CM005886,CL003532,VH003493,PR000249,,,single_vehicle,clear,2023-03-31,False,1,0,5833.18,paid,5378.69,0,
CM002299,CL000131,VH002792,,PR000243,,multi_vehicle_pileup,fog,2024-10-25,False,1,1,12029.17,paid,11298.92,0,
CM006127,CL000968,VH001094,,PR000123,,single_vehicle,clear,2023-09-23,True,0,2,6594.01,paid,6573.87,0,
CM001554,CL000472,VH002113,,PR000131,,rear_end_collision,clear,2023-05-04,True,0,0,5954.23,paid,5909.17,0,
CM008106,CL000950,VH000769,,PR000108,,single_vehicle,clear,2023-05-16,True,0,2,1478.64,paid,1459.54,0,
CM000599,CL003383,VH001175,,PR000083,,rear_end_collision,rain,2023-09-01,False,0,1,1156.25,paid,1143.17,0,
CM002124,CL003879,VH001450,PR000112,PR000018,,parking_lot,clear,2025-03-22,True,1,1,3599.33,paid,3543.11,0,
CM001417,CL003776,VH002178,PR000219,,,parking_lot,clear,2025-10-20,True,0,1,6386.01,paid,5934.33,0,
CM005770,CL002817,VH001288,,PR000109,,multi_vehicle_pileup,clear,2025-03-10,True,0,1,6382.01,paid,6380.06,0,
CM008411,CL003266,VH000400,PR000114,PR000013,PR000030,multi_vehicle_pileup,clear,2024-04-21,True,1,0,6393.27,denied,0.0,1,RING000
CM005613,CL002475,VH000613,,PR000183,,parking_lot,clear,2025-12-25,True,0,0,5666.56,paid,5303.48,0,
CM007122,CL001302,VH001701,,PR000060,,multi_vehicle_pileup,clear,2025-01-21,True,1,1,2420.72,paid,2189.01,0,
CM005578,CL003556,VH003712,,PR000140,,parking_lot,fog,2023-05-08,True,0,1,4446.6,paid,4004.85,0,
CM007745,CL001791,VH003959,PR000057,PR000109,,sideswipe,clear,2025-04-21,True,1,0,4294.66,paid,4006.63,0,
CM005502,CL000466,VH000523,PR000098,PR000134,,multi_vehicle_pileup,clear,2023-01-30,True,0,1,8083.53,paid,7371.53,0,
CM002198,CL000798,VH001555,PR000070,PR000204,PR000016,rear_end_collision,snow,2023-05-23,False,1,0,3593.51,paid,3382.03,0,
CM004790,CL003693,VH003857,,PR000108,PR000188,multi_vehicle_pileup,clear,2025-02-17,True,0,0,4037.72,paid,3639.97,0,
CM005420,CL000705,VH000625,,PR000242,,sideswipe,rain,2025-01-18,True,0,1,2473.47,paid,2234.05,0,
CM000726,CL000737,VH002863,PR000113,PR000015,,rear_end_collision,clear,2023-03-28,True,0,0,6109.34,paid,6003.09,0,
CM005737,CL001849,VH000318,PR000004,PR000083,,single_vehicle,clear,2024-09-16,True,0,2,7712.52,paid,7095.19,0,
CM007583,CL000303,VH001998,PR000078,PR000055,,multi_vehicle_pileup,clear,2025-12-14,False,1,0,2643.17,paid,2508.97,0,
CM000809,CL002798,VH000398,,PR000097,,sideswipe,clear,2025-04-08,True,1,0,1405.95,paid,1342.95,0,
CM007685,CL000303,VH003212,PR000001,PR000204,,rear_end_collision,clear,2024-05-07,True,1,0,7102.82,paid,6866.81,0,
CM006583,CL003424,VH000005,PR000127,PR000092,,rear_end_collision,rain,2023-12-03,False,1,1,11398.86,paid,11059.44,0,
CM000959,CL000548,VH000223,,PR000099,,multi_vehicle_pileup,fog,2024-12-06,True,0,1,993.14,paid,927.22,0,
CM007881,CL001624,VH000171,PR000206,PR000165,,single_vehicle,snow,2025-06-30,True,1,1,1648.36,paid,1523.72,0,
CM005101,CL002106,VH002174,,PR000220,,sideswipe,rain,2025-04-10,True,0,0,11303.13,paid,10888.74,0,
CM004709,CL003360,VH002729,PR000106,PR000132,,sideswipe,snow,2025-10-12,True,0,0,1874.79,paid,1867.04,0,
CM000811,CL002841,VH000301,PR000001,PR000181,,single_vehicle,clear,2025-03-22,True,0,1,669.31,paid,616.49,0,
CM007891,CL003495,VH003216,PR000025,PR000134,,parking_lot,rain,2025-08-10,False,2,2,10240.02,paid,9775.76,0,
CM000835,CL000899,VH000267,PR000014,,,rear_end_collision,clear,2023-02-02,True,1,2,4196.75,paid,4161.75,0,
CM007363,CL003995,VH001413,,PR000071,,single_vehicle,clear,2025-08-03,True,0,0,2658.97,paid,2524.7,0,
CM002424,CL002941,VH001349,,PR000241,,rear_end_collision,clear,2025-04-06,True,0,1,4960.47,paid,4849.84,0,
CM007773,CL002177,VH003172,,PR000131,,sideswipe,snow,2025-06-24,True,0,0,2726.79,denied,0.0,0,
CM005840,CL001284,VH001600,,PR000180,PR000213,multi_vehicle_pileup,rain,2025-11-16,False,0,0,4666.32,paid,4259.13,0,
CM001236,CL001819,VH003875,,PR000131,PR000030,multi_vehicle_pileup,clear,2023-01-10,True,1,0,2560.25,paid,2488.73,0,
CM001226,CL002278,VH003716,PR000158,PR000015,,sideswipe,clear,2024-12-17,True,0,0,2557.15,under_review,,0,
CM006292,CL001769,VH001473,PR000077,PR000220,,parking_lot,rain,2025-02-02,True,0,2,5160.47,paid,4987.74,0,
CM006325,CL001197,VH002168,PR000057,PR000037,,sideswipe,clear,2024-07-24,True,0,0,1125.1,under_review,,0,
CM006351,CL003288,VH003068,,PR000027,,sideswipe,clear,2023-12-20,True,0,0,400.43,paid,373.92,0,
CM007470,CL000548,VH002074,,PR000121,,multi_vehicle_pileup,fog,2023-01-31,True,0,0,3636.49,paid,3505.79,0,
CM003950,CL003701,VH002831,PR000008,PR000038,,rear_end_collision,clear,2024-03-08,True,1,0,4758.73,paid,4400.45,0,
CM003218,CL002495,VH002407,PR000008,PR000071,,multi_vehicle_pileup,clear,2023-08-25,True,0,0,1018.66,paid,936.93,0,
CM005890,CL002361,VH000118,,PR000032,,single_vehicle,rain,2024-02-25,True,0,1,5540.08,paid,5300.47,0,
CM000288,CL000307,VH003179,PR000081,PR000009,,sideswipe,rain,2025-07-09,True,0,1,4334.08,paid,4234.32,0,
CM003837,CL003405,VH000413,,PR000124,,parking_lot,clear,2024-09-18,True,1,0,4967.1,under_review,,0,
CM002967,CL002840,VH002664,,PR000047,,multi_vehicle_pileup,rain,2023-10-10,True,1,0,14483.65,paid,14451.92,0,
CM003165,CL000755,VH000532,PR000119,PR000151,,rear_end_collision,clear,2024-09-11,True,1,1,2537.48,paid,2387.93,0,
CM004746,CL002020,VH002457,,PR000091,,rear_end_collision,clear,2024-09-16,False,0,0,1140.91,paid,1074.9,0,
CM005245,CL001414,VH002745,,PR000015,,parking_lot,fog,2024-09-19,False,0,2,4249.0,paid,3846.65,0,
CM007506,CL001735,VH000006,,PR000091,,sideswipe,fog,2023-10-25,True,0,0,6702.46,paid,6113.4,0,
CM001658,CL001081,VH003577,PR000033,PR000011,,multi_vehicle_pileup,fog,2025-11-22,False,0,0,2176.48,under_review,,0,
CM008170,CL000435,VH002724,PR000114,PR000226,,sideswipe,clear,2023-03-26,False,0,0,4280.08,paid,3873.17,0,
CM008226,CL000724,VH002474,PR000164,PR000243,,single_vehicle,clear,2024-12-10,True,0,0,6479.35,paid,6115.09,0,
CM000453,CL002088,VH001012,,,,single_vehicle,clear,2025-07-20,True,1,2,6689.98,paid,6194.8,0,
CM006335,CL001162,VH002230,PR000022,PR000123,,rear_end_collision,clear,2023-11-20,True,1,0,1146.36,paid,1079.57,0,
CM005615,CL002125,VH002008,PR000033,PR000203,,multi_vehicle_pileup,clear,2023-05-25,True,1,3,4574.38,paid,4490.38,0,
CM003768,CL000081,VH002072,PR000056,PR000184,,single_vehicle,snow,2023-02-09,False,0,0,3932.78,paid,3731.76,0,
CM002620,CL003443,VH000977,PR000171,,,sideswipe,snow,2023-12-11,True,0,0,4315.59,paid,4228.36,0,
CM000423,CL001956,VH000000,,PR000047,,sideswipe,clear,2024-09-25,True,0,0,6605.4,paid,6376.73,0,
CM008086,CL001641,VH003846,PR000078,PR000229,,rear_end_collision,clear,2025-10-16,False,0,0,4192.54,paid,3971.44,0,
CM001221,CL003562,VH003151,PR000236,PR000027,,sideswipe,clear,2024-09-23,True,1,2,3133.21,paid,3040.2,0,
CM002930,CL000166,VH003212,,PR000083,,rear_end_collision,clear,2023-08-21,True,1,0,2175.39,paid,2109.69,0,
CM000658,CL002475,VH003738,,PR000109,,sideswipe,clear,2023-10-04,True,0,1,6507.75,paid,6031.68,0,
CM003302,CL001831,VH003286,,PR000115,,parking_lot,snow,2023-08-10,False,0,0,2427.1,paid,2213.54,0,
CM005460,CL001765,VH003104,,PR000137,,rear_end_collision,clear,2023-01-11,True,0,0,10756.9,paid,10430.64,0,
CM002846,CL002676,VH002707,,,,rear_end_collision,clear,2025-09-08,True,0,0,1938.82,paid,1924.06,0,
CM003024,CL001766,VH000794,,PR000080,,sideswipe,clear,2025-10-01,True,0,1,3660.5,paid,3419.43,0,
CM008597,CL000070,VH003018,PR000112,PR000060,PR000139,rear_end_collision,clear,2023-08-15,False,0,0,5452.38,partially_paid,3427.67,1,RING007
CM001002,CL002734,VH003026,PR000066,PR000018,,parking_lot,rain,2025-08-26,True,0,1,3414.0,paid,3249.12,0,
CM000103,CL000389,VH000593,,PR000060,PR000213,parking_lot,fog,2023-06-09,True,0,1,4336.17,paid,4060.1,0,
CM002419,CL001245,VH003564,PR000195,PR000165,,single_vehicle,rain,2025-06-23,True,1,0,1178.49,paid,1119.48,0,
CM005905,CL001760,VH000375,,PR000176,,sideswipe,clear,2025-09-29,True,1,0,1844.86,paid,1696.7,0,
CM006012,CL001962,VH003211,,PR000090,,rear_end_collision,rain,2023-06-08,True,2,0,9243.81,paid,8540.13,0,
CM006663,CL002677,VH000304,PR000125,PR000005,,multi_vehicle_pileup,clear,2023-01-19,False,0,0,3376.91,denied,0.0,0,
CM001581,CL001921,VH000319,PR000212,PR000005,,parking_lot,clear,2023-05-29,True,0,0,4074.25,paid,3892.5,0,
CM008247,CL002566,VH000744,,PR000184,PR000030,sideswipe,clear,2024-03-12,True,2,0,4456.98,paid,4190.9,0,
CM002207,CL002340,VH002891,PR000004,PR000145,,parking_lot,clear,2025-01-07,True,1,1,4865.56,paid,4385.08,0,
CM000171,CL003194,VH002206,,PR000207,,single_vehicle,clear,2023-06-12,False,0,2,9083.58,paid,8625.12,0,
CM007106,CL000360,VH000271,PR000187,PR000092,PR000188,sideswipe,clear,2025-04-16,True,1,1,3179.02,paid,3128.63,0,
CM000136,CL002989,VH001830,,PR000024,,multi_vehicle_pileup,clear,2023-11-10,False,0,0,5028.51,paid,4917.22,0,
CM000758,CL001150,VH001932,PR000103,PR000058,,rear_end_collision,snow,2023-06-23,True,0,2,2719.75,denied,0.0,0,
CM007373,CL001478,VH001461,PR000190,PR000094,,rear_end_collision,clear,2024-02-23,True,1,3,4822.71,paid,4367.55,0,
CM001311,CL000438,VH000059,PR000056,PR000133,,single_vehicle,rain,2025-03-29,False,0,1,3114.89,paid,2890.06,0,
CM001218,CL001985,VH001350,,PR000199,,single_vehicle,clear,2024-03-11,False,0,2,990.35,paid,921.54,0,
CM002285,CL003375,VH001581,PR000127,PR000220,,rear_end_collision,rain,2024-11-06,True,0,0,7749.38,under_review,,0,
CM005273,CL000589,VH002177,PR000219,PR000012,,single_vehicle,clear,2023-03-14,False,0,0,4998.85,paid,4902.87,0,
CM002906,CL001783,VH002902,,,,multi_vehicle_pileup,snow,2025-08-02,True,0,1,5532.44,paid,5040.23,0,
CM005866,CL002871,VH000855,,PR000174,PR000141,parking_lot,clear,2025-12-16,True,0,0,1835.05,paid,1704.02,0,
CM007873,CL001322,VH003229,PR000072,PR000154,,single_vehicle,clear,2023-11-05,True,0,1,2641.78,paid,2527.2,0,
CM005504,CL000898,VH002352,PR000167,PR000117,,single_vehicle,clear,2023-04-02,True,0,0,4532.31,paid,4475.75,0,
CM001936,CL001691,VH003893,PR000103,PR000225,,parking_lot,fog,2025-07-29,True,2,2,8970.37,paid,8921.61,0,
CM005517,CL003077,VH001278,PR000043,PR000150,,sideswipe,clear,2023-05-21,False,1,0,4126.64,paid,3879.51,0,
CM005853,CL000187,VH001363,PR000046,PR000211,,sideswipe,clear,2025-11-25,True,0,0,1371.85,paid,1348.67,0,
CM003886,CL000024,VH002186,,PR000028,,single_vehicle,clear,2025-10-14,True,0,1,3940.53,under_review,,0,
CM000808,CL000071,VH002209,PR000159,PR000197,,single_vehicle,clear,2024-09-07,True,0,1,2794.83,denied,0.0,0,
CM002046,CL002753,VH003101,PR000158,PR000086,,single_vehicle,clear,2023-10-25,False,1,2,7008.61,paid,6598.08,0,
CM004044,CL000071,VH003897,PR000112,PR000140,,parking_lot,rain,2023-11-05,True,0,0,6822.6,paid,6537.74,0,
CM000463,CL003697,VH001851,PR000088,PR000124,,rear_end_collision,rain,2024-02-02,True,0,1,2072.77,paid,1866.2,0,
CM002928,CL002172,VH000575,PR000240,PR000018,,multi_vehicle_pileup,snow,2023-04-02,True,0,1,4644.02,denied,0.0,0,
CM001957,CL000935,VH000198,,PR000038,,sideswipe,rain,2024-11-01,True,0,0,3159.85,paid,3013.24,0,
CM002446,CL002162,VH001468,PR000156,PR000172,,rear_end_collision,fog,2025-02-27,True,0,0,2680.81,paid,2666.66,0,
CM004640,CL001757,VH002799,PR000127,PR000150,,rear_end_collision,clear,2023-01-25,True,0,1,7580.14,paid,7156.82,0,
CM008198,CL000700,VH003645,PR000156,PR000157,,rear_end_collision,clear,2025-12-10,False,0,0,1253.87,under_review,,0,
CM008853,CL003957,VH003212,PR000049,PR000045,,sideswipe,clear,2024-08-05,False,0,2,2529.79,paid,2345.44,1,RING018
CM003236,CL000314,VH002146,,PR000108,PR000054,parking_lot,clear,2024-09-03,True,1,0,11046.92,paid,10420.77,0,
CM000800,CL000760,VH000802,PR000064,PR000108,,rear_end_collision,clear,2023-07-29,False,0,1,3981.39,paid,3885.22,0,
CM002403,CL003905,VH003308,,PR000045,,rear_end_collision,clear,2024-09-28,True,0,1,3671.86,paid,3391.08,0,
CM004536,CL000312,VH002089,,PR000015,,rear_end_collision,clear,2024-03-19,True,0,0,5233.78,paid,4929.24,0,
CM001074,CL000068,VH000633,PR000031,PR000060,,sideswipe,rain,2025-03-31,True,0,0,3093.86,paid,2933.31,0,
CM004356,CL002071,VH001687,PR000033,PR000080,PR000155,sideswipe,clear,2024-03-26,True,0,1,2642.4,paid,2615.05,0,
CM000145,CL001177,VH002524,PR000096,PR000134,PR000185,parking_lot,fog,2023-10-21,True,0,0,3886.62,paid,3601.66,0,
CM006481,CL002967,VH002910,,PR000173,PR000030,multi_vehicle_pileup,rain,2024-06-21,False,1,2,1776.73,paid,1714.55,0,
CM001341,CL003530,VH002761,,PR000243,,rear_end_collision,clear,2024-11-29,True,0,0,2843.11,paid,2670.25,0,
CM003947,CL000001,VH001608,,PR000091,,parking_lot,clear,2023-10-07,True,1,1,2151.0,paid,2036.66,0,
CM006993,CL002026,VH001008,PR000222,PR000173,,multi_vehicle_pileup,snow,2024-10-23,True,0,2,1043.39,denied,0.0,0,
CM002092,CL002845,VH000146,PR000156,PR000204,PR000053,single_vehicle,rain,2023-03-01,True,1,0,2229.32,paid,2117.83,0,
CM005983,CL002884,VH002487,,PR000090,PR000135,multi_vehicle_pileup,clear,2025-01-26,True,0,0,5836.94,paid,5586.6,0,
CM005326,CL001189,VH001894,PR000001,,,multi_vehicle_pileup,clear,2023-08-03,False,0,0,5361.83,paid,5144.28,0,
CM007364,CL000418,VH000208,,PR000134,,single_vehicle,clear,2024-02-27,True,2,1,6563.24,under_review,,0,
CM005793,CL002483,VH003109,,PR000242,,rear_end_collision,rain,2024-06-30,True,0,1,3556.24,denied,0.0,0,
CM007299,CL002198,VH003987,PR000048,,,parking_lot,clear,2025-01-14,False,0,0,3436.74,paid,3328.11,0,
CM007865,CL001000,VH000394,PR000065,PR000097,,single_vehicle,clear,2023-03-02,False,0,1,14094.45,paid,13074.8,0,
CM005981,CL002730,VH002436,,PR000011,,sideswipe,snow,2023-11-21,True,0,1,8168.14,paid,7464.65,0,
CM006371,CL002060,VH003572,PR000066,PR000075,,sideswipe,clear,2023-04-20,True,0,1,5052.36,paid,4915.7,0,
CM001004,CL002265,VH001713,PR000036,PR000197,,single_vehicle,clear,2025-01-23,True,0,1,749.68,denied,0.0,0,
CM004293,CL001696,VH003019,PR000187,PR000037,,rear_end_collision,clear,2025-07-28,False,0,0,1871.78,paid,1778.17,0,
CM005883,CL003503,VH003618,,,,single_vehicle,clear,2024-08-31,True,1,0,1647.78,denied,0.0,0,
CM004141,CL003479,VH002801,,PR000178,,sideswipe,clear,2023-04-19,True,0,0,2729.95,under_review,,0,
CM004197,CL002131,VH001526,,PR000181,PR000020,multi_vehicle_pileup,clear,2024-08-01,False,1,1,4625.83,paid,4266.77,0,
CM000556,CL000414,VH002602,,PR000194,,multi_vehicle_pileup,rain,2025-09-17,True,0,0,7896.66,paid,7296.34,0,
CM003740,CL003764,VH002202,PR000022,PR000180,,sideswipe,clear,2023-02-06,True,0,2,4889.68,under_review,,0,
CM004203,CL002624,VH001442,PR000034,PR000204,,sideswipe,snow,2023-03-11,True,0,1,5709.41,paid,5326.42,0,
CM008078,CL000260,VH003741,PR000004,PR000182,,parking_lot,clear,2024-09-08,True,0,2,1380.18,paid,1367.34,0,
CM001486,CL002080,VH002574,,PR000169,,sideswipe,fog,2025-12-11,True,0,1,916.12,under_review,,0,
CM006873,CL001487,VH000363,,PR000109,,sideswipe,clear,2024-10-22,True,1,0,2733.47,under_review,,0,
CM001273,CL003353,VH001676,PR000068,PR000041,,single_vehicle,rain,2024-04-17,True,0,0,3337.49,paid,3200.39,0,
CM004685,CL003605,VH002336,PR000127,,,sideswipe,fog,2023-04-30,True,0,1,4420.21,paid,4151.81,0,
CM001412,CL002599,VH003372,,,,multi_vehicle_pileup,snow,2024-05-08,False,0,0,4706.33,paid,4336.35,0,
CM008344,CL001099,VH000460,PR000116,PR000194,,rear_end_collision,rain,2023-08-27,True,0,0,5273.97,under_review,,0,
CM000754,CL000854,VH002080,,PR000086,,multi_vehicle_pileup,clear,2024-02-13,True,1,1,4919.57,paid,4533.51,0,
CM001472,CL003414,VH000241,PR000002,,PR000061,parking_lot,snow,2023-12-12,True,1,0,2785.82,paid,2640.66,0,
CM004252,CL000748,VH000883,PR000021,,PR000020,parking_lot,rain,2025-10-04,False,0,1,5705.74,under_review,,0,
CM007508,CL001391,VH001418,PR000144,PR000163,,multi_vehicle_pileup,clear,2024-04-06,True,0,2,11023.36,paid,10509.85,0,
CM007704,CL001738,VH003765,PR000186,PR000174,,single_vehicle,clear,2025-06-17,True,1,2,2295.48,paid,2178.38,0,
CM005699,CL001628,VH001522,PR000119,PR000097,,single_vehicle,clear,2024-11-27,True,1,1,3135.34,paid,2854.22,0,
CM003077,CL002017,VH001112,PR000004,,,multi_vehicle_pileup,clear,2023-08-21,True,1,2,3388.61,paid,3132.55,0,
CM005551,CL000803,VH000805,,PR000140,,parking_lot,clear,2024-07-09,True,1,0,955.99,denied,0.0,0,
CM006333,CL002992,VH002117,PR000070,PR000205,,parking_lot,rain,2023-09-14,True,1,0,3767.87,paid,3598.56,0,
CM003289,CL000787,VH001194,,PR000097,,rear_end_collision,rain,2023-01-31,True,0,1,4482.72,under_review,,0,
CM004668,CL001557,VH001838,PR000035,PR000117,,parking_lot,clear,2025-06-06,True,1,0,4375.26,paid,4159.77,0,
CM008630,CL000007,VH000847,PR000046,PR000201,PR000230,multi_vehicle_pileup,clear,2025-01-21,False,2,0,2770.58,partially_paid,1395.13,1,RING008
CM000982,CL000114,VH000252,,,,parking_lot,rain,2025-01-11,True,0,1,2526.06,paid,2403.63,0,
CM008137,CL000158,VH001482,,PR000205,,parking_lot,rain,2024-04-13,True,0,1,2355.62,paid,2308.88,0,
CM008082,CL002162,VH000399,PR000214,PR000176,,parking_lot,clear,2025-08-30,True,1,1,2594.03,paid,2499.86,0,
CM002723,CL001357,VH003901,,PR000038,,rear_end_collision,clear,2025-09-15,True,0,1,11730.77,paid,11156.12,0,
CM008345,CL000877,VH001401,,PR000194,,multi_vehicle_pileup,snow,2023-08-04,True,0,2,5648.55,paid,5115.97,0,
CM001269,CL003873,VH001720,PR000051,PR000090,,single_vehicle,fog,2023-02-13,True,0,1,4756.83,under_review,,0,
CM002463,CL002634,VH002663,,,,single_vehicle,clear,2025-05-21,True,1,1,8005.27,paid,7708.26,0,
CM004330,CL001072,VH001906,PR000240,PR000154,,single_vehicle,clear,2024-11-22,False,0,0,2222.44,paid,2038.27,0,
CM000269,CL002100,VH000359,,PR000154,,rear_end_collision,snow,2023-02-20,True,0,1,3531.19,paid,3181.75,0,
CM000655,CL001498,VH002078,PR000033,PR000184,,parking_lot,clear,2023-03-31,True,0,1,579.67,paid,570.55,0,
CM004120,CL001545,VH003325,PR000170,PR000151,,multi_vehicle_pileup,rain,2025-06-22,True,0,3,1643.07,paid,1591.9,0,
CM004723,CL002879,VH002213,PR000227,PR000221,,multi_vehicle_pileup,clear,2025-10-22,True,0,3,8597.84,paid,8089.96,0,
CM008691,CL000447,VH001966,PR000104,PR000075,PR000188,multi_vehicle_pileup,clear,2025-09-14,False,2,0,4293.9,paid,4039.64,1,RING010
CM005899,CL003942,VH003935,PR000167,PR000079,,parking_lot,fog,2023-07-11,True,1,0,6990.77,paid,6936.66,0,
CM002822,CL003847,VH001757,PR000127,PR000108,,single_vehicle,rain,2025-10-01,False,0,0,1379.13,paid,1308.63,0,
CM000429,CL003453,VH000064,PR000171,PR000174,PR000188,parking_lot,clear,2023-08-18,False,1,1,1045.07,under_review,,0,
CM000590,CL001236,VH002987,PR000192,PR000117,,multi_vehicle_pileup,rain,2025-12-06,True,0,2,2925.85,paid,2846.73,0,
CM000496,CL003569,VH000242,,PR000220,,single_vehicle,clear,2024-11-21,True,1,1,6270.35,denied,0.0,0,
CM005559,CL002973,VH000967,,PR000069,PR000126,rear_end_collision,fog,2023-10-18,True,0,1,2030.24,under_review,,0,
CM006058,CL001368,VH002622,,PR000228,,single_vehicle,rain,2023-08-29,True,0,1,495.05,paid,491.69,0,
CM005272,CL002251,VH001630,,PR000094,,single_vehicle,snow,2025-02-05,True,0,0,3514.51,paid,3497.23,0,
CM004829,CL003638,VH003782,PR000073,PR000037,,rear_end_collision,clear,2023-04-22,False,0,0,2820.66,paid,2638.55,0,
CM007016,CL002629,VH003568,,PR000029,,rear_end_collision,clear,2024-04-20,True,0,0,10108.45,paid,9279.87,0,
CM006188,CL003235,VH000280,,PR000086,,rear_end_collision,clear,2025-12-24,True,2,0,3257.64,paid,3103.58,0,
CM000529,CL002118,VH001733,PR000212,PR000224,,rear_end_collision,rain,2025-05-04,True,0,1,5474.34,denied,0.0,0,
CM001809,CL000875,VH003625,PR000212,PR000047,,parking_lot,clear,2023-04-18,True,0,0,7629.69,paid,7327.8,0,
CM004953,CL001725,VH002551,,PR000211,,single_vehicle,clear,2023-08-05,True,0,0,1046.55,paid,953.62,0,
CM002056,CL001769,VH001638,PR000238,,PR000188,multi_vehicle_pileup,rain,2023-06-25,True,0,1,2695.6,under_review,,0,
CM001232,CL001476,VH001775,PR000144,,,rear_end_collision,clear,2024-12-22,True,0,0,1720.6,paid,1612.27,0,
CM002029,CL002529,VH002616,PR000116,PR000180,,parking_lot,clear,2025-06-22,False,0,0,3724.76,paid,3723.97,0,
CM005396,CL000067,VH000648,PR000003,PR000154,,multi_vehicle_pileup,clear,2025-10-28,True,0,1,1622.56,paid,1553.71,0,
CM000678,CL000669,VH002956,PR000146,,,rear_end_collision,clear,2024-03-21,True,0,1,3185.22,paid,3015.11,0,
CM006963,CL002881,VH000416,PR000078,PR000245,PR000213,multi_vehicle_pileup,rain,2024-09-30,True,1,1,4125.8,paid,3732.51,0,
CM006473,CL000443,VH001367,,PR000083,,rear_end_collision,clear,2025-02-23,True,0,1,10271.47,paid,9560.01,0,
CM004437,CL002660,VH002644,PR000164,PR000221,,single_vehicle,clear,2025-09-29,True,0,0,2798.07,paid,2714.94,0,
CM008333,CL002036,VH003598,PR000026,PR000052,,multi_vehicle_pileup,clear,2025-01-18,True,0,1,3290.23,paid,3202.23,0,
CM008888,CL002307,VH003129,PR000049,PR000045,,multi_vehicle_pileup,clear,2024-08-09,False,1,0,4058.45,paid,3893.04,1,RING018
CM002742,CL002867,VH003631,,PR000172,,sideswipe,snow,2025-07-13,True,0,1,726.28,paid,717.32,0,
CM008220,CL003186,VH002460,PR000049,PR000134,,rear_end_collision,rain,2024-08-10,True,0,1,3568.97,paid,3376.34,0,
CM008265,CL003756,VH001063,PR000231,PR000009,,parking_lot,snow,2023-03-21,True,2,1,2619.46,paid,2482.66,0,
CM002433,CL000446,VH001608,,PR000180,PR000177,single_vehicle,clear,2025-11-13,False,0,0,5389.39,under_review,,0,
CM005004,CL000843,VH002149,,PR000050,,sideswipe,clear,2025-11-19,True,0,0,5171.47,paid,4720.7,0,
CM007415,CL002147,VH000140,,PR000172,,single_vehicle,clear,2024-02-28,True,1,0,3858.11,paid,3600.96,0,
CM000552,CL000641,VH003736,,PR000000,,multi_vehicle_pileup,snow,2025-07-05,True,0,3,3116.92,paid,3064.98,0,
CM007694,CL002589,VH000937,,,,parking_lot,clear,2024-08-05,True,0,2,2552.13,paid,2396.95,0,
CM006071,CL003537,VH003929,PR000051,PR000174,,multi_vehicle_pileup,clear,2024-03-28,True,1,2,2605.16,paid,2397.81,0,
CM006504,CL003555,VH003180,PR000244,PR000163,,single_vehicle,clear,2023-02-21,False,1,0,4619.28,paid,4465.33,0,
CM001612,CL003592,VH001264,PR000217,PR000202,,single_vehicle,clear,2023-05-22,False,1,0,7394.49,paid,7131.65,0,
CM004116,CL001562,VH003938,PR000235,PR000199,,sideswipe,rain,2024-07-23,True,0,1,1561.04,paid,1467.79,0,
CM005118,CL003337,VH000599,,PR000221,,sideswipe,clear,2025-08-14,True,0,0,1047.47,paid,981.22,0,
CM008143,CL000596,VH002234,,,,rear_end_collision,clear,2023-09-28,False,2,2,4917.73,paid,4535.31,0,
CM005832,CL002821,VH001781,PR000195,PR000151,,sideswipe,clear,2023-07-23,True,0,0,2744.94,paid,2708.6,0,
CM000674,CL003808,VH003670,PR000195,PR000173,PR000061,sideswipe,clear,2024-05-01,True,1,0,3797.92,paid,3766.03,0,
CM007524,CL002046,VH002425,PR000148,PR000245,,parking_lot,clear,2025-12-02,True,0,1,309.06,paid,280.98,0,
CM008851,CL003240,VH003985,PR000049,PR000045,,single_vehicle,clear,2024-09-10,False,0,0,1366.29,partially_paid,853.66,1,RING018
CM004983,CL000073,VH003400,PR000212,PR000161,,single_vehicle,clear,2024-04-17,True,1,2,4085.39,under_review,,0,
CM008264,CL003271,VH000340,,PR000226,,sideswipe,clear,2025-06-10,True,0,0,1376.42,under_review,,0,
CM004383,CL001667,VH002892,,PR000243,,multi_vehicle_pileup,clear,2025-10-21,False,0,1,2876.16,paid,2867.76,0,
CM000606,CL000134,VH001210,PR000189,PR000097,,sideswipe,clear,2023-11-13,True,0,0,6387.89,paid,6206.64,0,
CM007775,CL002992,VH002673,PR000039,PR000145,,rear_end_collision,rain,2024-12-02,True,1,0,5422.26,paid,5399.1,0,
CM004825,CL003586,VH002982,,PR000143,,multi_vehicle_pileup,clear,2024-03-26,True,0,1,2179.43,paid,2133.56,0,
CM005675,CL003660,VH000248,PR000104,PR000183,,sideswipe,clear,2025-04-21,True,0,0,4264.31,paid,4028.2,0,
CM001469,CL002055,VH003921,,PR000060,,rear_end_collision,clear,2023-06-11,True,0,0,2776.67,under_review,,0,
CM007675,CL000294,VH002684,PR000159,PR000142,,single_vehicle,rain,2024-05-11,True,0,0,4495.5,paid,4138.83,0,
CM001983,CL000978,VH001029,PR000247,PR000050,,multi_vehicle_pileup,fog,2023-06-19,True,0,1,476.65,under_review,,0,
CM005229,CL002783,VH000279,,PR000009,,parking_lot,clear,2024-11-03,True,1,1,2748.06,paid,2559.41,0,
CM000891,CL002994,VH001618,PR000065,PR000210,,parking_lot,clear,2025-11-12,True,0,4,2567.97,paid,2318.8,0,
CM004217,CL003580,VH001688,,,,multi_vehicle_pileup,clear,2023-12-05,True,1,2,5079.18,under_review,,0,
CM006625,CL000780,VH002494,PR000113,,,sideswipe,clear,2025-03-04,False,0,2,4243.68,under_review,,0,
CM000844,CL001259,VH001931,PR000106,PR000178,,single_vehicle,clear,2024-09-21,True,0,1,8101.61,under_review,,0,
CM002156,CL001573,VH001686,PR000051,PR000204,,multi_vehicle_pileup,fog,2023-03-09,True,0,0,8150.5,paid,7400.57,0,
CM006582,CL002715,VH000352,PR000116,PR000179,,rear_end_collision,clear,2025-03-19,True,0,1,12766.49,paid,11500.29,0,
CM008720,CL003718,VH000921,PR000171,PR000087,,parking_lot,rain,2023-03-18,False,0,0,1220.23,paid,1205.59,1,RING011
CM002078,CL000467,VH000619,PR000198,,,single_vehicle,clear,2025-12-01,False,0,1,2734.96,paid,2480.2,0,
CM005485,CL003040,VH002588,PR000238,PR000163,,single_vehicle,clear,2025-02-10,True,0,0,7761.77,denied,0.0,0,
CM005027,CL002229,VH002123,PR000070,PR000092,,rear_end_collision,snow,2023-11-21,True,0,1,3464.74,paid,3429.37,0,
CM003992,CL000562,VH000430,,PR000220,,parking_lot,clear,2023-05-31,True,0,0,9461.39,paid,8581.38,0,
CM004611,CL003970,VH003369,PR000021,PR000108,,multi_vehicle_pileup,clear,2024-12-06,True,0,2,1887.82,paid,1711.52,0,
CM002800,CL002230,VH003771,PR000006,PR000095,,multi_vehicle_pileup,rain,2024-12-04,True,1,1,2606.16,paid,2476.71,0,
CM005729,CL002747,VH003528,PR000114,PR000067,,sideswipe,clear,2025-05-09,True,0,1,4637.44,paid,4424.41,0,
CM000585,CL003343,VH002799,,PR000041,,multi_vehicle_pileup,rain,2023-02-05,True,2,0,2402.73,paid,2348.91,0,
CM003269,CL002133,VH001945,PR000004,PR000184,,parking_lot,rain,2024-10-23,False,1,1,2991.81,paid,2889.07,0,
CM004462,CL001440,VH000903,PR000019,PR000086,,rear_end_collision,clear,2023-05-02,False,0,2,3367.29,paid,3064.85,0,
CM004542,CL001101,VH000831,PR000196,PR000221,,rear_end_collision,clear,2023-03-25,True,1,2,1374.83,paid,1294.12,0,
CM005339,CL000108,VH002091,PR000098,PR000142,,multi_vehicle_pileup,rain,2024-08-24,False,0,1,6225.9,under_review,,0,
CM007501,CL000089,VH003991,,,PR000193,multi_vehicle_pileup,rain,2025-07-03,True,0,4,3106.38,paid,3028.97,0,
CM004448,CL003811,VH003543,PR000006,PR000069,,multi_vehicle_pileup,rain,2023-08-14,True,1,0,1613.99,under_review,,0,
CM007436,CL002373,VH001446,,,,parking_lot,fog,2025-04-22,True,0,0,1441.03,paid,1428.25,0,
CM006152,CL001338,VH000057,PR000006,,PR000162,sideswipe,clear,2023-01-14,True,0,1,4946.18,paid,4906.95,0,
CM003722,CL003637,VH003993,PR000019,PR000161,,parking_lot,fog,2023-09-09,True,0,0,4474.27,paid,4082.49,0,
CM004405,CL001862,VH001522,PR000043,PR000083,,multi_vehicle_pileup,rain,2023-01-16,True,1,1,4971.77,paid,4800.52,0,
CM006726,CL001967,VH001282,PR000118,PR000210,PR000007,multi_vehicle_pileup,rain,2025-06-22,False,0,0,5377.67,paid,4860.43,0,
CM007883,CL001159,VH003244,,,,parking_lot,clear,2025-11-26,True,2,3,1668.85,paid,1531.29,0,
CM006395,CL003210,VH002371,,PR000080,,rear_end_collision,clear,2024-03-25,False,0,1,1303.08,paid,1215.49,0,
CM008749,CL000476,VH002384,PR000119,PR000197,PR000135,multi_vehicle_pileup,clear,2025-06-11,True,0,1,4340.68,denied,0.0,1,RING012
CM002551,CL003378,VH003827,PR000247,,,sideswipe,clear,2023-06-06,True,0,1,5941.37,paid,5788.11,0,
CM006781,CL002935,VH003567,,PR000176,,multi_vehicle_pileup,clear,2023-01-06,True,1,1,1134.48,paid,1080.31,0,
CM003746,CL000906,VH003169,,,,sideswipe,clear,2023-05-16,True,0,0,13689.17,paid,13439.19,0,
CM000345,CL001299,VH001948,PR000048,PR000150,,parking_lot,clear,2024-02-03,True,0,1,6790.17,paid,6731.2,0,
CM002186,CL000598,VH001832,,PR000086,,multi_vehicle_pileup,fog,2023-01-04,True,1,2,4529.32,paid,4105.7,0,
CM005354,CL001004,VH003935,PR000196,PR000097,,multi_vehicle_pileup,clear,2023-01-26,True,0,1,1672.23,paid,1648.36,0,
CM006843,CL002802,VH000033,PR000065,PR000134,,multi_vehicle_pileup,snow,2025-06-25,True,0,0,1805.85,paid,1639.82,0,
CM005749,CL001217,VH000589,PR000065,PR000191,,single_vehicle,clear,2024-04-12,True,1,0,1007.98,denied,0.0,0,
CM008629,CL000276,VH000521,PR000046,PR000201,PR000230,single_vehicle,clear,2025-02-08,True,0,0,4588.86,paid,4272.31,1,RING008
CM000872,CL002377,VH003826,,PR000107,,multi_vehicle_pileup,clear,2023-11-05,False,0,3,2194.85,under_review,,0,
CM004384,CL000813,VH001146,,PR000095,,parking_lot,clear,2025-09-10,True,0,0,3712.65,under_review,,0,
CM007435,CL000257,VH002510,PR000240,,PR000135,sideswipe,clear,2025-07-03,True,1,1,4815.65,under_review,,0,
CM004783,CL003754,VH001705,PR000049,,,single_vehicle,clear,2025-11-01,True,0,1,3207.46,denied,0.0,0,
CM004991,CL001495,VH001603,PR000076,PR000045,,sideswipe,clear,2023-02-19,True,0,2,1087.95,paid,1084.14,0,
CM000091,CL000316,VH000135,PR000113,PR000018,,multi_vehicle_pileup,snow,2024-10-23,True,0,1,2249.76,under_review,,0,
CM004724,CL002668,VH002379,PR000113,PR000224,,single_vehicle,clear,2023-08-19,False,1,0,2751.41,paid,2654.63,0,
CM008244,CL003211,VH003570,,PR000229,,sideswipe,fog,2023-02-11,True,0,2,7640.83,paid,7232.98,0,
CM005970,CL003654,VH001132,PR000093,PR000173,,sideswipe,clear,2023-01-07,True,0,2,4992.44,paid,4788.3,0,
CM008032,CL002195,VH003115,PR000003,PR000142,,rear_end_collision,rain,2025-05-21,True,0,0,7992.21,paid,7972.89,0,
CM008860,CL001545,VH003212,PR000049,PR000045,,sideswipe,clear,2024-09-10,True,0,0,2582.07,paid,2550.35,1,RING018
CM005880,CL002029,VH001864,,PR000163,,rear_end_collision,rain,2023-09-10,False,0,1,1651.4,paid,1629.65,0,
CM008295,CL001365,VH001749,PR000190,PR000038,PR000053,parking_lot,clear,2025-07-02,True,0,0,5230.45,paid,4716.69,0,
CM002118,CL002336,VH002532,PR000065,PR000097,,parking_lot,clear,2024-11-28,True,1,0,978.3,paid,904.73,0,
CM002938,CL003875,VH003308,,,,multi_vehicle_pileup,clear,2024-03-10,True,0,1,3293.09,paid,2975.03,0,
CM006518,CL003606,VH003217,,PR000055,,single_vehicle,clear,2025-06-20,True,0,2,420.84,paid,400.48,0,
CM007300,CL002939,VH003023,PR000036,PR000245,,sideswipe,rain,2023-01-02,True,0,0,2194.56,paid,2134.47,0,
CM002837,CL002908,VH000750,PR000114,PR000178,,parking_lot,clear,2024-01-20,True,0,0,960.9,paid,892.78,0,
CM003097,CL003189,VH001813,,PR000080,,multi_vehicle_pileup,snow,2024-04-19,True,2,1,3938.43,paid,3697.88,0,
CM005506,CL000408,VH000909,PR000120,PR000052,,parking_lot,fog,2024-01-21,True,1,0,8082.52,under_review,,0,
CM004792,CL003663,VH000926,PR000088,PR000079,,rear_end_collision,clear,2025-07-09,True,0,1,3043.44,paid,2765.41,0,
CM000948,CL002765,VH000464,PR000098,PR000180,,rear_end_collision,clear,2023-06-23,False,1,2,1571.04,paid,1502.69,0,
CM002926,CL000049,VH002196,PR000227,PR000090,,parking_lot,clear,2024-10-24,True,0,1,1390.34,under_review,,0,
CM007614,CL003707,VH000279,,PR000245,,single_vehicle,clear,2024-07-02,True,0,0,2514.51,under_review,,0,
CM003215,CL003339,VH000301,PR000127,,,single_vehicle,clear,2024-02-18,True,0,0,3080.8,under_review,,0,
CM004327,CL002716,VH000441,,PR000029,,parking_lot,fog,2023-11-12,True,1,0,1460.56,paid,1448.48,0,
CM007820,CL000591,VH001018,PR000056,PR000209,,rear_end_collision,clear,2024-11-02,True,1,1,2689.98,paid,2434.43,0,
CM000884,CL003534,VH001058,PR000096,PR000050,,multi_vehicle_pileup,fog,2025-01-15,False,1,3,5405.69,under_review,,0,
CM008232,CL003979,VH001990,PR000187,PR000218,,multi_vehicle_pileup,fog,2024-03-20,True,0,2,6156.15,paid,6049.38,0,
CM008060,CL003334,VH002411,PR000025,,,multi_vehicle_pileup,clear,2023-06-09,True,0,1,5010.3,paid,4736.63,0,
CM007666,CL002183,VH002473,,,,single_vehicle,clear,2024-06-04,True,0,0,3926.42,paid,3889.6,0,
CM005575,CL000687,VH000627,PR000189,PR000105,,multi_vehicle_pileup,clear,2025-06-20,True,1,1,6130.69,paid,5537.03,0,
CM007953,CL003740,VH000368,PR000227,,PR000141,multi_vehicle_pileup,fog,2025-09-30,True,0,1,3671.52,paid,3352.89,0,
CM001457,CL001924,VH000269,PR000106,PR000097,,single_vehicle,rain,2025-07-08,True,1,0,7365.4,paid,7108.33,0,
CM008526,CL000281,VH002152,PR000214,PR000115,PR000147,multi_vehicle_pileup,clear,2023-11-26,False,1,2,1365.48,under_review,,1,RING004
CM007097,CL003272,VH000234,,PR000166,,single_vehicle,clear,2025-09-09,True,0,0,1026.65,paid,926.72,0,
CM006606,CL003503,VH000267,PR000234,PR000205,,single_vehicle,rain,2025-03-28,True,0,0,3895.21,paid,3679.39,0,
CM006974,CL000165,VH000203,PR000065,PR000032,,parking_lot,clear,2023-09-25,True,1,0,6409.71,paid,5864.5,0,
CM008920,CL002622,VH000671,PR000129,PR000128,,single_vehicle,clear,2024-03-29,False,1,1,2663.31,denied,0.0,1,RING021
CM006418,CL001254,VH000437,,PR000202,,sideswipe,rain,2025-09-25,True,0,2,6068.89,paid,5667.07,0,
CM006889,CL003092,VH003139,,PR000181,PR000053,parking_lot,snow,2025-02-28,True,1,1,579.06,paid,559.14,0,
CM008507,CL000496,VH000539,PR000019,PR000071,PR000102,multi_vehicle_pileup,clear,2024-05-24,False,0,0,5991.43,paid,5939.86,1,RING003
CM002416,CL003418,VH000296,PR000186,PR000209,,multi_vehicle_pileup,snow,2023-07-20,False,0,1,6517.56,paid,6093.04,0,
CM006773,CL000187,VH003314,,PR000067,,rear_end_collision,clear,2025-07-27,True,0,0,3063.87,paid,2782.05,0,
CM007287,CL002957,VH000017,,PR000124,,parking_lot,fog,2023-04-14,False,0,1,2833.48,paid,2783.49,0,
CM004387,CL003680,VH003518,,PR000241,,parking_lot,rain,2024-04-10,True,0,1,2613.44,paid,2586.97,0,
CM004982,CL000629,VH000183,,PR000140,PR000188,sideswipe,clear,2023-03-22,True,0,0,3092.98,paid,2914.45,0,
CM008112,CL001746,VH000447,PR000192,PR000205,,single_vehicle,clear,2023-05-27,True,0,1,2642.18,paid,2584.5,0,
CM006267,CL000995,VH002205,,PR000079,,rear_end_collision,rain,2023-12-26,True,1,2,4374.35,paid,3945.59,0,
CM002900,CL002643,VH003988,,PR000176,,parking_lot,clear,2023-11-23,True,0,0,1518.0,paid,1452.9,0,
CM000434,CL003947,VH002959,,PR000091,,multi_vehicle_pileup,fog,2025-08-18,False,0,2,5391.7,paid,5202.18,0,
CM002399,CL003864,VH000449,PR000116,PR000015,PR000101,parking_lot,rain,2023-01-03,False,0,0,5763.6,under_review,,0,
CM002210,CL001915,VH002447,,PR000140,,single_vehicle,clear,2024-10-08,True,0,2,3033.0,under_review,,0,
CM001711,CL001656,VH000741,PR000021,PR000160,PR000130,parking_lot,clear,2025-09-15,True,0,1,6673.32,paid,6551.68,0,
CM003354,CL002256,VH001555,PR000195,PR000060,,single_vehicle,clear,2024-04-17,False,1,3,2257.37,paid,2095.75,0,
CM000105,CL003762,VH003773,PR000004,PR000178,,rear_end_collision,snow,2024-03-03,True,0,0,1694.54,paid,1552.33,0,
CM005653,CL000104,VH001845,PR000031,PR000229,,single_vehicle,fog,2025-12-05,True,0,0,1280.52,paid,1229.81,0,
CM001187,CL001616,VH002216,PR000249,PR000203,,sideswipe,clear,2025-08-07,True,1,0,3377.67,paid,3147.95,0,
CM005552,CL002871,VH001342,PR000214,PR000218,,single_vehicle,clear,2023-12-18,False,0,0,4208.48,paid,3950.83,0,
CM003185,CL000498,VH001685,,,,single_vehicle,clear,2025-01-17,False,1,1,3315.38,paid,3269.4,0,
CM008737,CL000764,VH003410,PR000171,PR000087,,single_vehicle,clear,2023-03-04,True,1,0,6344.33,under_review,,1,RING011
CM004751,CL003218,VH000390,,PR000086,,single_vehicle,clear,2023-08-15,True,0,2,2526.08,paid,2428.41,0,
CM006916,CL003647,VH001881,,PR000160,,parking_lot,clear,2024-05-01,True,1,0,1663.44,paid,1517.57,0,
CM007311,CL001343,VH003341,PR000206,PR000165,,sideswipe,clear,2023-10-28,True,1,0,2935.19,denied,0.0,0,
CM008822,CL003350,VH003336,PR000198,PR000086,,single_vehicle,rain,2024-08-26,False,0,0,2275.96,paid,2275.83,1,RING016
CM000152,CL002357,VH002947,,PR000211,,rear_end_collision,clear,2024-09-15,True,0,0,3353.14,paid,3129.07,0,
CM003283,CL001298,VH003276,PR000096,PR000137,,single_vehicle,clear,2024-01-16,True,2,0,3666.6,paid,3402.86,0,
CM008795,CL000756,VH001695,PR000106,PR000203,PR000230,sideswipe,fog,2024-02-06,False,1,0,5126.52,partially_paid,3263.42,1,RING015
CM004925,CL003406,VH002599,PR000186,,PR000139,parking_lot,clear,2023-04-20,False,0,0,5922.1,paid,5406.63,0,
CM000916,CL000334,VH001581,PR000059,PR000197,,rear_end_collision,clear,2025-06-01,True,0,1,9840.73,paid,9188.14,0,
CM001306,CL002032,VH001769,PR000085,PR000226,,parking_lot,clear,2023-06-30,False,0,1,11659.87,paid,11059.64,0,
CM004051,CL000137,VH000876,PR000077,PR000092,,multi_vehicle_pileup,rain,2024-02-08,True,0,1,8155.48,paid,7590.3,0,
CM003050,CL000758,VH001064,,PR000079,,parking_lot,clear,2024-05-30,True,0,2,8518.37,paid,7782.73,0,
CM007392,CL000113,VH002804,,PR000184,,single_vehicle,clear,2024-09-15,True,1,0,1356.17,paid,1353.54,0,
CM006419,CL003602,VH001357,PR000082,PR000090,,parking_lot,clear,2023-09-15,True,1,0,4713.91,paid,4585.79,0,
CM008492,CL000992,VH000769,PR000019,PR000071,PR000102,rear_end_collision,clear,2024-04-02,False,1,0,10703.78,paid,9991.9,1,RING003
CM006902,CL003567,VH003786,,PR000121,,parking_lot,fog,2023-11-05,True,0,1,5692.27,paid,5223.04,0,
CM005660,CL003733,VH000022,PR000112,PR000174,,single_vehicle,clear,2024-11-20,False,1,0,500.28,paid,496.71,0,
CM008315,CL001338,VH001461,PR000104,PR000154,,rear_end_collision,rain,2024-12-30,True,0,3,5004.28,paid,4723.35,0,
CM004475,CL000703,VH001818,PR000093,PR000229,,rear_end_collision,fog,2024-07-29,True,1,3,2615.01,paid,2363.8,0,
CM006356,CL001070,VH002293,PR000216,PR000058,,rear_end_collision,fog,2024-10-17,True,0,0,2585.6,paid,2445.3,0,
CM002797,CL001312,VH002840,,PR000083,,parking_lot,rain,2023-11-16,True,0,1,2556.84,paid,2351.37,0,
CM002702,CL001126,VH002627,PR000072,,,sideswipe,fog,2024-06-29,True,0,0,4038.22,paid,3714.73,0,
CM001399,CL000806,VH003184,PR000136,PR000132,,rear_end_collision,fog,2025-07-01,False,0,0,2018.24,paid,1995.83,0,
CM002520,CL000785,VH000282,,PR000060,,sideswipe,rain,2024-12-16,True,0,0,9403.56,under_review,,0,
CM003359,CL000839,VH003849,PR000001,PR000142,,single_vehicle,clear,2025-11-12,True,0,2,3698.0,paid,3566.2,0,
CM000184,CL002082,VH000758,PR000077,PR000184,,sideswipe,snow,2023-05-18,True,0,1,2378.0,under_review,,0,
CM003890,CL003342,VH001316,,PR000095,,parking_lot,clear,2024-05-29,True,0,0,1386.15,paid,1383.87,0,
CM000367,CL000268,VH000359,PR000119,,,multi_vehicle_pileup,fog,2024-11-01,True,0,1,2727.92,paid,2472.03,0,
CM004355,CL001001,VH002102,PR000063,PR000151,,single_vehicle,clear,2023-11-12,False,0,1,2114.03,paid,1955.43,0,
CM004205,CL003512,VH003044,,PR000246,,rear_end_collision,rain,2025-03-03,True,0,0,2045.7,paid,1992.23,0,
CM004884,CL002125,VH001900,PR000106,,,multi_vehicle_pileup,clear,2024-08-02,True,0,0,2800.49,paid,2627.98,0,
CM006005,CL001859,VH003729,PR000112,PR000027,,single_vehicle,rain,2024-06-04,True,0,1,2131.66,paid,2086.97,0,
CM002418,CL003892,VH001795,PR000120,,,rear_end_collision,snow,2025-04-20,True,0,1,10592.39,paid,9832.82,0,
CM000472,CL000307,VH002286,PR000136,PR000218,,sideswipe,rain,2025-01-15,True,0,2,2193.36,paid,1999.3,0,
CM000968,CL001710,VH001789,PR000114,,,parking_lot,rain,2025-01-03,True,0,0,4347.57,under_review,,0,
CM006426,CL003296,VH002157,PR000118,PR000169,,multi_vehicle_pileup,clear,2023-08-03,True,0,2,2649.37,paid,2485.7,0,
CM007087,CL002622,VH000806,,PR000094,,single_vehicle,clear,2025-07-24,True,0,1,2301.43,paid,2280.38,0,
CM002657,CL003997,VH000521,PR000098,PR000062,,parking_lot,clear,2025-07-27,True,0,2,2260.08,under_review,,0,
CM008607,CL000018,VH002626,PR000112,PR000060,PR000139,parking_lot,clear,2023-08-09,False,1,0,6810.34,partially_paid,4077.65,1,RING007
CM000210,CL002641,VH000483,,PR000176,,parking_lot,clear,2023-12-24,True,0,1,4045.28,paid,3678.31,0,
CM001962,CL000768,VH001873,PR000076,PR000123,,sideswipe,clear,2024-07-15,False,1,0,1890.58,paid,1742.49,0,
CM000897,CL002876,VH003337,PR000023,PR000184,,multi_vehicle_pileup,clear,2023-05-21,True,1,0,3161.1,paid,3087.72,0,
CM007285,CL000180,VH003332,PR000074,PR000105,PR000020,parking_lot,clear,2023-12-29,True,0,2,2382.49,paid,2155.11,0,
CM007453,CL003144,VH003353,PR000113,PR000218,,sideswipe,clear,2024-09-22,True,0,2,3166.37,denied,0.0,0,
CM005884,CL000128,VH000515,PR000113,PR000005,PR000193,sideswipe,clear,2025-02-07,False,0,1,2921.03,paid,2904.81,0,
CM001774,CL003093,VH003257,,PR000163,,rear_end_collision,clear,2025-02-19,True,1,0,3739.28,under_review,,0,
CM005811,CL002485,VH002883,PR000196,PR000172,,parking_lot,clear,2023-10-29,True,1,1,3711.36,paid,3537.82,0,
CM002300,CL001031,VH000184,PR000192,PR000137,,single_vehicle,fog,2023-10-23,True,0,1,7181.31,paid,6794.58,0,
CM001210,CL002127,VH003298,PR000078,PR000132,,multi_vehicle_pileup,fog,2025-03-23,True,0,0,2329.13,paid,2291.08,0,
CM005147,CL002500,VH000242,PR000104,PR000163,,sideswipe,clear,2024-02-23,True,0,0,3654.93,paid,3505.16,0,
CM007803,CL001242,VH000828,,,,rear_end_collision,clear,2024-05-26,True,0,0,1870.59,paid,1779.96,0,
CM008899,CL000394,VH002018,PR000235,PR000097,PR000130,single_vehicle,rain,2023-03-11,True,1,0,2671.8,under_review,,1,RING019
CM001271,CL000159,VH000314,,PR000013,,sideswipe,clear,2024-03-12,True,0,1,5059.44,paid,4636.38,0,
CM001252,CL002964,VH002921,PR000198,PR000184,PR000122,multi_vehicle_pileup,clear,2023-09-12,True,0,0,2566.65,paid,2375.75,0,
CM003177,CL001264,VH002297,PR000064,PR000163,,parking_lot,clear,2023-11-28,False,1,1,2434.59,denied,0.0,0,
CM004691,CL001263,VH001103,,PR000207,PR000237,multi_vehicle_pileup,clear,2025-07-09,False,0,0,6936.33,under_review,,0,
CM006129,CL002743,VH001901,PR000227,PR000018,,parking_lot,clear,2025-11-17,True,1,2,2909.11,paid,2687.3,0,
CM004443,CL003898,VH001525,PR000223,PR000105,,parking_lot,clear,2024-02-20,True,0,1,2509.52,paid,2292.52,0,
CM005518,CL002189,VH002788,PR000156,PR000131,,rear_end_collision,clear,2024-09-11,False,0,0,5404.19,paid,5242.59,0,
CM001293,CL002463,VH003974,,PR000086,,single_vehicle,clear,2025-04-02,False,0,0,5520.37,under_review,,0,
CM007065,CL002316,VH003666,,PR000083,,single_vehicle,clear,2024-08-16,True,1,1,1451.54,paid,1391.48,0,
CM003371,CL003661,VH001712,,PR000091,PR000141,sideswipe,rain,2025-08-23,False,1,0,3877.65,paid,3686.43,0,
CM007474,CL002009,VH002932,,PR000094,,sideswipe,clear,2024-07-14,False,0,1,4950.29,paid,4839.95,0,
CM005045,CL001004,VH001799,PR000098,,,sideswipe,clear,2025-12-04,True,0,0,11370.09,under_review,,0,
CM003652,CL002016,VH001616,PR000170,,PR000007,single_vehicle,fog,2023-01-27,False,1,0,4405.18,under_review,,0,
CM003316,CL001292,VH002371,PR000206,PR000040,,rear_end_collision,snow,2025-11-19,True,0,0,873.81,under_review,,0,
CM005808,CL001635,VH000327,,PR000205,,parking_lot,rain,2023-02-21,True,0,0,3166.63,denied,0.0,0,
CM000293,CL001951,VH002367,PR000014,PR000180,,rear_end_collision,clear,2024-09-13,True,1,2,2639.45,paid,2594.91,0,
CM006614,CL001149,VH000390,,PR000138,PR000135,multi_vehicle_pileup,rain,2024-11-06,True,1,1,8176.06,paid,8009.36,0,
CM008375,CL002079,VH001709,,PR000132,,sideswipe,clear,2025-09-19,True,0,1,6481.35,paid,5917.15,0,
CM001052,CL000232,VH000952,PR000239,PR000058,,multi_vehicle_pileup,clear,2025-11-13,False,0,0,2761.11,paid,2613.56,0,
CM007919,CL002079,VH003776,PR000129,PR000018,,single_vehicle,clear,2024-02-29,False,0,0,3169.34,paid,2883.12,0,
CM005246,CL002002,VH002332,PR000164,PR000172,,multi_vehicle_pileup,fog,2024-11-01,True,0,0,5106.64,paid,4613.84,0,
CM004394,CL000563,VH000055,PR000125,PR000229,PR000020,multi_vehicle_pileup,clear,2024-01-14,False,0,1,3876.4,paid,3778.48,0,
CM000273,CL000209,VH001537,,PR000067,,single_vehicle,snow,2025-01-21,True,1,1,6749.28,paid,6349.52,0,
CM002043,CL002744,VH001664,PR000227,PR000179,,rear_end_collision,snow,2025-04-30,True,0,4,4561.86,paid,4386.38,0,
CM005508,CL003096,VH000962,PR000089,PR000182,,rear_end_collision,clear,2024-12-21,True,1,1,3561.22,paid,3283.1,0,
CM008481,CL002878,VH001725,PR000248,PR000124,PR000020,multi_vehicle_pileup,clear,2025-07-26,True,0,0,2827.43,paid,2576.24,1,RING002
CM004113,CL003774,VH001860,PR000088,PR000172,,sideswipe,rain,2024-12-09,True,0,2,4256.73,paid,4115.25,0,
CM000104,CL002757,VH001535,PR000049,PR000038,,parking_lot,clear,2025-05-11,True,0,1,4852.54,paid,4457.75,0,
CM001087,CL003445,VH000905,,PR000000,,sideswipe,snow,2023-01-02,True,0,4,473.81,paid,462.7,0,
CM004581,CL002307,VH003981,,PR000067,,single_vehicle,clear,2025-03-08,True,2,0,3851.18,paid,3492.25,0,
CM007659,CL002759,VH000107,,PR000107,,single_vehicle,clear,2023-11-26,True,1,0,2650.93,paid,2557.95,0,
CM005029,CL001860,VH002206,PR000125,,,multi_vehicle_pileup,clear,2025-08-22,True,2,0,2327.24,paid,2249.83,0,
CM004333,CL001370,VH000016,,PR000000,,multi_vehicle_pileup,rain,2023-07-14,True,0,0,6594.32,paid,6325.19,0,
CM002904,CL000418,VH002130,,PR000218,,multi_vehicle_pileup,clear,2025-11-10,True,0,3,2041.6,paid,1996.26,0,
CM005284,CL003632,VH001601,,PR000080,,sideswipe,snow,2024-07-15,True,1,1,2264.22,paid,2181.73,0,
CM006891,CL000390,VH000737,PR000089,PR000154,,rear_end_collision,clear,2024-08-06,True,0,0,3058.06,paid,2977.83,0,
CM003893,CL003246,VH002868,PR000187,PR000133,,rear_end_collision,clear,2025-09-11,False,1,0,4577.24,paid,4262.21,0,
CM006577,CL001089,VH001860,,PR000246,,single_vehicle,fog,2025-06-01,True,0,0,3670.58,paid,3376.33,0,
CM006119,CL002514,VH000504,,PR000218,,single_vehicle,clear,2023-12-11,True,0,3,1813.01,paid,1672.84,0,
CM008540,CL002377,VH002152,PR000214,PR000115,PR000147,multi_vehicle_pileup,clear,2023-11-24,True,3,0,5838.83,denied,0.0,1,RING004
CM006687,CL000249,VH003198,PR000074,,,single_vehicle,clear,2023-07-25,True,1,0,2897.15,paid,2706.45,0,
CM004369,CL003494,VH003010,,PR000123,,parking_lot,clear,2025-12-11,True,0,0,978.22,paid,896.29,0,
CM004206,CL002115,VH000431,PR000171,PR000143,PR000030,single_vehicle,clear,2025-01-23,True,1,0,2959.03,paid,2945.74,0,
CM004891,CL001852,VH003589,PR000049,PR000131,,sideswipe,rain,2023-05-05,False,1,2,1298.61,paid,1228.74,0,
CM000614,CL000820,VH001599,,PR000052,,parking_lot,rain,2025-09-25,True,2,0,6685.05,paid,6295.08,0,
CM007431,CL000608,VH000774,PR000144,PR000087,,parking_lot,clear,2025-02-11,False,0,1,6910.63,paid,6606.56,0,
CM005418,CL000463,VH002062,PR000190,PR000183,,multi_vehicle_pileup,clear,2024-07-03,True,0,0,2996.88,paid,2715.96,0,
CM006009,CL000122,VH002952,PR000239,PR000058,PR000126,multi_vehicle_pileup,clear,2023-08-02,False,0,0,10044.62,paid,9191.74,0,
CM005366,CL000785,VH001823,PR000048,PR000203,,sideswipe,clear,2023-09-30,False,0,2,6848.59,paid,6761.44,0,
CM003479,CL000437,VH001217,PR000216,PR000060,,rear_end_collision,clear,2023-12-23,True,0,2,8884.42,paid,8822.46,0,
CM005628,CL002647,VH000739,PR000021,PR000145,,rear_end_collision,snow,2024-05-31,False,1,2,5532.45,under_review,,0,
CM001749,CL000165,VH000331,PR000156,PR000138,,multi_vehicle_pileup,clear,2023-05-04,True,1,0,4156.58,paid,4151.13,0,
CM000733,CL003123,VH000183,PR000001,PR000052,PR000147,multi_vehicle_pileup,clear,2023-02-22,True,0,0,610.1,paid,604.74,0,
CM008263,CL000617,VH002752,,,,multi_vehicle_pileup,clear,2025-03-27,True,0,0,6940.12,under_review,,0,
CM008141,CL003430,VH000065,PR000164,PR000181,PR000213,rear_end_collision,snow,2025-02-22,True,1,0,5106.27,paid,4770.62,0,
CM004690,CL001601,VH003561,,PR000154,,single_vehicle,clear,2023-10-02,False,0,1,9561.92,paid,9092.03,0,
CM006014,CL000884,VH002938,,PR000069,,multi_vehicle_pileup,clear,2025-07-01,True,1,2,1538.6,paid,1509.0,0,
CM002911,CL000284,VH003651,,,,rear_end_collision,fog,2025-01-28,True,0,0,1515.84,paid,1467.21,0,
CM002663,CL000590,VH000537,PR000033,PR000091,,rear_end_collision,clear,2025-05-05,True,0,0,1535.32,paid,1490.84,0,
CM005293,CL003855,VH001471,PR000187,PR000161,,multi_vehicle_pileup,clear,2025-05-22,False,0,1,1921.65,paid,1869.21,0,
CM004609,CL003856,VH000262,,PR000179,,sideswipe,clear,2023-02-21,False,0,2,1597.13,paid,1547.31,0,
CM003114,CL002886,VH002707,PR000198,PR000203,,parking_lot,rain,2025-02-25,False,0,0,1031.66,paid,974.71,0,
CM003304,CL002163,VH000974,PR000057,PR000055,,rear_end_collision,clear,2023-12-28,True,0,1,841.41,paid,836.5,0,
CM002155,CL003538,VH000303,,PR000241,,multi_vehicle_pileup,clear,2025-12-23,True,0,2,5858.77,paid,5828.82,0,
CM001345,CL002272,VH002592,PR000159,PR000137,,multi_vehicle_pileup,rain,2024-07-16,False,0,2,2663.61,under_review,,0,
CM008769,CL003662,VH003234,PR000096,PR000121,PR000147,single_vehicle,rain,2023-03-22,False,0,0,2341.44,denied,0.0,1,RING013
CM004780,CL003974,VH001841,PR000046,,,multi_vehicle_pileup,rain,2025-10-26,False,0,1,2539.78,paid,2474.04,0,
CM007220,CL002975,VH002639,,PR000179,,sideswipe,clear,2023-07-23,True,0,0,6918.52,paid,6264.72,0,
CM004149,CL003459,VH000292,PR000057,,,rear_end_collision,fog,2024-02-27,True,0,4,2812.84,paid,2645.26,0,
CM007526,CL003579,VH000681,PR000247,PR000169,,parking_lot,clear,2023-03-30,True,1,0,3527.97,paid,3214.18,0,
CM000953,CL002682,VH000096,PR000081,PR000013,,parking_lot,rain,2024-01-27,True,0,2,1285.95,paid,1192.67,0,
CM003873,CL000805,VH000525,,PR000228,,parking_lot,clear,2024-05-26,True,0,0,6204.69,paid,5833.47,0,
CM003022,CL003583,VH000329,PR000035,PR000000,,multi_vehicle_pileup,clear,2025-08-23,True,2,0,3488.63,paid,3159.7,0,
CM003309,CL000480,VH003498,PR000051,PR000011,,multi_vehicle_pileup,clear,2023-07-11,True,0,0,2974.06,paid,2754.36,0,
CM001505,CL002997,VH002609,,PR000173,,sideswipe,clear,2025-04-07,True,0,0,8383.92,paid,8327.1,0,
CM004413,CL002804,VH002915,PR000234,PR000202,,single_vehicle,clear,2024-02-04,True,2,0,4925.03,paid,4710.63,0,
CM001807,CL001976,VH001736,PR000089,PR000058,,rear_end_collision,clear,2024-07-14,False,0,0,7666.81,denied,0.0,0,
CM008612,CL000820,VH001445,PR000112,PR000060,PR000139,multi_vehicle_pileup,rain,2023-08-19,False,1,0,3462.47,denied,0.0,1,RING007
CM001122,CL003548,VH003712,PR000014,PR000018,,single_vehicle,clear,2024-11-20,True,1,2,3061.49,paid,2965.45,0,
CM005429,CL002331,VH001480,PR000002,PR000184,,sideswipe,clear,2025-10-03,True,1,1,2517.53,paid,2336.63,0,
CM008491,CL003112,VH001068,PR000019,PR000071,PR000102,multi_vehicle_pileup,fog,2024-05-22,False,1,0,908.58,partially_paid,379.14,1,RING003
CM006387,CL003719,VH001640,,,,parking_lot,clear,2025-01-22,False,1,0,2282.24,paid,2151.51,0,
CM005404,CL002455,VH002202,,PR000045,,multi_vehicle_pileup,fog,2024-02-09,True,0,2,1909.67,paid,1753.51,0,
CM004752,CL003027,VH003403,PR000082,PR000128,,sideswipe,fog,2025-09-28,True,1,0,2443.75,paid,2244.59,0,
CM006503,CL002196,VH002536,PR000008,PR000176,,multi_vehicle_pileup,clear,2023-06-18,False,0,0,6543.19,paid,6489.59,0,
CM007982,CL001470,VH000332,PR000217,,,single_vehicle,clear,2024-04-13,False,2,0,2755.02,paid,2565.01,0,
CM006262,CL003709,VH002638,,PR000184,,single_vehicle,clear,2024-01-28,False,0,1,4701.64,paid,4292.75,0,
CM001849,CL000158,VH003254,,PR000045,PR000237,rear_end_collision,clear,2025-11-26,True,0,2,8766.02,paid,8388.25,0,
CM000417,CL002317,VH003483,,,,parking_lot,clear,2023-07-06,False,1,1,2799.23,under_review,,0,
CM002974,CL000814,VH002613,PR000214,PR000133,,rear_end_collision,clear,2025-10-12,True,0,0,2648.08,under_review,,0,
CM005690,CL003950,VH000983,PR000164,PR000032,,parking_lot,rain,2024-09-23,True,1,1,2579.87,paid,2325.1,0,
CM002432,CL002830,VH003439,,PR000099,,parking_lot,fog,2023-07-24,True,1,1,2525.73,paid,2286.03,0,
CM002519,CL002057,VH000536,PR000004,PR000172,,rear_end_collision,clear,2023-08-13,True,0,3,1532.43,paid,1409.48,0,
CM000565,CL002542,VH001928,PR000240,PR000145,,rear_end_collision,rain,2025-12-27,True,0,1,8114.84,paid,7694.87,0,
CM002527,CL001567,VH002819,,PR000108,,parking_lot,rain,2023-01-22,True,0,0,5983.78,paid,5761.4,0,
CM005387,CL001484,VH002837,PR000073,,PR000193,parking_lot,clear,2025-02-22,True,0,1,2676.05,paid,2469.49,0,
CM006621,CL003318,VH003454,PR000006,PR000069,,multi_vehicle_pileup,clear,2025-10-27,True,0,0,463.45,under_review,,0,
CM003252,CL002457,VH002062,PR000214,PR000163,,single_vehicle,clear,2024-02-21,False,0,1,2005.08,paid,1935.27,0,
CM001225,CL002262,VH003716,PR000093,PR000121,,multi_vehicle_pileup,clear,2025-03-15,True,0,0,1304.07,paid,1222.88,0,
CM000143,CL002664,VH001292,PR000196,PR000060,,single_vehicle,snow,2025-10-04,True,0,1,3781.13,paid,3548.68,0,
CM004767,CL002757,VH001111,PR000019,PR000157,,sideswipe,clear,2023-11-02,True,0,1,1183.46,paid,1162.47,0,
CM001491,CL000981,VH001544,PR000187,PR000095,,parking_lot,snow,2024-06-08,False,1,0,3685.64,paid,3468.26,0,
CM008631,CL003420,VH001330,PR000046,PR000201,PR000230,multi_vehicle_pileup,clear,2025-01-07,False,1,1,8389.46,paid,8075.41,1,RING008
CM006979,CL001172,VH001584,,PR000133,,single_vehicle,clear,2023-02-02,False,0,1,3465.3,paid,3337.55,0,
CM001591,CL003190,VH002891,PR000208,PR000042,,multi_vehicle_pileup,fog,2025-12-20,True,0,5,7356.98,paid,7103.12,0,
CM004377,CL000424,VH000053,PR000164,PR000197,,parking_lot,clear,2025-11-29,True,0,1,1768.01,paid,1635.26,0,
CM004701,CL002020,VH001610,,PR000099,,sideswipe,rain,2025-03-28,True,0,3,3798.13,paid,3750.56,0,
CM002654,CL003504,VH002757,PR000206,PR000199,PR000135,single_vehicle,snow,2025-07-26,True,0,0,11152.47,under_review,,0,
CM002005,CL001724,VH002052,PR000089,PR000145,PR000139,single_vehicle,clear,2024-09-05,True,0,0,5702.4,paid,5641.05,0,
CM001195,CL003739,VH002411,PR000238,PR000169,,multi_vehicle_pileup,clear,2025-11-12,True,0,0,2339.4,paid,2335.22,0,
CM004163,CL000629,VH002876,,PR000172,,rear_end_collision,fog,2025-09-30,True,0,0,4171.36,paid,3898.8,0,
CM003410,CL000994,VH000500,PR000195,PR000203,PR000044,multi_vehicle_pileup,clear,2025-06-25,True,0,2,4980.2,paid,4590.28,0,
CM008201,CL001679,VH000511,,PR000038,,rear_end_collision,clear,2023-10-07,True,0,0,3993.94,paid,3829.4,0,
CM004830,CL001119,VH001721,PR000033,PR000037,,multi_vehicle_pileup,clear,2024-05-07,True,0,0,1862.01,paid,1856.49,0,
CM001757,CL003031,VH002785,PR000152,PR000079,,sideswipe,snow,2023-10-08,True,0,3,9627.82,under_review,,0,
CM000498,CL000324,VH000793,,PR000024,,rear_end_collision,snow,2025-06-21,True,0,0,2456.5,paid,2366.05,0,
CM003845,CL003039,VH000208,,PR000220,,sideswipe,clear,2023-08-14,False,0,1,7169.08,paid,6872.42,0,
CM004095,CL001929,VH000840,,PR000161,,rear_end_collision,rain,2025-10-02,False,1,0,5684.1,paid,5590.98,0,
CM000871,CL000874,VH003913,,PR000245,,multi_vehicle_pileup,clear,2025-10-26,True,1,0,3768.44,paid,3680.91,0,
CM003358,CL000225,VH000217,,PR000179,,parking_lot,clear,2025-09-21,True,1,0,4713.18,paid,4367.38,0,
CM000913,CL000711,VH000170,,PR000211,,parking_lot,clear,2025-11-15,True,0,0,1387.28,under_review,,0,
CM003583,CL001252,VH002107,PR000026,PR000097,,parking_lot,clear,2025-11-25,True,0,0,6052.51,paid,5874.73,0,
CM000722,CL003973,VH002654,PR000239,PR000226,,single_vehicle,rain,2024-12-10,True,0,0,1020.11,paid,946.09,0,
CM006661,CL001494,VH001820,,,,rear_end_collision,clear,2025-11-03,False,1,0,657.1,under_review,,0,
CM008872,CL002606,VH003036,PR000049,PR000045,,sideswipe,rain,2024-08-15,True,0,2,1225.78,denied,0.0,1,RING018
CM006996,CL002295,VH003479,PR000046,PR000204,,sideswipe,clear,2024-08-19,True,1,2,4638.25,paid,4302.21,0,
CM008555,CL000359,VH001977,PR000064,PR000000,,single_vehicle,clear,2023-07-24,False,0,0,6846.5,paid,6432.61,1,RING005
CM005211,CL000293,VH001338,,PR000140,,rear_end_collision,clear,2024-03-16,True,0,2,2506.08,paid,2460.56,0,
CM001497,CL003999,VH003843,PR000192,PR000079,,parking_lot,fog,2025-09-15,True,0,0,3697.68,under_review,,0,
CM005670,CL000120,VH003370,PR000189,PR000194,,single_vehicle,rain,2023-10-31,True,0,1,2539.94,paid,2422.67,0,
CM001521,CL001010,VH002371,PR000081,PR000107,,parking_lot,rain,2023-09-20,True,0,0,1137.55,paid,1046.84,0,
CM006075,CL002617,VH003654,PR000116,PR000218,,rear_end_collision,snow,2024-04-16,True,0,1,5646.1,under_review,,0,
CM006153,CL001972,VH003857,PR000219,PR000128,,single_vehicle,clear,2023-09-25,True,0,2,4752.83,paid,4719.08,0,
CM002747,CL001880,VH002987,PR000206,,,rear_end_collision,snow,2024-01-31,True,0,0,2174.79,paid,2099.26,0,
CM004487,CL002878,VH001826,,PR000121,,parking_lot,fog,2025-10-13,False,0,0,10781.72,under_review,,0,
CM004563,CL001868,VH003875,,PR000161,,parking_lot,clear,2024-04-05,True,0,0,7549.78,paid,7010.99,0,
CM000315,CL001765,VH003758,,PR000123,,parking_lot,fog,2024-12-30,True,0,1,4863.35,paid,4561.42,0,
CM006747,CL003222,VH002513,PR000073,PR000209,,single_vehicle,clear,2023-10-12,True,0,2,2544.51,paid,2464.23,0,
CM007739,CL000802,VH001071,,PR000203,,parking_lot,fog,2024-03-22,True,0,1,7736.24,paid,7228.15,0,
CM004465,CL003430,VH000276,PR000089,PR000218,,rear_end_collision,clear,2025-12-21,False,0,1,4267.66,paid,3965.02,0,
CM003351,CL002524,VH003641,,,,sideswipe,rain,2024-11-23,True,0,1,811.55,paid,730.46,0,
CM000109,CL003101,VH003399,PR000158,PR000201,PR000215,single_vehicle,rain,2024-11-12,True,1,0,10861.63,paid,10686.73,0,
CM001755,CL000696,VH003594,PR000119,PR000137,,multi_vehicle_pileup,clear,2025-01-11,False,0,1,1884.26,paid,1832.97,0,
CM006751,CL002635,VH002916,,PR000224,PR000020,rear_end_collision,fog,2025-05-03,False,0,1,4912.06,paid,4742.56,0,
CM001352,CL001598,VH003518,,PR000132,,single_vehicle,rain,2023-05-25,True,0,1,4017.63,paid,3823.43,0,
CM003130,CL003574,VH000992,PR000103,,,multi_vehicle_pileup,fog,2023-12-21,True,1,1,4288.64,paid,4199.51,0,
CM007071,CL001739,VH003129,PR000004,PR000163,,rear_end_collision,clear,2024-09-19,True,1,2,3769.7,paid,3556.99,0,
CM005428,CL000995,VH002098,,PR000204,,single_vehicle,rain,2025-04-25,True,0,1,1779.19,paid,1759.94,0,
CM005767,CL001487,VH002146,PR000077,PR000182,,multi_vehicle_pileup,clear,2024-01-07,True,2,0,2181.89,paid,2104.16,0,
CM000481,CL000649,VH003538,,PR000132,PR000232,sideswipe,rain,2023-03-18,True,0,1,3267.02,denied,0.0,0,
CM005734,CL003917,VH002759,PR000212,PR000013,,parking_lot,snow,2023-04-13,False,0,2,1861.37,paid,1828.98,0,
CM001974,CL003905,VH000830,PR000063,PR000169,,single_vehicle,clear,2025-03-04,True,0,0,7050.48,paid,6831.93,0,
CM000337,CL002476,VH003040,,PR000121,,parking_lot,clear,2023-02-06,True,0,0,7516.56,paid,7393.51,0,
CM002765,CL002941,VH000880,,PR000173,,multi_vehicle_pileup,clear,2023-06-07,True,0,1,2856.39,paid,2692.0,0,
CM006051,CL002033,VH003703,PR000186,PR000079,,single_vehicle,clear,2024-02-05,True,0,1,1543.1,paid,1493.84,0,
CM008785,CL003763,VH002962,PR000156,PR000174,PR000122,multi_vehicle_pileup,rain,2023-06-28,True,1,1,1703.66,paid,1562.86,1,RING014
CM006401,CL000644,VH002846,PR000004,PR000176,,parking_lot,clear,2025-05-25,True,0,1,2671.43,paid,2617.67,0,
CM002986,CL001857,VH002608,PR000152,PR000005,PR000061,sideswipe,clear,2025-10-01,False,0,0,4381.16,paid,4065.55,0,
CM004468,CL000359,VH001697,,PR000243,,sideswipe,fog,2023-01-20,True,0,0,4473.65,paid,4090.79,0,
CM005475,CL003415,VH001599,,PR000180,PR000044,rear_end_collision,clear,2023-03-15,True,0,0,6909.7,paid,6573.4,0,
CM000525,CL000128,VH002671,PR000196,PR000052,PR000147,multi_vehicle_pileup,rain,2023-06-06,False,0,0,5426.46,paid,5309.23,0,
CM004199,CL001392,VH002319,,PR000087,PR000141,single_vehicle,clear,2023-03-18,True,0,1,4883.54,paid,4455.38,0,
CM003478,CL002153,VH003842,,PR000091,,multi_vehicle_pileup,snow,2023-04-23,True,1,2,4683.64,paid,4472.5,0,
CM005297,CL002726,VH001631,PR000170,PR000204,,multi_vehicle_pileup,snow,2025-10-24,True,0,0,2397.43,paid,2357.65,0,
CM003559,CL003886,VH003350,PR000149,PR000245,,single_vehicle,clear,2025-08-02,True,1,2,6079.76,paid,5536.5,0,
CM005910,CL000294,VH003161,PR000212,PR000029,,rear_end_collision,clear,2024-12-29,True,0,1,5043.2,paid,4646.23,0,
CM002810,CL000224,VH000398,,PR000197,,sideswipe,clear,2024-04-21,True,2,1,2760.45,paid,2633.7,0,
CM000725,CL003276,VH001276,PR000096,,,parking_lot,rain,2023-06-09,False,0,0,6797.09,paid,6403.12,0,
CM000766,CL001396,VH001031,PR000093,PR000134,,parking_lot,clear,2024-06-13,False,0,1,2634.82,paid,2508.01,0,
CM005210,CL001692,VH002610,PR000171,PR000191,,sideswipe,fog,2024-12-18,True,0,1,4699.35,paid,4579.31,0,
CM004787,CL000347,VH001062,,,,single_vehicle,clear,2024-01-16,True,1,1,1047.2,under_review,,0,
CM008606,CL001653,VH003018,PR000112,PR000060,PR000139,parking_lot,rain,2023-09-02,True,0,0,10304.43,paid,9952.48,1,RING007
CM006597,CL003316,VH000888,PR000146,PR000029,,parking_lot,rain,2025-08-13,True,0,1,4539.49,paid,4325.76,0,
CM000308,CL002320,VH000148,PR000239,PR000090,,multi_vehicle_pileup,clear,2023-06-21,True,1,1,1689.79,paid,1640.24,0,
CM003774,CL000006,VH001964,,PR000178,,parking_lot,clear,2023-03-27,False,1,1,5130.63,paid,4790.5,0,
CM001279,CL000881,VH003599,,PR000000,,rear_end_collision,fog,2024-11-06,True,1,1,1336.05,paid,1204.2,0,
CM000349,CL003855,VH001829,,PR000045,,single_vehicle,snow,2023-06-02,True,1,1,1193.3,under_review,,0,
CM004696,CL003366,VH003020,PR000089,PR000243,,sideswipe,clear,2023-01-30,True,0,2,3947.4,under_review,,0,
CM007479,CL003394,VH001305,PR000065,PR000094,,multi_vehicle_pileup,clear,2023-06-12,True,1,0,1728.51,paid,1663.87,0,
CM004399,CL002609,VH003166,,PR000038,PR000147,multi_vehicle_pileup,snow,2024-02-06,False,0,0,7671.58,paid,7363.62,0,
CM006682,CL002270,VH002073,PR000049,PR000207,,parking_lot,rain,2023-07-29,True,1,2,3010.13,paid,2878.31,0,
CM008473,CL002017,VH001732,PR000146,PR000105,,single_vehicle,fog,2024-03-27,True,1,1,7069.14,paid,6848.49,1,RING001
CM001792,CL002974,VH003417,PR000113,PR000087,,multi_vehicle_pileup,clear,2025-09-30,True,1,0,720.85,paid,718.13,0,
CM005286,CL000983,VH000184,PR000003,PR000062,,rear_end_collision,clear,2023-07-30,True,0,1,9214.45,paid,9065.26,0,
CM005413,CL000074,VH003230,,PR000111,,multi_vehicle_pileup,clear,2025-07-21,True,0,2,1023.91,paid,930.99,0,
CM003683,CL001002,VH000712,,PR000211,,rear_end_collision,clear,2025-04-27,True,0,0,3136.96,paid,3065.95,0,
CM004641,CL002457,VH001748,PR000208,,,multi_vehicle_pileup,clear,2023-10-29,True,0,0,1132.87,paid,1049.91,0,
CM006780,CL001779,VH000439,,PR000191,,multi_vehicle_pileup,clear,2025-07-24,True,0,4,7182.79,paid,6647.9,0,
CM002054,CL000641,VH000440,,PR000058,,parking_lot,rain,2025-11-11,True,0,0,5464.4,paid,5109.16,0,
CM002233,CL003778,VH000008,,PR000151,,sideswipe,clear,2024-11-23,True,0,0,4195.71,paid,3802.08,0,
CM005382,CL003144,VH000667,PR000233,PR000145,PR000100,rear_end_collision,rain,2023-08-26,True,1,1,1041.0,paid,957.83,0,
CM000072,CL003659,VH003124,PR000206,PR000131,,sideswipe,clear,2024-07-07,True,1,3,5140.17,paid,5045.81,0,
CM008467,CL003134,VH001602,PR000146,PR000105,,parking_lot,clear,2024-03-24,False,0,1,1980.31,paid,1960.12,1,RING001
CM002760,CL003090,VH001651,PR000196,,,rear_end_collision,rain,2023-11-11,True,0,1,3009.81,paid,2958.77,0,
CM004906,CL001661,VH001765,,PR000080,,parking_lot,clear,2023-01-29,False,0,0,6577.66,paid,6542.55,0,
CM007970,CL003248,VH003298,PR000019,,,sideswipe,clear,2023-01-31,True,1,0,5439.71,paid,5099.76,0,
CM004939,CL000209,VH002819,PR000068,PR000224,,rear_end_collision,clear,2025-11-29,True,0,1,508.08,paid,504.31,0,
CM006392,CL002171,VH003981,,PR000179,,single_vehicle,clear,2023-01-25,True,0,0,3200.23,paid,2954.14,0,
CM006021,CL000771,VH000939,PR000222,PR000018,,sideswipe,clear,2023-12-15,False,1,0,2586.98,paid,2415.04,0,
CM006424,CL003310,VH002894,PR000004,PR000028,,sideswipe,fog,2024-07-22,True,0,1,7080.53,paid,6945.75,0,
CM002806,CL003791,VH001831,,PR000242,,parking_lot,clear,2023-07-10,False,1,1,8556.74,paid,7881.55,0,
CM001261,CL000834,VH001063,,PR000052,,multi_vehicle_pileup,fog,2025-01-07,True,1,2,2321.6,under_review,,0,
CM001667,CL001949,VH000323,PR000119,PR000133,,single_vehicle,clear,2023-02-16,True,0,0,5398.52,paid,5389.67,0,
CM004924,CL003770,VH003220,,,,sideswipe,clear,2023-09-18,False,0,1,1336.17,paid,1227.38,0,
CM004166,CL000776,VH000275,,PR000013,,sideswipe,rain,2024-01-21,True,0,1,5474.13,paid,4964.85,0,
CM004895,CL001215,VH001094,PR000189,PR000150,,rear_end_collision,rain,2023-05-10,False,0,1,5443.85,paid,5053.32,0,
CM005113,CL002561,VH000512,PR000088,PR000154,,parking_lot,clear,2024-04-18,True,0,0,12579.25,denied,0.0,0,
CM004248,CL000155,VH003484,,PR000012,,sideswipe,clear,2023-06-06,True,0,0,3237.69,paid,3058.98,0,
CM002168,CL000090,VH002046,,PR000037,,rear_end_collision,clear,2025-12-07,False,1,2,2220.13,paid,2069.18,0,
CM001446,CL001686,VH001041,PR000234,PR000183,,multi_vehicle_pileup,clear,2023-09-03,True,0,1,9329.78,paid,8685.59,0,
CM004133,CL003901,VH000594,,PR000132,,parking_lot,clear,2024-05-03,True,0,0,1912.51,paid,1802.4,0,
CM002534,CL002580,VH002340,PR000104,PR000099,,rear_end_collision,clear,2024-05-14,True,0,1,14900.63,paid,14046.72,0,
CM006596,CL003645,VH001819,PR000240,,,parking_lot,clear,2024-06-13,True,1,0,5825.8,paid,5665.73,0,
CM001696,CL000721,VH000314,PR000004,PR000055,,single_vehicle,clear,2023-06-18,False,1,0,646.9,under_review,,0,
CM002893,CL002290,VH001081,PR000233,,,multi_vehicle_pileup,clear,2024-05-26,True,0,3,4223.1,under_review,,0,
CM001096,CL000125,VH000904,PR000048,PR000091,,parking_lot,rain,2025-02-09,False,1,0,2631.54,paid,2567.29,0,
CM007233,CL003456,VH000067,,PR000047,PR000016,single_vehicle,clear,2025-08-09,True,0,0,13270.38,paid,12499.22,0,
CM007037,CL001736,VH003416,PR000002,PR000015,,sideswipe,clear,2024-12-05,True,0,1,3526.44,paid,3430.7,0,
CM003204,CL002474,VH002754,PR000014,PR000204,,parking_lot,clear,2023-09-17,True,0,2,1574.76,denied,0.0,0,
CM004702,CL003108,VH000733,PR000019,PR000210,,parking_lot,clear,2023-04-09,True,0,2,4015.77,paid,3845.83,0,
CM001631,CL003468,VH001956,,PR000005,,sideswipe,clear,2025-04-06,True,0,1,6495.01,paid,5863.01,0,
CM006822,CL002326,VH000906,PR000088,PR000131,,multi_vehicle_pileup,clear,2025-04-20,True,0,0,1417.47,paid,1307.03,0,
CM001882,CL001999,VH002642,,PR000142,,sideswipe,fog,2025-11-24,True,0,0,971.73,paid,941.64,0,
CM005172,CL000131,VH001192,,PR000084,,multi_vehicle_pileup,clear,2024-05-06,True,0,1,6263.11,paid,5699.54,0,
CM006460,CL001464,VH002174,PR000192,PR000137,,rear_end_collision,snow,2023-02-19,True,0,0,782.8,paid,732.84,0,
CM001613,CL002172,VH003566,PR000244,PR000226,,sideswipe,clear,2024-02-17,True,0,0,2620.58,paid,2488.18,0,
CM000979,CL000028,VH000531,,PR000191,,rear_end_collision,clear,2023-04-01,True,0,0,5162.82,paid,4800.79,0,
CM001414,CL001371,VH003100,PR000236,PR000095,,rear_end_collision,fog,2025-05-24,True,0,0,6086.24,paid,6056.72,0,
CM006846,CL000370,VH001573,,PR000092,PR000141,single_vehicle,clear,2023-02-26,True,0,2,3943.9,paid,3812.26,0,
CM004421,CL000612,VH002735,,PR000092,PR000053,rear_end_collision,clear,2025-06-13,True,0,0,5471.8,under_review,,0,
CM000849,CL002038,VH003461,,PR000024,PR000215,parking_lot,clear,2025-12-18,True,0,0,9748.18,paid,9352.16,0,
CM004740,CL001653,VH001351,PR000096,PR000194,,multi_vehicle_pileup,clear,2025-05-09,True,0,0,1084.1,paid,1073.91,0,
CM004897,CL003977,VH002391,PR000235,PR000246,,single_vehicle,clear,2023-08-22,False,0,0,2557.19,paid,2309.2,0,
CM004635,CL001557,VH002695,,PR000128,,parking_lot,clear,2025-02-20,True,2,2,2554.53,paid,2447.42,0,
CM002878,CL002974,VH003266,,PR000047,,sideswipe,clear,2023-01-05,True,1,1,2907.93,under_review,,0,
CM002272,CL000935,VH003663,,,,rear_end_collision,rain,2024-12-19,True,2,0,2026.85,paid,2017.35,0,
CM002393,CL002212,VH002935,PR000164,PR000194,,multi_vehicle_pileup,snow,2024-10-06,True,0,1,8983.99,under_review,,0,
CM007581,CL002576,VH001476,PR000247,PR000229,,rear_end_collision,rain,2024-11-14,True,0,0,1916.8,under_review,,0,
CM003780,CL003831,VH002985,PR000093,PR000009,,single_vehicle,clear,2025-01-13,True,0,0,2490.24,under_review,,0,
CM001831,CL002268,VH001386,PR000008,PR000225,,single_vehicle,clear,2025-04-27,True,1,2,3490.36,paid,3210.2,0,
CM003933,CL003451,VH003184,,,,multi_vehicle_pileup,clear,2025-10-20,True,0,1,3931.73,paid,3762.06,0,
CM006453,CL001475,VH003344,PR000070,PR000000,,parking_lot,snow,2023-10-29,True,0,1,4015.43,paid,3683.94,0,
CM004467,CL000438,VH002879,PR000239,PR000183,PR000147,multi_vehicle_pileup,clear,2023-04-08,False,0,1,2237.25,denied,0.0,0,
CM000048,CL003864,VH001304,PR000231,PR000091,PR000007,sideswipe,clear,2025-06-24,True,0,0,3627.73,paid,3348.66,0,
CM008521,CL001655,VH001973,PR000214,PR000115,PR000147,parking_lot,rain,2023-11-20,True,2,0,4854.71,under_review,,1,RING004
CM008766,CL003594,VH001868,PR000096,PR000121,PR000147,parking_lot,clear,2023-03-28,False,1,0,5720.64,denied,0.0,1,RING013
CM001351,CL000250,VH000029,,PR000080,,parking_lot,clear,2024-06-13,True,1,1,3789.24,paid,3621.03,0,
CM008591,CL002077,VH003531,PR000025,PR000209,PR000155,sideswipe,clear,2025-05-27,False,1,0,3836.76,partially_paid,1177.62,1,RING006
CM001235,CL000846,VH003079,PR000082,PR000018,,parking_lot,clear,2024-02-16,True,0,1,8610.64,paid,8051.16,0,
CM004722,CL000460,VH002724,PR000021,PR000226,,parking_lot,clear,2025-04-25,True,0,1,3959.35,paid,3816.14,0,
CM004892,CL003913,VH002267,PR000231,PR000117,,sideswipe,clear,2025-07-02,True,0,0,3392.92,paid,3353.96,0,
CM000447,CL000627,VH003515,,PR000079,,sideswipe,clear,2024-10-22,True,0,2,3186.17,paid,3171.9,0,
CM002249,CL000698,VH003003,PR000198,PR000197,,multi_vehicle_pileup,snow,2025-06-24,True,0,4,2332.09,denied,0.0,0,
CM001744,CL000278,VH000068,PR000093,PR000108,,multi_vehicle_pileup,rain,2023-10-17,True,0,0,7559.47,paid,7070.22,0,
CM000845,CL001353,VH002375,PR000186,,,rear_end_collision,clear,2023-05-20,True,1,1,5338.45,paid,5250.59,0,
CM005235,CL001043,VH000254,,PR000181,,single_vehicle,clear,2025-12-10,True,0,0,5163.1,paid,4788.73,0,
CM007603,CL001473,VH000360,,PR000012,,multi_vehicle_pileup,clear,2025-02-15,True,0,1,543.05,paid,494.6,0,
CM004561,CL002757,VH002696,PR000063,PR000097,,sideswipe,clear,2023-06-11,False,1,0,3888.24,paid,3717.91,0,
CM003290,CL001103,VH002658,PR000186,PR000202,,sideswipe,fog,2023-04-15,False,0,0,4318.45,paid,4233.96,0,
CM004079,CL003024,VH000523,PR000072,PR000109,,sideswipe,clear,2025-04-17,True,0,0,4316.32,paid,4010.27,0,
CM000040,CL000029,VH001245,PR000006,,,parking_lot,rain,2025-10-10,True,2,1,2479.27,paid,2318.79,0,
CM002441,CL002203,VH001109,,PR000029,,parking_lot,rain,2024-01-12,True,0,0,5172.89,paid,5035.05,0,
CM003104,CL002995,VH001048,,PR000111,PR000020,sideswipe,clear,2023-07-06,True,1,0,7085.06,paid,6423.64,0,
CM007129,CL000054,VH002449,,PR000079,,parking_lot,clear,2025-11-09,True,1,0,3391.01,under_review,,0,
CM005013,CL003589,VH003276,,PR000209,,multi_vehicle_pileup,snow,2025-05-05,True,1,1,3011.04,paid,2716.72,0,
CM000679,CL003487,VH003351,PR000168,,,rear_end_collision,fog,2023-03-28,True,0,0,1654.47,under_review,,0,
CM004472,CL002607,VH001487,PR000051,PR000075,,multi_vehicle_pileup,snow,2025-02-20,True,0,0,5225.99,paid,4865.54,0,
CM008235,CL002937,VH003139,PR000057,PR000245,,multi_vehicle_pileup,clear,2025-10-03,True,0,0,4118.93,under_review,,0,
CM005406,CL000056,VH003645,PR000170,PR000245,,rear_end_collision,rain,2024-01-12,True,0,0,1277.39,under_review,,0,
CM001295,CL000107,VH001038,,PR000242,,parking_lot,clear,2023-06-21,True,0,1,4792.2,paid,4654.68,0,
CM003932,CL002039,VH003354,PR000198,PR000202,,parking_lot,clear,2025-11-19,True,1,1,5887.98,paid,5748.92,0,
CM004768,CL000284,VH000554,,PR000099,,parking_lot,clear,2023-07-27,True,1,3,10687.55,paid,10332.55,0,
CM007273,CL001226,VH002556,,PR000241,,single_vehicle,rain,2025-05-04,True,0,1,2479.46,paid,2255.28,0,
CM000972,CL003394,VH003354,PR000190,PR000145,,rear_end_collision,rain,2024-01-11,True,0,0,12325.3,paid,11475.55,0,
CM003443,CL003920,VH002401,PR000114,,,multi_vehicle_pileup,clear,2024-01-05,False,0,0,3390.22,paid,3232.6,0,
CM006885,CL002669,VH002432,PR000001,PR000009,PR000016,multi_vehicle_pileup,clear,2024-07-20,True,1,0,2460.05,paid,2253.52,0,
CM005750,CL003761,VH003627,,PR000067,,rear_end_collision,rain,2025-08-20,True,0,0,2872.62,paid,2734.23,0,
CM001113,CL002238,VH003001,,PR000181,,single_vehicle,clear,2024-10-04,True,2,2,758.08,denied,0.0,0,
CM003963,CL002801,VH001332,,PR000041,,parking_lot,snow,2023-10-27,True,0,0,1743.0,paid,1612.61,0,
CM000777,CL000258,VH000808,,PR000154,,sideswipe,fog,2024-08-20,True,0,0,5233.25,paid,4975.46,0,
CM008668,CL000056,VH002386,PR000114,PR000243,,multi_vehicle_pileup,rain,2025-01-15,True,4,0,15349.9,paid,14764.75,1,RING009
CM002232,CL000977,VH003022,PR000085,,,single_vehicle,clear,2025-11-02,True,1,0,7631.18,paid,7221.21,0,
CM002229,CL001152,VH002285,PR000085,PR000161,,parking_lot,clear,2024-06-11,True,1,0,3475.4,under_review,,0,
CM002154,CL001775,VH002331,PR000198,PR000084,,sideswipe,clear,2024-11-23,True,0,0,3459.25,paid,3393.77,0,
CM008733,CL002151,VH000921,PR000171,PR000087,,parking_lot,clear,2023-02-13,False,1,0,4019.97,paid,3962.12,1,RING011
CM008678,CL002864,VH000717,PR000104,PR000075,PR000188,sideswipe,fog,2025-08-24,False,0,2,898.51,denied,0.0,1,RING010
CM008114,CL001809,VH003083,,PR000199,,parking_lot,clear,2024-07-06,True,0,0,5302.11,under_review,,0,
CM004241,CL002855,VH002503,PR000206,PR000134,,rear_end_collision,clear,2023-07-14,True,0,0,1435.75,paid,1371.77,0,
CM008464,CL003582,VH003622,PR000146,PR000105,,rear_end_collision,clear,2024-02-08,False,0,0,2981.99,paid,2865.5,1,RING001
CM004376,CL001029,VH001427,,PR000083,,single_vehicle,clear,2024-11-15,True,1,1,4626.11,under_review,,0,
CM005560,CL003476,VH003180,PR000234,,,rear_end_collision,fog,2024-09-25,True,1,0,1874.8,under_review,,0,
CM006852,CL001452,VH003983,PR000010,PR000009,,rear_end_collision,clear,2024-08-05,True,2,1,1613.39,under_review,,0,
CM001367,CL002031,VH003444,PR000035,PR000174,,rear_end_collision,rain,2025-02-04,True,1,0,5560.02,paid,5445.98,0,
CM001470,CL001165,VH000925,,PR000184,PR000007,single_vehicle,snow,2023-03-31,True,1,0,2880.07,paid,2772.69,0,
CM001852,CL002248,VH001358,PR000233,PR000225,,single_vehicle,clear,2024-06-22,True,0,0,2870.89,paid,2653.42,0,
CM003184,CL000835,VH001595,PR000114,PR000075,,sideswipe,clear,2025-02-25,True,0,1,5852.56,under_review,,0,
CM001964,CL002936,VH002989,PR000036,PR000128,,single_vehicle,snow,2024-08-29,True,1,2,15934.95,paid,14525.59,0,
CM006623,CL002048,VH001022,PR000014,PR000143,PR000102,sideswipe,clear,2023-07-13,True,0,0,4248.5,under_review,,0,
CM005372,CL002944,VH001525,PR000217,PR000124,,rear_end_collision,clear,2023-02-11,True,0,1,2191.95,paid,2102.12,0,
CM005769,CL000841,VH002558,PR000056,PR000037,,multi_vehicle_pileup,clear,2025-11-09,True,1,1,3810.97,under_review,,0,
CM003200,CL003387,VH003888,,PR000191,,multi_vehicle_pileup,fog,2023-03-01,True,0,0,7840.26,paid,7629.1,0,
CM005557,CL003291,VH000080,PR000077,PR000052,,parking_lot,clear,2023-06-26,True,0,0,2551.71,paid,2384.41,0,
CM001290,CL003562,VH002896,PR000082,PR000032,,sideswipe,rain,2025-06-06,True,0,0,4408.2,paid,4025.19,0,
CM000486,CL002148,VH003642,PR000085,PR000140,,multi_vehicle_pileup,clear,2025-01-11,True,1,1,4424.71,paid,4420.66,0,
CM002240,CL003172,VH001331,PR000227,PR000041,,multi_vehicle_pileup,clear,2023-04-01,True,0,2,4104.63,paid,3903.06,0,
CM004901,CL003158,VH002890,,PR000032,,sideswipe,clear,2023-01-05,True,0,1,4493.69,paid,4144.95,0,
CM003262,CL000129,VH002871,,PR000092,,single_vehicle,clear,2023-01-24,True,1,1,2704.36,under_review,,0,
CM007728,CL000155,VH001658,,PR000183,,single_vehicle,clear,2023-12-24,True,0,0,3827.95,paid,3800.37,0,
CM005654,CL001232,VH003498,,,,single_vehicle,clear,2025-10-24,True,0,0,2388.79,denied,0.0,0,
CM005359,CL000818,VH001701,PR000046,PR000163,,rear_end_collision,clear,2023-08-07,True,1,1,6374.31,paid,6165.63,0,
CM007371,CL001499,VH003193,,PR000184,,sideswipe,clear,2023-03-07,True,0,2,1625.81,paid,1519.28,0,
CM008675,CL003641,VH002948,PR000114,PR000243,,single_vehicle,fog,2025-01-16,False,2,1,15183.11,under_review,,1,RING009
CM000031,CL003363,VH003714,,PR000138,,sideswipe,clear,2023-02-11,True,2,0,12587.51,paid,12527.27,0,
CM006493,CL000248,VH000788,PR000014,PR000180,,rear_end_collision,clear,2025-03-06,True,0,2,3269.68,paid,3179.9,0,
CM007150,CL002471,VH002653,PR000236,PR000079,,sideswipe,clear,2024-03-23,True,0,1,3819.48,paid,3816.79,0,
CM003543,CL002781,VH001334,PR000104,PR000028,,rear_end_collision,clear,2025-08-09,False,0,1,2451.32,paid,2232.15,0,
CM005598,CL003491,VH002758,PR000103,PR000094,,parking_lot,clear,2023-08-04,True,0,0,6973.26,paid,6324.87,0,
CM001880,CL000134,VH000192,,,,sideswipe,clear,2023-10-03,True,0,0,2573.26,paid,2534.11,0,
CM008340,CL003621,VH003898,PR000217,PR000209,,multi_vehicle_pileup,fog,2024-05-06,True,1,0,7508.86,paid,7324.48,0,
CM008321,CL003440,VH002435,PR000234,PR000067,,single_vehicle,snow,2023-07-22,False,0,1,3074.45,paid,2854.04,0,
CM001984,CL002499,VH003667,PR000120,PR000115,,sideswipe,clear,2025-10-24,True,0,1,591.65,paid,562.92,0,
CM004470,CL001434,VH002228,,PR000218,,single_vehicle,snow,2024-04-20,True,0,0,1865.88,paid,1840.01,0,
CM004043,CL000189,VH003339,,PR000094,,rear_end_collision,clear,2025-12-26,True,0,2,701.57,paid,698.68,0,
CM007448,CL002613,VH003120,,PR000131,PR000237,multi_vehicle_pileup,clear,2024-03-09,True,1,3,4530.5,under_review,,0,
CM005821,CL003168,VH001649,,PR000107,PR000215,rear_end_collision,rain,2025-09-22,False,0,1,10370.51,paid,9393.93,0,
CM006658,CL003977,VH001983,PR000003,PR000174,,multi_vehicle_pileup,clear,2024-04-27,False,1,0,760.36,paid,749.78,0,
CM006217,CL000463,VH003368,PR000017,PR000157,,parking_lot,clear,2024-08-14,True,1,0,3456.53,paid,3156.96,0,
CM006585,CL003001,VH001552,,PR000097,,parking_lot,snow,2025-12-18,True,0,0,1693.95,paid,1637.56,0,
CM001037,CL003911,VH000842,,PR000012,,single_vehicle,clear,2023-06-27,True,0,1,3762.83,paid,3420.58,0,
CM000637,CL001613,VH002418,PR000025,,,single_vehicle,snow,2023-09-05,True,0,0,3973.24,paid,3822.16,0,
CM004517,CL003372,VH002822,,PR000221,,single_vehicle,rain,2025-11-04,True,0,3,5222.58,paid,4857.92,0,
CM005652,CL000715,VH000335,,PR000052,PR000135,sideswipe,fog,2023-06-02,True,1,0,3275.96,paid,3125.13,0,
CM004363,CL000791,VH001654,PR000158,PR000172,,parking_lot,clear,2023-11-04,True,1,1,2371.62,paid,2157.33,0,
CM006122,CL003528,VH000348,PR000089,,,sideswipe,clear,2024-03-26,True,0,0,3840.96,paid,3679.55,0,
CM004221,CL002391,VH002898,PR000223,PR000038,,sideswipe,clear,2023-01-11,True,0,1,1185.41,paid,1136.77,0,
CM001084,CL001336,VH001702,PR000195,PR000092,,sideswipe,clear,2024-08-24,True,0,1,719.15,paid,675.92,0,
CM002616,CL002302,VH000288,PR000001,,,sideswipe,clear,2025-02-01,True,0,1,2011.7,paid,1937.67,0,
CM000862,CL000137,VH001531,PR000189,PR000075,,sideswipe,fog,2023-04-23,True,0,2,2904.43,paid,2676.57,0,
CM008903,CL002076,VH002889,PR000235,PR000097,PR000130,single_vehicle,snow,2023-03-08,False,2,0,4796.86,paid,4536.67,1,RING019
CM000904,CL003471,VH000426,PR000216,PR000224,,rear_end_collision,rain,2024-08-15,True,0,1,3528.08,paid,3376.14,0,
CM000192,CL000862,VH002503,PR000066,PR000166,,multi_vehicle_pileup,clear,2023-08-20,False,1,0,8126.82,paid,7941.72,0,
CM000110,CL000356,VH001511,PR000239,PR000071,,sideswipe,clear,2025-08-24,True,0,1,7123.95,paid,7108.38,0,
CM008740,CL002902,VH000921,PR000171,PR000087,,single_vehicle,fog,2023-02-04,False,1,2,3213.64,partially_paid,2030.31,1,RING011
CM005377,CL001299,VH000937,PR000078,PR000207,,sideswipe,clear,2024-02-28,True,0,0,7075.38,paid,6587.5,0,
CM001943,CL000723,VH003584,,PR000229,,multi_vehicle_pileup,snow,2025-04-14,True,0,0,2815.4,paid,2665.95,0,
CM007509,CL000278,VH001093,PR000064,PR000245,,rear_end_collision,clear,2025-09-24,True,0,2,5931.78,paid,5598.4,0,
CM008056,CL001050,VH002989,PR000073,,,rear_end_collision,clear,2023-02-27,False,1,1,2066.35,paid,2045.92,0,
CM004101,CL003053,VH003979,PR000096,,,single_vehicle,clear,2025-12-06,False,0,3,8954.6,paid,8661.0,0,
CM008435,CL002821,VH001602,PR000146,PR000105,,multi_vehicle_pileup,clear,2024-01-24,True,1,0,2237.88,partially_paid,1078.19,1,RING001
CM001832,CL000882,VH003272,,PR000133,,single_vehicle,fog,2024-03-04,False,0,0,7526.77,paid,7053.13,0,
CM006849,CL002130,VH000890,,PR000107,,parking_lot,clear,2023-12-31,False,0,2,5848.33,paid,5626.11,0,
CM004968,CL002634,VH001384,,PR000145,,sideswipe,clear,2024-07-14,False,0,1,2984.52,paid,2820.55,0,
CM007894,CL002490,VH003174,PR000026,PR000226,,sideswipe,snow,2024-09-29,True,1,2,2618.36,paid,2419.73,0,
CM007024,CL000756,VH001641,PR000082,PR000161,,multi_vehicle_pileup,clear,2025-08-07,False,0,1,1442.88,paid,1311.59,0,
CM006951,CL003567,VH001147,PR000085,PR000047,,parking_lot,snow,2023-09-04,True,0,1,3753.45,under_review,,0,
CM006785,CL000133,VH002943,,PR000138,,multi_vehicle_pileup,rain,2024-10-28,True,1,1,9386.99,paid,9170.12,0,
CM000783,CL003351,VH003571,PR000070,PR000090,,parking_lot,snow,2023-07-16,True,1,1,7271.89,denied,0.0,0,
CM000564,CL002533,VH003627,PR000195,PR000134,,rear_end_collision,clear,2023-12-03,True,0,0,2465.55,paid,2327.31,0,
CM008645,CL000873,VH003251,PR000046,PR000201,PR000230,single_vehicle,snow,2025-02-07,True,1,1,3888.2,paid,3527.72,1,RING008
CM005894,CL002424,VH003294,PR000231,PR000055,,single_vehicle,clear,2023-01-08,True,1,1,2703.03,paid,2626.16,0,
CM002776,CL003985,VH000041,,PR000058,,parking_lot,snow,2023-11-21,False,0,1,2724.54,paid,2668.87,0,
CM003430,CL003406,VH000789,PR000216,PR000165,,parking_lot,clear,2023-04-21,True,0,2,2550.79,paid,2454.5,0,
CM004585,CL001218,VH003849,,PR000131,,sideswipe,clear,2024-05-07,True,1,1,439.97,paid,399.59,0,
CM006920,CL002417,VH000239,PR000234,PR000018,,single_vehicle,clear,2025-10-07,False,0,2,6915.44,denied,0.0,0,
CM007169,CL000963,VH001164,PR000136,PR000097,,parking_lot,rain,2023-01-10,True,0,1,10782.73,under_review,,0,
CM001826,CL000310,VH001156,PR000233,,,sideswipe,clear,2023-12-26,True,1,0,4802.04,paid,4481.84,0,
CM002618,CL000295,VH000032,PR000043,PR000018,,rear_end_collision,clear,2025-07-19,True,0,1,3026.23,paid,2913.75,0,
CM006637,CL000746,VH003297,PR000031,PR000211,,multi_vehicle_pileup,clear,2025-05-12,True,0,3,4142.92,paid,4031.67,0,
CM001095,CL002444,VH003520,PR000021,PR000134,,single_vehicle,fog,2025-10-27,True,0,0,1402.16,under_review,,0,
CM006755,CL001548,VH000041,PR000216,PR000086,,multi_vehicle_pileup,clear,2024-04-04,False,1,1,7159.69,paid,6665.41,0,
CM003170,CL002544,VH000678,PR000014,PR000091,,sideswipe,clear,2024-11-08,True,0,0,1485.81,paid,1402.19,0,
CM008560,CL000942,VH002942,PR000064,PR000000,,parking_lot,rain,2023-06-03,False,2,0,1552.1,paid,1399.74,1,RING005
CM008829,CL002919,VH003336,PR000198,PR000086,,rear_end_collision,fog,2024-08-01,True,1,2,2415.53,paid,2180.67,1,RING016
CM008759,CL001510,VH000401,PR000119,PR000197,PR000135,parking_lot,snow,2025-05-08,False,1,1,3057.33,paid,2854.12,1,RING012
CM004818,CL000377,VH001179,,PR000062,PR000213,multi_vehicle_pileup,clear,2024-10-05,False,0,1,5775.18,paid,5270.05,0,
CM005818,CL002630,VH002386,PR000066,PR000086,,single_vehicle,fog,2024-08-12,True,1,0,2254.47,under_review,,0,
CM005061,CL001903,VH003267,,PR000032,,parking_lot,clear,2025-02-19,False,0,0,2449.5,denied,0.0,0,
CM003136,CL003397,VH003701,PR000039,PR000110,,sideswipe,clear,2025-07-14,False,0,0,4051.63,paid,3800.32,0,
CM007720,CL003727,VH002585,,,PR000188,multi_vehicle_pileup,clear,2024-10-22,True,0,2,726.9,under_review,,0,
CM007529,CL001251,VH001898,,PR000182,PR000126,rear_end_collision,rain,2023-08-09,False,1,1,8528.36,paid,8149.22,0,
CM005465,CL001846,VH002504,PR000116,,,multi_vehicle_pileup,clear,2024-12-14,True,0,1,7770.7,paid,7123.8,0,
CM001655,CL001233,VH002978,,PR000055,,single_vehicle,clear,2025-05-20,True,0,1,3096.89,paid,2985.94,0,
CM007857,CL000555,VH002671,,PR000194,,single_vehicle,clear,2025-04-25,True,0,0,977.79,paid,976.44,0,
CM006854,CL000938,VH000392,PR000081,PR000060,,rear_end_collision,clear,2023-11-30,False,0,0,2031.66,paid,2029.53,0,
CM008523,CL002540,VH002152,PR000214,PR000115,PR000147,multi_vehicle_pileup,clear,2023-12-04,True,2,0,9864.02,paid,9298.28,1,RING004
CM002324,CL000314,VH002744,PR000103,PR000092,,multi_vehicle_pileup,clear,2023-05-27,True,0,1,2359.81,paid,2167.16,0,
CM002414,CL003059,VH001928,PR000187,PR000028,,multi_vehicle_pileup,rain,2024-06-10,False,0,1,10387.45,paid,9588.23,0,
CM003806,CL000065,VH003418,PR000236,PR000138,,sideswipe,clear,2024-07-04,False,1,1,5648.48,paid,5587.4,0,
CM007361,CL002387,VH002958,PR000031,PR000079,,rear_end_collision,clear,2025-09-23,True,0,1,8282.27,paid,7859.73,0,
CM002655,CL000823,VH001368,,PR000012,PR000101,parking_lot,clear,2023-06-07,False,0,2,6771.12,paid,6481.0,0,
CM008299,CL003107,VH003200,,PR000094,,sideswipe,fog,2025-03-04,True,0,0,7691.19,paid,6968.54,0,
CM007765,CL003048,VH000688,,PR000225,,sideswipe,rain,2024-09-20,True,1,1,456.88,denied,0.0,0,
CM004289,CL000433,VH000715,PR000168,PR000184,,single_vehicle,rain,2023-07-27,False,0,2,6340.2,paid,6308.5,0,
CM002679,CL002606,VH000574,PR000222,PR000201,,single_vehicle,clear,2023-03-09,True,0,0,2821.79,paid,2760.97,0,
CM006430,CL002125,VH003958,,PR000037,,sideswipe,clear,2025-07-29,True,0,1,2852.93,paid,2715.87,0,
CM005445,CL001027,VH002320,PR000098,PR000091,,single_vehicle,clear,2024-01-01,True,0,0,3321.2,paid,3268.46,0,
CM006269,CL003968,VH001156,PR000189,PR000045,,rear_end_collision,rain,2025-09-08,False,0,1,5788.21,paid,5224.46,0,
CM005334,CL002990,VH003105,PR000056,PR000097,,sideswipe,clear,2025-11-05,False,0,0,4889.61,paid,4801.98,0,
CM007887,CL000141,VH002594,,PR000024,,single_vehicle,clear,2023-01-04,False,0,1,7876.42,paid,7825.17,0,
CM008781,CL001765,VH003274,PR000156,PR000174,PR000122,sideswipe,clear,2023-07-16,False,0,0,2176.09,paid,2028.5,1,RING014
CM000179,CL003335,VH003246,PR000146,PR000184,,parking_lot,clear,2025-02-25,True,0,0,2765.96,paid,2752.03,0,
CM008602,CL002840,VH001445,PR000112,PR000060,PR000139,parking_lot,rain,2023-09-04,False,0,0,4016.89,partially_paid,2415.33,1,RING007
CM007356,CL002107,VH003751,,PR000174,,parking_lot,clear,2024-06-05,True,0,1,5939.62,paid,5811.33,0,
CM001535,CL003761,VH001149,,PR000197,,single_vehicle,clear,2023-08-13,False,2,1,2228.73,paid,2205.79,0,
CM008642,CL000682,VH001330,PR000046,PR000201,PR000230,parking_lot,clear,2025-01-24,False,1,0,1770.84,paid,1663.98,1,RING008
CM008384,CL002635,VH002847,,PR000199,,rear_end_collision,rain,2025-05-05,False,1,0,861.28,paid,785.73,0,
CM003287,CL001921,VH003196,PR000026,PR000218,,rear_end_collision,clear,2024-03-13,True,0,0,3217.6,paid,3000.15,0,
CM001205,CL002195,VH003983,PR000057,PR000032,,rear_end_collision,clear,2024-09-25,False,0,2,3331.9,paid,3142.25,0,
CM002203,CL001140,VH000406,,PR000045,,multi_vehicle_pileup,rain,2023-02-20,False,0,0,3884.83,paid,3757.76,0,
CM004835,CL001144,VH000216,PR000129,PR000166,,single_vehicle,clear,2023-07-18,True,0,1,1948.54,paid,1828.35,0,
CM007794,CL000557,VH001144,PR000096,PR000172,,parking_lot,rain,2024-11-09,False,1,1,1179.16,under_review,,0,
CM008348,CL001191,VH002579,,PR000052,,sideswipe,clear,2025-06-16,True,1,0,6368.33,under_review,,0,
CM004225,CL002727,VH000523,,PR000091,,sideswipe,rain,2025-02-01,True,0,0,4051.98,paid,3792.11,0,
CM004956,CL001671,VH002132,,,PR000007,single_vehicle,rain,2023-12-17,False,0,2,2697.07,under_review,,0,
CM000976,CL001129,VH001346,PR000200,PR000191,,multi_vehicle_pileup,clear,2025-01-27,True,0,0,532.18,paid,495.54,0,
CM008713,CL001703,VH000717,PR000104,PR000075,PR000188,single_vehicle,clear,2025-09-26,True,0,1,5236.59,paid,4937.59,1,RING010
CM001771,CL000421,VH003813,,,,parking_lot,rain,2024-07-03,True,0,0,2758.06,paid,2710.52,0,
CM000830,CL001390,VH001528,,PR000207,,parking_lot,clear,2024-11-19,True,0,0,5593.87,paid,5053.21,0,
CM000942,CL003864,VH003372,PR000034,PR000075,,multi_vehicle_pileup,clear,2024-05-18,True,0,1,3823.73,paid,3464.77,0,
CM004324,CL000441,VH000608,,PR000172,,parking_lot,clear,2024-12-02,True,0,3,3882.42,under_review,,0,
CM002487,CL003633,VH003512,PR000072,PR000166,,rear_end_collision,clear,2024-09-03,True,1,0,7475.68,under_review,,0,
CM000628,CL001876,VH001183,PR000039,PR000157,,rear_end_collision,fog,2025-03-02,True,0,1,2351.94,paid,2319.64,0,
CM002388,CL000773,VH002403,,PR000109,PR000175,rear_end_collision,clear,2023-12-25,True,0,2,2464.01,paid,2374.55,0,
CM005662,CL002390,VH002170,,PR000117,,multi_vehicle_pileup,rain,2024-01-15,True,0,1,1281.2,paid,1255.29,0,
CM006488,CL001524,VH000355,PR000112,PR000084,PR000232,sideswipe,fog,2023-02-13,True,0,1,2227.73,paid,2173.11,0,
CM000926,CL002530,VH000608,,PR000038,,sideswipe,snow,2025-05-25,False,1,1,3831.71,paid,3827.55,0,
CM003034,CL003936,VH000086,,PR000132,,rear_end_collision,clear,2025-02-22,True,0,0,2265.19,paid,2046.56,0,
CM000296,CL003352,VH001162,PR000190,PR000062,,rear_end_collision,snow,2023-12-09,True,1,2,1084.34,denied,0.0,0,
CM001053,CL001071,VH002438,,PR000218,,multi_vehicle_pileup,fog,2025-02-03,True,0,0,7172.53,paid,6541.09,0,
CM007748,CL000564,VH000648,PR000153,PR000197,,sideswipe,clear,2025-02-15,True,0,2,4040.88,paid,3959.5,0,
CM002708,CL002986,VH002580,PR000077,PR000169,,multi_vehicle_pileup,rain,2023-01-18,True,0,0,4726.37,paid,4367.61,0,
CM003222,CL003435,VH002235,PR000019,PR000210,,sideswipe,rain,2023-09-23,True,0,1,2528.62,paid,2333.87,0,
CM003883,CL003585,VH002947,,PR000075,,parking_lot,clear,2025-03-02,True,1,0,6337.98,under_review,,0,
CM008725,CL002255,VH002009,PR000171,PR000087,,sideswipe,fog,2023-02-07,False,0,0,12427.42,paid,11936.62,1,RING011
CM008416,CL001890,VH001220,PR000114,PR000013,PR000030,parking_lot,clear,2024-03-21,True,1,0,2949.66,paid,2890.42,1,RING000
CM004040,CL003116,VH000979,,PR000011,,multi_vehicle_pileup,clear,2023-07-04,False,0,0,3256.29,paid,3153.11,0,
CM008237,CL002436,VH002432,PR000249,,,sideswipe,fog,2025-04-27,True,0,0,1260.06,paid,1226.28,0,
CM007153,CL003731,VH003954,PR000223,PR000018,,sideswipe,clear,2023-11-06,False,0,0,10474.48,paid,9775.79,0,
CM003510,CL002553,VH003098,PR000006,,,single_vehicle,clear,2023-01-27,True,0,1,1221.59,denied,0.0,0,
CM005930,CL003056,VH001702,,PR000163,,single_vehicle,fog,2025-12-30,True,1,0,3264.03,paid,3194.33,0,
CM004093,CL001506,VH000532,,PR000055,PR000054,single_vehicle,clear,2025-11-15,True,0,0,6713.17,paid,6400.83,0,
CM002790,CL002981,VH001300,PR000222,PR000224,,rear_end_collision,clear,2024-11-01,True,0,0,2863.48,paid,2626.35,0,
CM000945,CL003820,VH003798,PR000227,PR000246,,single_vehicle,rain,2023-09-01,True,0,0,2125.78,denied,0.0,0,
CM007638,CL000088,VH003465,PR000216,PR000225,PR000139,single_vehicle,rain,2025-09-09,True,1,0,1972.11,under_review,,0,
CM007962,CL001160,VH002669,PR000019,PR000220,,single_vehicle,snow,2024-08-30,True,1,2,3252.05,paid,2947.69,0,
CM007286,CL000596,VH003362,,PR000143,,rear_end_collision,clear,2023-11-15,True,0,2,3627.37,paid,3376.7,0,
CM000013,CL001436,VH003858,PR000078,PR000094,,parking_lot,clear,2023-02-22,True,0,0,7074.42,paid,6757.5,0,
CM001118,CL001261,VH001109,,PR000194,,single_vehicle,rain,2024-02-12,False,0,0,5395.09,paid,4920.95,0,
CM007002,CL002653,VH002337,PR000136,PR000083,PR000126,parking_lot,rain,2024-09-18,True,0,0,6268.14,paid,6106.81,0,
CM003256,CL001007,VH003392,PR000240,PR000075,,parking_lot,rain,2024-12-09,True,0,1,2788.1,paid,2734.63,0,
CM002691,CL003261,VH003251,PR000051,PR000062,,parking_lot,rain,2023-12-20,True,0,1,2780.04,paid,2775.12,0,
CM008249,CL001610,VH001368,PR000198,PR000092,,rear_end_collision,clear,2024-09-13,True,0,2,4559.85,paid,4211.04,0,
CM001320,CL000286,VH001566,,PR000165,,multi_vehicle_pileup,snow,2025-01-24,True,1,1,2450.72,paid,2224.07,0,
CM008816,CL000749,VH003336,PR000198,PR000086,,rear_end_collision,clear,2024-08-19,False,0,0,1796.22,paid,1795.71,1,RING016
CM004604,CL000843,VH001354,,PR000005,,parking_lot,clear,2024-04-23,True,0,0,5061.16,paid,4845.66,0,
CM006329,CL003874,VH000642,,PR000067,,parking_lot,rain,2023-11-30,True,0,0,6429.92,paid,6026.02,0,
CM004711,CL001144,VH001907,,PR000086,,single_vehicle,rain,2023-01-07,True,1,0,1960.91,paid,1897.41,0,
CM003476,CL003908,VH003107,PR000116,PR000202,,rear_end_collision,rain,2025-01-20,True,0,1,5170.36,paid,5022.68,0,
CM003506,CL002749,VH003645,PR000008,PR000160,,parking_lot,rain,2025-11-04,False,0,1,3581.59,under_review,,0,
CM002478,CL002582,VH003748,,PR000083,,single_vehicle,clear,2023-06-12,True,0,0,6613.49,under_review,,0,
CM005441,CL003311,VH002574,,PR000138,PR000030,multi_vehicle_pileup,clear,2023-11-20,True,0,1,1883.58,paid,1774.75,0,
CM008618,CL003136,VH001330,PR000046,PR000201,PR000230,single_vehicle,clear,2025-01-09,False,1,0,1488.56,paid,1422.04,1,RING008
CM006379,CL003252,VH002948,,PR000163,,multi_vehicle_pileup,clear,2025-06-08,True,0,0,1346.76,paid,1231.35,0,
CM008799,CL001455,VH001695,PR000106,PR000203,PR000230,multi_vehicle_pileup,clear,2024-01-03,False,1,0,10488.0,paid,9474.55,1,RING015
CM001875,CL002433,VH003842,PR000019,PR000194,,rear_end_collision,rain,2023-07-23,True,0,0,1961.16,paid,1789.18,0,
CM008552,CL003124,VH002401,PR000064,PR000000,,rear_end_collision,clear,2023-05-19,False,1,0,9003.14,paid,8841.51,1,RING005
CM004335,CL000544,VH003980,,PR000220,,multi_vehicle_pileup,clear,2024-05-25,True,0,2,1804.95,paid,1779.75,0,
CM002905,CL003814,VH003731,,PR000028,,sideswipe,clear,2024-12-27,True,0,1,11486.54,paid,10383.84,0,
CM000571,CL000828,VH001422,PR000234,PR000105,,rear_end_collision,fog,2025-06-08,True,0,1,4418.52,paid,4105.17,0,
CM001449,CL003567,VH000578,PR000234,,,parking_lot,clear,2024-03-04,True,0,0,2208.64,paid,2013.82,0,
CM004716,CL000471,VH001107,,PR000045,,rear_end_collision,clear,2023-05-25,True,0,1,4362.75,paid,4344.31,0,
CM005648,CL002214,VH002627,,PR000194,PR000044,rear_end_collision,clear,2024-01-23,False,0,1,1944.5,paid,1922.43,0,
CM007681,CL002506,VH000534,PR000206,PR000180,PR000130,sideswipe,clear,2024-07-19,True,1,0,3224.32,under_review,,0,
CM005398,CL002864,VH000314,PR000195,,,single_vehicle,clear,2025-06-03,True,1,3,2866.06,paid,2618.49,0,
CM005157,CL003492,VH003913,PR000056,PR000108,,sideswipe,rain,2025-08-08,True,0,0,4274.22,paid,3920.07,0,
CM003227,CL002953,VH002469,PR000048,PR000178,PR000100,rear_end_collision,rain,2025-12-12,True,0,1,939.94,paid,930.43,0,
CM008692,CL000447,VH000301,PR000104,PR000075,PR000188,sideswipe,clear,2025-09-10,False,3,1,13299.4,paid,12955.85,1,RING010
CM003979,CL000837,VH002564,PR000036,PR000105,PR000230,sideswipe,clear,2023-06-11,True,0,1,6513.02,paid,6148.11,0,
CM008366,CL003269,VH000024,PR000170,PR000029,,rear_end_collision,rain,2024-02-29,True,0,0,4027.34,paid,3980.87,0,
CM003540,CL001234,VH000400,,,PR000188,multi_vehicle_pileup,clear,2024-12-18,True,0,0,1946.73,paid,1870.05,0,
CM008551,CL003188,VH002339,PR000214,PR000115,PR000147,single_vehicle,clear,2023-12-31,False,2,0,4918.4,paid,4451.85,1,RING004
CM002828,CL002216,VH000785,,PR000084,,parking_lot,clear,2023-06-11,True,0,0,3741.21,paid,3630.05,0,
CM005333,CL001721,VH001644,PR000031,PR000180,,parking_lot,clear,2025-06-24,True,0,0,3747.36,paid,3469.97,0,
CM001339,CL003179,VH003225,PR000149,PR000224,PR000101,single_vehicle,snow,2024-07-23,True,0,0,8239.13,paid,8049.96,0,
CM003263,CL002503,VH001364,,PR000133,,parking_lot,snow,2023-06-09,True,1,1,6330.36,paid,5788.55,0,
CM005058,CL003692,VH001577,,PR000163,,parking_lot,rain,2023-01-31,True,0,2,1992.61,under_review,,0,
CM000651,CL001903,VH000408,PR000034,PR000018,,rear_end_collision,clear,2024-06-09,True,0,0,7526.79,paid,6947.76,0,
CM002903,CL002487,VH003753,PR000039,PR000245,,sideswipe,rain,2025-03-27,True,0,0,3778.89,paid,3658.11,0,
CM002259,CL003823,VH001852,PR000222,,,multi_vehicle_pileup,clear,2023-12-31,True,0,0,3205.7,under_review,,0,
CM005843,CL001019,VH000612,,PR000094,,rear_end_collision,clear,2025-05-22,True,0,0,13523.14,paid,13067.26,0,
CM007437,CL001812,VH000179,PR000146,PR000218,,sideswipe,clear,2025-11-15,True,0,0,1065.27,under_review,,0,
CM008505,CL001542,VH001068,PR000019,PR000071,PR000102,rear_end_collision,rain,2024-03-26,True,2,0,4341.73,partially_paid,1374.01,1,RING003
CM004351,CL002691,VH000606,PR000017,,PR000230,single_vehicle,clear,2024-05-02,True,0,0,4954.67,under_review,,0,
CM007337,CL000083,VH002421,PR000068,PR000052,,sideswipe,clear,2024-08-31,False,1,0,6618.85,under_review,,0,
CM005590,CL003973,VH002475,,PR000087,,sideswipe,clear,2024-04-09,True,1,0,7668.4,under_review,,0,
CM002585,CL000576,VH001837,,PR000173,,rear_end_collision,clear,2025-01-22,True,0,0,2602.93,paid,2416.46,0,
CM003197,CL000074,VH001817,PR000149,,,single_vehicle,rain,2025-06-06,False,0,1,4983.12,paid,4799.99,0,
CM006069,CL001185,VH002261,PR000078,PR000221,,multi_vehicle_pileup,snow,2023-02-02,True,0,1,1490.56,paid,1444.49,0,
CM004255,CL001158,VH000779,PR000098,PR000204,,rear_end_collision,clear,2025-05-25,True,0,1,5674.53,paid,5619.44,0,
CM001259,CL000364,VH003500,PR000103,PR000221,PR000162,single_vehicle,clear,2024-02-14,True,0,2,1024.7,paid,934.46,0,
CM004634,CL003856,VH002595,PR000227,PR000024,,single_vehicle,snow,2024-06-26,True,1,0,3927.5,paid,3869.16,0,
CM000992,CL003607,VH001070,PR000235,PR000201,,single_vehicle,clear,2024-02-03,True,0,1,6352.5,paid,6303.49,0,
CM003505,CL002347,VH002381,,PR000179,,multi_vehicle_pileup,clear,2023-11-02,True,0,1,4475.96,paid,4317.16,0,
CM000114,CL001293,VH000499,PR000238,PR000107,,multi_vehicle_pileup,rain,2025-12-15,False,0,2,4183.86,paid,3878.22,0,
CM008139,CL002492,VH001362,PR000146,PR000047,,sideswipe,clear,2024-07-08,False,0,0,10172.12,under_review,,0,
CM002510,CL003752,VH001347,,PR000163,,parking_lot,clear,2025-10-31,False,2,1,1190.21,paid,1186.81,0,
CM008386,CL003519,VH001016,PR000064,PR000183,,parking_lot,clear,2025-06-21,True,1,1,8294.57,paid,8187.5,0,
CM008145,CL000345,VH003962,,PR000045,,single_vehicle,clear,2024-04-24,False,1,1,4766.07,paid,4762.66,0,
CM004162,CL001652,VH001187,,PR000083,,sideswipe,clear,2024-03-03,True,0,3,2950.9,paid,2903.35,0,
CM000950,CL001732,VH001465,PR000186,,,rear_end_collision,fog,2024-09-26,True,0,1,5911.61,paid,5880.56,0,
CM005824,CL001311,VH001165,,PR000045,,multi_vehicle_pileup,fog,2025-06-17,False,1,0,2417.72,paid,2202.12,0,
CM003771,CL001216,VH003556,PR000114,PR000245,,rear_end_collision,clear,2025-08-31,True,0,2,2469.25,under_review,,0,
CM007156,CL002639,VH001538,,PR000225,,single_vehicle,clear,2023-11-30,True,0,0,2952.74,paid,2842.15,0,
CM002851,CL001700,VH000678,,PR000140,,sideswipe,fog,2023-09-21,True,2,0,2836.02,paid,2733.48,0,
CM008250,CL001283,VH000260,,PR000204,,multi_vehicle_pileup,snow,2025-06-20,False,0,3,4010.99,paid,3882.27,0,
CM007705,CL000991,VH001853,,PR000117,,sideswipe,clear,2025-06-02,True,0,1,3014.95,paid,2753.57,0,
CM008215,CL001869,VH001213,PR000198,PR000013,,sideswipe,clear,2023-08-28,True,1,0,4087.17,paid,3842.22,0,
CM008109,CL001341,VH000609,PR000196,PR000134,,rear_end_collision,fog,2024-11-19,True,0,0,3180.51,paid,3014.84,0,
CM002506,CL000220,VH002029,,,,rear_end_collision,clear,2024-01-24,True,0,0,3028.21,paid,2796.58,0,
CM001115,CL002121,VH000407,PR000004,PR000207,,rear_end_collision,rain,2023-03-26,True,0,1,7808.99,paid,7225.65,0,
CM006798,CL000251,VH000981,PR000073,PR000172,,parking_lot,clear,2023-06-26,False,2,1,5178.58,under_review,,0,
CM000299,CL001036,VH001642,,PR000087,,parking_lot,clear,2023-01-28,True,1,0,1883.99,paid,1784.94,0,
CM001676,CL003456,VH002355,PR000149,PR000224,,multi_vehicle_pileup,clear,2025-03-22,True,0,1,5453.23,paid,5256.65,0,
CM003348,CL003345,VH003231,,PR000245,,single_vehicle,clear,2025-06-14,False,0,0,6332.45,paid,5736.03,0,
CM002736,CL000269,VH000039,,PR000087,,single_vehicle,snow,2024-11-14,True,0,1,2643.19,paid,2558.73,0,
CM008186,CL002174,VH000895,PR000070,,,parking_lot,fog,2024-09-25,True,0,2,7845.12,paid,7340.42,0,
CM007832,CL001729,VH001430,PR000164,PR000091,,multi_vehicle_pileup,snow,2024-05-10,True,0,0,7078.33,under_review,,0,
CM004595,CL000294,VH003355,PR000056,PR000218,,multi_vehicle_pileup,snow,2023-03-17,True,0,0,2085.82,paid,1901.72,0,
CM005319,CL001677,VH001283,PR000010,PR000226,,parking_lot,clear,2025-10-29,True,0,1,7436.2,paid,7314.34,0,
CM007307,CL002448,VH001124,PR000244,PR000058,,parking_lot,fog,2023-09-18,True,0,1,2485.33,paid,2246.69,0,
CM006200,CL002556,VH002961,,,,sideswipe,clear,2025-03-16,True,1,2,4499.12,under_review,,0,
CM002104,CL000723,VH002671,,PR000047,,rear_end_collision,fog,2025-01-19,False,1,2,2664.9,paid,2566.42,0,
CM007572,CL002516,VH000183,,PR000243,,sideswipe,clear,2025-07-25,True,0,0,2284.57,paid,2082.62,0,
CM008391,CL002176,VH003505,,,PR000016,single_vehicle,clear,2023-08-14,True,1,2,7617.73,paid,6864.42,0,
CM008289,CL001282,VH000168,PR000076,PR000071,,rear_end_collision,clear,2023-12-29,True,0,0,3407.34,paid,3232.73,0,
CM001838,CL003070,VH002434,,PR000018,,parking_lot,rain,2024-01-16,True,0,2,7302.84,under_review,,0,
CM008262,CL003593,VH001134,PR000208,,,parking_lot,clear,2025-01-15,True,0,2,1579.2,paid,1563.49,0,
CM006908,CL000974,VH003387,,PR000121,,multi_vehicle_pileup,clear,2023-10-14,False,1,0,8887.42,under_review,,0,
CM006587,CL001695,VH001816,PR000114,PR000145,,rear_end_collision,clear,2024-01-21,True,0,0,7166.84,paid,6689.18,0,
CM000608,CL002374,VH001495,PR000112,PR000005,,rear_end_collision,snow,2023-02-22,True,0,1,1732.81,paid,1699.92,0,
CM001094,CL001612,VH003568,PR000098,,,sideswipe,rain,2025-06-30,True,0,2,4580.39,paid,4482.18,0,
CM004296,CL001902,VH002753,PR000233,PR000160,,single_vehicle,clear,2024-07-10,True,1,3,2402.06,paid,2238.63,0,
CM005012,CL002156,VH001100,,PR000142,,sideswipe,clear,2024-11-27,True,0,0,3520.61,paid,3445.94,0,
CM007780,CL003158,VH000237,,,,multi_vehicle_pileup,clear,2025-10-03,True,0,2,1944.74,paid,1921.62,0,
CM000161,CL003304,VH003480,PR000096,PR000091,PR000232,rear_end_collision,clear,2024-04-25,True,0,0,1228.92,paid,1189.73,0,
CM000204,CL003403,VH002470,PR000212,PR000018,,single_vehicle,clear,2025-03-26,True,0,0,1051.74,paid,1007.65,0,
CM005711,CL001380,VH002338,,PR000123,,rear_end_collision,clear,2025-03-06,True,1,0,3489.65,paid,3274.0,0,
CM004658,CL002315,VH003399,,PR000000,,single_vehicle,fog,2024-10-15,False,0,2,1852.05,paid,1695.01,0,
CM002935,CL003086,VH002830,PR000127,PR000221,,single_vehicle,clear,2024-10-21,True,0,0,3448.27,denied,0.0,0,
CM007014,CL000979,VH001814,PR000039,PR000205,PR000020,rear_end_collision,fog,2023-08-22,True,1,2,2169.93,paid,2160.23,0,
CM002436,CL000916,VH001870,PR000189,,,parking_lot,fog,2025-04-19,True,0,0,2086.59,paid,2075.89,0,
CM001231,CL003508,VH001189,PR000104,PR000157,,sideswipe,rain,2024-10-04,True,0,0,4189.4,paid,3896.46,0,
CM007298,CL002377,VH000030,PR000159,PR000163,,rear_end_collision,clear,2024-02-17,False,1,2,2550.37,under_review,,0,
CM006496,CL001359,VH000325,,,,single_vehicle,fog,2024-11-27,False,1,0,3084.19,paid,2954.78,0,
CM008611,CL000740,VH003018,PR000112,PR000060,PR000139,multi_vehicle_pileup,snow,2023-08-30,True,0,0,1834.75,under_review,,1,RING007
CM004528,CL002227,VH000433,PR000149,,,single_vehicle,snow,2023-07-24,False,0,2,4710.25,paid,4657.44,0,
CM006056,CL003110,VH002471,,PR000220,,sideswipe,clear,2024-01-04,True,0,1,12567.09,paid,12328.42,0,
CM005072,CL000950,VH002982,,PR000178,,parking_lot,clear,2023-03-26,True,0,1,6599.34,paid,6479.88,0,
CM007770,CL002957,VH003712,,PR000142,,parking_lot,clear,2024-07-21,True,1,0,4990.86,paid,4788.32,0,
CM004035,CL003004,VH002520,,PR000005,PR000147,sideswipe,clear,2025-12-30,True,0,0,12920.4,under_review,,0,
CM006394,CL002777,VH000722,,PR000242,,parking_lot,clear,2025-04-13,True,0,0,4137.78,paid,3839.02,0,
CM004686,CL003156,VH000405,,PR000246,PR000007,multi_vehicle_pileup,rain,2025-01-21,True,0,1,4788.05,paid,4493.61,0,
CM003878,CL000101,VH000170,PR000082,PR000173,,sideswipe,clear,2024-10-04,True,1,0,6344.53,under_review,,0,
CM008270,CL001647,VH000780,PR000039,PR000204,,rear_end_collision,clear,2025-08-01,True,0,1,2296.4,denied,0.0,0,
CM000858,CL001502,VH000214,,PR000197,,sideswipe,clear,2025-01-19,False,0,0,9872.98,paid,9183.79,0,
CM008638,CL000150,VH000847,PR000046,PR000201,PR000230,multi_vehicle_pileup,clear,2024-12-30,False,1,0,7037.82,denied,0.0,1,RING008
CM006764,CL001352,VH000017,PR000170,,,multi_vehicle_pileup,rain,2025-11-04,True,0,2,2016.37,paid,1968.63,0,
CM002562,CL001544,VH002648,,PR000124,,parking_lot,clear,2024-07-07,True,0,0,3969.59,under_review,,0,
CM003802,CL001585,VH002337,PR000125,PR000012,,sideswipe,snow,2025-07-25,False,0,0,4319.26,paid,4142.48,0,
CM002641,CL001758,VH003908,,PR000243,,multi_vehicle_pileup,clear,2023-07-21,True,0,1,1907.44,paid,1877.23,0,
CM004429,CL001445,VH001603,,PR000132,,parking_lot,clear,2025-08-01,True,0,0,10491.36,paid,10215.25,0,
CM002348,CL001411,VH001067,PR000231,PR000124,,rear_end_collision,clear,2025-06-30,True,0,1,5443.18,paid,5428.14,0,
CM006532,CL003429,VH002289,,PR000109,PR000061,parking_lot,clear,2023-12-23,False,0,0,469.67,paid,446.7,0,
CM002782,CL002335,VH000491,,PR000092,,parking_lot,rain,2025-03-18,True,0,1,1266.65,paid,1176.79,0,
CM007079,CL001162,VH003301,,PR000121,,multi_vehicle_pileup,clear,2025-06-21,True,1,1,5474.67,under_review,,0,
CM007059,CL002848,VH001777,,PR000184,,multi_vehicle_pileup,clear,2024-03-03,True,1,1,5030.26,paid,4944.27,0,
CM007896,CL002006,VH002209,,PR000111,,multi_vehicle_pileup,rain,2025-08-15,True,0,2,3474.59,paid,3386.18,0,
CM000616,CL001638,VH001075,,,,multi_vehicle_pileup,clear,2024-03-17,True,0,0,3874.58,paid,3528.47,0,
CM007714,CL003168,VH000933,,PR000134,,single_vehicle,clear,2024-12-31,True,0,1,3363.74,paid,3173.53,0,
CM002576,CL001514,VH003034,,,,multi_vehicle_pileup,rain,2023-11-17,True,0,1,170.69,under_review,,0,
CM007346,CL000860,VH003017,PR000148,,,parking_lot,clear,2024-03-27,True,2,0,2721.32,under_review,,0,
CM003341,CL000771,VH001007,,PR000094,,single_vehicle,fog,2024-05-21,True,0,0,1716.38,paid,1591.19,0,
CM005567,CL000495,VH003425,PR000129,PR000123,,multi_vehicle_pileup,clear,2025-03-30,True,0,4,3637.12,paid,3332.79,0,
CM001706,CL002247,VH000715,PR000023,PR000137,,multi_vehicle_pileup,rain,2025-07-16,True,0,0,4462.7,paid,4432.14,0,
CM006827,CL003545,VH000484,,PR000099,,rear_end_collision,clear,2023-01-29,True,1,1,966.37,under_review,,0,
CM004329,CL001926,VH003654,,PR000199,,single_vehicle,clear,2023-01-05,True,0,1,4035.93,paid,3965.35,0,
CM008187,CL001899,VH000294,PR000036,PR000132,PR000020,multi_vehicle_pileup,clear,2023-06-15,True,0,0,659.46,paid,627.7,0,
CM008890,CL003654,VH002889,PR000235,PR000097,PR000130,multi_vehicle_pileup,clear,2023-02-08,False,0,0,6977.41,paid,6294.83,1,RING019
CM004455,CL001865,VH002026,PR000056,PR000207,,sideswipe,clear,2025-08-12,True,1,1,1630.0,paid,1604.44,0,
CM000804,CL000055,VH002129,,PR000027,,parking_lot,snow,2023-08-08,False,0,1,1470.39,paid,1330.56,0,
CM005486,CL001752,VH003820,,PR000123,,parking_lot,clear,2024-01-02,True,0,0,2899.54,paid,2711.66,0,
CM007673,CL003028,VH003053,PR000216,PR000095,,single_vehicle,fog,2024-07-05,True,0,1,4565.37,paid,4142.96,0,
CM000991,CL003555,VH003124,PR000019,PR000011,,multi_vehicle_pileup,rain,2024-06-14,True,0,1,1613.05,paid,1548.65,0,
CM006477,CL001139,VH000504,PR000014,PR000134,,single_vehicle,fog,2025-06-05,False,0,2,3924.61,paid,3760.88,0,
CM008836,CL003837,VH001967,PR000244,PR000083,,parking_lot,clear,2024-02-05,False,0,0,8758.96,paid,8490.66,1,RING017
CM005082,CL001829,VH000915,PR000066,PR000134,,multi_vehicle_pileup,clear,2023-11-03,True,0,0,7075.49,paid,6672.63,0,
CM003514,CL002315,VH001043,PR000063,PR000117,,rear_end_collision,clear,2025-06-26,True,0,2,2769.18,paid,2733.9,0,
CM004337,CL002142,VH003754,PR000063,PR000108,,rear_end_collision,clear,2025-03-24,True,1,1,5524.41,paid,5457.79,0,
CM006801,CL001896,VH000221,,PR000138,,sideswipe,snow,2025-05-11,True,0,0,3785.76,paid,3763.41,0,
CM000220,CL000677,VH003212,PR000003,PR000201,,single_vehicle,clear,2025-02-11,False,0,0,3402.7,under_review,,0,
CM005677,CL002828,VH003036,PR000240,PR000163,,rear_end_collision,clear,2024-02-10,False,0,0,1581.01,paid,1548.68,0,
CM001289,CL002135,VH003553,PR000187,PR000060,,sideswipe,clear,2024-09-05,True,1,0,2928.93,paid,2815.64,0,
CM003164,CL001804,VH000691,,PR000220,,sideswipe,clear,2024-04-28,True,0,0,1178.17,paid,1092.9,0,
CM002619,CL003858,VH001932,PR000158,PR000029,,parking_lot,clear,2025-09-21,False,0,0,3895.83,paid,3738.91,0,
CM003613,CL002327,VH003187,PR000002,PR000182,,sideswipe,clear,2023-12-20,True,0,1,6847.4,paid,6802.72,0,
CM000044,CL003157,VH002280,,PR000165,,multi_vehicle_pileup,clear,2023-11-15,True,0,0,11469.59,paid,10785.33,0,
CM005156,CL001206,VH003964,,PR000095,,parking_lot,rain,2023-02-04,False,1,2,5422.51,paid,5354.65,0,
CM003793,CL001139,VH002512,,PR000091,,rear_end_collision,rain,2023-04-24,True,1,1,7115.39,paid,6414.35,0,
CM003572,CL001944,VH000818,PR000223,PR000201,,single_vehicle,clear,2023-02-03,False,1,1,4033.82,paid,4009.41,0,
CM006964,CL000892,VH003534,PR000085,PR000172,,sideswipe,clear,2024-04-01,False,1,1,1736.62,paid,1717.14,0,
CM001504,CL001438,VH003946,PR000004,PR000184,,parking_lot,clear,2023-06-05,False,0,3,613.51,under_review,,0,
CM004398,CL000401,VH000450,,,,single_vehicle,fog,2025-07-19,True,0,1,4637.05,paid,4233.85,0,
CM008771,CL003235,VH003234,PR000096,PR000121,PR000147,sideswipe,clear,2023-03-18,True,2,1,3729.74,paid,3443.83,1,RING013
CM003440,CL001125,VH000740,,,,multi_vehicle_pileup,snow,2023-01-18,True,1,2,10536.35,paid,10267.16,0,
CM001893,CL003400,VH003240,PR000148,PR000211,PR000061,rear_end_collision,clear,2023-10-21,True,0,2,6512.96,under_review,,0,
CM008311,CL002565,VH003650,PR000006,PR000087,,parking_lot,rain,2025-05-05,True,0,3,5377.42,paid,5068.45,0,
CM007932,CL003015,VH001630,PR000034,,PR000155,sideswipe,rain,2023-07-09,True,1,0,4695.93,paid,4584.6,0,
CM004957,CL003658,VH001702,,PR000005,,parking_lot,clear,2025-06-13,False,1,0,2950.8,paid,2717.78,0,
CM001506,CL003137,VH001758,PR000076,PR000169,PR000053,sideswipe,fog,2024-07-27,True,1,1,1977.62,denied,0.0,0,
CM000671,CL000943,VH001374,,PR000202,,single_vehicle,clear,2023-11-28,False,0,0,688.8,paid,652.41,0,
CM008661,CL002404,VH002386,PR000114,PR000243,,sideswipe,clear,2025-02-18,False,0,0,5370.66,denied,0.0,1,RING009
CM006326,CL003799,VH003969,,,PR000030,rear_end_collision,clear,2025-01-28,True,0,0,5851.33,paid,5353.07,0,
CM000898,CL001741,VH002380,PR000170,PR000037,,rear_end_collision,fog,2025-05-22,False,0,1,1640.1,paid,1505.13,0,
CM006880,CL000341,VH002788,,PR000163,,single_vehicle,rain,2025-06-26,False,0,3,3989.29,denied,0.0,0,
CM002667,CL002723,VH001607,PR000149,PR000047,,multi_vehicle_pileup,clear,2025-08-31,True,1,1,8391.94,paid,8265.12,0,
CM003194,CL002118,VH001816,,PR000163,,multi_vehicle_pileup,clear,2023-10-21,True,1,3,10767.51,paid,10151.84,0,
CM002891,CL002447,VH000100,,,,parking_lot,fog,2025-01-29,True,0,3,2051.54,paid,2022.95,0,
CM008025,CL002660,VH000648,PR000066,,,sideswipe,rain,2023-11-27,False,0,0,2641.11,paid,2510.17,0,
CM008099,CL003091,VH003282,,PR000226,,single_vehicle,clear,2025-02-13,False,0,1,2324.07,paid,2230.73,0,
CM004710,CL000992,VH000528,PR000023,PR000218,,sideswipe,fog,2025-12-24,True,0,0,9377.53,paid,8539.46,0,
CM007443,CL002094,VH002476,,PR000099,,parking_lot,clear,2023-01-13,True,0,2,3580.86,paid,3507.39,0,
CM002371,CL003612,VH003080,PR000070,PR000080,,sideswipe,snow,2023-03-08,True,2,3,4220.5,paid,3965.02,0,
CM006249,CL003263,VH000606,PR000103,,,multi_vehicle_pileup,clear,2024-11-26,True,0,2,4827.67,denied,0.0,0,
CM001770,CL003606,VH002608,PR000189,PR000024,,rear_end_collision,rain,2025-09-29,True,1,0,3967.35,paid,3921.33,0,
CM008091,CL001932,VH001747,PR000048,,,parking_lot,snow,2024-05-06,True,0,2,5820.44,paid,5524.43,0,
CM000532,CL003405,VH003445,,,,single_vehicle,clear,2025-01-15,True,0,0,1671.51,paid,1665.36,0,
CM006898,CL001783,VH002216,,PR000092,PR000130,sideswipe,clear,2025-07-02,True,0,0,5729.23,paid,5257.54,0,
CM007253,CL002468,VH002694,,,,sideswipe,clear,2023-12-08,False,0,4,1296.47,paid,1178.45,0,
CM005230,CL003022,VH000663,PR000056,PR000011,,multi_vehicle_pileup,clear,2023-05-01,True,0,0,1030.08,paid,1024.61,0,
CM007815,CL001959,VH001043,PR000212,PR000211,,sideswipe,clear,2023-06-14,True,1,1,4099.56,paid,4057.45,0,
CM007868,CL001637,VH000475,PR000116,PR000047,,sideswipe,clear,2024-04-27,True,0,1,1571.67,paid,1425.45,0,
CM000732,CL001292,VH003639,PR000056,PR000097,,single_vehicle,clear,2024-05-23,True,0,2,3070.85,paid,2764.64,0,
CM003407,CL000853,VH000610,,PR000028,,multi_vehicle_pileup,rain,2024-09-28,False,0,1,3144.71,paid,3084.81,0,
CM002340,CL001301,VH003131,PR000031,PR000086,,multi_vehicle_pileup,clear,2025-11-29,False,1,0,4413.76,paid,4260.35,0,
CM008185,CL003714,VH000288,,PR000087,,rear_end_collision,fog,2024-02-20,True,0,1,5418.45,under_review,,0,
CM004618,CL003296,VH002801,PR000014,PR000180,,rear_end_collision,clear,2023-09-09,False,0,1,3660.74,paid,3574.86,0,
CM002566,CL002953,VH000038,PR000189,PR000137,,multi_vehicle_pileup,clear,2025-08-14,True,0,1,4527.31,under_review,,0,
CM007743,CL003788,VH001192,PR000153,PR000229,,multi_vehicle_pileup,fog,2025-02-16,True,0,2,8098.83,paid,7696.52,0,
CM006179,CL000757,VH001980,,,,rear_end_collision,rain,2023-10-30,False,0,1,1152.34,paid,1056.6,0,
CM005315,CL000452,VH003988,,,,multi_vehicle_pileup,clear,2024-05-13,True,0,2,593.26,paid,562.15,0,
CM006218,CL001583,VH002248,,,,sideswipe,clear,2023-02-10,True,1,2,6295.29,paid,6126.96,0,
CM004339,CL000825,VH003033,,PR000204,,rear_end_collision,clear,2024-10-10,True,0,0,3603.82,paid,3600.89,0,
CM006443,CL003041,VH000481,PR000217,PR000229,,parking_lot,clear,2023-05-11,False,1,2,6751.26,paid,6745.89,0,
CM007795,CL000442,VH000453,PR000078,PR000197,,rear_end_collision,clear,2025-09-08,True,0,1,3652.74,paid,3524.07,0,
CM001256,CL003251,VH003954,,PR000172,,multi_vehicle_pileup,clear,2024-12-05,True,0,0,3867.2,under_review,,0,
CM002105,CL003080,VH000048,,PR000224,PR000101,sideswipe,clear,2023-01-08,True,1,1,4812.34,paid,4711.25,0,
CM006420,CL001898,VH000450,PR000208,PR000142,,sideswipe,clear,2025-03-17,True,0,1,7791.85,paid,7182.49,0,
CM004926,CL002239,VH003306,PR000219,PR000087,,parking_lot,rain,2024-07-16,True,1,2,597.84,paid,559.12,0,
CM008094,CL000445,VH001530,PR000014,,,parking_lot,clear,2024-01-08,True,1,0,1586.45,denied,0.0,0,
CM005412,CL000118,VH002006,PR000066,,,multi_vehicle_pileup,rain,2024-08-05,False,1,0,4381.62,paid,4001.53,0,
CM004619,CL002814,VH000403,PR000206,PR000183,,multi_vehicle_pileup,snow,2024-11-13,True,0,0,4088.53,paid,3807.28,0,
CM003485,CL000286,VH001819,,PR000109,,sideswipe,snow,2023-06-08,True,0,0,1690.56,paid,1652.48,0,
CM008465,CL000519,VH002785,PR000146,PR000105,,single_vehicle,clear,2024-02-22,False,0,0,14072.48,denied,0.0,1,RING001
CM003817,CL002275,VH000854,PR000149,,,rear_end_collision,clear,2024-07-27,True,1,1,2927.45,paid,2757.4,0,
CM004533,CL002838,VH002114,PR000072,PR000091,,single_vehicle,clear,2023-03-15,True,0,3,6229.34,paid,6137.87,0,
CM006910,CL003010,VH001298,,PR000165,,rear_end_collision,clear,2025-01-28,True,0,0,7774.46,paid,7395.09,0,
CM006194,CL003278,VH001857,PR000235,PR000110,,sideswipe,clear,2025-09-26,True,0,0,5353.25,denied,0.0,0,
CM008747,CL002930,VH002384,PR000119,PR000197,PR000135,sideswipe,clear,2025-06-07,True,2,1,6955.13,denied,0.0,1,RING012
CM001622,CL000059,VH002164,,PR000115,,parking_lot,fog,2023-07-20,False,1,0,5230.25,paid,4829.54,0,
CM008405,CL003717,VH002718,PR000114,PR000013,PR000030,parking_lot,snow,2024-05-09,False,1,0,7402.31,paid,7084.71,1,RING000
CM006250,CL003182,VH002135,,PR000090,PR000141,multi_vehicle_pileup,clear,2025-09-10,True,0,1,2083.28,paid,1897.01,0,
CM004940,CL000893,VH002673,,PR000037,,single_vehicle,clear,2023-06-04,True,0,0,15040.47,paid,14756.52,0,
CM007665,CL002263,VH000488,,,,single_vehicle,rain,2024-07-05,True,0,3,3568.09,paid,3223.44,0,
CM001097,CL002073,VH002981,PR000051,PR000062,,parking_lot,rain,2023-05-10,True,0,3,3354.1,paid,3247.4,0,
CM005042,CL001447,VH002293,PR000153,PR000092,,rear_end_collision,clear,2023-01-16,True,0,1,920.48,paid,878.86,0,
CM008453,CL002666,VH003716,PR000146,PR000105,,parking_lot,clear,2024-03-12,True,1,1,5988.21,paid,5563.49,1,RING001
CM002464,CL000670,VH002806,PR000231,PR000028,,sideswipe,clear,2024-03-12,False,0,2,7237.58,paid,7126.25,0,
CM007081,CL001047,VH003771,PR000127,PR000062,,single_vehicle,clear,2023-10-07,False,1,0,2013.41,under_review,,0,
CM001789,CL002809,VH001551,PR000033,PR000203,,multi_vehicle_pileup,fog,2023-01-12,True,0,0,1317.9,paid,1279.53,0,
CM008613,CL000820,VH003018,PR000112,PR000060,PR000139,single_vehicle,clear,2023-07-31,False,2,0,6797.13,paid,6743.76,1,RING007
CM004900,CL001617,VH002957,PR000004,PR000095,,single_vehicle,fog,2023-02-23,True,0,0,5843.23,paid,5785.36,0,
CM007952,CL000496,VH001006,,PR000157,,multi_vehicle_pileup,rain,2025-06-18,True,0,0,5537.97,paid,5022.76,0,
CM000193,CL002355,VH001304,PR000238,PR000209,,parking_lot,snow,2023-08-28,True,1,0,5195.94,paid,4690.21,0,
CM000821,CL000448,VH001766,PR000035,PR000037,,parking_lot,clear,2023-08-15,True,0,1,5182.87,paid,4954.72,0,
CM004520,CL002402,VH002243,PR000114,PR000005,PR000100,rear_end_collision,clear,2023-04-28,True,0,1,1403.38,under_review,,0,
CM005573,CL002151,VH002401,,PR000042,,rear_end_collision,clear,2024-01-18,True,0,2,6670.03,paid,6568.63,0,
CM004167,CL002710,VH002266,PR000167,PR000199,,sideswipe,clear,2023-12-01,False,0,4,2162.49,paid,2060.57,0,
CM002688,CL000570,VH000708,PR000214,PR000047,,parking_lot,clear,2024-10-26,True,0,1,2477.4,paid,2282.61,0,
CM005063,CL003592,VH003854,PR000104,PR000011,,multi_vehicle_pileup,rain,2025-12-15,True,1,2,6415.69,paid,6359.27,0,
CM005134,CL000566,VH002337,,,PR000030,single_vehicle,clear,2024-04-06,True,1,2,4332.0,paid,4037.67,0,
CM002608,CL002399,VH001577,PR000156,PR000143,PR000020,sideswipe,rain,2024-08-10,True,0,0,3274.51,paid,3060.63,0,
CM005889,CL003864,VH000595,,PR000069,,multi_vehicle_pileup,fog,2024-07-01,False,0,0,2113.29,under_review,,0,
CM000239,CL002556,VH000562,,,,single_vehicle,clear,2024-06-17,True,1,0,3782.26,paid,3597.75,0,
CM004016,CL000211,VH001589,PR000043,PR000163,,multi_vehicle_pileup,clear,2024-05-12,True,1,2,3234.07,under_review,,0,
CM008255,CL003547,VH000156,,PR000040,,parking_lot,clear,2024-05-08,True,0,0,832.05,denied,0.0,0,
CM002978,CL001444,VH003932,,PR000028,,single_vehicle,rain,2024-07-10,True,2,0,4647.31,paid,4258.04,0,
CM006301,CL001690,VH003385,PR000001,PR000197,,rear_end_collision,clear,2024-08-16,True,0,1,8808.13,paid,8193.61,0,
CM006006,CL002588,VH002696,PR000043,PR000080,,sideswipe,clear,2025-01-27,True,0,1,3770.88,paid,3636.66,0,
CM000946,CL002902,VH003075,PR000073,PR000182,,single_vehicle,clear,2023-03-28,True,0,0,8453.05,denied,0.0,0,
CM006565,CL003822,VH002655,,,,multi_vehicle_pileup,clear,2025-03-04,True,2,0,965.6,paid,943.56,0,
CM006068,CL001376,VH003846,,PR000143,,rear_end_collision,clear,2023-01-22,True,1,0,1351.11,paid,1322.08,0,
CM005383,CL001510,VH003174,PR000033,PR000161,,single_vehicle,clear,2025-12-15,False,0,2,1796.59,paid,1694.71,0,
CM004582,CL003250,VH001362,,,,sideswipe,clear,2023-09-14,True,0,0,3733.35,paid,3549.09,0,
CM003553,CL002145,VH001297,PR000159,,,sideswipe,clear,2024-07-09,False,0,2,1722.01,under_review,,0,
CM007909,CL000828,VH002675,PR000198,PR000242,,multi_vehicle_pileup,clear,2025-03-11,True,1,1,6544.5,under_review,,0,
CM003361,CL002509,VH001307,PR000136,PR000050,,parking_lot,clear,2024-10-21,True,0,0,5307.3,paid,4851.56,0,
CM004395,CL003064,VH001560,,PR000220,,single_vehicle,clear,2025-10-03,False,0,2,2858.3,paid,2587.21,0,
CM002411,CL000922,VH001471,PR000247,PR000086,,sideswipe,clear,2024-01-29,True,0,0,2143.22,paid,2007.09,0,
CM006909,CL000621,VH003656,PR000010,PR000197,,multi_vehicle_pileup,snow,2024-02-24,True,0,1,1045.63,denied,0.0,0,
CM003983,CL003206,VH003945,PR000222,,PR000139,sideswipe,clear,2025-09-14,True,0,0,2313.16,paid,2177.87,0,
CM000147,CL002892,VH003963,,PR000143,,sideswipe,clear,2024-04-03,True,0,0,2537.69,paid,2479.07,0,
CM005261,CL001454,VH002569,,PR000209,,multi_vehicle_pileup,clear,2023-04-06,True,0,0,7902.58,paid,7196.33,0,
CM002295,CL000398,VH000362,,PR000138,,parking_lot,rain,2023-01-20,True,0,1,3801.21,paid,3495.77,0,
CM007073,CL001575,VH000027,PR000125,PR000115,,rear_end_collision,fog,2023-01-08,True,0,0,514.11,paid,466.1,0,
CM003612,CL002868,VH003897,PR000008,PR000067,,sideswipe,snow,2024-08-06,True,0,3,5220.46,paid,4981.46,0,
CM001737,CL000558,VH001182,PR000104,,,rear_end_collision,clear,2024-01-24,True,0,0,4783.73,paid,4781.25,0,
CM006050,CL001519,VH003780,PR000059,,,rear_end_collision,clear,2023-11-11,False,0,0,3575.81,denied,0.0,0,
CM000115,CL002268,VH002984,,PR000202,PR000215,rear_end_collision,clear,2024-05-25,False,0,2,774.68,paid,739.34,0,
CM007597,CL003083,VH000485,,PR000055,PR000175,parking_lot,clear,2025-11-16,True,1,0,5920.96,paid,5541.85,0,
CM006752,CL003380,VH003928,,,,parking_lot,fog,2025-06-10,True,1,0,304.73,paid,280.12,0,
CM000499,CL002090,VH000374,PR000096,PR000137,,sideswipe,rain,2023-06-23,False,0,1,4651.18,paid,4201.45,0,
CM000721,CL001601,VH001955,,PR000182,,single_vehicle,clear,2025-09-17,True,0,0,3832.74,paid,3728.62,0,
CM003090,CL003097,VH000463,PR000149,PR000137,,parking_lot,rain,2025-07-21,False,0,1,5980.02,paid,5661.26,0,
CM005713,CL001395,VH001941,PR000239,PR000121,PR000237,parking_lot,clear,2024-07-29,True,1,0,2426.67,under_review,,0,
CM005772,CL001164,VH001632,PR000116,PR000209,,parking_lot,rain,2025-09-24,True,0,0,4048.26,paid,3964.72,0,
CM000597,CL001279,VH001718,PR000082,PR000013,,parking_lot,clear,2025-12-31,True,1,0,6422.86,paid,6158.75,0,
CM007996,CL002486,VH000448,PR000195,,,single_vehicle,rain,2023-01-19,False,0,1,2255.92,paid,2190.12,0,
CM004824,CL001833,VH001573,PR000081,PR000124,PR000044,multi_vehicle_pileup,clear,2023-06-12,True,0,1,1775.06,under_review,,0,
CM001648,CL003993,VH003308,PR000074,PR000191,,parking_lot,clear,2025-07-26,True,0,1,2818.51,paid,2772.43,0,
CM007631,CL002922,VH001171,PR000217,PR000172,,sideswipe,clear,2024-12-31,True,0,1,2880.72,paid,2782.56,0,
CM002701,CL001575,VH001175,PR000036,PR000183,,rear_end_collision,clear,2025-09-23,False,0,1,2564.68,paid,2349.47,0,
CM005859,CL002159,VH001760,PR000222,PR000243,,multi_vehicle_pileup,clear,2024-06-17,True,0,0,7558.59,under_review,,0,
CM001701,CL002707,VH003271,PR000189,PR000124,,rear_end_collision,clear,2025-08-13,True,0,3,6115.92,paid,5878.71,0,
CM007736,CL002139,VH001145,,PR000160,,parking_lot,clear,2023-07-04,True,0,0,5434.6,under_review,,0,
CM005707,CL001552,VH003289,,PR000069,,rear_end_collision,rain,2024-05-28,True,0,0,3735.17,paid,3631.66,0,
CM004687,CL000859,VH002340,,PR000086,PR000141,multi_vehicle_pileup,clear,2023-12-25,True,0,1,2233.16,under_review,,0,
CM002943,CL000789,VH000259,,PR000137,PR000147,rear_end_collision,rain,2024-01-24,True,0,2,7492.61,paid,7388.05,0,
CM004986,CL000525,VH000726,,PR000015,,rear_end_collision,clear,2024-12-07,True,0,1,4255.52,paid,3849.37,0,
CM000087,CL001985,VH001472,,PR000160,,rear_end_collision,snow,2024-05-18,True,0,0,2791.53,paid,2766.39,0,
CM002309,CL001178,VH003087,PR000198,PR000209,,rear_end_collision,clear,2023-07-15,True,1,1,6058.47,paid,5623.89,0,
CM002678,CL002440,VH000290,PR000031,PR000015,,parking_lot,rain,2025-12-30,True,0,2,1361.86,paid,1227.09,0,
CM007259,CL001063,VH001199,,,,multi_vehicle_pileup,rain,2023-04-17,False,0,0,4740.64,paid,4727.62,0,
CM008092,CL001571,VH002541,PR000085,,,multi_vehicle_pileup,rain,2025-04-13,True,0,2,1991.96,paid,1981.47,0,
CM002595,CL001612,VH003949,PR000074,PR000000,PR000044,single_vehicle,rain,2024-01-02,True,1,2,1269.95,paid,1234.41,0,
CM005488,CL002758,VH003294,,PR000166,,single_vehicle,clear,2024-07-12,True,1,2,3405.32,paid,3316.8,0,
CM001030,CL001572,VH001804,PR000196,PR000055,,multi_vehicle_pileup,clear,2023-06-07,True,1,0,3211.36,paid,2925.49,0,
CM000137,CL000315,VH001179,,PR000180,,rear_end_collision,clear,2025-05-22,True,0,0,442.22,under_review,,0,
CM005405,CL001203,VH001534,,PR000105,,sideswipe,clear,2024-02-19,True,1,0,3511.61,paid,3357.99,0,
CM004863,CL003430,VH003362,,PR000107,,sideswipe,clear,2024-12-07,True,2,1,4104.97,paid,3920.61,0,
CM007580,CL002234,VH001892,,PR000005,PR000232,sideswipe,snow,2025-02-16,True,1,1,4373.01,paid,4015.71,0,
CM001201,CL002841,VH001789,,PR000210,,rear_end_collision,snow,2024-05-13,True,0,1,2739.01,under_review,,0,
CM008488,CL001749,VH000539,PR000019,PR000071,PR000102,single_vehicle,clear,2024-05-27,False,1,0,2674.86,denied,0.0,1,RING003
CM005216,CL001915,VH003497,,PR000179,PR000139,rear_end_collision,fog,2024-12-16,True,1,1,833.09,paid,762.35,0,
CM000567,CL001632,VH000921,PR000170,PR000071,,parking_lot,rain,2025-08-02,True,0,1,5329.79,under_review,,0,
CM005744,CL003629,VH000233,PR000049,PR000055,,multi_vehicle_pileup,rain,2025-09-15,True,0,1,1759.06,paid,1685.22,0,
CM003928,CL001111,VH001258,PR000189,PR000099,,rear_end_collision,clear,2023-09-08,True,1,0,2723.69,paid,2564.09,0,
CM005242,CL002456,VH001023,,PR000242,,rear_end_collision,rain,2025-06-10,True,0,1,3111.29,paid,2902.05,0,
CM005995,CL000863,VH001304,PR000238,,,multi_vehicle_pileup,clear,2024-07-10,True,0,0,8094.73,paid,7779.22,0,
CM006286,CL003302,VH001712,,,,rear_end_collision,clear,2024-02-01,True,0,1,2935.79,paid,2666.04,0,
CM005198,CL002642,VH002025,,PR000128,PR000213,parking_lot,rain,2025-12-03,True,0,1,2689.12,paid,2486.3,0,
CM006092,CL003552,VH000997,,PR000180,PR000230,parking_lot,clear,2025-10-07,True,0,1,2543.67,paid,2540.4,0,
CM008417,CL001980,VH000907,PR000114,PR000013,PR000030,multi_vehicle_pileup,clear,2024-04-06,False,1,0,7539.63,denied,0.0,1,RING000
CM002331,CL003540,VH002099,PR000064,,,parking_lot,clear,2024-06-05,False,1,2,1818.48,paid,1746.37,0,
CM003516,CL002992,VH000463,PR000190,PR000062,,rear_end_collision,clear,2023-08-06,True,0,1,7375.76,paid,6990.82,0,
CM002188,CL001095,VH000708,PR000043,,,rear_end_collision,fog,2024-08-03,True,0,1,1965.48,paid,1895.98,0,
CM000196,CL000350,VH002855,,,,parking_lot,clear,2025-01-07,True,0,1,7936.26,paid,7313.25,0,
CM007647,CL001619,VH001198,PR000048,PR000210,,single_vehicle,rain,2024-01-11,True,0,0,543.2,paid,491.75,0,
CM000803,CL001509,VH003386,PR000214,PR000009,,sideswipe,rain,2024-09-11,True,0,0,5364.34,paid,4961.89,0,
CM005380,CL000775,VH001564,PR000190,PR000069,,parking_lot,rain,2023-08-25,False,0,0,4385.17,paid,4165.64,0,
CM006232,CL001475,VH000645,PR000103,PR000011,,sideswipe,clear,2023-06-28,False,1,1,3183.76,paid,3065.35,0,
CM002069,CL001921,VH002078,PR000227,PR000045,,rear_end_collision,rain,2025-03-28,True,0,0,5538.94,paid,5460.45,0,
CM004756,CL001692,VH003853,PR000219,PR000123,,single_vehicle,clear,2024-07-26,True,0,1,1825.78,paid,1784.61,0,
CM008347,CL000272,VH002722,,PR000191,,parking_lot,clear,2024-06-17,True,0,0,1798.07,denied,0.0,0,
CM000645,CL000549,VH000265,,PR000097,,parking_lot,rain,2025-05-09,True,0,1,3559.84,paid,3452.12,0,
CM008359,CL003606,VH002172,,PR000131,PR000175,parking_lot,clear,2023-06-23,True,0,0,4438.93,paid,4379.98,0,
CM006697,CL001978,VH000162,,PR000180,,sideswipe,snow,2023-12-11,True,0,2,1017.85,paid,949.28,0,
CM000121,CL002404,VH001925,PR000004,,,single_vehicle,clear,2025-02-18,True,0,5,6561.69,paid,6155.71,0,
CM002982,CL001497,VH002936,,PR000040,,sideswipe,fog,2025-10-22,True,1,2,4223.79,paid,4002.92,0,
CM003075,CL002405,VH002455,PR000077,PR000184,,single_vehicle,clear,2025-12-30,True,1,3,10040.93,paid,9225.43,0,
CM007713,CL001383,VH001280,PR000004,PR000194,,sideswipe,snow,2025-02-19,True,0,0,2253.35,paid,2070.77,0,
CM003279,CL003348,VH001455,,PR000108,,multi_vehicle_pileup,rain,2024-09-15,True,0,2,2846.76,paid,2697.49,0,
CM002136,CL002955,VH001505,,PR000243,,parking_lot,rain,2025-11-25,True,0,0,3617.17,paid,3443.46,0,
CM004902,CL000706,VH001081,,PR000028,,sideswipe,clear,2023-11-26,True,0,2,2081.56,paid,2061.54,0,
CM000135,CL000087,VH002312,PR000195,PR000178,,parking_lot,clear,2024-11-01,True,0,0,1282.41,paid,1219.34,0,
CM006109,CL003624,VH001943,PR000171,PR000062,,single_vehicle,rain,2023-12-04,True,0,2,2618.57,paid,2370.5,0,
CM008599,CL002231,VH002626,PR000112,PR000060,PR000139,rear_end_collision,clear,2023-08-29,False,0,0,8490.74,paid,8325.97,1,RING007
CM002560,CL003783,VH001233,PR000063,,,multi_vehicle_pileup,rain,2025-08-26,True,0,1,5583.42,paid,5478.86,0,
CM000063,CL001333,VH001033,,PR000109,PR000126,single_vehicle,fog,2024-06-18,True,0,0,1379.22,under_review,,0,
CM001359,CL003450,VH000882,,PR000220,,parking_lot,rain,2024-12-09,False,0,0,1903.6,paid,1885.22,0,
CM004602,CL003785,VH000315,PR000168,PR000115,,sideswipe,clear,2024-02-23,True,1,2,2668.37,paid,2645.71,0,
CM002468,CL001417,VH002254,PR000077,PR000180,,sideswipe,fog,2025-12-17,True,0,1,1327.9,paid,1235.4,0,
CM000680,CL001030,VH000634,PR000085,,,rear_end_collision,clear,2025-01-27,False,1,1,3910.45,paid,3846.04,0,
CM005376,CL001754,VH000183,,,,sideswipe,rain,2025-02-09,False,0,1,5218.61,paid,4961.72,0,
CM000742,CL003146,VH002768,PR000059,PR000242,,single_vehicle,rain,2025-06-22,True,0,0,4568.41,under_review,,0,
CM003642,CL000823,VH002302,PR000104,PR000173,,rear_end_collision,clear,2025-10-13,True,0,1,975.25,paid,905.68,0,
CM006588,CL002625,VH001937,,,,single_vehicle,clear,2025-04-17,True,0,0,2040.26,paid,2018.05,0,
CM006415,CL003518,VH000969,,PR000028,,rear_end_collision,clear,2025-09-22,True,0,0,3152.6,paid,3127.3,0,
CM003259,CL003902,VH002848,,PR000041,,parking_lot,clear,2023-05-23,True,0,1,2775.48,paid,2509.95,0,
CM001874,CL001842,VH000626,PR000244,PR000166,,sideswipe,fog,2025-01-26,True,0,0,3555.24,paid,3322.95,0,
CM002597,CL003779,VH002184,PR000023,PR000009,,parking_lot,clear,2025-05-26,False,0,2,8208.29,paid,7999.77,0,
CM001718,CL003806,VH001728,PR000096,PR000028,,rear_end_collision,clear,2023-05-15,False,0,1,4538.83,under_review,,0,
CM008251,CL001022,VH002157,,PR000040,,sideswipe,clear,2023-04-19,True,0,1,1130.78,paid,1046.85,0,
CM002844,CL002618,VH000409,PR000238,PR000067,,multi_vehicle_pileup,clear,2023-03-03,False,0,0,917.56,paid,881.04,0,
CM008057,CL002805,VH000270,PR000198,PR000110,,sideswipe,clear,2024-04-27,False,0,0,1970.93,under_review,,0,
CM007225,CL000298,VH000594,PR000051,PR000012,,parking_lot,clear,2023-06-25,True,1,0,4575.4,paid,4170.44,0,
CM006423,CL000135,VH003587,PR000118,,,parking_lot,clear,2024-11-23,True,0,0,4863.64,paid,4436.13,0,
CM000490,CL002952,VH001794,,PR000203,PR000061,sideswipe,clear,2025-04-21,True,1,3,1289.65,paid,1259.57,0,
CM000494,CL002408,VH001503,,PR000191,,rear_end_collision,clear,2024-08-18,False,0,0,6619.03,paid,6264.75,0,
CM000691,CL001647,VH002328,,PR000015,,sideswipe,clear,2024-09-10,False,1,1,3474.0,paid,3146.65,0,
CM003822,CL002177,VH001303,PR000235,PR000028,,single_vehicle,clear,2024-09-25,True,0,1,10613.66,paid,9588.84,0,
CM000603,CL001317,VH003745,,,,parking_lot,clear,2025-02-27,False,1,3,3357.72,paid,3188.99,0,
CM001912,CL001602,VH002818,,PR000176,,multi_vehicle_pileup,fog,2024-07-26,True,0,1,1327.66,paid,1312.56,0,
CM006631,CL001559,VH001489,PR000043,PR000047,,rear_end_collision,rain,2025-01-30,True,0,0,2963.75,paid,2675.71,0,
CM007926,CL001428,VH001003,PR000167,PR000060,,multi_vehicle_pileup,clear,2025-07-11,True,0,1,2693.66,under_review,,0,
CM006830,CL001694,VH003499,PR000236,PR000052,,rear_end_collision,fog,2023-11-27,True,0,1,1792.93,paid,1630.37,0,
CM004773,CL000538,VH001190,PR000231,PR000011,,multi_vehicle_pileup,fog,2023-08-10,True,0,2,5108.08,paid,4871.29,0,
CM003758,CL000959,VH000328,,,,sideswipe,clear,2024-06-28,False,0,0,3071.2,paid,3028.29,0,
CM002367,CL001274,VH000454,PR000063,PR000090,,parking_lot,fog,2025-07-04,True,1,1,2039.48,paid,1846.49,0,
CM004371,CL003699,VH003342,,PR000058,,multi_vehicle_pileup,clear,2024-02-18,False,0,1,1683.86,paid,1523.51,0,
CM005448,CL003627,VH000484,PR000153,PR000097,PR000175,parking_lot,clear,2023-01-13,True,3,1,2963.4,under_review,,0,
CM005548,CL000571,VH000460,PR000088,,,parking_lot,snow,2023-09-04,True,0,0,4968.12,paid,4750.67,0,
CM001362,CL000340,VH003977,PR000082,PR000221,,single_vehicle,clear,2023-09-01,True,0,1,1469.86,paid,1384.0,0,
CM004731,CL001145,VH002087,,PR000150,,multi_vehicle_pileup,rain,2025-01-26,True,0,0,3073.99,paid,2845.71,0,
CM001527,CL001459,VH000529,PR000048,PR000012,,rear_end_collision,rain,2023-12-29,False,1,0,6858.17,paid,6631.04,0,
CM006719,CL002452,VH002217,PR000010,,,single_vehicle,clear,2023-04-24,False,0,0,1831.97,under_review,,0,
CM007171,CL000872,VH001416,,PR000165,,rear_end_collision,clear,2024-07-28,True,1,1,4223.18,paid,3956.36,0,
CM005686,CL001851,VH002236,,PR000086,,rear_end_collision,clear,2025-06-28,True,0,0,7974.94,paid,7630.38,0,
CM001552,CL003827,VH000770,,PR000157,,single_vehicle,clear,2024-01-26,True,1,0,9387.11,paid,8541.44,0,
CM006627,CL000618,VH001121,PR000021,PR000041,,parking_lot,clear,2024-12-03,True,0,1,6458.96,paid,6099.49,0,
CM008643,CL000682,VH000521,PR000046,PR000201,PR000230,rear_end_collision,fog,2025-01-04,False,0,0,4505.49,paid,4129.55,1,RING008
CM001338,CL003592,VH003813,PR000070,PR000097,,parking_lot,clear,2025-12-29,True,1,0,6685.71,paid,6412.9,0,
CM003902,CL003824,VH002043,,PR000143,,single_vehicle,rain,2024-10-29,False,0,0,1835.42,paid,1716.53,0,
CM003011,CL002462,VH000350,PR000049,PR000183,,multi_vehicle_pileup,clear,2025-02-26,True,0,0,2424.89,paid,2306.02,0,
CM007548,CL003413,VH002851,PR000120,,,multi_vehicle_pileup,clear,2024-10-28,False,0,3,2219.82,paid,2117.09,0,
CM002251,CL001816,VH003321,PR000077,PR000180,,sideswipe,clear,2025-02-05,True,0,0,6064.78,denied,0.0,0,
CM002347,CL001135,VH003945,,PR000083,,single_vehicle,clear,2024-10-26,False,1,1,10504.65,paid,10499.88,0,
CM008273,CL001088,VH002810,PR000025,PR000069,,single_vehicle,clear,2023-01-20,True,0,2,2752.37,paid,2685.3,0,
CM002785,CL003056,VH002985,PR000063,,,multi_vehicle_pileup,fog,2023-07-19,True,0,2,11171.95,under_review,,0,
CM005285,CL001045,VH001982,,PR000151,,sideswipe,clear,2023-09-21,True,0,4,5987.63,paid,5908.83,0,
CM000151,CL002284,VH000136,,PR000243,,multi_vehicle_pileup,rain,2025-09-18,False,0,0,1060.32,paid,955.23,0,
CM002805,CL000036,VH000615,,PR000045,,multi_vehicle_pileup,rain,2025-05-08,True,0,1,11953.08,under_review,,0,
CM004639,CL003807,VH002962,PR000116,PR000047,,parking_lot,clear,2023-09-22,False,0,1,1192.99,paid,1164.87,0,
CM002087,CL002038,VH002304,,PR000094,,multi_vehicle_pileup,rain,2023-09-05,True,1,2,4148.3,paid,3762.19,0,
CM003752,CL002860,VH002396,,PR000145,,rear_end_collision,clear,2023-07-28,True,1,0,4109.07,paid,3913.02,0,
CM002260,CL000976,VH001834,,,,sideswipe,clear,2024-05-23,False,0,0,1551.14,paid,1469.04,0,
CM004018,CL001798,VH000301,,PR000178,,rear_end_collision,clear,2025-07-18,True,0,0,3155.81,paid,3069.76,0,
CM004839,CL000234,VH003616,PR000088,PR000165,,sideswipe,rain,2025-11-01,True,0,1,5814.15,paid,5263.63,0,
CM007414,CL002465,VH003385,,PR000242,,multi_vehicle_pileup,fog,2023-10-21,True,0,1,972.46,paid,888.77,0,
CM008807,CL002200,VH001695,PR000106,PR000203,PR000230,single_vehicle,clear,2024-01-14,True,2,2,2543.95,paid,2438.23,1,RING015
CM006339,CL003636,VH000225,PR000026,PR000121,,sideswipe,clear,2025-10-09,False,0,1,5893.2,under_review,,0,
CM003857,CL002515,VH001825,,PR000218,,sideswipe,fog,2023-04-23,False,1,0,3089.7,paid,2990.14,0,
CM000860,CL000096,VH000630,PR000077,PR000207,,parking_lot,clear,2024-01-14,True,0,0,6975.88,paid,6942.21,0,
CM007950,CL002088,VH001359,PR000231,PR000161,,sideswipe,clear,2025-09-27,False,0,1,6184.91,paid,5635.73,0,
CM006382,CL002727,VH003927,,PR000161,,multi_vehicle_pileup,clear,2024-03-22,True,0,1,1669.4,paid,1639.79,0,
CM005909,CL003949,VH002524,,PR000092,,sideswipe,clear,2023-06-08,True,0,1,4343.1,paid,4264.51,0,
CM007095,CL003544,VH001421,,,PR000185,rear_end_collision,clear,2025-04-26,False,0,0,8740.3,under_review,,0,
CM007144,CL001986,VH000659,PR000212,,,single_vehicle,fog,2025-06-13,True,0,1,4519.49,paid,4164.95,0,
CM004463,CL003649,VH001312,PR000031,PR000107,PR000053,sideswipe,rain,2024-05-23,True,0,1,1923.33,paid,1787.55,0,
CM006750,CL002010,VH000642,PR000051,PR000169,,parking_lot,clear,2024-12-20,True,0,3,7982.57,paid,7759.59,0,
CM001780,CL003525,VH000830,PR000048,PR000012,,multi_vehicle_pileup,rain,2024-09-04,True,0,1,6107.9,paid,5703.87,0,
CM004636,CL003422,VH002405,PR000219,PR000087,PR000155,parking_lot,clear,2023-08-29,True,0,2,666.93,paid,650.26,0,
CM005931,CL003064,VH000309,,PR000060,,multi_vehicle_pileup,clear,2024-04-30,False,3,0,4179.44,paid,3822.87,0,
CM001819,CL003418,VH000687,PR000118,PR000091,,parking_lot,snow,2023-12-07,False,0,0,9166.2,paid,9059.33,0,
CM006162,CL003156,VH002102,PR000103,PR000042,,multi_vehicle_pileup,rain,2025-07-03,True,0,1,1327.84,paid,1260.3,0,
CM002705,CL002581,VH001536,PR000104,PR000203,,sideswipe,fog,2024-03-06,True,3,0,7769.46,paid,7426.69,0,
CM000176,CL003478,VH001043,PR000074,PR000091,,single_vehicle,clear,2025-01-04,False,0,0,7145.22,paid,6604.31,0,
CM002094,CL003147,VH003391,,,,rear_end_collision,rain,2025-06-02,True,1,0,3214.16,paid,3186.51,0,
CM006985,CL001870,VH002101,,PR000095,,sideswipe,clear,2025-02-01,True,3,0,843.41,paid,833.03,0,
CM003492,CL000149,VH002460,,PR000000,,single_vehicle,rain,2025-05-17,False,0,0,451.67,paid,429.94,0,
CM007696,CL000450,VH003919,PR000034,PR000067,,parking_lot,clear,2025-07-10,True,1,2,4467.42,paid,4337.07,0,
CM000083,CL003581,VH000845,PR000104,PR000202,,multi_vehicle_pileup,clear,2023-08-08,True,0,1,902.75,paid,839.84,0,
CM000817,CL002909,VH000994,PR000078,PR000027,,rear_end_collision,clear,2025-03-02,False,0,0,3242.82,paid,3019.36,0,
CM007090,CL002768,VH003473,,PR000161,,multi_vehicle_pileup,clear,2025-11-01,True,1,1,8725.31,paid,7853.17,0,
CM006839,CL001265,VH000496,PR000022,PR000246,,single_vehicle,rain,2024-02-04,True,1,1,3657.66,paid,3430.42,0,
CM007203,CL000412,VH002273,PR000231,PR000211,,parking_lot,rain,2023-08-02,True,0,0,5466.8,paid,5126.74,0,
CM000284,CL002815,VH002584,,PR000137,,multi_vehicle_pileup,rain,2025-08-13,True,0,2,2541.57,paid,2404.56,0,
CM008498,CL002658,VH000767,PR000019,PR000071,PR000102,sideswipe,rain,2024-04-08,False,0,0,4523.49,paid,4193.7,1,RING003
CM006567,CL000714,VH001718,,PR000015,,rear_end_collision,fog,2024-04-26,True,0,1,9182.87,paid,9033.51,0,
CM007613,CL001268,VH003962,PR000001,PR000060,,multi_vehicle_pileup,rain,2024-09-27,True,0,0,3252.66,paid,3224.97,0,
CM002916,CL003269,VH001974,PR000065,PR000184,,multi_vehicle_pileup,clear,2024-07-23,True,1,0,1652.3,paid,1500.23,0,
CM001814,CL001835,VH003357,PR000119,PR000228,,multi_vehicle_pileup,fog,2025-12-09,True,0,1,1412.81,denied,0.0,0,
CM001272,CL003330,VH003523,PR000168,PR000109,PR000030,sideswipe,clear,2025-05-05,True,1,1,3293.35,paid,3031.45,0,
CM007204,CL001754,VH002412,,PR000032,PR000030,single_vehicle,clear,2023-10-28,False,0,1,5921.74,paid,5851.77,0,
CM008558,CL001791,VH001977,PR000064,PR000000,,parking_lot,clear,2023-07-30,True,0,0,9814.69,denied,0.0,1,RING005
CM007157,CL002346,VH001046,,PR000228,,single_vehicle,clear,2025-12-30,True,0,0,2209.35,paid,2034.79,0,
CM007136,CL003957,VH000292,PR000004,PR000045,PR000122,multi_vehicle_pileup,clear,2023-04-08,False,0,1,9328.16,paid,8447.85,0,
CM002643,CL002530,VH000526,PR000164,PR000132,,multi_vehicle_pileup,rain,2025-03-06,True,0,3,1090.06,paid,989.58,0,
CM007186,CL000721,VH003002,,PR000062,,multi_vehicle_pileup,clear,2024-07-27,True,0,2,9043.56,under_review,,0,
CM004509,CL003841,VH002941,PR000244,PR000115,,sideswipe,rain,2025-02-22,True,0,0,5254.64,paid,4985.6,0,
CM002306,CL000288,VH000596,,PR000246,,sideswipe,clear,2023-06-07,True,2,0,390.04,paid,384.19,0,
CM005139,CL002812,VH001053,PR000093,PR000045,PR000130,parking_lot,rain,2024-06-03,True,0,0,6364.98,paid,5759.6,0,
CM004196,CL000377,VH003297,PR000001,,,parking_lot,fog,2023-01-09,True,0,1,4715.44,paid,4363.32,0,
CM004169,CL000876,VH000028,,PR000172,,parking_lot,clear,2024-02-04,True,0,0,6302.4,paid,5750.02,0,
CM003850,CL000183,VH002609,,PR000132,PR000162,rear_end_collision,clear,2025-01-07,True,0,2,2329.16,paid,2111.06,0,
CM008786,CL003786,VH002962,PR000156,PR000174,PR000122,multi_vehicle_pileup,rain,2023-07-31,True,1,0,3087.44,denied,0.0,1,RING014
CM008441,CL001106,VH002785,PR000146,PR000105,,rear_end_collision,clear,2024-01-01,False,1,0,7060.68,paid,7012.14,1,RING001
CM006225,CL003666,VH003587,PR000248,,,rear_end_collision,clear,2024-05-18,True,1,1,2079.15,paid,1885.18,0,
CM002415,CL003550,VH001232,PR000074,PR000184,,rear_end_collision,clear,2023-10-14,True,0,1,4315.21,paid,4228.22,0,
CM003555,CL002583,VH002707,PR000148,,PR000185,rear_end_collision,rain,2025-03-05,True,1,1,4127.82,denied,0.0,0,
CM004499,CL001932,VH000257,PR000238,PR000245,,parking_lot,clear,2024-07-30,False,1,0,2921.47,paid,2704.09,0,
CM002196,CL003278,VH000642,PR000017,PR000012,,rear_end_collision,snow,2024-07-07,True,0,2,3278.66,paid,3056.35,0,
CM002601,CL002491,VH001226,PR000019,PR000028,,parking_lot,clear,2025-07-01,True,0,1,2425.21,paid,2377.54,0,
CM006744,CL000542,VH002895,,PR000181,,rear_end_collision,fog,2025-08-19,True,0,0,3671.22,paid,3356.6,0,
CM004315,CL002096,VH003582,PR000171,PR000203,,rear_end_collision,snow,2024-04-07,True,0,2,4158.87,paid,3940.06,0,
CM003367,CL003333,VH001409,PR000244,PR000202,,parking_lot,clear,2023-11-15,True,1,2,4143.45,paid,3839.97,0,
CM005509,CL000313,VH003033,PR000113,,,sideswipe,clear,2024-04-05,True,0,0,3481.19,paid,3269.02,0,
CM007021,CL000381,VH002483,PR000046,PR000245,,single_vehicle,rain,2024-01-11,True,0,1,1672.66,paid,1517.04,0,
CM002634,CL000594,VH000466,,,,single_vehicle,rain,2025-05-10,True,0,1,3486.7,paid,3334.41,0,
CM008595,CL002905,VH001445,PR000112,PR000060,PR000139,sideswipe,rain,2023-08-05,False,0,0,10311.54,denied,0.0,1,RING007
CM002435,CL003610,VH000692,PR000098,,,single_vehicle,clear,2024-08-02,True,0,0,2024.71,paid,2023.01,0,
CM006590,CL002952,VH001659,,PR000121,,rear_end_collision,clear,2023-07-29,False,0,0,3045.79,paid,2889.67,0,
CM008637,CL003039,VH000847,PR000046,PR000201,PR000230,multi_vehicle_pileup,clear,2025-01-02,False,0,0,9412.95,paid,8925.0,1,RING008
CM006074,CL000160,VH001408,PR000222,PR000243,,single_vehicle,fog,2023-12-10,True,0,2,3846.76,paid,3761.15,0,
CM004521,CL002084,VH003608,,,,sideswipe,rain,2024-04-08,False,0,0,825.68,under_review,,0,
CM003546,CL003445,VH000998,,PR000179,,sideswipe,fog,2023-10-06,True,0,1,3260.73,paid,3089.09,0,
CM004717,CL002326,VH000024,,PR000117,PR000141,rear_end_collision,clear,2023-02-28,True,0,2,5452.79,paid,5067.22,0,
CM007520,CL002458,VH002241,,,,single_vehicle,clear,2025-06-05,True,0,1,2762.02,paid,2626.71,0,
CM000518,CL001524,VH002649,,PR000009,,single_vehicle,clear,2025-12-31,True,0,2,2023.79,paid,2013.34,0,
CM006283,CL003360,VH001236,PR000216,PR000207,PR000215,rear_end_collision,clear,2025-06-10,True,0,3,2575.01,paid,2327.48,0,
CM005432,CL000528,VH001869,,PR000160,PR000215,parking_lot,rain,2023-10-15,True,0,0,9021.58,paid,8914.52,0,
CM001416,CL002148,VH001914,,PR000226,PR000101,single_vehicle,clear,2024-02-11,False,1,0,5731.99,denied,0.0,0,
CM004457,CL003045,VH000234,,PR000083,,single_vehicle,clear,2023-05-23,False,0,0,3386.59,paid,3290.01,0,
CM007667,CL003862,VH003352,,PR000124,,single_vehicle,clear,2025-03-01,True,0,0,5101.11,paid,4906.2,0,
CM000128,CL000039,VH001288,PR000116,PR000086,,parking_lot,rain,2025-05-30,True,0,0,2222.05,paid,2057.08,0,
CM003475,CL000434,VH003117,PR000223,PR000245,,single_vehicle,clear,2023-01-04,False,0,0,1801.87,paid,1761.71,0,
CM006487,CL003903,VH000897,,PR000245,,parking_lot,clear,2025-09-08,True,1,0,3682.89,paid,3511.38,0,
CM004311,CL003201,VH000307,PR000051,PR000205,,rear_end_collision,clear,2024-02-01,True,2,0,6594.48,paid,6293.43,0,
CM002439,CL001045,VH001706,,PR000138,,sideswipe,clear,2023-02-27,False,1,0,3830.95,under_review,,0,
CM003766,CL000208,VH002490,,PR000029,,parking_lot,clear,2025-05-09,True,0,3,7157.23,paid,6802.28,0,
CM004614,CL001414,VH003615,PR000051,PR000209,PR000135,parking_lot,clear,2025-07-07,False,0,1,3119.56,under_review,,0,
CM005550,CL000254,VH002522,,PR000245,,multi_vehicle_pileup,snow,2023-04-16,False,0,0,2289.69,paid,2079.65,0,
CM008715,CL001844,VH001966,PR000104,PR000075,PR000188,parking_lot,snow,2025-08-20,False,1,0,6352.54,partially_paid,4033.25,1,RING010
CM001474,CL001182,VH001091,,PR000142,,single_vehicle,fog,2024-05-26,True,2,1,607.42,paid,586.37,0,
CM005471,CL002603,VH003922,,,,rear_end_collision,clear,2024-08-29,True,1,1,3948.32,paid,3918.06,0,
CM003561,CL000284,VH001936,PR000186,PR000040,,single_vehicle,clear,2025-08-31,True,0,2,1451.63,paid,1395.06,0,
CM003952,CL002719,VH003157,,,,multi_vehicle_pileup,clear,2025-11-09,True,0,0,6641.15,paid,6006.99,0,
CM000050,CL002063,VH001984,,PR000047,,single_vehicle,rain,2024-08-20,True,0,1,2897.18,paid,2799.31,0,
CM007161,CL000634,VH000653,PR000112,PR000154,,single_vehicle,rain,2024-04-08,True,0,0,6124.16,paid,5597.63,0,
CM000888,CL001926,VH001150,,PR000183,,multi_vehicle_pileup,clear,2023-01-12,False,0,1,12004.24,paid,11198.12,0,
CM002617,CL003986,VH002078,PR000008,PR000115,,multi_vehicle_pileup,clear,2024-10-31,True,0,0,11681.2,denied,0.0,0,
CM000517,CL000689,VH002236,PR000066,PR000000,,single_vehicle,clear,2023-03-05,True,0,0,1178.32,paid,1092.04,0,
CM003169,CL000835,VH003016,PR000219,PR000069,,sideswipe,snow,2024-03-21,True,0,1,1071.1,paid,1058.21,0,
CM002950,CL000564,VH001976,PR000078,PR000027,,multi_vehicle_pileup,rain,2024-08-28,True,0,2,4119.22,paid,3970.71,0,
CM001425,CL002203,VH001404,,PR000207,,single_vehicle,snow,2023-12-23,True,0,2,4433.89,paid,4313.97,0,
CM000140,CL002468,VH001360,,PR000134,,sideswipe,rain,2023-10-13,False,0,2,1809.56,under_review,,0,
CM001925,CL001855,VH002006,,,,single_vehicle,clear,2025-05-25,False,0,2,1625.83,paid,1492.81,0,
CM002379,CL000729,VH003439,,PR000060,,parking_lot,clear,2023-10-24,True,0,1,3028.82,under_review,,0,
CM003198,CL002954,VH001813,PR000118,PR000123,,single_vehicle,rain,2024-03-09,True,0,1,5316.2,paid,5273.97,0,
CM000113,CL000619,VH000784,PR000008,PR000028,,multi_vehicle_pileup,fog,2023-09-21,False,1,0,4840.32,paid,4473.12,0,
CM004560,CL003259,VH002068,PR000200,PR000069,,rear_end_collision,fog,2025-04-15,True,0,1,4124.75,denied,0.0,0,
CM004596,CL000249,VH000166,,PR000241,,parking_lot,clear,2025-02-06,True,0,0,3609.73,under_review,,0,
CM003251,CL002466,VH001668,,PR000173,,sideswipe,fog,2023-09-07,True,0,1,591.25,paid,552.58,0,
CM005847,CL002032,VH003659,,PR000242,,single_vehicle,clear,2025-04-01,True,0,2,3238.08,paid,3127.46,0,
CM006136,CL001626,VH001640,PR000048,PR000194,,rear_end_collision,clear,2023-11-15,True,1,1,2966.36,paid,2804.34,0,
CM004547,CL000567,VH003932,,PR000071,,sideswipe,fog,2023-09-02,True,0,0,3087.21,paid,2999.36,0,
CM007427,CL003160,VH001207,PR000192,PR000134,,rear_end_collision,snow,2024-05-21,False,0,1,1867.91,paid,1850.94,0,
CM003278,CL000559,VH001353,PR000074,PR000055,PR000122,sideswipe,fog,2025-09-20,True,0,0,4108.84,under_review,,0,
CM004971,CL000134,VH002626,PR000112,PR000028,,multi_vehicle_pileup,snow,2024-07-01,False,0,2,575.59,under_review,,0,
CM007378,CL000323,VH003267,,PR000184,PR000215,multi_vehicle_pileup,rain,2025-07-07,False,0,1,2324.13,paid,2103.59,0,
CM007746,CL002222,VH003127,PR000190,PR000197,,sideswipe,fog,2023-05-17,True,0,1,761.7,paid,697.02,0,
CM005786,CL000686,VH000680,,PR000197,,parking_lot,clear,2025-08-26,True,1,1,3421.29,paid,3411.1,0,
CM007133,CL001405,VH003382,,PR000174,,parking_lot,clear,2025-01-08,False,0,2,6020.38,paid,5670.49,0,
CM005829,CL001451,VH002331,PR000026,PR000163,,single_vehicle,clear,2024-10-22,True,0,0,2413.83,under_review,,0,
CM003223,CL003136,VH002192,PR000035,PR000134,,single_vehicle,rain,2023-05-01,True,1,2,2302.92,denied,0.0,0,
CM006490,CL001880,VH000233,,PR000142,,rear_end_collision,clear,2024-07-30,False,1,0,2354.65,paid,2339.88,0,
CM000452,CL003979,VH001201,PR000120,PR000108,,parking_lot,clear,2024-09-19,True,0,1,3479.3,paid,3201.98,0,
CM003732,CL003947,VH003684,,,,sideswipe,clear,2025-12-02,False,0,0,8762.39,paid,8713.98,0,
CM007760,CL003860,VH003823,PR000059,PR000221,,parking_lot,rain,2023-05-05,True,0,1,2939.39,paid,2859.07,0,
CM007519,CL001173,VH001709,,PR000117,,parking_lot,clear,2024-06-16,True,0,1,5956.03,paid,5508.85,0,
CM002764,CL003052,VH002489,,PR000181,,single_vehicle,clear,2023-09-15,True,0,0,9016.11,paid,9004.2,0,
CM000659,CL000923,VH002722,PR000231,PR000163,,parking_lot,clear,2024-03-24,True,1,0,929.52,paid,916.73,0,
CM006064,CL002595,VH001641,,PR000174,,multi_vehicle_pileup,clear,2023-10-27,True,0,2,2066.0,paid,1980.12,0,
CM001000,CL002880,VH000060,,PR000178,,sideswipe,clear,2024-01-17,True,0,1,1144.99,paid,1080.74,0,
CM000390,CL000095,VH001850,PR000048,PR000246,,sideswipe,rain,2025-05-26,True,0,0,3349.5,under_review,,0,
CM003408,CL001660,VH001359,,PR000151,,multi_vehicle_pileup,clear,2025-09-17,True,2,0,2088.91,paid,2011.46,0,
CM001477,CL002494,VH002757,,PR000174,,sideswipe,clear,2023-01-31,True,0,0,607.65,under_review,,0,
CM002241,CL002546,VH003266,PR000239,PR000229,,sideswipe,snow,2025-03-08,True,1,0,8164.64,paid,7502.74,0,
CM002387,CL000042,VH001264,,PR000009,PR000147,sideswipe,clear,2025-04-17,True,1,0,1981.78,paid,1941.27,0,
CM008745,CL000879,VH000401,PR000119,PR000197,PR000135,rear_end_collision,clear,2025-05-31,True,0,0,14931.27,paid,14415.19,1,RING012
CM003923,CL003423,VH001132,,PR000243,,multi_vehicle_pileup,clear,2025-03-02,False,0,0,4511.07,paid,4283.26,0,
CM002973,CL002140,VH000338,,PR000029,,multi_vehicle_pileup,clear,2023-04-20,True,0,0,4779.22,paid,4332.32,0,
CM003387,CL002741,VH001563,,PR000179,,rear_end_collision,clear,2025-07-17,True,0,1,5879.83,paid,5331.44,0,
CM001294,CL002823,VH001093,PR000112,PR000042,,sideswipe,clear,2024-03-24,True,0,1,2044.93,paid,1966.22,0,
CM001825,CL001987,VH003729,,PR000225,,rear_end_collision,clear,2025-03-26,False,1,3,1969.54,under_review,,0,
CM002874,CL003468,VH001704,PR000195,PR000210,,sideswipe,clear,2023-09-19,False,2,0,7010.85,paid,6829.41,0,
CM004174,CL001969,VH003824,,PR000174,,parking_lot,clear,2023-08-17,True,0,2,5295.86,paid,4909.67,0,
CM002536,CL000660,VH003209,PR000014,PR000099,,single_vehicle,clear,2025-08-02,True,0,0,1049.59,denied,0.0,0,
CM008063,CL003877,VH001842,PR000073,PR000038,,sideswipe,rain,2025-10-04,True,0,1,3154.97,denied,0.0,0,
CM001908,CL002489,VH000237,PR000065,PR000018,,rear_end_collision,clear,2024-11-04,True,0,1,3676.04,paid,3587.72,0,
CM006642,CL001347,VH002458,,PR000027,,sideswipe,rain,2025-04-10,True,0,1,2304.55,paid,2178.19,0,
CM000369,CL000887,VH003205,PR000072,PR000052,,multi_vehicle_pileup,clear,2023-08-05,True,0,2,3526.31,paid,3475.84,0,
CM001152,CL003734,VH003014,PR000196,,,single_vehicle,rain,2024-02-23,False,1,1,1657.2,under_review,,0,
CM006124,CL001690,VH003120,PR000238,PR000243,,parking_lot,clear,2023-12-16,True,0,0,5877.08,paid,5292.38,0,
CM005687,CL002623,VH002203,PR000098,PR000037,,sideswipe,clear,2023-08-02,True,0,0,1844.31,paid,1670.38,0,
CM004673,CL003330,VH002566,PR000159,PR000111,,parking_lot,clear,2025-05-06,True,0,0,1466.04,paid,1373.23,0,
CM005142,CL000033,VH000319,PR000106,,,rear_end_collision,clear,2025-06-05,True,0,0,1266.58,paid,1236.37,0,
CM005937,CL002759,VH002752,,PR000172,,single_vehicle,clear,2025-02-18,False,0,0,1717.71,paid,1636.0,0,
CM004161,CL003676,VH000117,,PR000027,,rear_end_collision,clear,2024-04-06,True,0,2,2681.59,under_review,,0,
CM004288,CL001430,VH003572,,,,multi_vehicle_pileup,rain,2023-03-21,True,0,0,850.79,paid,780.13,0,
CM006142,CL001937,VH003956,PR000249,PR000226,,rear_end_collision,clear,2023-04-13,True,0,1,2404.65,paid,2219.16,0,
CM007192,CL000214,VH002048,PR000195,PR000140,,multi_vehicle_pileup,clear,2023-09-09,True,0,3,4035.54,paid,3786.27,0,
CM000175,CL001775,VH003905,PR000019,PR000220,,parking_lot,clear,2025-01-05,True,0,2,2159.53,paid,2098.27,0,
CM001904,CL003446,VH002535,,,,sideswipe,clear,2025-05-28,True,1,0,2743.49,paid,2491.8,0,
CM001100,CL003791,VH000766,,,,parking_lot,clear,2024-08-12,True,0,1,3022.34,paid,2982.03,0,
CM006396,CL001401,VH001194,PR000125,PR000128,,sideswipe,clear,2024-06-14,False,0,0,4204.21,paid,3992.85,0,
CM003409,CL002283,VH001191,PR000217,PR000207,,single_vehicle,clear,2024-08-19,True,0,0,416.99,paid,412.62,0,
CM001539,CL003366,VH002998,,,,multi_vehicle_pileup,rain,2024-11-26,True,0,2,6768.35,paid,6290.87,0,
CM002293,CL002969,VH003951,PR000096,PR000128,,parking_lot,clear,2024-01-24,True,0,0,1706.42,paid,1668.52,0,
CM008291,CL003588,VH001281,,PR000179,,multi_vehicle_pileup,clear,2025-12-11,True,0,2,1573.82,paid,1494.5,0,
CM001364,CL003569,VH002955,,,,single_vehicle,clear,2024-11-25,True,2,1,1676.12,paid,1607.98,0,
CM005522,CL002449,VH003052,,PR000090,,parking_lot,clear,2025-07-01,True,1,0,3366.79,paid,3299.64,0,
CM007466,CL002009,VH003575,,PR000111,,parking_lot,rain,2025-01-23,True,0,1,1990.39,paid,1913.03,0,
CM005584,CL002303,VH000206,PR000244,,,single_vehicle,clear,2023-07-28,True,0,0,3938.83,under_review,,0,
CM000681,CL002638,VH002856,,PR000075,,single_vehicle,fog,2024-12-14,True,0,1,2248.32,paid,2151.86,0,
CM006041,CL003488,VH000990,PR000200,,,single_vehicle,clear,2023-03-05,True,1,3,1180.58,paid,1090.23,0,
CM003665,CL002331,VH000442,,,,single_vehicle,rain,2025-05-01,False,0,0,5149.16,paid,4809.09,0,
CM001662,CL001457,VH002079,,PR000210,,single_vehicle,fog,2025-11-28,True,2,0,4883.78,paid,4864.18,0,
CM000509,CL001479,VH002483,PR000129,,,sideswipe,clear,2024-02-18,True,0,0,1518.16,paid,1465.61,0,
CM000167,CL001315,VH003772,PR000129,PR000109,,parking_lot,snow,2023-05-05,True,1,1,1144.95,paid,1045.99,0,
CM006632,CL002587,VH000805,PR000120,PR000015,PR000054,single_vehicle,clear,2024-12-16,True,2,0,4248.37,paid,3880.01,0,
CM001007,CL000982,VH000429,PR000219,PR000180,,multi_vehicle_pileup,clear,2024-07-08,False,0,1,11018.45,paid,10249.46,0,
CM006724,CL002385,VH003197,,PR000052,,single_vehicle,clear,2025-12-11,True,0,3,2221.93,under_review,,0,
CM006499,CL003491,VH000920,PR000073,PR000094,,single_vehicle,rain,2025-02-26,True,1,1,7623.32,paid,7351.83,0,
CM003495,CL003111,VH003690,,PR000176,,sideswipe,clear,2025-08-22,True,0,0,1484.98,paid,1419.94,0,
CM006622,CL002846,VH001086,PR000063,PR000211,,parking_lot,fog,2025-02-08,True,0,0,7569.96,paid,7132.61,0,
CM008698,CL002181,VH001966,PR000104,PR000075,PR000188,sideswipe,clear,2025-10-15,True,0,0,3649.98,denied,0.0,1,RING010
CM002537,CL003835,VH003986,PR000234,PR000142,,sideswipe,clear,2025-01-14,True,0,1,4015.49,paid,3874.43,0,
CM001105,CL000893,VH003057,,PR000228,,parking_lot,clear,2023-08-05,True,0,2,2180.92,paid,2068.75,0,
CM003876,CL001578,VH002753,,,,single_vehicle,clear,2025-06-06,True,0,0,6404.07,paid,6084.76,0,
CM005935,CL000815,VH003233,PR000031,PR000027,,single_vehicle,clear,2024-09-13,True,0,2,3316.81,paid,3044.01,0,
CM001753,CL003187,VH003184,PR000217,PR000210,,multi_vehicle_pileup,rain,2024-01-20,True,2,1,1345.64,under_review,,0,
CM005514,CL001361,VH002104,PR000159,PR000047,,single_vehicle,clear,2024-11-14,True,0,0,2316.21,paid,2098.22,0,
CM002917,CL001480,VH003702,,PR000005,,multi_vehicle_pileup,rain,2024-03-15,True,1,1,2812.88,paid,2577.79,0,
CM006358,CL000623,VH003984,PR000046,,,single_vehicle,clear,2024-02-25,True,0,0,1123.72,paid,1097.36,0,
CM000153,CL001964,VH000840,PR000089,PR000132,,rear_end_collision,clear,2023-12-14,False,0,0,601.43,paid,558.08,0,
CM003908,CL001877,VH002642,PR000057,PR000105,,sideswipe,fog,2023-12-19,False,0,0,1907.33,paid,1797.33,0,
CM008070,CL002102,VH002098,,,,sideswipe,snow,2024-04-22,True,0,1,6591.13,paid,6142.03,0,
CM002553,CL002971,VH000192,,PR000055,,rear_end_collision,clear,2024-12-13,True,0,0,2695.67,paid,2488.76,0,
CM002774,CL002566,VH001757,,PR000161,PR000232,parking_lot,rain,2024-11-24,False,0,0,5704.69,under_review,,0,
CM007782,CL003459,VH003121,,,PR000188,multi_vehicle_pileup,clear,2023-11-23,True,1,1,4026.14,paid,3781.48,0,
CM003552,CL002640,VH001363,PR000153,PR000075,,sideswipe,clear,2023-02-06,True,0,0,4647.1,paid,4596.39,0,
CM003723,CL003005,VH001808,,PR000028,,multi_vehicle_pileup,clear,2024-05-08,True,0,0,8088.94,paid,7649.5,0,
CM005254,CL000403,VH002776,,PR000028,,multi_vehicle_pileup,clear,2024-06-26,True,0,0,2197.82,paid,2108.06,0,
CM007066,CL003233,VH003170,PR000035,PR000090,,single_vehicle,clear,2023-06-21,True,0,1,3432.82,paid,3095.04,0,
CM006338,CL003498,VH003597,PR000227,,,parking_lot,clear,2024-04-30,True,0,0,3303.15,denied,0.0,0,
CM004539,CL003903,VH002221,PR000065,PR000015,,rear_end_collision,clear,2023-05-27,True,1,1,2853.16,paid,2825.47,0,
CM005361,CL000878,VH000115,PR000239,,,rear_end_collision,rain,2025-04-13,False,1,1,6504.09,paid,5974.74,0,
CM001823,CL001811,VH001791,,PR000027,PR000130,sideswipe,rain,2023-04-19,True,0,0,3028.48,paid,2939.14,0,
CM004087,CL000831,VH001418,PR000081,PR000228,,sideswipe,snow,2024-07-20,True,0,3,3366.75,paid,3104.67,0,
CM007365,CL003198,VH002237,,PR000218,,single_vehicle,clear,2025-06-04,True,0,0,1667.27,paid,1528.06,0,
CM007413,CL000606,VH001691,,,,rear_end_collision,clear,2025-12-01,True,1,1,1923.95,under_review,,0,
CM005791,CL002520,VH000038,PR000189,PR000203,,multi_vehicle_pileup,clear,2024-12-24,True,0,3,3210.3,paid,2943.53,0,
CM006115,CL000164,VH001336,,,,sideswipe,rain,2025-01-06,True,1,0,3789.82,paid,3504.94,0,
CM000310,CL001221,VH002978,PR000106,PR000205,,rear_end_collision,fog,2023-11-17,True,0,1,1311.49,paid,1196.65,0,
CM007088,CL001555,VH003242,PR000008,PR000209,,rear_end_collision,rain,2024-11-13,True,0,0,1222.74,paid,1128.9,0,
CM005779,CL001361,VH000709,PR000003,PR000197,,rear_end_collision,clear,2025-04-14,True,0,1,2607.73,paid,2370.4,0,
CM003600,CL001056,VH002620,,PR000160,PR000215,multi_vehicle_pileup,rain,2025-02-01,True,1,2,1314.18,paid,1250.25,0,
CM003623,CL002339,VH003249,PR000231,,PR000101,parking_lot,snow,2024-06-27,False,0,2,8497.04,paid,8090.66,0,
CM006900,CL002586,VH000637,,PR000209,,parking_lot,clear,2024-11-06,True,0,0,5339.88,paid,4852.91,0,
CM003451,CL001494,VH002260,,PR000083,,multi_vehicle_pileup,rain,2025-04-12,True,0,2,2658.36,paid,2413.55,0,
CM004592,CL002905,VH000857,PR000076,PR000086,,sideswipe,fog,2023-04-16,False,0,1,10373.37,paid,9710.92,0,
CM000206,CL000088,VH001366,PR000049,,,parking_lot,rain,2025-08-22,True,1,1,1958.96,paid,1912.45,0,
CM001136,CL000769,VH000096,,PR000075,,rear_end_collision,rain,2024-02-18,True,0,1,2685.76,paid,2530.18,0,
CM002750,CL000015,VH001763,,PR000201,PR000101,single_vehicle,rain,2025-11-25,True,0,0,3566.08,denied,0.0,0,
CM003614,CL002911,VH003625,PR000066,PR000160,,multi_vehicle_pileup,clear,2023-12-31,True,1,0,4735.04,under_review,,0,
CM000306,CL002891,VH000324,,PR000142,,multi_vehicle_pileup,clear,2024-09-17,True,0,1,2213.64,under_review,,0,
CM001850,CL002038,VH003346,,PR000242,,single_vehicle,clear,2024-09-06,False,0,0,960.54,denied,0.0,0,
CM005098,CL002093,VH003893,PR000214,PR000210,,parking_lot,snow,2023-02-11,True,1,0,8761.0,paid,8467.01,0,
CM001989,CL002339,VH003417,PR000235,PR000062,,parking_lot,fog,2025-06-03,True,0,0,2531.12,under_review,,0,
CM003241,CL002815,VH003099,PR000219,PR000228,,sideswipe,clear,2025-05-25,False,0,1,12983.27,paid,12264.55,0,
CM002799,CL000318,VH000855,,PR000037,,multi_vehicle_pileup,clear,2024-09-12,True,0,1,2920.26,paid,2725.34,0,
CM004516,CL001922,VH001545,PR000066,PR000115,,multi_vehicle_pileup,clear,2023-06-13,True,1,1,2981.57,paid,2831.4,0,
CM007388,CL001141,VH003638,,PR000084,,sideswipe,snow,2025-07-22,True,0,2,6498.35,paid,5887.61,0,
CM003110,CL000746,VH000795,,PR000242,,parking_lot,rain,2024-05-28,True,0,0,5380.7,under_review,,0,
CM004060,CL001112,VH002558,,PR000055,,single_vehicle,clear,2025-11-09,True,0,0,8279.32,under_review,,0,
CM001988,CL000645,VH001147,PR000063,PR000197,,multi_vehicle_pileup,snow,2024-11-14,True,0,1,1646.88,paid,1621.46,0,
CM006479,CL000916,VH002443,PR000002,PR000201,,single_vehicle,rain,2025-02-15,True,0,1,4669.97,paid,4473.95,0,
CM000384,CL002753,VH000408,PR000085,PR000174,,rear_end_collision,clear,2025-01-29,True,1,2,7270.67,under_review,,0,
CM004308,CL002564,VH002470,PR000187,PR000069,,multi_vehicle_pileup,clear,2025-10-18,True,0,2,6569.82,paid,6092.91,0,
CM003389,CL001507,VH003363,PR000068,PR000000,PR000188,multi_vehicle_pileup,clear,2023-01-03,False,0,0,1146.43,paid,1071.02,0,
CM007706,CL002979,VH001209,,PR000011,,multi_vehicle_pileup,clear,2024-08-25,True,0,1,3658.6,under_review,,0,
CM002728,CL002940,VH001039,,PR000018,,multi_vehicle_pileup,clear,2024-11-30,True,1,1,2615.46,under_review,,0,
CM006176,CL002780,VH001049,,PR000246,PR000030,single_vehicle,clear,2024-07-03,True,1,1,4463.51,paid,4383.17,0,
CM006492,CL000728,VH000699,PR000023,PR000128,,parking_lot,fog,2025-03-03,True,0,0,3691.4,paid,3580.38,0,
CM007318,CL001590,VH000375,PR000022,PR000075,PR000188,multi_vehicle_pileup,clear,2024-11-17,True,0,0,1742.72,under_review,,0,
CM004777,CL000945,VH000467,PR000235,PR000245,,multi_vehicle_pileup,clear,2023-05-09,True,0,0,2702.6,paid,2458.34,0,
CM003833,CL002892,VH001913,,PR000183,,parking_lot,clear,2023-07-07,False,2,1,4687.13,paid,4672.68,0,
CM007355,CL001204,VH001021,,PR000246,,sideswipe,clear,2023-03-08,True,0,1,1392.58,paid,1278.64,0,
CM004277,CL000094,VH002467,,,,parking_lot,fog,2025-11-13,False,0,2,501.97,paid,485.4,0,
CM000254,CL000504,VH001302,,,,single_vehicle,rain,2025-03-12,True,0,0,5150.57,paid,5031.59,0,
CM008553,CL000834,VH002942,PR000064,PR000000,,sideswipe,rain,2023-08-04,False,1,0,4505.29,paid,4237.9,1,RING005
CM007550,CL001404,VH000507,PR000208,PR000038,,multi_vehicle_pileup,clear,2024-10-03,True,0,0,1049.95,paid,946.75,0,
CM000279,CL000980,VH003108,PR000244,PR000151,,single_vehicle,clear,2023-08-01,True,0,0,3898.7,paid,3744.15,0,
CM003253,CL001158,VH001917,PR000196,PR000140,,parking_lot,clear,2023-07-10,True,0,1,10921.48,paid,10240.89,0,
CM002481,CL001419,VH000162,PR000196,PR000062,PR000185,single_vehicle,rain,2025-12-03,True,1,1,5017.17,under_review,,0,
CM000290,CL001058,VH002971,PR000156,,,single_vehicle,clear,2024-06-11,True,0,1,1571.17,under_review,,0,
CM006559,CL000451,VH002256,PR000049,PR000221,PR000016,single_vehicle,snow,2023-08-26,False,1,0,1724.72,denied,0.0,0,
CM003076,CL000911,VH002939,PR000170,,,sideswipe,rain,2025-03-25,False,0,2,4419.13,paid,4067.88,0,
CM007848,CL002831,VH001227,,PR000110,,rear_end_collision,clear,2025-01-02,True,0,0,1910.54,paid,1908.46,0,
CM006002,CL001907,VH001413,,PR000000,PR000185,multi_vehicle_pileup,snow,2025-12-21,True,0,0,4634.61,paid,4505.87,0,
CM007596,CL002878,VH002801,PR000098,PR000137,,rear_end_collision,rain,2023-06-02,False,2,1,2091.93,under_review,,0,
CM005756,CL000417,VH001300,,PR000117,,sideswipe,clear,2023-06-13,True,0,1,1319.43,under_review,,0,
CM008669,CL001053,VH002948,PR000114,PR000243,,single_vehicle,rain,2025-01-17,False,2,0,3347.69,paid,3305.71,1,RING009
CM006803,CL002147,VH002053,PR000059,PR000137,,parking_lot,clear,2023-05-12,True,1,0,3405.9,paid,3369.06,0,
CM004846,CL000238,VH002817,,PR000163,,single_vehicle,clear,2023-08-12,True,2,2,4524.41,paid,4120.67,0,
CM006125,CL002085,VH000182,PR000035,PR000099,,parking_lot,clear,2023-07-04,False,0,1,5360.03,paid,5038.01,0,
CM000271,CL001936,VH000630,,PR000069,,sideswipe,rain,2025-04-13,True,0,0,3095.55,paid,2889.28,0,
CM004571,CL001623,VH002222,,PR000071,,rear_end_collision,fog,2023-05-24,True,1,2,3606.41,paid,3309.78,0,
CM007570,CL002611,VH001464,PR000019,,PR000230,parking_lot,clear,2024-07-01,False,1,1,2340.87,paid,2317.01,0,
CM006316,CL001946,VH002377,,,,rear_end_collision,clear,2024-06-16,True,0,2,4096.75,under_review,,0,
CM006930,CL001101,VH001362,,PR000018,,multi_vehicle_pileup,clear,2024-09-13,True,1,2,2116.82,paid,1943.34,0,
CM007467,CL003267,VH003585,PR000039,PR000178,,multi_vehicle_pileup,clear,2025-01-07,True,0,1,2024.24,paid,1907.59,0,
CM004208,CL002808,VH001308,,PR000160,,single_vehicle,clear,2025-12-03,False,0,0,3649.0,paid,3360.22,0,
CM003219,CL001157,VH001054,,PR000015,,rear_end_collision,rain,2023-01-13,True,1,2,3465.85,paid,3136.26,0,
CM001392,CL002127,VH001143,PR000200,PR000047,,sideswipe,clear,2024-01-31,True,0,2,3850.11,under_review,,0,
CM003976,CL003001,VH000084,,PR000224,,multi_vehicle_pileup,rain,2024-05-24,False,0,1,2653.96,paid,2605.46,0,
CM004317,CL002485,VH003704,PR000021,PR000172,,parking_lot,clear,2025-08-16,True,1,1,1900.58,paid,1757.28,0,
CM005301,CL003924,VH002258,PR000198,PR000137,,multi_vehicle_pileup,snow,2024-07-02,True,0,0,4655.98,paid,4425.85,0,
CM005841,CL003488,VH003789,PR000222,PR000246,,rear_end_collision,clear,2025-09-22,True,0,0,5021.99,paid,4562.75,0,
CM005875,CL000221,VH002430,,PR000199,,sideswipe,clear,2025-03-09,True,1,2,1848.06,paid,1800.94,0,
CM000084,CL000417,VH000817,PR000056,PR000157,,rear_end_collision,clear,2024-10-15,True,0,1,5712.44,paid,5304.27,0,
CM000874,CL001141,VH000141,,PR000161,,sideswipe,clear,2023-08-13,True,2,1,2582.48,under_review,,0,
CM008567,CL002641,VH002942,PR000064,PR000000,,single_vehicle,clear,2023-07-13,False,0,1,6692.53,paid,6305.22,1,RING005
CM008260,CL000876,VH001230,,PR000161,,rear_end_collision,clear,2025-01-20,False,1,2,4686.32,under_review,,0,
CM004558,CL002065,VH001872,PR000234,PR000110,,single_vehicle,clear,2023-04-08,True,0,0,2869.74,paid,2607.4,0,
CM004501,CL001295,VH001798,PR000219,PR000079,,parking_lot,clear,2024-05-09,True,0,0,4377.09,paid,4057.17,0,
CM004648,CL002171,VH002876,,PR000080,,single_vehicle,clear,2023-12-31,True,0,1,343.36,paid,315.04,0,
CM008064,CL003381,VH003396,PR000074,PR000173,,rear_end_collision,snow,2024-05-28,False,0,0,3534.79,paid,3328.72,0,
CM008649,CL000548,VH003251,PR000046,PR000201,PR000230,single_vehicle,clear,2024-12-30,True,1,0,5925.55,paid,5630.45,1,RING008
CM005466,CL003584,VH000913,PR000051,PR000110,,parking_lot,clear,2024-07-10,True,0,3,4916.38,paid,4485.85,0,
CM002451,CL003536,VH003097,PR000164,PR000105,,parking_lot,rain,2024-06-22,True,0,1,4131.14,paid,3732.23,0,
CM003955,CL003015,VH002894,,PR000131,,sideswipe,clear,2023-06-14,True,0,0,2580.97,paid,2388.89,0,
CM002330,CL003048,VH001116,PR000006,PR000211,,single_vehicle,clear,2023-01-13,True,0,0,7917.06,paid,7134.65,0,
CM008049,CL002476,VH000040,PR000236,PR000124,,single_vehicle,fog,2023-06-26,True,0,2,4565.46,under_review,,0,
CM005574,CL000556,VH001087,PR000235,PR000180,,sideswipe,fog,2024-01-10,True,0,2,10739.48,paid,10303.83,0,
CM008349,CL002242,VH002716,,PR000178,,rear_end_collision,clear,2025-10-04,True,0,1,3501.44,paid,3459.64,0,
CM004747,CL003984,VH003537,PR000057,PR000037,,parking_lot,fog,2025-11-16,True,0,1,5133.47,paid,4629.53,0,
CM005130,CL003155,VH002286,PR000249,PR000018,,multi_vehicle_pileup,fog,2024-06-20,False,0,1,4008.87,paid,3677.96,0,
CM005251,CL002738,VH001567,,PR000040,,single_vehicle,clear,2025-01-16,True,0,0,7176.64,paid,6712.26,0,
CM007837,CL000033,VH001011,PR000088,PR000199,,sideswipe,clear,2025-09-24,True,0,0,2617.94,paid,2616.78,0,
CM006471,CL001034,VH003717,PR000085,PR000121,,multi_vehicle_pileup,clear,2023-09-01,True,2,0,2850.18,paid,2789.72,0,
CM001217,CL003467,VH000226,PR000096,,,parking_lot,rain,2025-01-07,False,0,1,2499.86,paid,2305.47,0,
CM007339,CL003966,VH001800,,,,parking_lot,clear,2023-03-30,True,0,0,8349.03,paid,7673.44,0,
CM005864,CL002116,VH002242,PR000043,PR000123,,parking_lot,fog,2024-10-07,True,0,0,2629.96,under_review,,0,
CM001065,CL002876,VH000693,PR000036,PR000041,,sideswipe,snow,2025-03-21,False,0,1,4379.46,paid,3967.54,0,
CM003787,CL002554,VH003780,,PR000172,,single_vehicle,rain,2024-06-05,False,0,3,3153.03,paid,2855.68,0,
CM004411,CL002609,VH001490,,PR000161,,single_vehicle,clear,2025-09-05,True,0,1,7561.75,paid,6862.4,0,
CM005885,CL000464,VH003747,,PR000224,,multi_vehicle_pileup,clear,2023-09-29,True,0,0,7533.28,paid,7230.17,0,
CM008873,CL003827,VH003036,PR000049,PR000045,,multi_vehicle_pileup,clear,2024-09-18,True,0,0,5581.26,paid,5282.24,1,RING018
CM007771,CL001563,VH003368,,PR000067,,multi_vehicle_pileup,clear,2025-12-10,True,0,3,1533.09,under_review,,0,
CM003009,CL000372,VH000144,PR000031,PR000157,,rear_end_collision,clear,2023-01-19,True,0,3,3738.29,paid,3726.97,0,
CM001106,CL003023,VH000389,,PR000012,,parking_lot,clear,2023-08-28,True,0,0,7114.0,paid,6689.24,0,
CM005266,CL002236,VH001607,,,,sideswipe,clear,2024-08-04,True,1,0,981.25,paid,919.18,0,
CM007082,CL000979,VH002792,,PR000157,,sideswipe,clear,2023-01-11,True,0,0,513.34,paid,469.39,0,
CM005928,CL000965,VH001617,,PR000071,,sideswipe,snow,2025-07-12,False,0,1,5702.87,paid,5393.27,0,
CM007823,CL001951,VH000113,,PR000183,,rear_end_collision,rain,2024-08-16,True,0,1,5830.78,paid,5670.73,0,
CM007438,CL000415,VH001330,,PR000109,,single_vehicle,rain,2023-06-14,True,0,1,2477.93,paid,2299.23,0,
CM004370,CL002180,VH002031,,PR000052,,multi_vehicle_pileup,fog,2024-02-25,True,0,2,5287.89,paid,5074.82,0,
CM002766,CL003725,VH000330,,PR000040,,single_vehicle,clear,2023-10-01,True,2,0,4974.4,paid,4942.49,0,
CM003930,CL001270,VH000462,PR000001,PR000199,,single_vehicle,clear,2023-05-07,True,0,0,3998.87,under_review,,0,
CM007342,CL001272,VH003185,,PR000138,PR000101,sideswipe,clear,2023-05-30,False,0,3,5951.87,paid,5498.54,0,
CM008556,CL002409,VH001977,PR000064,PR000000,,single_vehicle,clear,2023-07-14,True,1,0,10434.52,partially_paid,6657.38,1,RING005
CM005940,CL000581,VH001167,PR000238,PR000005,,parking_lot,clear,2023-10-16,True,0,1,945.88,paid,909.37,0,
CM005665,CL002651,VH002469,PR000231,PR000205,,sideswipe,clear,2024-09-21,True,0,1,2590.32,under_review,,0,
CM008371,CL003131,VH003180,PR000233,PR000110,,parking_lot,snow,2025-09-05,True,1,2,6276.0,paid,5847.35,0,
CM002452,CL001792,VH003008,,PR000009,,rear_end_collision,clear,2024-02-19,True,1,0,834.48,paid,763.03,0,
CM004938,CL000634,VH001596,,PR000140,,parking_lot,clear,2024-12-08,True,1,3,2710.97,paid,2593.03,0,
CM005203,CL000945,VH003461,,PR000138,PR000007,parking_lot,clear,2023-07-11,True,0,2,2197.94,paid,1990.55,0,
CM003825,CL000584,VH000008,PR000065,,,parking_lot,fog,2024-09-27,False,0,1,1384.45,paid,1338.13,0,
CM007801,CL000803,VH000930,,PR000000,PR000213,single_vehicle,clear,2025-01-03,True,0,0,3746.42,under_review,,0,
CM002653,CL003054,VH003487,,PR000124,,parking_lot,clear,2025-09-30,True,0,0,1067.08,paid,997.46,0,
CM008023,CL002197,VH002342,PR000076,PR000199,,rear_end_collision,clear,2025-05-07,True,0,2,5032.14,paid,4962.3,0,
CM003744,CL003545,VH002600,PR000200,PR000205,PR000155,multi_vehicle_pileup,clear,2024-11-25,True,0,3,9956.58,denied,0.0,0,
CM002177,CL001197,VH002240,,PR000009,PR000130,sideswipe,clear,2024-12-12,True,0,1,2296.51,paid,2259.46,0,
CM008256,CL000467,VH002453,PR000127,PR000018,,parking_lot,clear,2024-09-20,False,1,1,5316.74,paid,5284.86,0,
CM003319,CL002525,VH003003,PR000034,PR000018,,parking_lot,snow,2025-11-04,True,0,1,1224.97,paid,1133.74,0,
CM005721,CL001055,VH001599,PR000153,PR000161,,single_vehicle,rain,2024-09-03,True,0,1,3475.69,paid,3173.05,0,
CM002788,CL001755,VH001939,PR000022,PR000055,,parking_lot,clear,2025-09-21,False,0,0,3986.12,paid,3957.46,0,
CM004106,CL001046,VH000977,PR000034,,,parking_lot,rain,2023-06-25,True,0,1,6829.09,paid,6419.89,0,
CM005036,CL002016,VH001335,PR000187,PR000243,,parking_lot,snow,2024-10-15,True,0,1,2632.79,paid,2532.98,0,
CM001677,CL001698,VH002301,PR000072,,,sideswipe,clear,2024-02-07,False,0,1,923.3,under_review,,0,
CM003948,CL001376,VH001331,,PR000176,,single_vehicle,clear,2023-12-01,True,0,1,7379.84,paid,6850.89,0,
CM007085,CL002908,VH001472,,PR000205,,sideswipe,clear,2024-09-29,True,0,0,11201.91,paid,10575.74,0,
CM007026,CL003195,VH001028,,PR000107,,parking_lot,clear,2024-12-19,True,0,0,1724.49,paid,1607.56,0,
CM005271,CL001616,VH000312,PR000073,PR000080,,parking_lot,clear,2025-09-05,False,0,0,1146.38,paid,1095.56,0,
CM006135,CL000900,VH003701,,PR000000,,sideswipe,clear,2023-01-14,True,0,0,2177.15,paid,2114.18,0,
CM005870,CL001257,VH002676,PR000025,PR000207,,multi_vehicle_pileup,rain,2024-01-30,True,1,1,3764.43,paid,3474.46,0,
CM002504,CL000516,VH003218,PR000231,PR000024,,sideswipe,clear,2023-11-07,True,0,1,3754.13,paid,3485.2,0,
CM006948,CL000058,VH001306,,PR000207,PR000100,rear_end_collision,clear,2025-06-06,True,0,1,2665.76,paid,2598.2,0,
CM002370,CL001025,VH000421,PR000198,PR000009,,multi_vehicle_pileup,clear,2024-11-19,True,0,1,3237.6,under_review,,0,
CM002218,CL002488,VH002860,PR000116,,PR000188,sideswipe,rain,2024-09-02,True,0,0,5709.94,paid,5510.23,0,
CM002219,CL000408,VH003240,,PR000097,PR000054,rear_end_collision,clear,2023-10-24,False,3,0,3475.09,paid,3434.4,0,
CM003327,CL000634,VH001059,PR000158,PR000204,,parking_lot,clear,2025-04-25,False,0,1,4341.72,paid,3918.31,0,
CM007879,CL000966,VH000480,,PR000091,,sideswipe,rain,2024-05-25,True,0,1,5163.77,paid,4836.73,0,
CM003584,CL002984,VH003946,,PR000197,,parking_lot,clear,2023-07-20,False,0,0,5374.71,paid,5165.37,0,
CM007531,CL003659,VH003933,PR000187,,,single_vehicle,clear,2024-03-16,True,0,1,10036.55,under_review,,0,
CM006464,CL002469,VH002621,,PR000050,PR000135,parking_lot,snow,2025-11-04,False,0,2,1616.26,under_review,,0,
CM006088,CL001651,VH001221,PR000070,PR000045,PR000135,sideswipe,fog,2024-05-25,False,1,0,7256.62,paid,7019.13,0,
CM005091,CL002983,VH000725,PR000026,PR000041,,rear_end_collision,clear,2025-11-20,True,1,1,4643.48,paid,4488.81,0,
CM007530,CL001258,VH000842,PR000158,PR000038,,rear_end_collision,rain,2024-05-29,False,0,0,3131.26,paid,3084.05,0,
CM000086,CL003911,VH001496,,,,parking_lot,clear,2024-02-02,False,0,1,4920.08,paid,4551.56,0,
CM002802,CL001162,VH001186,PR000014,PR000042,,sideswipe,rain,2024-01-30,True,1,0,4128.77,under_review,,0,
CM003672,CL001108,VH000447,,PR000181,,parking_lot,rain,2025-09-17,True,0,0,1034.84,paid,986.52,0,
CM003668,CL003786,VH002402,PR000249,PR000221,,parking_lot,rain,2023-05-27,True,1,0,1890.04,paid,1737.24,0,
CM008738,CL000764,VH000921,PR000171,PR000087,,multi_vehicle_pileup,fog,2023-02-09,False,1,0,2695.97,denied,0.0,1,RING011
CM004591,CL002672,VH000341,,PR000161,,multi_vehicle_pileup,clear,2025-11-12,True,0,1,611.03,paid,599.26,0,
CM002020,CL001197,VH001853,,PR000138,,multi_vehicle_pileup,clear,2023-02-28,True,0,0,2325.92,paid,2132.16,0,
CM006211,CL000842,VH003187,PR000096,PR000028,,single_vehicle,fog,2024-10-13,False,0,1,2057.12,paid,1899.25,0,
CM002526,CL000051,VH000430,,PR000040,,single_vehicle,snow,2025-08-20,True,2,2,328.28,under_review,,0,
CM007096,CL000374,VH001313,PR000116,PR000157,,sideswipe,clear,2024-09-17,True,0,1,4448.41,under_review,,0,
CM004930,CL001278,VH003178,PR000096,PR000086,,single_vehicle,clear,2024-12-17,False,0,1,3418.9,paid,3092.52,0,
CM007428,CL001983,VH003540,PR000156,PR000000,,single_vehicle,fog,2025-04-15,False,1,0,1248.38,paid,1206.2,0,
CM007389,CL000609,VH001322,,PR000045,,rear_end_collision,clear,2024-05-03,True,0,1,8966.96,paid,8664.87,0,
CM005350,CL003804,VH002286,PR000033,PR000092,PR000175,multi_vehicle_pileup,clear,2024-07-21,False,0,0,2992.94,under_review,,0,
CM002896,CL001713,VH003851,,PR000115,,rear_end_collision,clear,2025-08-19,True,0,0,5252.64,paid,5221.62,0,
CM007416,CL003407,VH003567,,PR000178,,single_vehicle,fog,2024-04-11,False,0,0,8433.52,paid,7621.66,0,
CM004715,CL003647,VH002440,PR000238,PR000194,,sideswipe,clear,2023-05-11,True,0,1,750.27,paid,749.58,0,
CM008202,CL001349,VH003561,PR000231,PR000067,PR000102,multi_vehicle_pileup,clear,2025-11-12,True,0,0,5975.95,paid,5640.1,0,
CM003426,CL001114,VH000973,,PR000075,,multi_vehicle_pileup,clear,2023-11-05,True,1,1,3510.81,paid,3222.9,0,
CM005709,CL003570,VH002378,PR000036,PR000027,,rear_end_collision,clear,2023-03-26,True,0,2,2418.78,paid,2213.77,0,
CM007507,CL001730,VH000991,PR000070,PR000199,,sideswipe,clear,2025-11-30,True,0,0,10473.54,paid,9461.05,0,
CM005248,CL002385,VH002819,PR000167,PR000105,,sideswipe,clear,2023-05-02,True,0,1,1841.22,paid,1777.1,0,
CM005065,CL000239,VH002486,PR000159,PR000029,,parking_lot,clear,2023-11-08,True,1,2,10514.7,denied,0.0,0,
CM007875,CL001235,VH001011,PR000077,PR000221,,sideswipe,clear,2024-04-12,False,0,0,1244.22,denied,0.0,0,
CM002002,CL001742,VH002289,PR000022,PR000091,,sideswipe,clear,2025-08-25,False,0,0,7332.94,under_review,,0,
CM007181,CL001894,VH000432,,,,rear_end_collision,clear,2025-11-20,True,1,1,3412.39,paid,3371.2,0,
CM000870,CL002214,VH000673,,PR000142,,single_vehicle,rain,2025-03-25,False,0,0,4250.52,paid,4150.62,0,
CM000357,CL001536,VH003431,,,,single_vehicle,clear,2024-11-15,False,0,0,656.8,paid,603.3,0,
CM006456,CL003760,VH003193,,PR000000,,multi_vehicle_pileup,clear,2025-04-15,True,1,1,1649.5,paid,1534.81,0,
CM006085,CL000603,VH003908,PR000034,PR000060,,single_vehicle,clear,2025-06-20,True,0,0,5043.85,under_review,,0,
CM001276,CL000778,VH001610,PR000048,PR000055,,parking_lot,clear,2024-11-22,True,0,0,4973.11,paid,4774.9,0,
CM001891,CL003083,VH003814,PR000014,PR000092,,parking_lot,clear,2025-09-07,True,1,0,5198.89,denied,0.0,0,
CM007320,CL001495,VH001088,PR000048,PR000145,,parking_lot,clear,2025-10-19,True,0,0,6471.55,paid,6267.12,0,
CM005195,CL000186,VH002610,,PR000218,,parking_lot,clear,2025-09-01,True,1,1,4190.17,paid,3864.36,0,
CM008159,CL000391,VH002826,PR000078,,,single_vehicle,snow,2025-09-28,False,0,1,6299.54,paid,5677.56,0,
CM003564,CL002649,VH003572,PR000167,,,sideswipe,clear,2025-01-13,True,0,0,2828.32,denied,0.0,0,
CM006533,CL001264,VH002850,PR000200,PR000117,,multi_vehicle_pileup,fog,2024-04-29,True,0,0,4782.57,under_review,,0,
CM002381,CL000611,VH003013,PR000001,PR000157,,sideswipe,rain,2024-04-04,False,0,0,3099.01,paid,2929.43,0,
CM003824,CL000690,VH003837,PR000238,PR000133,,sideswipe,clear,2024-03-08,True,1,1,1966.75,paid,1912.25,0,
CM006709,CL002223,VH002175,PR000017,PR000218,,multi_vehicle_pileup,rain,2023-12-30,True,0,0,4883.84,under_review,,0,
CM008577,CL000772,VH002401,PR000064,PR000000,,sideswipe,clear,2023-07-09,True,1,1,11040.33,paid,10862.71,1,RING005
CM003307,CL000345,VH002859,PR000088,PR000218,,multi_vehicle_pileup,rain,2023-06-28,True,0,0,4251.67,under_review,,0,
CM007441,CL000877,VH002796,,PR000211,,sideswipe,clear,2023-11-26,False,1,0,4266.76,paid,4135.0,0,
CM003500,CL001053,VH002597,PR000153,,,single_vehicle,clear,2024-08-22,True,0,0,3794.4,under_review,,0,
CM005274,CL000866,VH001895,,PR000067,,parking_lot,clear,2025-01-06,True,1,0,1763.42,paid,1605.85,0,
CM001117,CL003325,VH003009,PR000212,,,multi_vehicle_pileup,fog,2024-05-07,True,0,0,4379.64,paid,4204.55,0,
CM008803,CL002591,VH001804,PR000106,PR000203,PR000230,sideswipe,clear,2024-01-04,False,2,0,2188.02,paid,2125.51,1,RING015
CM007475,CL001858,VH001359,,,,single_vehicle,clear,2023-11-23,True,0,0,5646.14,paid,5103.2,0,
CM005309,CL002082,VH003388,PR000216,PR000032,PR000020,rear_end_collision,fog,2023-11-11,True,0,0,5704.23,under_review,,0,
CM007863,CL002923,VH001833,PR000096,PR000199,,sideswipe,clear,2025-12-20,False,0,1,2953.42,paid,2873.0,0,
CM006290,CL001430,VH003585,,,,parking_lot,clear,2025-01-21,True,0,0,8896.87,paid,8231.17,0,
CM003646,CL002926,VH002318,,PR000091,,multi_vehicle_pileup,clear,2024-03-18,True,0,2,390.15,paid,351.29,0,
CM002501,CL000447,VH002382,PR000034,PR000075,,single_vehicle,fog,2023-09-19,True,0,1,2242.77,paid,2128.82,0,
CM005148,CL001830,VH002007,PR000057,PR000180,,sideswipe,rain,2023-09-24,True,0,0,1384.65,paid,1278.5,0,
CM002784,CL003722,VH001355,,PR000194,,multi_vehicle_pileup,rain,2025-05-14,True,0,1,10103.83,paid,9715.89,0,
CM003810,CL000439,VH000132,PR000070,PR000191,,parking_lot,clear,2023-07-04,True,0,0,472.76,paid,461.03,0,
CM008211,CL001581,VH002522,,PR000132,,rear_end_collision,fog,2023-07-02,False,1,2,1791.8,paid,1689.95,0,
CM007247,CL003088,VH001228,PR000156,PR000138,,parking_lot,clear,2025-11-18,False,1,0,1329.36,paid,1221.84,0,
CM008100,CL003082,VH003693,PR000170,PR000201,,single_vehicle,rain,2025-10-17,True,0,0,3027.4,paid,2883.76,0,
CM001697,CL000307,VH001958,,PR000038,,single_vehicle,clear,2023-03-10,True,0,1,5084.24,paid,4894.01,0,
CM005671,CL003217,VH003257,,,,sideswipe,clear,2025-10-16,True,0,1,3551.52,paid,3197.69,0,
CM002053,CL001958,VH000655,,PR000018,,multi_vehicle_pileup,clear,2024-04-10,True,0,0,4665.94,paid,4425.77,0,
CM001777,CL001709,VH001972,,PR000121,,sideswipe,clear,2023-01-22,True,0,0,4091.58,paid,3770.05,0,
CM005187,CL002938,VH000372,PR000125,PR000012,,multi_vehicle_pileup,snow,2023-10-04,False,0,1,3959.76,paid,3727.11,0,
CM003314,CL002033,VH003666,PR000023,PR000092,PR000185,parking_lot,clear,2025-08-19,True,0,2,2391.3,paid,2327.09,0,
CM004782,CL002408,VH002334,,PR000246,,rear_end_collision,rain,2023-06-21,True,1,1,12858.91,paid,12459.87,0,
CM006917,CL002515,VH002230,PR000068,PR000133,,multi_vehicle_pileup,clear,2025-01-28,True,0,1,3134.02,paid,2962.99,0,
CM005363,CL001634,VH000260,,PR000142,,multi_vehicle_pileup,snow,2023-03-20,True,1,0,6460.79,paid,5825.45,0,
CM001593,CL002342,VH000873,PR000125,PR000121,,sideswipe,clear,2024-12-22,True,2,1,1497.36,denied,0.0,0,
CM001724,CL002261,VH001389,PR000149,PR000221,,parking_lot,clear,2025-11-05,True,1,2,2245.69,paid,2026.92,0,
CM007518,CL002586,VH001266,PR000149,PR000218,,sideswipe,rain,2025-11-12,True,0,0,7792.3,paid,7773.3,0,
CM006549,CL001317,VH003078,PR000113,PR000241,,single_vehicle,clear,2025-01-12,True,0,0,2193.95,paid,1987.33,0,
CM007206,CL001440,VH000506,,PR000099,,multi_vehicle_pileup,clear,2023-01-05,True,0,0,8454.62,paid,8331.82,0,
CM000491,CL001245,VH000126,,PR000226,,rear_end_collision,rain,2024-03-14,True,1,0,7028.54,paid,6350.07,0,
CM008068,CL002882,VH001400,,PR000203,PR000130,sideswipe,rain,2024-04-12,True,0,0,2516.21,paid,2330.2,0,
CM003484,CL001872,VH001679,,PR000105,,rear_end_collision,rain,2023-11-07,False,0,0,3076.21,paid,2845.33,0,
CM003432,CL002996,VH003239,PR000093,PR000050,,multi_vehicle_pileup,clear,2023-05-15,True,0,1,2170.61,paid,2156.08,0,
CM008460,CL002745,VH001732,PR000146,PR000105,,parking_lot,fog,2024-03-25,True,2,0,8378.19,paid,7583.56,1,RING001
CM006992,CL002676,VH001475,PR000070,,,multi_vehicle_pileup,clear,2024-04-29,True,0,1,3570.75,paid,3437.13,0,
CM000026,CL002305,VH003096,,,PR000147,parking_lot,clear,2025-11-29,False,3,2,1080.95,paid,1074.24,0,
CM003513,CL002308,VH000383,PR000195,PR000134,,multi_vehicle_pileup,rain,2024-05-12,True,0,1,11929.14,under_review,,0,
CM002410,CL003454,VH000393,,PR000218,,rear_end_collision,clear,2025-09-17,True,1,1,4153.06,paid,4083.5,0,
CM003271,CL002367,VH000224,PR000170,PR000160,PR000044,single_vehicle,rain,2024-10-09,True,0,3,5010.69,paid,4872.79,0,
CM001553,CL000973,VH002867,PR000103,PR000210,,rear_end_collision,clear,2023-04-09,False,0,0,3312.68,paid,3131.28,0,
CM008193,CL002205,VH000890,PR000036,,,parking_lot,snow,2023-06-08,False,0,1,814.45,paid,761.45,0,
CM008457,CL002933,VH002134,PR000146,PR000105,,sideswipe,rain,2024-03-17,False,0,0,2102.54,denied,0.0,1,RING001
CM003872,CL003434,VH002801,PR000048,PR000107,,sideswipe,clear,2024-08-16,False,1,2,1036.38,under_review,,0,
CM003403,CL003880,VH001809,PR000149,PR000181,,single_vehicle,rain,2025-12-05,True,0,0,5606.56,paid,5519.84,0,
CM004530,CL003582,VH002537,PR000118,,,parking_lot,clear,2024-10-23,True,0,0,4543.18,under_review,,0,
CM000980,CL003660,VH001176,,PR000024,,single_vehicle,snow,2025-05-16,True,0,1,4616.47,paid,4368.69,0,
CM002656,CL003640,VH001058,PR000227,PR000052,,sideswipe,rain,2025-09-13,True,0,0,1493.75,paid,1406.32,0,
CM001848,CL003044,VH002008,,PR000079,PR000162,parking_lot,rain,2025-10-30,True,0,1,2298.54,paid,2267.02,0,
CM008197,CL000132,VH003809,PR000187,PR000220,,rear_end_collision,clear,2023-02-19,True,0,1,2818.97,denied,0.0,0,
CM006539,CL001816,VH003579,,PR000012,,sideswipe,fog,2025-12-02,True,1,0,5286.71,paid,5187.84,0,
CM005651,CL003933,VH000785,PR000198,PR000011,,rear_end_collision,clear,2024-05-19,False,0,1,1284.26,paid,1157.05,0,
CM007900,CL002821,VH001330,,PR000205,,multi_vehicle_pileup,clear,2025-04-03,True,0,0,510.19,paid,479.53,0,
CM005695,CL002034,VH003310,,PR000110,,multi_vehicle_pileup,fog,2024-01-16,False,0,2,8276.51,under_review,,0,
CM001103,CL000970,VH000880,,PR000055,,rear_end_collision,clear,2024-11-24,True,0,1,800.43,paid,788.55,0,
CM003277,CL001668,VH002725,PR000046,PR000058,,single_vehicle,rain,2024-08-18,True,1,1,1515.29,paid,1456.19,0,
CM005833,CL001790,VH001772,,PR000055,,parking_lot,clear,2024-12-19,True,1,1,2138.35,paid,2060.15,0,
CM007969,CL002506,VH002055,,PR000203,,sideswipe,clear,2025-01-03,True,0,0,5491.27,under_review,,0,
CM006703,CL000401,VH001606,PR000235,,,rear_end_collision,rain,2025-07-26,True,1,2,4601.37,under_review,,0,
CM003997,CL002110,VH003740,PR000186,PR000058,,parking_lot,snow,2023-06-12,True,1,1,826.56,paid,796.95,0,
CM000195,CL000139,VH001112,PR000129,,,single_vehicle,fog,2024-12-28,True,0,1,1404.98,paid,1271.49,0,
CM008015,CL000882,VH002955,,PR000009,,sideswipe,clear,2025-03-31,True,0,2,1391.57,paid,1313.05,0,
CM000644,CL002972,VH000665,PR000021,PR000124,,single_vehicle,snow,2023-05-18,True,1,0,930.25,under_review,,0,
CM003286,CL000481,VH002731,PR000093,,,multi_vehicle_pileup,clear,2024-09-21,True,0,2,3056.4,paid,2917.43,0,
CM003117,CL001562,VH001421,,,,parking_lot,rain,2023-12-23,True,0,1,1036.42,paid,1004.74,0,
CM003576,CL001713,VH000622,,,PR000175,sideswipe,clear,2023-01-09,True,0,2,2342.39,paid,2158.05,0,
CM007869,CL000906,VH003002,PR000219,PR000097,,rear_end_collision,clear,2025-03-02,False,0,0,4194.17,paid,3981.54,0,
CM004321,CL001275,VH002711,,PR000229,,multi_vehicle_pileup,clear,2023-11-06,True,0,0,5255.88,paid,4858.05,0,
CM008917,CL000726,VH003867,PR000129,PR000128,,multi_vehicle_pileup,fog,2024-04-18,False,1,0,6284.45,partially_paid,3280.04,1,RING021
CM002208,CL001756,VH001489,PR000248,,,single_vehicle,clear,2024-09-22,True,0,0,2984.82,paid,2953.39,0,
CM004553,CL000515,VH003254,,PR000176,,rear_end_collision,clear,2025-11-24,True,0,0,5703.57,paid,5497.37,0,
CM005781,CL001627,VH000874,,,,sideswipe,clear,2024-02-25,True,0,0,342.14,under_review,,0,
CM003719,CL000401,VH003203,,PR000207,,single_vehicle,rain,2023-03-23,True,0,0,7642.81,denied,0.0,0,
CM000973,CL000666,VH002618,PR000125,PR000243,,sideswipe,clear,2023-02-26,True,0,0,4144.79,paid,3787.78,0,
CM007189,CL000654,VH000189,PR000231,PR000083,,sideswipe,rain,2024-03-05,False,1,0,3621.89,paid,3272.03,0,
CM000720,CL000358,VH000452,,PR000172,,rear_end_collision,rain,2023-02-10,True,0,1,2483.66,paid,2347.75,0,
CM008409,CL000234,VH002718,PR000114,PR000013,PR000030,sideswipe,clear,2024-03-22,True,1,0,1707.01,paid,1622.78,1,RING000
CM003897,CL003440,VH003769,,PR000047,,rear_end_collision,rain,2025-06-27,True,0,0,852.29,paid,834.51,0,
CM002804,CL001328,VH000381,,PR000131,PR000126,rear_end_collision,clear,2023-07-29,True,0,0,5671.33,paid,5605.96,0,
CM002567,CL001005,VH001300,,PR000018,,parking_lot,clear,2024-06-17,True,0,1,13300.04,paid,12002.7,0,
CM004026,CL000936,VH002304,,,,multi_vehicle_pileup,rain,2024-10-12,True,0,2,8055.9,paid,7277.8,0,
CM000033,CL001740,VH003847,,PR000060,,single_vehicle,clear,2024-05-21,True,1,3,2840.68,paid,2792.53,0,
CM006651,CL001651,VH003660,,PR000086,,sideswipe,clear,2023-10-06,True,0,0,14395.4,paid,13261.98,0,
CM008767,CL003563,VH001868,PR000096,PR000121,PR000147,multi_vehicle_pileup,clear,2023-03-18,False,1,1,1549.52,denied,0.0,1,RING013
CM004064,CL003964,VH000512,PR000036,PR000087,,single_vehicle,snow,2023-10-12,True,0,1,1940.45,paid,1784.1,0,
CM007750,CL001268,VH002418,,PR000011,,parking_lot,clear,2025-09-15,True,1,1,5326.34,paid,5076.97,0,
CM001698,CL001717,VH001298,,PR000174,,multi_vehicle_pileup,snow,2023-09-25,True,0,0,4001.54,paid,3977.94,0,
CM002793,CL002512,VH003082,PR000236,PR000210,PR000230,multi_vehicle_pileup,clear,2023-01-08,False,0,1,2562.47,paid,2535.02,0,
CM002223,CL002234,VH003519,,PR000105,PR000215,rear_end_collision,snow,2023-09-05,False,0,2,6874.15,under_review,,0,
CM003765,CL003422,VH002532,PR000035,PR000145,,rear_end_collision,rain,2023-01-01,True,1,0,1992.81,under_review,,0,
CM003867,CL003147,VH002464,PR000234,PR000128,,multi_vehicle_pileup,rain,2025-04-22,True,0,2,8497.6,paid,8059.81,0,
CM007274,CL002323,VH003383,PR000206,PR000090,,rear_end_collision,rain,2023-10-03,True,2,0,5399.75,paid,5119.52,0,
CM007732,CL000269,VH001899,PR000152,PR000132,,parking_lot,rain,2024-03-10,False,0,0,9191.79,paid,8938.8,0,
CM005280,CL002747,VH001534,PR000146,PR000123,PR000101,sideswipe,snow,2025-03-14,True,0,1,461.86,paid,453.64,0,
CM005602,CL001084,VH003003,PR000006,PR000094,,parking_lot,clear,2023-05-15,True,0,1,2810.66,paid,2588.89,0,
CM003759,CL000369,VH001944,,PR000228,PR000100,sideswipe,rain,2024-09-22,True,0,1,1879.17,paid,1837.84,0,
CM006427,CL001564,VH003698,,PR000080,,single_vehicle,clear,2023-05-29,True,0,0,12252.0,paid,11234.15,0,
CM003228,CL001895,VH001144,,PR000150,,sideswipe,rain,2024-01-31,False,0,0,674.82,paid,636.01,0,
CM006164,CL001839,VH002251,,,PR000213,multi_vehicle_pileup,clear,2023-07-01,True,0,1,3338.22,paid,3129.28,0,
CM006761,CL001906,VH001844,PR000219,,,rear_end_collision,rain,2024-05-05,True,0,2,3974.61,paid,3764.53,0,
CM003905,CL001096,VH000181,,PR000050,,single_vehicle,rain,2024-01-19,True,0,0,1752.77,paid,1617.27,0,
CM002278,CL001189,VH000635,PR000025,PR000184,,parking_lot,clear,2023-06-14,False,1,1,3942.89,paid,3744.76,0,
CM006887,CL002865,VH000542,PR000073,PR000084,,single_vehicle,clear,2024-12-12,False,0,1,1071.25,paid,996.28,0,
CM001402,CL001927,VH001328,PR000208,PR000184,,single_vehicle,clear,2025-12-31,False,1,0,818.12,denied,0.0,0,
CM000740,CL000889,VH003676,,,,single_vehicle,fog,2024-01-29,True,0,3,4539.52,paid,4383.66,0,
CM004267,CL002837,VH000808,PR000039,PR000163,,rear_end_collision,clear,2023-11-24,False,0,0,2651.48,paid,2431.73,0,
CM008797,CL003164,VH001804,PR000106,PR000203,PR000230,parking_lot,rain,2024-01-28,False,0,0,4838.83,denied,0.0,1,RING015
CM005805,CL003676,VH003839,,PR000143,,sideswipe,clear,2025-07-27,True,4,1,4650.27,denied,0.0,0,
CM006018,CL003166,VH003697,PR000235,,,sideswipe,clear,2025-03-02,True,2,0,3702.57,paid,3391.84,0,
CM003852,CL001641,VH003290,PR000114,PR000210,,multi_vehicle_pileup,clear,2024-04-13,True,1,2,2254.67,paid,2241.64,0,
CM007217,CL001635,VH002295,,PR000210,,single_vehicle,clear,2024-07-30,True,0,0,1372.52,paid,1309.4,0,
CM006474,CL000747,VH002915,,PR000191,,parking_lot,fog,2024-01-31,False,1,0,4914.93,paid,4679.13,0,
CM006030,CL002588,VH001673,,PR000205,,multi_vehicle_pileup,snow,2023-06-10,True,0,0,5497.43,under_review,,0,
CM005415,CL000836,VH002920,,PR000062,,rear_end_collision,clear,2024-12-09,False,0,3,3886.38,under_review,,0,
CM000675,CL000282,VH001726,PR000082,PR000241,,sideswipe,clear,2025-09-30,True,0,0,2897.52,paid,2670.65,0,
CM005607,CL001871,VH000834,,PR000123,,single_vehicle,clear,2025-04-27,True,0,3,7747.47,paid,7142.72,0,
CM005041,CL001740,VH000406,,PR000181,,single_vehicle,fog,2023-12-15,False,0,3,3503.64,paid,3181.08,0,
CM003842,CL003217,VH002801,PR000247,PR000005,PR000061,single_vehicle,fog,2023-03-04,True,1,0,5303.05,paid,4941.88,0,
CM001816,CL002811,VH001912,,PR000145,,parking_lot,clear,2023-04-27,True,0,1,1188.44,paid,1102.99,0,
CM006700,CL001431,VH000578,PR000063,PR000172,,parking_lot,snow,2023-08-10,False,0,1,3638.04,paid,3314.97,0,
CM008779,CL003418,VH002962,PR000156,PR000174,PR000122,single_vehicle,fog,2023-07-26,True,0,0,2742.74,paid,2716.02,1,RING014
CM008196,CL003996,VH002185,,,,parking_lot,snow,2025-03-02,True,1,0,5984.32,paid,5982.12,0,
CM004654,CL003371,VH001620,PR000156,PR000038,,single_vehicle,clear,2024-10-19,True,0,0,5955.7,paid,5566.19,0,
CM006346,CL000812,VH000618,,PR000197,,parking_lot,clear,2024-02-15,False,1,0,941.93,under_review,,0,
CM002101,CL003739,VH003034,,PR000083,,multi_vehicle_pileup,clear,2025-07-11,True,0,1,2615.92,paid,2389.06,0,
CM008081,CL002134,VH002149,PR000192,PR000045,,sideswipe,clear,2025-05-26,True,0,1,1507.42,paid,1392.8,0,
CM002102,CL001330,VH001121,PR000238,PR000224,,parking_lot,clear,2025-11-02,False,0,1,3854.32,paid,3819.24,0,
CM004214,CL003869,VH000623,,PR000097,,sideswipe,clear,2024-07-19,False,0,0,3970.81,paid,3705.35,0,
CM007117,CL000549,VH000732,,PR000209,PR000100,rear_end_collision,clear,2023-06-17,True,0,0,3759.41,paid,3606.64,0,
CM001549,CL001334,VH003517,,PR000182,,multi_vehicle_pileup,clear,2023-05-14,True,1,1,1586.72,denied,0.0,0,
CM005071,CL000654,VH003537,PR000093,PR000029,,parking_lot,rain,2024-07-25,True,0,1,3013.03,under_review,,0,
CM003324,CL000751,VH002271,,PR000241,,sideswipe,clear,2025-06-08,False,0,0,6441.29,under_review,,0,
CM005736,CL002604,VH001932,,PR000199,,single_vehicle,clear,2023-12-02,True,0,0,2602.04,under_review,,0,
CM000356,CL003650,VH001216,,PR000015,,sideswipe,clear,2025-05-22,True,0,0,4465.82,paid,4405.69,0,
CM001462,CL000914,VH001317,PR000159,PR000009,,sideswipe,clear,2024-02-10,True,0,0,5115.18,paid,4931.71,0,
CM006023,CL003551,VH003705,PR000223,PR000161,,single_vehicle,snow,2023-09-10,True,0,2,3076.45,paid,3005.58,0,
CM008370,CL003871,VH002457,PR000118,PR000105,,rear_end_collision,clear,2024-03-07,True,0,1,4812.5,paid,4498.55,0,
CM003221,CL002283,VH003345,PR000088,,,parking_lot,clear,2025-10-28,True,1,0,1991.59,under_review,,0,
CM008868,CL000154,VH002667,PR000049,PR000045,,single_vehicle,clear,2024-09-10,True,4,0,3343.56,partially_paid,1376.43,1,RING018
CM006224,CL000250,VH000288,PR000022,PR000179,PR000139,parking_lot,fog,2025-07-07,True,0,0,7916.75,paid,7519.38,0,
CM001752,CL000134,VH003421,,PR000123,,single_vehicle,clear,2025-08-11,True,0,1,5355.19,denied,0.0,0,
CM006322,CL001592,VH002606,PR000059,PR000105,,sideswipe,clear,2024-11-21,True,0,0,2899.41,paid,2839.31,0,
CM006001,CL000275,VH002107,PR000231,PR000105,,multi_vehicle_pileup,rain,2024-01-01,True,0,4,1906.86,paid,1758.44,0,
CM001773,CL001446,VH003163,PR000023,,,rear_end_collision,clear,2025-01-15,True,0,0,3771.98,paid,3462.44,0,
CM001197,CL001534,VH001997,,PR000107,,parking_lot,fog,2024-07-13,True,1,0,4672.24,paid,4228.93,0,
CM001879,CL000537,VH001340,,PR000037,,sideswipe,fog,2025-02-08,True,0,0,1372.95,paid,1369.62,0,
CM002669,CL003217,VH001335,,,,parking_lot,rain,2025-07-23,True,0,0,3144.67,paid,3073.85,0,
CM003172,CL000343,VH000867,,PR000108,,rear_end_collision,clear,2025-11-13,True,0,3,989.8,denied,0.0,0,
CM002017,CL003282,VH001397,PR000125,PR000218,,rear_end_collision,clear,2025-03-21,True,0,0,2814.47,paid,2588.96,0,
CM002006,CL003051,VH003624,,,,sideswipe,clear,2023-11-06,True,0,0,6396.51,paid,6029.15,0,
CM003894,CL003378,VH001690,PR000081,PR000145,,multi_vehicle_pileup,clear,2023-07-31,False,0,1,4212.98,paid,4128.07,0,
CM003238,CL001353,VH000753,,PR000163,,parking_lot,fog,2024-11-03,False,0,0,10855.55,paid,10167.03,0,
CM004425,CL003112,VH000278,PR000081,PR000069,,parking_lot,clear,2025-02-16,False,0,0,1595.51,paid,1580.09,0,
CM004745,CL001401,VH002408,,,,sideswipe,clear,2023-12-24,False,1,0,4627.86,paid,4430.19,0,
CM002079,CL000363,VH002836,PR000234,,PR000147,rear_end_collision,clear,2024-12-07,True,0,0,1205.07,paid,1199.75,0,
CM000397,CL003244,VH001993,PR000227,PR000060,,parking_lot,clear,2025-03-07,True,0,0,4288.74,paid,4279.01,0,
CM002789,CL000931,VH000260,,PR000165,,multi_vehicle_pileup,clear,2023-04-17,False,0,0,7580.11,paid,7293.69,0,
CM005647,CL001492,VH003510,,PR000117,,single_vehicle,clear,2025-09-16,True,0,1,8386.75,paid,7670.11,0,
CM004073,CL003401,VH000479,PR000104,PR000140,,multi_vehicle_pileup,clear,2024-08-18,False,0,0,4271.83,paid,4243.94,0,
CM006753,CL003658,VH001276,PR000159,PR000181,,rear_end_collision,clear,2024-03-22,True,0,1,4340.01,paid,4278.07,0,
CM008478,CL003089,VH001698,PR000248,PR000124,PR000020,single_vehicle,clear,2025-06-02,True,0,0,1693.71,paid,1666.2,1,RING002
CM006876,CL000057,VH000023,,,,sideswipe,clear,2025-06-08,True,0,1,2071.59,paid,1936.51,0,
CM001520,CL000319,VH001101,PR000022,PR000094,,multi_vehicle_pileup,clear,2023-01-08,True,0,0,1878.02,paid,1859.74,0,
CM006461,CL003793,VH000754,PR000168,PR000207,PR000139,multi_vehicle_pileup,clear,2023-10-23,True,0,1,3440.94,under_review,,0,
CM001379,CL003425,VH001132,,PR000052,PR000061,sideswipe,clear,2024-09-26,True,0,1,8931.93,paid,8807.12,0,
CM001024,CL003320,VH000770,,,,parking_lot,clear,2024-09-24,True,0,2,2095.97,paid,2073.15,0,
CM002588,CL002836,VH000807,PR000120,PR000178,PR000185,rear_end_collision,clear,2025-04-19,True,1,0,3264.44,paid,3146.71,0,
CM006034,CL000029,VH001654,,PR000209,,rear_end_collision,clear,2023-10-22,True,2,3,3894.03,paid,3519.53,0,
CM005009,CL000484,VH001599,PR000249,PR000018,,rear_end_collision,clear,2024-09-24,True,1,0,3433.25,paid,3246.21,0,
CM002858,CL002620,VH000806,PR000085,PR000045,,multi_vehicle_pileup,rain,2024-07-10,False,0,2,1029.5,denied,0.0,0,
CM006555,CL001697,VH001847,PR000114,,,multi_vehicle_pileup,clear,2024-07-24,True,0,2,2221.14,paid,2213.02,0,
CM007499,CL003610,VH003086,,,,parking_lot,clear,2025-08-22,False,0,0,4927.98,paid,4810.79,0,
CM001630,CL002645,VH003829,,PR000042,,multi_vehicle_pileup,clear,2024-02-13,True,0,2,5312.31,paid,5194.62,0,
CM004889,CL003362,VH000973,PR000148,PR000028,,multi_vehicle_pileup,fog,2025-02-01,True,0,1,5414.37,under_review,,0,
CM004527,CL000587,VH000966,PR000164,PR000110,,single_vehicle,clear,2025-05-11,True,0,1,1531.78,paid,1505.26,0,
CM003524,CL003975,VH003528,,,PR000147,sideswipe,clear,2024-01-10,True,0,1,6584.39,paid,6086.35,0,
CM006147,CL003203,VH001121,,PR000094,,rear_end_collision,rain,2025-02-13,False,0,0,1379.31,paid,1246.57,0,
CM003608,CL002019,VH002234,PR000146,PR000086,,rear_end_collision,clear,2024-08-12,True,0,0,3783.1,paid,3568.97,0,
CM008400,CL001370,VH001494,,PR000226,,multi_vehicle_pileup,clear,2024-05-31,True,1,0,1981.04,paid,1974.47,0,
CM000235,CL002715,VH001079,,PR000115,,rear_end_collision,rain,2025-10-21,True,1,1,4824.5,paid,4614.0,0,
CM006126,CL002056,VH002409,,PR000094,,parking_lot,clear,2025-11-13,True,1,1,4125.73,paid,3747.82,0,
CM003797,CL002262,VH002976,PR000127,PR000080,,parking_lot,clear,2023-09-11,True,0,1,9083.31,under_review,,0,
CM004119,CL003123,VH001762,PR000125,PR000183,,multi_vehicle_pileup,clear,2023-08-29,True,0,0,3170.6,paid,3010.27,0,
CM005002,CL003742,VH002427,PR000222,PR000165,,parking_lot,clear,2023-06-25,True,0,2,1783.61,paid,1709.47,0,
CM003801,CL000700,VH000559,PR000120,PR000107,,multi_vehicle_pileup,clear,2025-07-21,True,2,0,3218.71,under_review,,0,
CM005958,CL002655,VH000199,PR000212,PR000005,,sideswipe,rain,2025-09-28,True,0,1,3356.26,paid,3186.84,0,
CM008579,CL003217,VH001977,PR000064,PR000000,,multi_vehicle_pileup,clear,2023-07-10,False,0,0,2732.19,paid,2481.88,1,RING005
CM005025,CL002633,VH000504,PR000187,PR000133,PR000147,sideswipe,clear,2025-04-12,False,0,0,1632.98,paid,1504.29,0,
CM001949,CL002749,VH003938,,PR000220,PR000054,multi_vehicle_pileup,rain,2025-10-20,True,0,0,2366.11,paid,2344.5,0,
CM000471,CL000833,VH000392,,,,single_vehicle,rain,2024-04-23,False,0,1,4289.46,under_review,,0,
CM005964,CL000712,VH002644,,PR000226,,rear_end_collision,clear,2025-09-06,False,0,0,1698.78,paid,1603.98,0,
CM003493,CL000720,VH001891,,,,parking_lot,clear,2025-09-22,True,0,0,7842.31,paid,7520.67,0,
CM002672,CL000167,VH000701,PR000074,PR000184,,single_vehicle,rain,2023-04-08,True,0,3,1108.38,paid,1094.05,0,
CM007991,CL000628,VH001023,,PR000028,,sideswipe,clear,2023-06-19,True,1,0,3977.11,paid,3803.22,0,
CM002225,CL000836,VH003542,PR000248,PR000083,,multi_vehicle_pileup,clear,2025-01-12,False,0,0,1221.97,paid,1206.48,0,
CM001107,CL002306,VH003409,PR000159,PR000045,,rear_end_collision,clear,2023-12-28,True,0,0,4547.83,paid,4103.36,0,
CM007911,CL002406,VH003760,,PR000205,,single_vehicle,clear,2025-01-08,True,0,0,4282.5,paid,4275.67,0,
CM000819,CL001338,VH001303,,PR000191,,single_vehicle,clear,2024-05-24,False,0,1,1852.25,paid,1816.65,0,
CM004524,CL001239,VH002098,PR000043,,,single_vehicle,clear,2024-04-08,False,0,1,5313.54,paid,5001.8,0,
CM007483,CL002834,VH003702,,PR000228,,multi_vehicle_pileup,clear,2024-10-14,True,1,0,1383.31,paid,1255.72,0,
CM007402,CL002654,VH000624,,PR000202,PR000135,rear_end_collision,clear,2023-03-19,False,0,1,3796.33,paid,3732.74,0,
CM005611,CL000435,VH003077,PR000190,PR000080,,single_vehicle,clear,2024-09-02,True,0,1,3510.0,paid,3434.19,0,
CM008376,CL002508,VH000901,,,,multi_vehicle_pileup,clear,2024-11-26,True,0,3,6337.57,paid,6164.5,0,
CM000889,CL001182,VH001934,PR000022,PR000194,PR000213,single_vehicle,snow,2025-07-09,True,1,1,2136.59,paid,2084.41,0,
CM002438,CL001688,VH001827,,PR000123,,single_vehicle,rain,2023-06-03,True,0,1,2851.82,under_review,,0,
CM000818,CL003954,VH003157,PR000089,PR000183,PR000230,parking_lot,clear,2023-10-04,True,1,0,3551.29,paid,3372.05,0,
CM003415,CL002964,VH002472,,PR000097,,single_vehicle,clear,2025-01-08,True,0,0,7897.38,paid,7211.72,0,
CM002342,CL001070,VH001715,PR000144,PR000055,,sideswipe,rain,2024-07-13,False,0,2,1875.95,paid,1842.77,0,
CM007880,CL001557,VH003792,,PR000109,,parking_lot,snow,2024-03-15,True,0,1,8234.95,paid,7429.23,0,
CM003168,CL000154,VH003641,PR000022,PR000132,PR000232,multi_vehicle_pileup,clear,2024-03-31,True,0,0,11543.62,paid,11520.97,0,
CM007105,CL000540,VH003970,,PR000099,,rear_end_collision,clear,2025-06-13,True,0,2,1770.71,paid,1603.43,0,
CM006340,CL000307,VH003486,,PR000182,,rear_end_collision,clear,2023-12-26,True,1,0,1137.75,paid,1114.0,0,
CM001265,CL000919,VH001005,PR000001,PR000041,,sideswipe,rain,2025-11-22,True,0,0,2702.32,paid,2680.33,0,
CM005087,CL003460,VH002561,PR000216,PR000211,,multi_vehicle_pileup,rain,2024-07-28,True,2,1,1682.99,paid,1534.78,0,
CM004450,CL003606,VH002056,PR000076,PR000225,,rear_end_collision,clear,2024-04-28,False,2,0,4837.98,paid,4388.43,0,
CM004946,CL000196,VH000004,PR000106,PR000045,,sideswipe,clear,2024-09-29,True,0,0,17035.97,paid,16743.36,0,
CM004046,CL003048,VH001754,,PR000115,,single_vehicle,clear,2023-01-04,False,0,0,1984.96,paid,1884.62,0,
CM008034,CL001723,VH002398,PR000146,PR000172,,rear_end_collision,clear,2025-08-25,False,0,0,4095.16,paid,3906.01,0,
CM006779,CL003522,VH000152,,PR000184,PR000155,parking_lot,clear,2023-04-04,True,1,1,5807.13,paid,5798.36,0,
CM001229,CL003305,VH003568,PR000073,,,rear_end_collision,fog,2023-08-23,True,2,2,4863.28,paid,4562.36,0,
CM005747,CL003522,VH001907,PR000125,PR000124,,parking_lot,clear,2024-04-27,True,0,1,5165.55,paid,5024.77,0,
CM000053,CL002680,VH002717,PR000195,PR000201,,rear_end_collision,snow,2024-12-30,True,0,0,11106.15,paid,10617.91,0,
CM005788,CL001530,VH003442,PR000200,PR000015,PR000007,multi_vehicle_pileup,clear,2023-02-06,True,0,0,2365.23,denied,0.0,0,
CM006796,CL003692,VH002707,,PR000140,,parking_lot,clear,2025-05-30,True,0,0,4535.99,paid,4204.41,0,
CM000160,CL002266,VH003994,,PR000142,,multi_vehicle_pileup,clear,2023-12-06,True,1,0,4514.01,denied,0.0,0,
CM005961,CL000916,VH002230,PR000004,PR000224,,multi_vehicle_pileup,clear,2023-08-01,True,0,1,5512.74,paid,5295.42,0,
CM001588,CL002980,VH000477,PR000010,PR000202,,sideswipe,clear,2023-07-11,True,0,1,3387.75,paid,3238.44,0,
CM001590,CL002908,VH001640,,PR000124,,sideswipe,clear,2024-12-10,True,0,0,3855.78,paid,3516.54,0,
CM005493,CL000533,VH000449,,PR000047,PR000016,sideswipe,clear,2023-10-28,True,0,0,801.53,paid,728.79,0,
CM007931,CL003510,VH003272,,,,rear_end_collision,clear,2024-04-01,True,0,0,5451.63,paid,5263.23,0,
CM007176,CL003867,VH002988,PR000119,PR000052,,rear_end_collision,snow,2024-05-17,False,2,1,3864.02,under_review,,0,
CM003859,CL001165,VH002885,,PR000009,,single_vehicle,clear,2024-08-03,True,0,0,4555.12,paid,4186.3,0,
CM005295,CL001888,VH003227,PR000021,PR000163,,parking_lot,clear,2023-05-06,True,0,0,590.07,paid,541.66,0,
CM002829,CL000635,VH000749,,PR000083,,sideswipe,snow,2025-01-15,True,0,2,2328.13,paid,2147.0,0,
CM000437,CL002577,VH001690,PR000119,PR000172,,multi_vehicle_pileup,clear,2023-07-10,True,0,0,3080.4,paid,2835.46,0,
CM006437,CL003510,VH000706,,PR000005,,rear_end_collision,clear,2025-08-16,True,0,1,1615.98,paid,1546.09,0,
CM003879,CL003974,VH000949,PR000064,PR000131,,multi_vehicle_pileup,clear,2023-05-01,True,0,0,2212.06,paid,2107.3,0,
CM001589,CL000146,VH001607,,PR000194,,sideswipe,rain,2023-04-09,True,0,0,1417.85,paid,1305.35,0,
CM002781,CL003980,VH002014,,PR000009,,multi_vehicle_pileup,clear,2025-04-29,True,0,0,3899.91,paid,3706.49,0,
CM007808,CL000224,VH000137,PR000043,PR000111,,single_vehicle,fog,2025-02-22,False,1,0,9592.79,under_review,,0,
CM007091,CL003763,VH000168,PR000192,PR000132,,rear_end_collision,clear,2025-04-24,True,0,0,4531.15,denied,0.0,0,
CM007407,CL000459,VH000950,,PR000173,,multi_vehicle_pileup,rain,2023-05-29,True,0,3,406.94,paid,380.69,0,
CM004728,CL003006,VH003860,PR000063,PR000045,,multi_vehicle_pileup,clear,2024-08-10,False,0,0,2323.98,paid,2232.52,0,
CM000974,CL002752,VH003346,PR000235,PR000163,PR000155,single_vehicle,fog,2024-07-30,False,0,1,4743.39,paid,4635.55,0,
CM001239,CL000492,VH000807,,,,parking_lot,rain,2024-03-17,True,0,0,554.81,paid,536.17,0,
CM002952,CL000080,VH000405,PR000076,PR000111,,sideswipe,clear,2023-09-15,True,0,2,4634.8,paid,4287.8,0,
CM002343,CL002828,VH000115,PR000192,PR000086,,single_vehicle,clear,2024-01-16,True,0,2,6483.27,paid,5836.6,0,
CM005776,CL002641,VH000022,PR000057,PR000221,,sideswipe,clear,2024-06-04,True,0,1,1758.59,under_review,,0,
CM008190,CL001535,VH003302,PR000239,PR000128,,single_vehicle,clear,2023-12-30,True,0,1,1724.74,paid,1577.07,0,
CM005213,CL000938,VH003896,,PR000092,,rear_end_collision,clear,2024-09-27,True,0,1,2993.1,paid,2713.87,0,
CM001498,CL000750,VH003303,,PR000092,,parking_lot,clear,2024-05-21,True,0,0,9322.33,under_review,,0,
CM004546,CL001816,VH002955,PR000036,PR000029,,multi_vehicle_pileup,rain,2024-12-18,False,0,1,6567.32,paid,6562.82,0,
CM004258,CL003442,VH002778,,PR000246,PR000130,multi_vehicle_pileup,clear,2023-06-15,True,1,1,1516.06,paid,1482.29,0,
CM002423,CL003573,VH003493,,PR000062,,single_vehicle,snow,2023-03-25,True,0,0,953.19,paid,931.01,0,
CM000358,CL002442,VH002224,PR000056,PR000246,,multi_vehicle_pileup,clear,2023-01-01,False,0,0,7250.88,denied,0.0,0,
CM006323,CL001208,VH002483,,PR000090,,parking_lot,clear,2025-05-16,True,0,1,7174.0,paid,6472.92,0,
CM008233,CL003916,VH003642,PR000248,PR000241,,single_vehicle,rain,2025-03-10,True,0,0,3182.64,paid,3075.2,0,
CM002093,CL000504,VH002732,,PR000062,,rear_end_collision,clear,2025-04-15,True,2,1,8909.33,paid,8654.69,0,
CM002016,CL001158,VH000805,PR000192,PR000094,,sideswipe,clear,2025-08-13,True,1,1,3081.1,paid,2898.68,0,
CM007938,CL000261,VH003554,,PR000108,PR000122,rear_end_collision,snow,2025-04-28,False,0,0,3193.09,paid,3065.81,0,
CM007009,CL003186,VH000603,,,,single_vehicle,clear,2023-01-10,False,0,1,4611.1,paid,4471.21,0,
CM000188,CL002024,VH002060,PR000227,PR000205,,single_vehicle,rain,2023-02-07,True,0,1,2991.77,paid,2913.53,0,
CM005426,CL001636,VH003703,,PR000028,,sideswipe,clear,2023-06-09,False,1,2,1512.9,paid,1395.22,0,
CM003656,CL001821,VH002493,,PR000221,,rear_end_collision,clear,2025-02-22,True,0,1,3097.01,paid,3078.68,0,
CM003427,CL000216,VH000059,PR000043,PR000194,,multi_vehicle_pileup,fog,2025-05-03,True,0,1,7599.9,paid,7324.85,0,
CM008266,CL002755,VH002757,,PR000092,,single_vehicle,rain,2023-04-16,True,1,1,800.32,denied,0.0,0,
CM001382,CL003291,VH001160,PR000235,PR000117,,sideswipe,snow,2024-05-24,False,0,1,3964.85,denied,0.0,0,
CM005943,CL002808,VH002917,PR000156,PR000151,,multi_vehicle_pileup,clear,2023-08-06,True,0,0,1188.76,paid,1146.26,0,
CM000414,CL003510,VH000099,PR000078,PR000052,PR000054,parking_lot,clear,2024-06-19,True,0,0,8814.89,paid,8147.24,0,
CM005038,CL002518,VH000921,,PR000099,,parking_lot,clear,2025-01-27,True,0,0,6044.16,paid,5651.86,0,
CM004898,CL001161,VH000431,,PR000121,,multi_vehicle_pileup,clear,2024-01-16,True,0,1,10347.19,paid,9929.02,0,
CM003337,CL001167,VH002800,PR000019,PR000011,,rear_end_collision,clear,2025-02-10,True,3,0,7664.46,under_review,,0,
CM003607,CL002807,VH000536,,PR000041,PR000177,single_vehicle,rain,2024-05-17,True,0,2,6153.14,paid,5815.04,0,
CM003176,CL002522,VH001609,PR000002,PR000143,,parking_lot,clear,2024-09-27,False,1,1,2374.74,paid,2355.43,0,
CM008292,CL000170,VH002180,PR000035,PR000111,PR000230,sideswipe,clear,2025-08-27,True,1,1,1859.19,paid,1705.44,0,
CM008662,CL002404,VH002948,PR000114,PR000243,,parking_lot,fog,2024-12-23,True,2,0,3934.15,paid,3663.0,1,RING009
CM007946,CL000713,VH003363,PR000152,,,parking_lot,clear,2024-03-25,True,0,1,7084.16,paid,6629.09,0,
CM000257,CL000075,VH001098,PR000008,PR000009,,single_vehicle,snow,2025-06-18,False,0,0,3687.07,paid,3507.07,0,
CM005587,CL000628,VH003754,PR000212,PR000079,,multi_vehicle_pileup,rain,2025-10-22,True,0,1,4372.84,paid,3964.09,0,
CM000201,CL002078,VH002753,,PR000115,,multi_vehicle_pileup,clear,2025-10-16,True,0,1,1047.33,paid,959.94,0,
CM002236,CL000806,VH001176,PR000003,PR000028,,sideswipe,snow,2025-01-04,True,0,1,4113.13,paid,4002.95,0,
CM004744,CL000989,VH002529,PR000198,PR000145,,rear_end_collision,clear,2025-09-15,True,1,0,703.7,paid,675.33,0,
CM001768,CL001218,VH002587,PR000088,PR000204,,single_vehicle,clear,2025-09-16,False,0,1,13546.51,denied,0.0,0,
CM004237,CL002159,VH001748,,PR000169,,rear_end_collision,clear,2025-05-10,True,0,1,5160.37,paid,5158.45,0,
CM007309,CL000452,VH000738,PR000039,PR000123,,sideswipe,rain,2024-05-13,True,0,0,5594.71,paid,5396.08,0,
CM001573,CL003472,VH003172,PR000249,PR000069,,rear_end_collision,clear,2023-09-29,True,0,0,2764.09,paid,2707.24,0,
CM000025,CL001122,VH002079,PR000118,PR000028,,parking_lot,clear,2025-11-21,False,0,3,6626.01,paid,5976.72,0,
CM007591,CL003894,VH001413,,PR000134,PR000007,rear_end_collision,fog,2023-01-20,False,0,0,1375.84,paid,1357.71,0,
CM001089,CL000629,VH003431,PR000227,PR000037,,sideswipe,rain,2024-03-09,True,0,0,5009.8,paid,4678.7,0,
CM004675,CL001825,VH001482,,PR000045,,single_vehicle,clear,2025-01-04,True,0,0,1618.55,paid,1467.88,0,
CM002695,CL000570,VH000406,PR000222,,,rear_end_collision,clear,2024-12-05,True,0,0,1141.91,paid,1096.27,0,
CM008330,CL000518,VH003062,PR000014,PR000058,,multi_vehicle_pileup,rain,2025-06-28,True,0,0,7942.18,paid,7581.17,0,
CM003399,CL003494,VH000768,,PR000131,,sideswipe,snow,2025-01-09,True,1,2,641.96,paid,640.89,0,
CM003560,CL003294,VH001340,PR000153,PR000194,,single_vehicle,rain,2025-12-11,True,0,3,5763.15,paid,5704.87,0,
CM008104,CL002349,VH001748,PR000167,PR000090,,parking_lot,clear,2025-04-01,True,0,3,4145.87,denied,0.0,0,
CM002842,CL003429,VH003263,,PR000040,,rear_end_collision,snow,2023-05-24,False,0,1,2495.76,paid,2295.76,0,
CM002312,CL002056,VH002076,,PR000143,PR000232,sideswipe,clear,2023-01-24,False,0,0,3218.5,paid,3142.29,0,
CM006696,CL001823,VH001022,PR000190,PR000042,,rear_end_collision,clear,2024-05-13,False,1,0,1038.56,paid,947.17,0,
CM003235,CL002053,VH001270,PR000156,,,rear_end_collision,clear,2024-05-11,True,0,0,4929.49,paid,4604.62,0,
CM004153,CL003282,VH000964,PR000004,PR000009,,parking_lot,fog,2025-05-27,True,1,0,861.35,paid,860.81,0,
CM001310,CL002624,VH003023,PR000035,PR000197,,rear_end_collision,clear,2023-06-06,True,0,0,3214.64,paid,3096.97,0,
CM000696,CL001781,VH000252,PR000170,PR000132,,single_vehicle,clear,2025-06-16,True,0,0,724.59,paid,676.28,0,
CM005278,CL003671,VH001343,,PR000246,,parking_lot,clear,2024-11-23,True,0,1,805.23,paid,756.52,0,
CM003753,CL002763,VH001069,,,PR000177,sideswipe,clear,2024-07-28,True,1,3,3033.14,under_review,,0,
CM001228,CL003937,VH000202,,PR000037,,parking_lot,rain,2025-09-11,True,0,0,2973.36,paid,2838.95,0,
CM002000,CL003549,VH002508,PR000025,PR000229,,multi_vehicle_pileup,rain,2025-08-03,True,1,0,9296.69,paid,8974.1,0,
CM000277,CL002872,VH001562,PR000156,PR000037,,rear_end_collision,clear,2024-04-21,True,0,0,7502.33,paid,7232.47,0,
CM005355,CL002017,VH002993,PR000004,PR000105,,parking_lot,clear,2025-07-08,False,1,1,617.36,paid,567.54,0,
CM005599,CL003990,VH000694,PR000002,PR000131,,sideswipe,rain,2025-09-15,False,0,0,1122.2,paid,1116.86,0,
CM007607,CL000143,VH000562,,,,multi_vehicle_pileup,clear,2023-10-22,True,1,1,3297.07,paid,3120.89,0,
CM003638,CL003617,VH002926,,PR000000,,sideswipe,clear,2023-08-03,True,0,1,9283.64,denied,0.0,0,
CM006521,CL000163,VH001521,PR000198,PR000176,,rear_end_collision,clear,2023-03-14,True,1,0,2064.25,under_review,,0,
CM004779,CL003790,VH001249,,,PR000007,parking_lot,clear,2025-12-02,True,1,0,3692.73,paid,3555.18,0,
CM008653,CL003398,VH001349,PR000114,PR000243,,multi_vehicle_pileup,fog,2025-01-06,True,0,1,6540.55,denied,0.0,1,RING009
CM004118,CL002217,VH002298,PR000214,PR000166,,parking_lot,clear,2023-04-19,True,0,2,3379.8,paid,3158.49,0,
CM008529,CL000340,VH002152,PR000214,PR000115,PR000147,rear_end_collision,fog,2023-11-17,False,0,0,7304.84,denied,0.0,1,RING004
CM001138,CL002518,VH000891,PR000148,PR000243,,sideswipe,snow,2023-12-29,False,1,0,5143.56,paid,4984.67,0,
CM002768,CL002572,VH002566,,PR000142,,sideswipe,clear,2025-08-14,False,0,0,1666.94,paid,1561.61,0,
CM008058,CL003213,VH000037,PR000004,PR000037,,rear_end_collision,rain,2025-02-03,True,0,1,3244.71,paid,3168.26,0,
CM006087,CL001671,VH002801,,PR000225,,rear_end_collision,clear,2024-02-24,True,1,2,3095.89,paid,2997.06,0,
CM000943,CL000848,VH000172,,PR000024,,rear_end_collision,clear,2024-08-18,True,0,0,680.2,paid,670.03,0,
CM006813,CL002520,VH001659,,PR000058,,rear_end_collision,clear,2023-07-12,True,0,0,5488.36,paid,5466.22,0,
CM007741,CL003160,VH002931,,PR000091,,rear_end_collision,snow,2025-06-12,True,0,2,8048.58,paid,7509.14,0,
CM004936,CL001970,VH001483,,PR000027,,multi_vehicle_pileup,clear,2024-04-21,True,0,1,556.16,paid,525.35,0,
CM003936,CL001516,VH002024,PR000248,PR000075,,sideswipe,fog,2025-09-09,False,0,1,1592.29,paid,1524.84,0,
CM005505,CL001166,VH000850,PR000063,PR000133,,parking_lot,rain,2025-02-07,True,1,2,4340.17,paid,4250.85,0,
CM002385,CL003376,VH000351,,PR000047,PR000044,multi_vehicle_pileup,rain,2024-10-12,True,0,3,1663.36,paid,1539.75,0,
CM000116,CL003301,VH002874,PR000068,PR000084,PR000101,parking_lot,snow,2025-10-22,False,0,1,1386.76,paid,1333.19,0,
CM006728,CL001966,VH002333,PR000073,PR000245,,single_vehicle,clear,2025-01-24,True,0,1,2673.23,paid,2480.62,0,
CM008902,CL002869,VH002175,PR000235,PR000097,PR000130,rear_end_collision,clear,2023-02-23,False,0,0,1737.01,paid,1595.08,1,RING019
CM003120,CL000593,VH003893,PR000235,PR000105,,single_vehicle,clear,2023-11-26,True,0,2,4088.86,paid,3881.9,0,
CM004259,CL000701,VH000258,,,,rear_end_collision,clear,2023-02-25,True,0,3,2912.0,paid,2889.65,0,
CM005307,CL002367,VH001356,PR000236,,,single_vehicle,clear,2023-08-03,True,1,0,2047.33,paid,2000.81,0,
CM006921,CL000238,VH003239,PR000065,PR000060,,multi_vehicle_pileup,clear,2024-10-19,True,0,1,2411.44,paid,2365.18,0,
CM002820,CL001577,VH000576,,PR000110,PR000141,parking_lot,clear,2023-12-28,False,0,0,2697.44,paid,2622.66,0,
CM003823,CL001188,VH000600,PR000088,PR000224,,sideswipe,clear,2024-02-03,False,0,0,1631.37,paid,1540.82,0,
CM007992,CL000780,VH000454,PR000089,PR000042,,sideswipe,fog,2025-05-23,True,0,0,3408.74,paid,3257.81,0,
CM004700,CL002644,VH002566,,PR000157,,rear_end_collision,clear,2024-11-13,True,0,0,1232.27,under_review,,0,
CM007698,CL000506,VH001600,PR000125,PR000180,,sideswipe,rain,2025-01-04,False,0,0,4919.14,paid,4476.13,0,
CM003803,CL001883,VH003270,PR000216,,PR000155,sideswipe,clear,2024-04-27,False,0,0,3783.29,paid,3697.55,0,
CM003537,CL002516,VH001091,PR000025,PR000201,,parking_lot,rain,2024-04-27,False,0,0,2264.94,paid,2045.32,0,
CM003826,CL003847,VH001827,,PR000117,,rear_end_collision,clear,2023-04-16,False,0,1,1666.8,paid,1565.5,0,
CM008240,CL003716,VH002293,PR000171,PR000028,PR000061,sideswipe,clear,2024-12-22,True,1,2,3728.01,paid,3571.89,0,
CM007174,CL000501,VH002233,PR000189,,,sideswipe,clear,2024-04-23,True,0,1,2146.32,paid,2079.92,0,
CM004811,CL002213,VH003777,PR000144,PR000157,,multi_vehicle_pileup,clear,2025-09-13,False,0,0,5847.92,paid,5385.32,0,
CM001947,CL001039,VH001729,,PR000183,PR000177,multi_vehicle_pileup,clear,2025-05-18,False,0,1,1911.03,paid,1835.75,0,
CM006197,CL001517,VH000081,,PR000060,,rear_end_collision,fog,2024-05-22,True,0,1,780.66,denied,0.0,0,
CM005643,CL003566,VH002563,PR000216,PR000221,,single_vehicle,clear,2025-03-20,True,1,0,4038.9,paid,3935.65,0,
CM003489,CL002753,VH003277,PR000113,PR000028,,rear_end_collision,clear,2024-01-15,True,0,0,5009.79,paid,4518.89,0,
CM001611,CL002918,VH002529,,PR000161,,multi_vehicle_pileup,rain,2024-04-24,True,0,1,4732.12,paid,4369.14,0,
CM005585,CL002723,VH002548,PR000059,PR000138,,parking_lot,clear,2024-07-24,True,0,1,5282.56,paid,5147.8,0,
CM004678,CL001511,VH000260,,PR000062,,multi_vehicle_pileup,rain,2024-01-03,True,0,3,21878.27,paid,21128.0,0,
CM004960,CL000977,VH002729,,PR000133,,sideswipe,clear,2025-12-05,True,0,2,1817.99,paid,1716.38,0,
CM007462,CL003498,VH001351,PR000231,PR000157,,parking_lot,clear,2024-07-22,True,0,0,5148.86,paid,4723.82,0,
CM004762,CL001817,VH002461,,PR000142,,sideswipe,snow,2023-03-30,True,1,0,707.38,paid,672.29,0,
CM002195,CL003963,VH000218,,PR000224,,rear_end_collision,fog,2025-04-14,True,0,1,1724.0,paid,1636.94,0,
CM006315,CL003400,VH001577,PR000247,PR000050,,parking_lot,rain,2024-09-22,True,0,2,9952.25,paid,9478.62,0,
CM005114,CL002598,VH001966,,PR000161,,multi_vehicle_pileup,clear,2024-06-09,True,1,0,5518.45,paid,5082.09,0,
CM000558,CL002615,VH000338,,,,single_vehicle,clear,2025-03-14,True,0,2,4949.86,paid,4810.06,0,
CM006362,CL002217,VH001745,,PR000169,,multi_vehicle_pileup,clear,2025-05-12,True,0,2,5619.48,paid,5405.88,0,
CM008659,CL000352,VH002386,PR000114,PR000243,,rear_end_collision,clear,2025-01-20,False,0,0,13415.39,under_review,,1,RING009
CM001208,CL003308,VH000260,,PR000038,,single_vehicle,clear,2023-10-15,True,0,0,3861.82,paid,3659.17,0,
CM005564,CL002422,VH003343,,PR000131,,rear_end_collision,clear,2024-09-01,False,0,1,1268.12,paid,1261.78,0,
CM005804,CL003181,VH003445,PR000112,PR000012,,rear_end_collision,clear,2025-12-07,True,0,1,3193.89,paid,3188.28,0,
CM001511,CL002022,VH001697,PR000196,PR000086,,single_vehicle,clear,2023-07-02,True,0,0,4829.22,paid,4670.16,0,
CM003830,CL000222,VH002577,,PR000128,PR000053,rear_end_collision,rain,2023-05-10,True,0,0,5114.3,paid,4942.38,0,
CM003733,CL000682,VH001458,PR000077,PR000117,,parking_lot,snow,2024-12-27,True,0,0,5616.46,denied,0.0,0,
CM008103,CL003959,VH002784,PR000212,PR000191,,sideswipe,rain,2023-02-18,True,0,1,2955.52,paid,2779.82,0,
CM003212,CL001507,VH000370,PR000196,,,multi_vehicle_pileup,clear,2025-04-14,True,0,0,4038.97,paid,3644.17,0,
CM003631,CL000966,VH001794,,PR000083,,multi_vehicle_pileup,fog,2023-04-11,True,1,1,7191.11,paid,7015.2,0,
CM006576,CL000493,VH003044,PR000159,PR000131,,parking_lot,clear,2024-08-04,True,0,0,1786.52,paid,1727.65,0,
CM006580,CL002983,VH000502,,PR000151,,sideswipe,clear,2024-10-12,True,2,0,5800.19,paid,5559.5,0,
CM000267,CL000229,VH003679,PR000153,PR000095,,sideswipe,clear,2023-08-28,True,0,1,503.94,paid,489.75,0,
CM001141,CL003623,VH001963,,PR000221,,parking_lot,clear,2025-10-04,True,0,0,1274.09,paid,1212.54,0,
CM003163,CL000688,VH003563,,PR000079,,sideswipe,clear,2024-12-20,True,0,0,729.87,under_review,,0,
CM007699,CL001775,VH003434,PR000227,PR000086,PR000215,single_vehicle,clear,2023-04-12,True,0,1,4731.85,paid,4605.14,0,
CM003731,CL001694,VH002132,,PR000194,,sideswipe,clear,2025-10-17,False,0,1,4568.7,under_review,,0,
CM001910,CL000819,VH002470,,PR000084,,sideswipe,clear,2025-03-21,True,1,1,3361.63,paid,3350.17,0,
CM007330,CL001592,VH001506,PR000244,,,parking_lot,clear,2025-08-30,True,0,0,9169.87,paid,8710.06,0,
CM008177,CL001160,VH003621,PR000248,PR000124,PR000188,parking_lot,fog,2024-11-26,True,0,0,896.1,paid,883.1,0,
CM000657,CL000971,VH003672,,,,rear_end_collision,fog,2023-04-04,False,0,1,3060.27,paid,3048.7,0,
CM006816,CL001825,VH002097,PR000149,PR000134,,multi_vehicle_pileup,rain,2024-04-18,False,1,0,5680.52,paid,5327.19,0,
CM007545,CL002233,VH001140,,PR000041,,single_vehicle,rain,2023-01-08,True,0,2,6557.59,paid,6551.32,0,
CM000999,CL001446,VH002400,,PR000124,,rear_end_collision,snow,2025-09-01,False,0,1,2033.87,paid,2026.91,0,
CM005863,CL003705,VH000109,,PR000092,,single_vehicle,rain,2024-09-17,False,0,1,2460.37,paid,2263.91,0,
CM002835,CL000662,VH002747,,PR000029,,single_vehicle,clear,2023-09-18,False,2,0,4425.75,paid,4143.19,0,
CM008149,CL003699,VH002471,PR000148,PR000111,PR000139,rear_end_collision,clear,2025-03-12,True,0,0,3047.16,paid,2836.1,0,
CM001238,CL003609,VH000657,,,,multi_vehicle_pileup,clear,2023-12-15,False,0,0,10039.87,paid,9252.82,0,
CM008776,CL003101,VH002962,PR000156,PR000174,PR000122,multi_vehicle_pileup,snow,2023-08-15,True,0,0,1368.32,partially_paid,439.29,1,RING014
CM006253,CL003734,VH000673,,PR000124,,parking_lot,rain,2023-01-10,True,0,1,1898.33,paid,1737.88,0,
CM007341,CL000701,VH002656,PR000189,PR000138,,multi_vehicle_pileup,clear,2025-06-29,True,0,1,2597.22,denied,0.0,0,
CM005092,CL000446,VH003287,PR000149,PR000038,PR000155,sideswipe,clear,2024-09-02,False,1,0,2475.07,paid,2283.71,0,
CM002187,CL001999,VH003262,PR000057,PR000165,,single_vehicle,clear,2023-01-06,False,0,2,2975.19,paid,2958.1,0,
CM001135,CL002839,VH002190,PR000043,PR000211,,multi_vehicle_pileup,clear,2024-02-02,True,0,1,3074.74,paid,2844.83,0,
CM005005,CL001633,VH003467,,PR000005,,multi_vehicle_pileup,clear,2025-01-16,True,0,0,9300.76,paid,9251.68,0,
CM001304,CL003074,VH002209,PR000113,PR000176,,single_vehicle,rain,2024-09-08,True,0,0,3960.91,paid,3890.48,0,
CM001628,CL000429,VH001262,,PR000090,,rear_end_collision,clear,2024-09-21,True,0,0,2079.25,paid,1917.89,0,
CM006210,CL000866,VH000111,,PR000172,PR000126,sideswipe,snow,2025-08-08,True,0,0,4326.5,paid,3957.73,0,
CM001523,CL001752,VH003733,,PR000184,,rear_end_collision,clear,2025-05-17,True,0,0,1898.63,paid,1829.19,0,
CM008751,CL002900,VH002586,PR000119,PR000197,PR000135,sideswipe,fog,2025-06-16,False,0,0,1237.38,paid,1187.91,1,RING012
CM000359,CL000456,VH001547,PR000168,PR000166,,single_vehicle,clear,2024-12-21,False,0,1,2754.03,under_review,,0,
CM000139,CL002687,VH003052,,PR000157,,sideswipe,clear,2023-04-21,True,0,0,3178.57,paid,3030.8,0,
CM000300,CL002093,VH001989,,PR000173,,parking_lot,rain,2024-10-10,True,0,0,2516.41,under_review,,0,
CM001557,CL003622,VH001048,,PR000204,,single_vehicle,fog,2024-05-18,True,0,1,3516.38,paid,3252.92,0,
CM005100,CL000547,VH003278,PR000168,PR000142,,parking_lot,clear,2025-11-28,True,0,0,8395.05,paid,7863.58,0,
CM000383,CL003226,VH002204,PR000096,PR000197,,multi_vehicle_pileup,rain,2024-01-08,True,1,2,4906.46,paid,4593.35,0,
CM006662,CL003259,VH002906,PR000208,,,single_vehicle,fog,2023-07-16,True,0,1,2853.35,paid,2764.82,0,
CM007623,CL000833,VH002227,PR000089,PR000083,,rear_end_collision,rain,2024-03-29,True,0,1,3753.65,paid,3540.94,0,
CM004858,CL003999,VH000805,PR000104,,,single_vehicle,clear,2023-09-24,True,1,0,1581.47,denied,0.0,0,
CM007641,CL001971,VH001850,,PR000184,,multi_vehicle_pileup,clear,2023-12-19,True,0,2,3566.45,paid,3249.83,0,
CM006983,CL002651,VH000897,,PR000197,,sideswipe,rain,2025-01-11,True,1,1,1021.09,paid,994.11,0,
CM005640,CL002979,VH001269,PR000031,PR000202,,single_vehicle,clear,2025-03-25,False,0,2,3310.63,paid,3154.58,0,
CM007768,CL002436,VH002510,PR000206,PR000124,,single_vehicle,clear,2023-02-28,True,0,1,10382.55,paid,9666.94,0,
CM006640,CL002805,VH003425,,,,sideswipe,rain,2024-08-13,True,1,1,1180.58,denied,0.0,0,
CM005596,CL002684,VH001963,PR000010,PR000204,,sideswipe,rain,2024-03-19,True,1,1,1060.76,paid,1007.23,0,
CM008224,CL003839,VH000031,,PR000184,,sideswipe,clear,2023-02-26,False,1,2,2712.08,paid,2487.01,0,
CM002722,CL001946,VH003266,PR000003,PR000050,PR000215,single_vehicle,clear,2024-04-17,True,0,4,3559.63,paid,3305.15,0,
CM001933,CL000766,VH000484,,PR000178,,rear_end_collision,clear,2025-03-20,True,0,0,4483.89,under_review,,0,
CM005857,CL003740,VH003209,,PR000042,,sideswipe,fog,2025-07-17,True,0,0,4031.0,paid,3798.88,0,
CM003237,CL000042,VH000025,PR000089,,PR000237,sideswipe,clear,2025-01-08,True,1,2,6710.96,paid,6374.59,0,
CM003141,CL001416,VH001793,,PR000086,,multi_vehicle_pileup,clear,2024-02-20,True,1,0,2771.75,paid,2755.24,0,
CM004164,CL003423,VH000852,,PR000075,,multi_vehicle_pileup,clear,2023-03-28,True,0,1,8815.24,paid,8621.25,0,
CM007648,CL002595,VH003099,PR000088,PR000209,,multi_vehicle_pileup,fog,2023-04-30,True,0,1,4618.46,under_review,,0,
CM003808,CL001087,VH001317,PR000236,PR000013,,multi_vehicle_pileup,clear,2023-06-09,True,0,0,2730.94,paid,2551.72,0,
CM008192,CL001958,VH000541,,PR000134,,sideswipe,clear,2023-03-15,True,0,1,5247.48,paid,4796.45,0,
CM005524,CL000174,VH001860,PR000198,PR000108,,parking_lot,clear,2025-07-21,True,0,3,1049.91,paid,950.1,0,
CM004155,CL000777,VH002952,,,,parking_lot,rain,2025-04-11,True,0,0,3231.33,paid,3092.47,0,
CM004173,CL002660,VH000439,PR000234,PR000041,,rear_end_collision,rain,2025-07-13,False,0,2,2708.76,paid,2618.98,0,
CM000797,CL002546,VH001505,PR000001,PR000218,,single_vehicle,fog,2024-12-16,True,1,1,2648.88,under_review,,0,
CM002417,CL003439,VH000752,,,,multi_vehicle_pileup,rain,2025-11-17,True,0,1,8749.44,paid,7875.62,0,
CM000786,CL003644,VH001639,PR000076,PR000161,,parking_lot,fog,2024-08-29,False,0,0,3388.92,paid,3293.02,0,
CM003159,CL000992,VH002986,,PR000180,,single_vehicle,clear,2024-12-19,True,1,1,4243.67,paid,3974.72,0,
CM000124,CL000285,VH003450,,PR000183,,single_vehicle,clear,2023-09-08,True,0,1,6323.4,paid,6016.02,0,
CM002173,CL003208,VH002778,PR000025,PR000181,PR000126,multi_vehicle_pileup,clear,2025-09-30,True,0,0,2128.5,denied,0.0,0,
CM007458,CL000597,VH001351,PR000231,PR000015,,rear_end_collision,clear,2025-05-25,True,1,0,4391.36,paid,4214.99,0,
CM008800,CL001455,VH001804,PR000106,PR000203,PR000230,single_vehicle,clear,2024-02-09,True,2,0,4837.09,under_review,,1,RING015
CM008287,CL000819,VH002170,PR000021,PR000029,,multi_vehicle_pileup,snow,2024-05-05,True,1,1,1624.68,paid,1557.27,0,
CM004341,CL003828,VH000593,,PR000087,PR000030,single_vehicle,fog,2025-05-19,True,1,0,5833.27,paid,5476.08,0,
CM000911,CL000995,VH000864,,PR000246,,sideswipe,clear,2025-11-02,True,0,3,5455.89,under_review,,0,
CM002310,CL003267,VH001088,,PR000241,,rear_end_collision,clear,2023-09-14,False,0,2,1699.1,paid,1535.35,0,
CM008614,CL000049,VH001445,PR000112,PR000060,PR000139,sideswipe,clear,2023-09-25,False,0,0,7063.01,paid,6764.97,1,RING007
CM003635,CL001662,VH002011,,PR000037,,single_vehicle,clear,2025-03-01,True,0,0,897.07,paid,828.15,0,
CM001258,CL001913,VH000640,PR000004,PR000178,,parking_lot,clear,2024-06-06,True,0,1,7332.91,under_review,,0,
CM004459,CL003450,VH001654,,PR000176,PR000061,multi_vehicle_pileup,snow,2025-10-01,True,0,1,3675.25,paid,3431.83,0,
CM001179,CL002701,VH000617,,PR000090,,sideswipe,snow,2025-05-18,True,0,0,1917.8,paid,1739.9,0,
CM004653,CL002229,VH000576,,PR000165,,single_vehicle,snow,2023-05-17,True,0,1,4197.06,paid,3987.74,0,
CM003651,CL001092,VH002846,PR000116,PR000172,,multi_vehicle_pileup,snow,2023-12-10,False,0,2,2309.97,paid,2193.48,0,
CM000443,CL001733,VH002396,,,,rear_end_collision,clear,2024-12-25,True,2,0,4504.05,paid,4327.49,0,
CM007372,CL002790,VH003014,,PR000124,,single_vehicle,clear,2024-02-18,True,1,0,14226.52,paid,13548.1,0,
CM001400,CL003360,VH003908,PR000152,PR000243,,multi_vehicle_pileup,fog,2024-01-02,False,1,1,3216.65,paid,2940.97,0,
CM001458,CL003384,VH002966,PR000049,PR000107,,single_vehicle,clear,2025-09-23,True,1,1,3287.93,paid,2967.61,0,
CM005936,CL003034,VH000356,PR000146,PR000097,PR000044,sideswipe,clear,2025-04-07,True,0,1,9520.8,paid,9517.43,0,
CM001055,CL003243,VH003937,PR000002,PR000204,,single_vehicle,clear,2025-01-23,True,0,0,1709.06,under_review,,0,
CM005365,CL002139,VH002042,PR000136,PR000150,PR000147,single_vehicle,fog,2023-06-16,True,0,3,3335.08,under_review,,0,
CM003276,CL000269,VH001306,,PR000110,,multi_vehicle_pileup,rain,2024-05-11,True,0,2,2273.6,paid,2264.65,0,
CM007374,CL000645,VH003933,PR000247,PR000176,,parking_lot,rain,2025-09-19,True,0,1,2352.57,paid,2119.48,0,
CM003700,CL000775,VH002153,PR000223,,,sideswipe,clear,2025-09-30,True,0,2,9453.07,paid,8554.09,0,
CM003760,CL001190,VH000400,PR000244,PR000108,,rear_end_collision,rain,2023-08-16,True,0,0,1052.32,paid,1006.51,0,
CM000930,CL001512,VH003789,,PR000060,,multi_vehicle_pileup,clear,2023-04-08,True,0,1,6222.01,paid,6080.93,0,
CM006818,CL000743,VH002455,PR000120,,,rear_end_collision,clear,2024-02-05,True,0,0,1701.72,paid,1572.95,0,
CM001830,CL002107,VH001145,PR000112,PR000111,,multi_vehicle_pileup,snow,2024-05-16,True,0,0,562.45,denied,0.0,0,
CM008128,CL001853,VH002870,,PR000209,,single_vehicle,clear,2024-09-17,True,0,1,3464.22,paid,3460.86,0,
CM005489,CL001680,VH000348,,PR000226,,multi_vehicle_pileup,rain,2023-03-25,True,0,0,4327.34,paid,4140.09,0,
CM004222,CL002515,VH003898,,PR000005,,rear_end_collision,fog,2025-09-07,True,0,3,7083.74,paid,6829.15,0,
CM003547,CL003562,VH000367,,,,single_vehicle,clear,2023-08-24,True,1,0,1329.68,paid,1229.65,0,
CM008284,CL003839,VH003810,,PR000083,,parking_lot,rain,2024-02-01,True,0,1,5886.8,paid,5731.98,0,
CM006404,CL001167,VH002300,,PR000115,,parking_lot,clear,2023-11-18,True,0,1,2341.69,paid,2186.14,0,
CM002012,CL001686,VH000439,PR000096,PR000018,,rear_end_collision,clear,2025-03-10,True,0,1,1876.54,paid,1704.35,0,
CM007291,CL000929,VH001573,,PR000083,PR000193,parking_lot,clear,2024-10-28,False,0,2,1554.03,denied,0.0,0,
CM006551,CL002113,VH002053,PR000249,PR000199,,single_vehicle,fog,2023-10-03,True,0,1,5384.66,paid,5283.3,0,
CM003220,CL001569,VH000050,PR000249,PR000029,,rear_end_collision,clear,2023-11-11,True,1,1,1842.39,paid,1689.72,0,
CM002607,CL000644,VH001948,PR000164,PR000131,,rear_end_collision,clear,2025-07-24,False,1,1,9268.77,paid,8698.07,0,
CM003265,CL001718,VH000077,PR000125,,,parking_lot,clear,2025-06-06,True,0,2,1176.95,paid,1085.29,0,
CM004929,CL001261,VH003667,PR000148,PR000032,PR000188,rear_end_collision,rain,2024-11-11,True,1,0,10135.03,under_review,,0,
CM007272,CL002285,VH002533,PR000039,PR000172,,sideswipe,fog,2023-11-20,True,0,0,1185.92,paid,1077.69,0,
CM006407,CL000177,VH000844,PR000196,PR000224,,single_vehicle,clear,2025-11-01,True,0,3,8420.6,paid,8415.05,0,
CM000007,CL001694,VH003262,,PR000203,,parking_lot,clear,2023-06-24,True,1,0,1359.69,paid,1322.45,0,
CM002981,CL000618,VH001643,PR000051,PR000099,,single_vehicle,clear,2023-04-13,False,0,0,3623.65,paid,3521.06,0,
CM003362,CL002531,VH003530,PR000112,PR000005,,parking_lot,clear,2024-08-14,True,0,0,1248.56,paid,1185.88,0,
CM004775,CL001150,VH003427,PR000192,PR000157,,rear_end_collision,rain,2024-09-18,False,0,0,5328.36,paid,5062.05,0,
CM001944,CL002914,VH000784,,PR000204,,sideswipe,snow,2023-07-23,True,0,1,595.25,paid,591.67,0,
CM005877,CL002904,VH000355,,PR000071,,parking_lot,snow,2025-12-13,True,0,0,3706.55,paid,3541.4,0,
CM001636,CL002243,VH002009,PR000144,PR000151,,sideswipe,clear,2023-12-02,True,1,0,4853.46,paid,4438.98,0,
CM008110,CL001582,VH000971,PR000001,PR000075,,sideswipe,fog,2025-12-18,True,0,1,10537.0,paid,10288.36,0,
CM007381,CL001308,VH003361,PR000222,PR000094,,rear_end_collision,fog,2024-08-31,False,0,1,3275.71,paid,2993.67,0,
CM006177,CL002021,VH003122,PR000248,,,sideswipe,clear,2023-06-10,True,1,1,3236.1,paid,3045.13,0,
CM002071,CL001007,VH001528,,PR000220,,multi_vehicle_pileup,clear,2023-05-15,True,0,1,3774.92,paid,3543.23,0,
CM003135,CL000348,VH002195,PR000219,PR000245,,multi_vehicle_pileup,rain,2023-09-24,True,1,1,4533.07,paid,4305.59,0,
CM005161,CL002857,VH003115,PR000034,PR000179,,rear_end_collision,clear,2023-03-05,True,0,0,1683.77,denied,0.0,0,
CM006130,CL002632,VH001207,,PR000169,,multi_vehicle_pileup,clear,2024-12-21,True,0,0,1126.26,paid,1039.49,0,
CM006607,CL003807,VH000288,PR000249,,,single_vehicle,snow,2023-08-10,True,0,0,1740.01,paid,1588.86,0,
CM002243,CL003300,VH002907,PR000066,PR000124,,rear_end_collision,rain,2023-01-31,False,0,0,2779.68,under_review,,0,
CM001475,CL001746,VH001270,PR000222,,,multi_vehicle_pileup,rain,2023-07-22,True,0,2,4927.6,paid,4701.53,0,
CM007138,CL003924,VH000866,PR000170,PR000028,,multi_vehicle_pileup,clear,2023-08-26,False,1,0,6445.55,paid,5834.99,0,
CM001890,CL001705,VH003489,,PR000131,,parking_lot,rain,2024-03-16,False,0,2,4708.38,paid,4279.6,0,
CM003436,CL001112,VH000125,PR000098,PR000084,,multi_vehicle_pileup,fog,2023-11-07,True,1,1,2226.09,paid,2090.53,0,
CM005999,CL001955,VH003882,PR000222,,,single_vehicle,clear,2025-08-13,True,0,1,9685.75,under_review,,0,
CM008758,CL003255,VH002586,PR000119,PR000197,PR000135,parking_lot,snow,2025-06-05,True,2,0,7325.49,partially_paid,4516.82,1,RING012
CM003706,CL003163,VH000593,,PR000176,,sideswipe,clear,2023-01-31,True,1,3,2306.98,paid,2269.5,0,
CM002022,CL001523,VH003582,,PR000037,,multi_vehicle_pileup,fog,2025-03-12,True,1,0,3436.96,paid,3100.78,0,
CM004021,CL000565,VH003273,,PR000083,,single_vehicle,snow,2023-05-18,True,1,0,3295.15,paid,3286.43,0,
CM007554,CL000373,VH001958,PR000051,PR000183,,parking_lot,snow,2024-01-29,False,0,2,4611.4,paid,4394.18,0,
CM007063,CL000102,VH002074,,PR000037,,parking_lot,clear,2023-05-20,True,0,0,3177.08,paid,3124.22,0,
CM007399,CL002497,VH000836,PR000106,PR000024,,rear_end_collision,rain,2023-07-22,True,0,0,1800.87,paid,1674.59,0,
CM002659,CL003875,VH001943,,PR000131,,rear_end_collision,fog,2025-02-24,True,0,1,4716.65,paid,4658.55,0,
CM001131,CL001380,VH001787,PR000238,,,single_vehicle,clear,2023-06-14,True,0,1,8276.0,paid,8148.2,0,
CM005809,CL003136,VH003895,PR000159,PR000172,,rear_end_collision,clear,2025-05-06,False,0,1,1716.26,under_review,,0,
CM001820,CL002292,VH000122,PR000195,PR000069,,sideswipe,clear,2023-08-25,True,0,2,2462.01,paid,2250.98,0,
CM005906,CL000779,VH001876,,PR000183,,single_vehicle,clear,2025-05-20,True,2,1,2031.32,under_review,,0,
CM004319,CL000363,VH001020,PR000106,PR000150,,single_vehicle,clear,2024-04-01,True,0,2,4608.59,paid,4354.69,0,
CM008566,CL002088,VH001977,PR000064,PR000000,,sideswipe,clear,2023-06-16,False,0,0,5055.11,partially_paid,2911.96,1,RING005
CM004145,CL002617,VH001795,,PR000011,,rear_end_collision,snow,2023-01-30,True,0,1,9414.17,paid,9403.75,0,
CM004670,CL000446,VH002167,PR000146,,,single_vehicle,clear,2025-04-17,True,0,1,8370.26,paid,7644.76,0,
CM001237,CL000719,VH003064,PR000248,PR000060,,rear_end_collision,clear,2024-04-09,True,0,0,3156.07,paid,3015.15,0,
CM008777,CL003804,VH002962,PR000156,PR000174,PR000122,single_vehicle,clear,2023-07-09,False,1,2,2961.0,paid,2710.85,1,RING014
CM001857,CL003920,VH002306,PR000114,PR000132,,rear_end_collision,clear,2025-05-04,True,0,3,2680.47,paid,2551.09,0,
CM002283,CL003171,VH002655,,PR000083,,rear_end_collision,clear,2024-06-06,True,0,0,813.04,paid,772.4,0,
CM008578,CL000761,VH001153,PR000064,PR000000,,single_vehicle,clear,2023-07-24,False,2,0,8770.45,paid,8497.05,1,RING005
CM008569,CL001091,VH002401,PR000064,PR000000,,sideswipe,snow,2023-07-07,False,1,0,8499.63,paid,8242.77,1,RING005
CM004094,CL000267,VH002305,PR000234,PR000151,,single_vehicle,clear,2023-11-05,True,0,0,3291.71,denied,0.0,0,
CM005588,CL003431,VH003890,PR000238,PR000009,,multi_vehicle_pileup,rain,2023-08-12,True,0,1,4689.8,paid,4235.37,0,
CM005201,CL001543,VH001102,,PR000225,,single_vehicle,clear,2024-01-12,True,0,0,5116.92,paid,5103.69,0,
CM008826,CL003751,VH003336,PR000198,PR000086,,sideswipe,clear,2024-08-18,False,1,0,3874.78,paid,3624.49,1,RING016
CM000387,CL002359,VH003242,,PR000224,,single_vehicle,clear,2025-06-04,True,0,1,7859.66,paid,7222.64,0,
CM001629,CL003337,VH001998,,,,rear_end_collision,clear,2024-12-16,False,1,2,3714.54,under_review,,0,
CM003586,CL000066,VH002762,PR000074,PR000134,PR000101,sideswipe,rain,2023-07-12,True,1,1,1455.93,paid,1354.47,0,
CM005850,CL001524,VH003435,,PR000134,,sideswipe,clear,2024-08-15,True,0,0,9185.18,paid,8316.21,0,
CM002715,CL003338,VH000428,PR000125,PR000052,,rear_end_collision,clear,2025-08-07,True,0,2,1890.4,under_review,,0,
CM005667,CL001804,VH003337,,PR000079,,sideswipe,clear,2025-07-14,True,0,2,977.44,denied,0.0,0,
CM006856,CL003801,VH001510,,PR000221,,rear_end_collision,snow,2023-08-04,True,0,1,2797.83,paid,2760.14,0,
CM008310,CL001448,VH002936,,PR000203,,sideswipe,fog,2024-06-10,True,1,2,2140.39,paid,2058.24,0,
CM003190,CL000593,VH000796,PR000074,PR000210,,multi_vehicle_pileup,clear,2024-12-31,True,0,0,2839.79,paid,2659.28,0,
CM008895,CL002609,VH002175,PR000235,PR000097,PR000130,sideswipe,clear,2023-02-09,False,1,0,2489.87,denied,0.0,1,RING019
CM004306,CL002091,VH002724,PR000031,PR000199,,parking_lot,fog,2025-07-04,True,0,0,767.87,paid,721.13,0,
CM000910,CL001559,VH003661,PR000019,PR000179,,sideswipe,rain,2024-04-16,True,0,1,611.06,under_review,,0,
CM005386,CL002791,VH002087,,,,parking_lot,clear,2023-01-22,True,2,1,1958.05,paid,1879.82,0,
CM008335,CL001608,VH002128,,,,multi_vehicle_pileup,clear,2024-12-08,True,0,0,2341.4,under_review,,0,
CM001867,CL000900,VH001145,PR000098,PR000071,,rear_end_collision,rain,2024-09-15,True,0,0,2112.73,paid,2071.73,0,
CM001843,CL000550,VH002205,PR000021,,,single_vehicle,clear,2024-02-07,True,0,3,5679.93,under_review,,0,
CM002498,CL001277,VH000312,PR000231,PR000123,,sideswipe,rain,2024-12-02,False,0,3,1413.4,denied,0.0,0,
CM007855,CL000177,VH002441,PR000234,,,rear_end_collision,clear,2024-02-27,False,0,2,3311.7,paid,3255.43,0,
CM006241,CL003565,VH002829,PR000127,PR000050,,rear_end_collision,clear,2023-09-05,True,0,0,3253.25,under_review,,0,
CM007154,CL001520,VH001950,PR000066,PR000000,,parking_lot,snow,2024-10-15,True,1,0,2640.89,paid,2565.81,0,
CM005055,CL002954,VH001993,PR000248,PR000062,,sideswipe,clear,2023-11-12,True,2,3,3912.56,paid,3799.49,0,
CM004007,CL002400,VH002700,,PR000058,PR000230,sideswipe,fog,2024-11-08,True,0,1,8560.38,paid,8537.15,0,
CM002703,CL003819,VH000549,,PR000207,,sideswipe,rain,2025-07-10,True,1,1,5560.29,denied,0.0,0,
CM007888,CL003926,VH002024,PR000214,PR000013,,sideswipe,fog,2024-01-22,False,0,0,4152.55,paid,3928.56,0,
CM000332,CL001519,VH002546,PR000096,,,sideswipe,clear,2023-02-10,True,1,2,3640.69,paid,3379.78,0,
CM007738,CL001619,VH002692,,PR000229,PR000126,multi_vehicle_pileup,clear,2025-05-31,True,0,1,1795.06,paid,1681.51,0,
CM007772,CL003631,VH003202,,PR000131,,single_vehicle,fog,2025-07-10,True,0,2,4913.39,paid,4686.96,0,
CM006434,CL000812,VH003219,PR000187,PR000032,PR000139,parking_lot,rain,2024-10-06,True,0,0,876.55,denied,0.0,0,
CM006310,CL002138,VH002132,PR000088,PR000069,PR000175,parking_lot,clear,2023-12-19,False,0,1,1126.39,denied,0.0,0,
CM002460,CL000955,VH003126,PR000106,PR000197,,rear_end_collision,clear,2023-09-02,True,0,1,1853.86,paid,1808.59,0,
CM001775,CL002427,VH000516,PR000136,PR000145,,rear_end_collision,rain,2025-07-23,False,1,1,3967.47,under_review,,0,
CM006000,CL001466,VH000524,,PR000131,,multi_vehicle_pileup,clear,2023-04-12,True,0,2,4667.04,paid,4361.0,0,
CM006591,CL000952,VH000319,PR000023,PR000009,,rear_end_collision,clear,2025-06-07,True,0,1,6911.84,under_review,,0,
CM002687,CL002665,VH002674,PR000072,PR000201,,multi_vehicle_pileup,clear,2025-03-07,False,1,2,2792.94,paid,2604.39,0,
CM008088,CL002189,VH002926,,PR000050,,multi_vehicle_pileup,snow,2024-09-06,True,0,0,1067.72,paid,995.33,0,
CM007797,CL001227,VH002599,PR000238,PR000107,,rear_end_collision,clear,2023-03-29,False,1,0,6461.62,denied,0.0,0,
CM008316,CL001667,VH003119,,PR000018,,rear_end_collision,rain,2025-08-06,False,0,2,7141.27,paid,6808.52,0,
CM006714,CL002102,VH000661,PR000004,PR000166,,rear_end_collision,rain,2023-07-25,False,0,4,4279.51,paid,4185.28,0,
CM007068,CL002565,VH001630,PR000127,PR000157,,sideswipe,rain,2024-08-25,False,0,0,3742.95,under_review,,0,
CM008470,CL002313,VH002785,PR000146,PR000105,,single_vehicle,clear,2024-02-17,True,1,1,7979.59,denied,0.0,1,RING001
CM008621,CL000711,VH003251,PR000046,PR000201,PR000230,sideswipe,clear,2024-12-31,False,0,1,6174.77,denied,0.0,1,RING008
CM006867,CL000922,VH001120,,PR000145,,single_vehicle,rain,2023-07-31,True,0,2,2811.88,paid,2616.15,0,
CM007234,CL002613,VH001386,PR000223,PR000067,PR000162,single_vehicle,snow,2023-06-16,True,0,0,4013.36,paid,3726.27,0,
CM000174,CL001241,VH000321,,PR000083,,multi_vehicle_pileup,clear,2023-03-10,True,0,2,2678.37,paid,2421.95,0,
CM006556,CL000970,VH000261,,PR000121,,parking_lot,clear,2024-09-28,False,0,0,2674.32,paid,2533.86,0,
CM004616,CL002326,VH001686,PR000248,,,rear_end_collision,clear,2023-11-06,True,0,0,595.18,under_review,,0,
CM003322,CL003901,VH002207,,PR000047,,multi_vehicle_pileup,clear,2023-08-12,False,0,1,1729.68,paid,1658.72,0,
CM006114,CL003130,VH000762,,PR000224,,multi_vehicle_pileup,clear,2025-11-03,True,1,1,3607.94,paid,3418.68,0,
CM003373,CL003740,VH003939,,PR000018,,parking_lot,fog,2023-07-17,True,0,0,7305.31,paid,7297.41,0,
CM003312,CL002211,VH002810,PR000017,PR000184,,sideswipe,clear,2025-03-27,True,1,1,2947.45,under_review,,0,
CM005764,CL000829,VH003706,,PR000094,,multi_vehicle_pileup,rain,2023-07-09,False,0,2,8978.22,paid,8697.96,0,
CM005992,CL003173,VH000481,,PR000015,PR000053,parking_lot,clear,2023-01-11,True,0,1,10196.45,paid,9619.62,0,
CM008783,CL000674,VH002962,PR000156,PR000174,PR000122,rear_end_collision,rain,2023-07-14,False,0,0,3101.45,paid,2889.56,1,RING014
CM007211,CL002468,VH001051,PR000167,PR000117,,rear_end_collision,clear,2025-08-14,True,0,2,6157.22,paid,5953.38,0,
CM004680,CL003434,VH002666,PR000021,,,single_vehicle,rain,2024-01-16,True,1,1,5708.38,paid,5653.38,0,
CM003404,CL003366,VH003617,,PR000224,,rear_end_collision,clear,2023-09-30,True,0,0,2745.21,paid,2616.91,0,
CM000019,CL003078,VH000534,PR000074,PR000180,PR000139,single_vehicle,snow,2025-05-03,True,0,0,1929.3,paid,1800.7,0,
CM003692,CL000301,VH000136,PR000234,PR000000,,rear_end_collision,clear,2024-04-03,True,0,1,5661.63,paid,5134.6,0,
CM007261,CL000531,VH001260,PR000033,PR000058,,sideswipe,clear,2025-01-15,True,0,0,988.4,paid,961.35,0,
CM004097,CL003392,VH001536,,PR000124,,parking_lot,clear,2024-01-02,True,0,0,4638.95,paid,4469.96,0,
CM003629,CL002535,VH001903,,PR000226,,sideswipe,clear,2023-08-07,True,0,1,1951.48,paid,1803.29,0,
CM007600,CL002851,VH003834,,PR000111,,rear_end_collision,snow,2023-11-08,True,0,1,2629.68,paid,2537.98,0,
CM002175,CL000786,VH000575,,PR000095,,sideswipe,rain,2023-07-12,True,0,0,6730.59,denied,0.0,0,
CM001357,CL000448,VH003899,,PR000191,,sideswipe,snow,2025-09-04,True,0,2,4369.43,paid,4084.55,0,
CM005003,CL002925,VH002542,,PR000090,,rear_end_collision,rain,2024-11-14,True,0,0,2442.79,paid,2295.61,0,
CM005835,CL002103,VH001332,PR000164,PR000246,,multi_vehicle_pileup,clear,2024-04-12,True,0,2,2345.95,paid,2322.78,0,
CM008474,CL002830,VH000213,PR000146,PR000105,,multi_vehicle_pileup,clear,2024-03-01,True,0,0,8548.19,paid,8316.44,1,RING001
CM003113,CL001232,VH002209,,PR000123,,single_vehicle,clear,2024-07-11,True,0,1,3916.22,paid,3637.64,0,
CM000183,CL001717,VH002431,PR000112,PR000091,,multi_vehicle_pileup,rain,2024-08-02,True,0,0,4296.56,paid,4296.05,0,
CM007502,CL002541,VH003051,,PR000099,,multi_vehicle_pileup,snow,2025-04-10,True,2,0,3565.17,paid,3423.59,0,
CM007593,CL001878,VH000314,PR000073,PR000013,,sideswipe,fog,2023-09-17,True,0,0,4574.34,paid,4408.3,0,
CM001813,CL002126,VH000195,,PR000183,,rear_end_collision,rain,2024-04-05,True,1,0,3628.62,paid,3488.93,0,
CM006219,CL000739,VH000417,,PR000027,,sideswipe,snow,2025-10-04,True,0,1,2401.95,paid,2207.77,0,
CM006866,CL001254,VH002443,PR000076,PR000221,,single_vehicle,clear,2023-05-02,False,0,1,8061.09,paid,7521.24,0,
CM004913,CL003734,VH001681,,PR000032,,rear_end_collision,clear,2023-12-01,False,0,1,4358.65,paid,4053.91,0,
CM007058,CL000077,VH000059,PR000026,PR000037,,single_vehicle,clear,2023-12-12,True,0,2,3969.19,under_review,,0,
CM001801,CL002363,VH002481,PR000189,,,parking_lot,snow,2025-09-09,True,1,0,1945.37,paid,1871.41,0,
CM002430,CL003153,VH002451,PR000048,PR000067,,parking_lot,clear,2024-08-05,True,0,0,5737.08,paid,5329.69,0,
CM005483,CL003290,VH001841,,,,sideswipe,rain,2024-11-11,True,1,0,2843.42,paid,2759.69,0,
CM007417,CL000908,VH000776,PR000064,PR000183,,multi_vehicle_pileup,rain,2025-01-05,True,0,0,4190.78,paid,3944.59,0,
CM005926,CL000704,VH000317,,PR000142,,rear_end_collision,clear,2023-12-14,True,1,3,4815.89,paid,4389.21,0,
CM001969,CL003416,VH002821,,PR000178,,parking_lot,clear,2025-01-02,True,0,0,3718.59,paid,3693.68,0,
CM007802,CL001684,VH003276,PR000073,,,sideswipe,rain,2024-05-05,True,0,1,7264.78,paid,6728.88,0,
CM006416,CL000467,VH001697,,PR000115,,parking_lot,rain,2023-09-18,True,0,0,3808.18,paid,3562.7,0,
CM005951,CL001134,VH003399,,PR000145,,sideswipe,rain,2023-04-05,True,0,1,3487.11,paid,3389.48,0,
CM004988,CL000178,VH000501,,PR000176,,parking_lot,clear,2024-04-10,True,0,0,2427.45,paid,2318.27,0,
CM008703,CL002106,VH000301,PR000104,PR000075,PR000188,parking_lot,clear,2025-09-12,True,2,0,6288.63,paid,5710.71,1,RING010
CM004651,CL003491,VH003836,PR000168,PR000107,PR000100,sideswipe,clear,2025-09-01,True,0,0,7457.19,paid,7091.12,0,
CM001160,CL002287,VH001245,,PR000060,,rear_end_collision,clear,2025-01-12,False,0,2,4257.77,paid,3888.61,0,
CM001214,CL002046,VH003704,PR000077,PR000178,,parking_lot,clear,2023-04-16,True,0,1,2918.05,paid,2718.94,0,
CM005796,CL002052,VH002182,,PR000005,,rear_end_collision,clear,2024-12-28,True,0,1,10809.61,paid,10065.07,0,
CM001326,CL003257,VH003765,,PR000210,,single_vehicle,rain,2024-05-13,True,2,1,2297.94,paid,2139.81,0,
CM006077,CL001232,VH000762,,PR000228,,rear_end_collision,rain,2025-06-01,True,0,2,2118.38,paid,2007.45,0,
CM005988,CL001004,VH001617,PR000192,PR000199,,multi_vehicle_pileup,clear,2024-01-05,True,0,1,2969.22,paid,2831.19,0,
CM004797,CL000906,VH003962,,,,rear_end_collision,clear,2025-04-17,True,0,1,6894.92,paid,6638.98,0,
CM001456,CL002928,VH001502,PR000200,PR000160,PR000141,multi_vehicle_pileup,fog,2024-09-02,True,1,0,10842.81,under_review,,0,
CM005411,CL002063,VH001238,,PR000117,,rear_end_collision,clear,2023-01-11,True,0,2,4263.28,paid,4049.53,0,
CM008332,CL001914,VH001399,PR000014,PR000083,,single_vehicle,fog,2025-05-17,True,0,1,5422.78,paid,5020.63,0,
CM004963,CL000664,VH001830,PR000127,PR000246,,rear_end_collision,fog,2025-12-07,True,0,0,1283.09,paid,1276.86,0,
CM007352,CL001955,VH001869,,PR000094,,sideswipe,clear,2023-10-10,True,0,0,2772.88,paid,2530.13,0,
CM001645,CL001435,VH001133,PR000247,,,parking_lot,snow,2024-04-17,True,0,1,3297.27,paid,3069.67,0,
CM002141,CL000164,VH002053,PR000066,PR000199,PR000007,sideswipe,rain,2023-04-20,True,1,0,6439.77,paid,6430.54,0,
CM004537,CL000879,VH002019,,PR000184,,parking_lot,rain,2025-09-29,True,2,1,4982.46,paid,4594.24,0,
CM004458,CL002952,VH000957,,PR000207,,sideswipe,fog,2024-09-12,False,0,1,1504.99,paid,1475.38,0,
CM007757,CL003640,VH000645,PR000222,PR000128,,parking_lot,clear,2024-10-14,True,1,0,1969.89,under_review,,0,
CM004379,CL002362,VH001779,PR000066,PR000105,,rear_end_collision,clear,2025-08-19,True,0,1,7042.92,paid,6449.38,0,
CM000730,CL000726,VH003658,,PR000184,,multi_vehicle_pileup,clear,2024-10-21,True,0,0,7532.65,paid,6828.78,0,
CM004358,CL003806,VH001945,,PR000182,,multi_vehicle_pileup,clear,2024-10-16,True,2,0,525.27,paid,498.7,0,
CM006120,CL003306,VH001013,PR000212,PR000173,,sideswipe,clear,2023-11-07,False,2,1,2009.82,paid,1897.86,0,
CM001937,CL002214,VH001678,,,,rear_end_collision,rain,2023-03-31,True,0,0,2838.31,paid,2667.11,0,
CM003794,CL003609,VH003142,PR000046,PR000058,,single_vehicle,clear,2024-04-12,True,0,1,1927.42,paid,1736.92,0,
CM003737,CL001608,VH003020,PR000048,PR000150,,multi_vehicle_pileup,rain,2023-01-07,False,0,1,2051.06,paid,1929.0,0,
CM002262,CL001609,VH000489,PR000033,PR000110,,parking_lot,rain,2025-04-27,True,2,0,8978.31,paid,8497.19,0,
CM006868,CL000720,VH000813,,,,single_vehicle,fog,2023-05-23,True,0,1,3857.27,paid,3794.97,0,
CM001111,CL002708,VH002185,,PR000161,,sideswipe,rain,2025-09-01,True,0,3,1388.24,paid,1254.25,0,
CM007800,CL003826,VH002356,,PR000015,,multi_vehicle_pileup,clear,2025-02-17,True,0,1,1869.55,paid,1868.1,0,
CM005481,CL002348,VH001831,,PR000107,,rear_end_collision,rain,2023-08-04,True,0,1,4045.01,paid,3858.73,0,
CM002999,CL000942,VH001992,PR000234,PR000115,,sideswipe,rain,2025-05-05,True,0,3,2084.12,paid,2024.39,0,
CM002395,CL003948,VH000581,,PR000105,,multi_vehicle_pileup,clear,2023-07-08,True,0,0,7531.11,paid,7042.39,0,
CM001186,CL001047,VH002115,PR000168,PR000011,,sideswipe,fog,2025-04-07,False,1,3,471.73,paid,425.99,0,
CM002008,CL003813,VH002661,,PR000245,,rear_end_collision,clear,2023-05-19,True,1,1,2155.52,paid,2069.75,0,
CM000194,CL003376,VH002748,,PR000204,,parking_lot,snow,2025-05-01,False,0,0,4594.25,paid,4545.35,0,
CM007671,CL001991,VH000020,PR000082,PR000111,,single_vehicle,clear,2023-09-25,True,0,0,7054.18,paid,6953.91,0,
CM000579,CL002604,VH000784,,PR000161,,sideswipe,clear,2025-08-13,True,0,3,2606.6,paid,2455.9,0,
CM005526,CL003792,VH001417,PR000008,PR000179,,parking_lot,clear,2024-04-03,True,0,1,2967.22,denied,0.0,0,
CM000772,CL002249,VH000983,,PR000137,,sideswipe,snow,2024-10-13,True,2,2,4992.2,paid,4727.5,0,
CM002396,CL002711,VH003795,,PR000226,,sideswipe,rain,2023-07-01,False,1,1,4496.77,paid,4049.2,0,
CM001479,CL003456,VH002351,,PR000115,,single_vehicle,snow,2023-11-20,True,0,1,1798.5,paid,1773.03,0,
CM001847,CL003914,VH002864,PR000025,PR000181,PR000126,sideswipe,rain,2024-08-13,False,0,1,1787.17,paid,1707.06,0,
CM008024,CL002564,VH003391,,PR000137,PR000016,parking_lot,clear,2024-10-14,True,0,1,2953.44,paid,2665.93,0,
CM004275,CL000747,VH003251,,PR000143,,single_vehicle,clear,2025-04-26,False,1,1,4642.24,paid,4486.96,0,
CM003741,CL003943,VH001905,PR000129,PR000095,,single_vehicle,clear,2023-05-05,True,1,0,3847.61,paid,3613.83,0,
CM004601,CL000164,VH001002,,PR000207,,parking_lot,clear,2025-01-30,True,0,0,3994.59,paid,3658.67,0,
CM007269,CL000884,VH002923,,,,multi_vehicle_pileup,clear,2024-05-27,False,0,0,3209.61,paid,3064.56,0,
CM007350,CL001168,VH002694,PR000077,PR000169,,single_vehicle,fog,2025-10-31,True,0,0,2419.34,paid,2237.01,0,
CM004916,CL001682,VH001445,PR000239,PR000166,,multi_vehicle_pileup,clear,2023-07-20,True,0,1,1926.68,paid,1826.99,0,
CM002074,CL000623,VH002483,,PR000024,PR000141,rear_end_collision,snow,2023-07-31,True,0,1,3031.62,paid,2928.39,0,
CM004755,CL002066,VH001547,PR000082,PR000069,,sideswipe,clear,2025-10-28,True,1,0,1956.22,paid,1781.45,0,
CM001897,CL000494,VH001015,,PR000079,,multi_vehicle_pileup,clear,2023-03-01,True,0,2,1357.67,paid,1250.96,0,
CM007076,CL002746,VH000716,,PR000225,PR000135,parking_lot,clear,2024-06-10,True,0,0,3308.72,under_review,,0,
CM003660,CL000786,VH002798,PR000195,PR000067,,sideswipe,rain,2023-07-19,True,0,0,1728.68,denied,0.0,0,
CM002380,CL002051,VH001179,PR000223,PR000151,,parking_lot,clear,2023-01-24,True,2,0,7776.38,paid,7386.52,0,
CM001448,CL003927,VH000780,PR000233,PR000145,,multi_vehicle_pileup,rain,2024-01-05,True,0,1,7031.57,paid,6638.44,0,
CM000343,CL000391,VH000791,,PR000182,,sideswipe,snow,2023-01-06,False,0,2,2862.09,paid,2828.13,0,
CM005128,CL001657,VH001730,PR000076,PR000079,PR000126,sideswipe,rain,2023-03-24,True,0,2,3498.73,paid,3332.97,0,
CM003137,CL002507,VH001454,PR000170,PR000182,,multi_vehicle_pileup,rain,2024-10-06,True,0,1,3539.5,paid,3229.71,0,
CM002528,CL000879,VH001908,PR000073,PR000245,,single_vehicle,snow,2025-07-20,True,2,4,5323.2,paid,5315.55,0,
CM000728,CL002848,VH003914,PR000022,PR000087,,single_vehicle,clear,2023-07-11,True,0,1,12097.31,denied,0.0,0,
CM004578,CL001602,VH001028,,,,multi_vehicle_pileup,clear,2024-05-13,True,0,0,2570.11,paid,2427.54,0,
CM000977,CL001357,VH000929,PR000059,,,parking_lot,clear,2025-10-21,True,0,0,3981.32,under_review,,0,
CM006787,CL001031,VH001694,,PR000092,,rear_end_collision,rain,2023-05-04,True,0,0,1225.76,paid,1192.92,0,
CM007897,CL001302,VH003183,,PR000142,,parking_lot,clear,2024-08-14,True,0,1,1014.45,denied,0.0,0,
CM003517,CL000309,VH001697,,PR000176,PR000044,multi_vehicle_pileup,clear,2024-12-05,False,1,1,6724.65,paid,6212.35,0,
CM006560,CL001657,VH002135,,PR000094,,sideswipe,rain,2023-01-22,True,0,1,8148.45,under_review,,0,
CM008732,CL002992,VH003410,PR000171,PR000087,,sideswipe,fog,2023-03-18,False,0,1,4105.17,paid,3734.77,1,RING011
CM003941,CL002231,VH003332,PR000093,PR000062,PR000126,rear_end_collision,fog,2023-10-08,True,1,0,4851.47,paid,4405.61,0,
CM001300,CL001434,VH003463,PR000057,PR000132,PR000177,multi_vehicle_pileup,clear,2024-02-22,True,0,0,3279.67,paid,3013.04,0,
CM008711,CL000911,VH000301,PR000104,PR000075,PR000188,rear_end_collision,rain,2025-08-27,False,0,1,6245.51,under_review,,1,RING010
CM001349,CL001266,VH001210,PR000223,PR000075,PR000193,multi_vehicle_pileup,rain,2025-02-20,True,0,1,3884.91,paid,3797.83,0,
CM000661,CL002000,VH001472,,PR000246,,sideswipe,fog,2024-03-03,True,1,2,4787.87,paid,4409.95,0,
CM001493,CL000341,VH000232,PR000186,PR000163,,rear_end_collision,clear,2024-05-20,False,0,0,1578.44,paid,1429.67,0,
CM006484,CL003549,VH000275,PR000164,PR000062,,rear_end_collision,clear,2023-10-02,True,0,0,3904.06,paid,3898.95,0,
CM006699,CL003445,VH003046,PR000035,,,single_vehicle,snow,2024-01-31,False,1,0,5312.34,paid,5072.48,0,
CM007033,CL001950,VH002956,PR000106,PR000115,,rear_end_collision,clear,2025-11-07,True,0,1,3848.54,paid,3547.69,0,
CM005155,CL000999,VH000971,PR000219,PR000032,,rear_end_collision,clear,2025-03-23,True,0,2,10624.85,paid,9659.63,0,
CM002316,CL000585,VH000452,PR000144,PR000169,,multi_vehicle_pileup,fog,2025-06-22,True,1,2,2941.59,paid,2864.55,0,
CM008574,CL002405,VH001153,PR000064,PR000000,,multi_vehicle_pileup,fog,2023-05-27,False,1,0,4414.68,denied,0.0,1,RING005
CM008541,CL001888,VH001973,PR000214,PR000115,PR000147,sideswipe,clear,2023-12-05,True,1,0,2928.43,paid,2759.28,1,RING004
CM001086,CL003134,VH003007,,PR000154,,single_vehicle,rain,2025-04-30,True,0,1,2800.37,paid,2560.89,0,
CM002525,CL002537,VH003416,PR000026,,,rear_end_collision,rain,2023-03-25,True,0,0,5249.74,paid,4825.89,0,
CM006940,CL000711,VH001538,PR000112,PR000151,,sideswipe,clear,2025-06-27,True,1,1,2732.21,paid,2709.22,0,
CM005375,CL002364,VH001298,PR000036,PR000058,,rear_end_collision,rain,2024-01-17,False,0,3,4656.29,paid,4479.26,0,
CM003199,CL001634,VH000910,PR000085,,,single_vehicle,clear,2024-09-23,True,0,0,2023.28,paid,1841.72,0,
CM006519,CL002918,VH000809,,PR000045,,rear_end_collision,clear,2023-10-13,True,0,0,2202.26,under_review,,0,
CM006534,CL000759,VH002169,,PR000151,,parking_lot,clear,2024-10-03,True,0,2,2524.55,paid,2481.36,0,
CM000068,CL001070,VH001761,PR000068,PR000037,,multi_vehicle_pileup,rain,2024-08-04,True,2,0,6360.19,denied,0.0,0,
CM008863,CL000077,VH003985,PR000049,PR000045,,sideswipe,clear,2024-08-26,False,1,1,3371.39,partially_paid,1607.64,1,RING018
CM002270,CL003466,VH003464,PR000073,,PR000102,sideswipe,snow,2024-11-03,True,0,1,4179.74,paid,4050.6,0,
CM006795,CL001753,VH002067,PR000236,PR000091,,parking_lot,clear,2024-09-05,False,2,0,1300.94,paid,1283.39,0,
CM005799,CL002327,VH000015,,PR000242,,single_vehicle,clear,2023-06-29,False,0,0,2072.72,paid,1902.86,0,
CM007564,CL001158,VH003122,,PR000131,,parking_lot,clear,2025-08-27,False,0,2,5983.2,paid,5550.62,0,
CM008664,CL002223,VH002386,PR000114,PR000243,,parking_lot,rain,2024-12-26,False,0,0,6869.71,paid,6319.7,1,RING009
CM005323,CL002073,VH000622,,PR000226,,single_vehicle,clear,2025-12-22,False,0,0,2713.69,paid,2560.65,0,
CM003448,CL002680,VH003749,,PR000225,,sideswipe,fog,2024-05-14,True,0,4,5246.62,denied,0.0,0,
CM002368,CL002211,VH002457,,PR000197,,sideswipe,clear,2023-02-22,True,1,2,9150.29,paid,8632.45,0,
CM005717,CL000319,VH000765,PR000198,PR000107,,multi_vehicle_pileup,snow,2025-12-12,True,2,0,3748.18,paid,3741.99,0,
CM006436,CL002044,VH003508,PR000043,PR000199,,sideswipe,clear,2025-03-20,True,0,2,4440.96,paid,4159.54,0,
CM002513,CL002685,VH001778,,PR000209,,multi_vehicle_pileup,clear,2024-11-03,True,0,1,829.91,under_review,,0,
CM002724,CL002033,VH003991,PR000113,PR000027,,sideswipe,rain,2024-04-16,True,0,0,138.01,paid,124.41,0,
CM008163,CL003860,VH000780,,PR000197,,parking_lot,clear,2025-05-22,False,0,0,1448.25,paid,1336.36,0,
CM007858,CL003141,VH003777,,PR000105,,single_vehicle,clear,2024-06-08,False,0,1,6377.94,denied,0.0,0,
CM001144,CL000201,VH002587,,PR000124,,sideswipe,clear,2024-04-28,True,0,0,1428.41,under_review,,0,
CM008684,CL003984,VH002077,PR000104,PR000075,PR000188,parking_lot,clear,2025-09-29,True,1,0,10012.37,partially_paid,5761.15,1,RING010
CM005710,CL002921,VH002375,,PR000243,,multi_vehicle_pileup,clear,2025-10-01,True,1,1,6194.45,paid,6140.16,0,
CM008717,CL001674,VH001966,PR000104,PR000075,PR000188,rear_end_collision,clear,2025-10-24,True,1,1,3816.18,denied,0.0,1,RING010
CM008214,CL000467,VH001212,PR000114,PR000179,,multi_vehicle_pileup,rain,2025-10-15,True,0,0,4820.88,paid,4682.9,0,
CM004729,CL000702,VH001731,PR000234,PR000184,,single_vehicle,clear,2023-08-02,False,1,1,4510.31,paid,4128.9,0,
CM005495,CL001929,VH003797,PR000093,PR000138,PR000185,sideswipe,clear,2023-05-25,False,0,3,4253.62,denied,0.0,0,
CM005971,CL001934,VH002618,PR000023,PR000097,,sideswipe,clear,2023-04-06,True,0,0,1693.26,paid,1552.57,0,
CM003790,CL000799,VH003111,PR000023,PR000055,PR000141,sideswipe,fog,2025-04-15,True,0,2,2786.48,paid,2702.98,0,
CM002221,CL000447,VH000353,PR000239,PR000225,PR000147,sideswipe,clear,2025-08-21,True,0,0,1829.36,paid,1798.46,0,
CM005076,CL002734,VH003191,,PR000181,,multi_vehicle_pileup,clear,2025-08-16,True,0,0,1542.96,paid,1464.47,0,
CM002332,CL003314,VH001047,,PR000245,,parking_lot,fog,2023-09-14,False,0,1,2586.84,paid,2430.65,0,
CM005395,CL001786,VH000665,,PR000145,,sideswipe,rain,2023-10-24,True,1,2,18332.88,paid,17547.11,0,
CM007266,CL002982,VH002115,,PR000228,,multi_vehicle_pileup,clear,2025-12-29,True,0,1,420.11,paid,394.27,0,
CM006364,CL000007,VH001611,PR000198,PR000182,,parking_lot,clear,2024-03-24,False,0,0,2144.75,paid,2068.22,0,
CM008324,CL002022,VH001851,PR000004,PR000105,,rear_end_collision,clear,2025-12-13,True,0,1,3131.61,denied,0.0,0,
CM004089,CL003891,VH003744,,PR000087,,rear_end_collision,clear,2024-05-19,True,0,2,2619.51,paid,2517.83,0,
CM001968,CL000035,VH000274,PR000035,PR000194,,sideswipe,clear,2024-07-07,True,1,1,2482.73,paid,2296.75,0,
CM007819,CL002703,VH000831,PR000153,PR000040,,sideswipe,clear,2024-11-06,True,2,1,3477.57,paid,3206.57,0,
CM007512,CL000819,VH000398,,,,sideswipe,rain,2025-08-31,True,2,1,1393.67,paid,1364.12,0,
CM008549,CL003518,VH001973,PR000214,PR000115,PR000147,sideswipe,clear,2023-12-31,False,3,0,4250.36,partially_paid,2555.44,1,RING004
CM004366,CL002172,VH001128,,PR000086,,multi_vehicle_pileup,clear,2025-01-02,True,0,1,4781.97,paid,4331.43,0,
CM000424,CL000922,VH001572,PR000085,PR000165,PR000213,parking_lot,clear,2025-11-25,True,0,0,757.49,denied,0.0,0,
CM000281,CL002046,VH003325,PR000098,PR000092,,sideswipe,clear,2023-11-09,True,0,2,2478.36,paid,2395.2,0,
CM001905,CL003769,VH003455,PR000068,PR000000,,single_vehicle,clear,2024-01-05,True,1,0,4789.26,paid,4540.28,0,
CM000596,CL002915,VH000119,,PR000084,,rear_end_collision,clear,2024-10-31,False,0,1,3207.69,paid,2919.28,0,
CM007116,CL000493,VH002894,,PR000150,PR000044,rear_end_collision,clear,2024-05-25,True,0,0,4429.22,under_review,,0,
CM003918,CL000086,VH002797,,PR000137,,multi_vehicle_pileup,rain,2024-06-27,True,0,1,4219.44,under_review,,0,
CM003619,CL000363,VH000478,PR000046,PR000169,,rear_end_collision,clear,2025-11-06,True,0,0,5112.1,paid,4680.57,0,
CM000840,CL002072,VH001682,PR000119,PR000060,,single_vehicle,clear,2023-02-23,True,0,1,1590.77,under_review,,0,
CM004597,CL001436,VH001433,PR000196,PR000015,,multi_vehicle_pileup,clear,2023-02-05,True,1,2,637.44,paid,605.96,0,
CM008886,CL001989,VH003129,PR000049,PR000045,,rear_end_collision,clear,2024-07-31,False,1,1,8478.68,denied,0.0,1,RING018
CM000142,CL002864,VH001886,,PR000128,,parking_lot,clear,2023-08-26,True,0,0,2661.48,denied,0.0,0,
CM007921,CL001692,VH003279,,PR000087,,single_vehicle,clear,2024-12-14,True,0,1,5899.43,paid,5600.25,0,
CM001378,CL000462,VH002351,,,PR000232,rear_end_collision,clear,2024-02-16,True,3,1,3524.45,paid,3286.13,0,
CM003675,CL003149,VH000261,PR000072,PR000157,,parking_lot,clear,2025-02-01,True,2,2,2122.1,paid,1934.75,0,
CM007469,CL003510,VH001539,,PR000211,,rear_end_collision,clear,2024-05-22,True,0,1,1920.34,paid,1916.84,0,
CM008828,CL002523,VH002729,PR000198,PR000086,,parking_lot,rain,2024-08-31,False,0,1,2962.07,partially_paid,962.58,1,RING016
CM004742,CL001458,VH003476,,PR000029,,single_vehicle,clear,2024-09-25,False,0,1,1002.93,paid,914.48,0,
CM003809,CL002333,VH002234,PR000244,PR000005,,sideswipe,clear,2023-08-10,True,0,2,2371.96,paid,2203.11,0,
CM001139,CL003685,VH000163,PR000136,,,rear_end_collision,clear,2024-12-20,True,0,0,501.7,paid,453.96,0,
CM002258,CL003312,VH002295,PR000190,PR000161,,parking_lot,clear,2024-10-16,False,0,1,8423.28,under_review,,0,
CM006215,CL000976,VH000225,PR000059,PR000246,,sideswipe,clear,2024-05-16,False,0,0,7966.16,paid,7706.11,0,
CM001788,CL001024,VH003482,,PR000132,,multi_vehicle_pileup,clear,2024-12-11,True,0,1,5097.37,paid,4668.66,0,
CM003939,CL002561,VH003156,,PR000028,,rear_end_collision,clear,2023-08-08,True,0,0,4773.38,paid,4298.64,0,
CM006238,CL003328,VH002906,PR000144,PR000062,,parking_lot,clear,2023-05-25,True,0,0,2947.27,paid,2898.29,0,
CM004647,CL002864,VH003496,,PR000091,PR000101,parking_lot,clear,2025-04-18,False,2,2,1188.23,under_review,,0,
CM000460,CL000892,VH000275,PR000198,PR000080,,parking_lot,clear,2023-06-04,True,0,1,2006.36,paid,1876.08,0,
CM008509,CL001719,VH001068,PR000019,PR000071,PR000102,single_vehicle,clear,2024-04-30,False,1,1,7489.68,paid,6946.19,1,RING003
CM000949,CL001634,VH003634,PR000064,,,sideswipe,rain,2025-09-09,True,0,1,4412.18,under_review,,0,
CM003701,CL003743,VH000147,,PR000086,,sideswipe,clear,2024-12-05,True,1,0,10978.22,paid,9925.51,0,
CM001337,CL000154,VH000313,PR000223,PR000202,,sideswipe,clear,2024-05-12,False,0,2,1437.62,paid,1311.41,0,
CM004629,CL001451,VH002641,PR000025,PR000067,,single_vehicle,snow,2023-10-12,True,0,0,9430.91,paid,9374.29,0,
CM007643,CL002629,VH003603,PR000239,PR000092,,parking_lot,clear,2024-01-24,False,0,1,2648.27,paid,2559.26,0,
CM001603,CL002700,VH003116,PR000057,PR000226,,sideswipe,clear,2024-01-25,True,0,1,4584.75,paid,4414.63,0,
CM002239,CL002046,VH001381,PR000003,PR000160,PR000061,sideswipe,rain,2025-12-06,True,0,1,2333.66,denied,0.0,0,
CM000640,CL001552,VH000793,PR000214,PR000091,,multi_vehicle_pileup,rain,2023-04-16,True,1,0,4803.68,paid,4742.36,0,
CM008761,CL000560,VH000401,PR000119,PR000197,PR000135,rear_end_collision,clear,2025-05-14,False,0,0,4988.33,denied,0.0,1,RING012
CM003831,CL000625,VH003142,,PR000220,,parking_lot,clear,2024-04-29,False,0,1,901.09,paid,864.32,0,
CM008378,CL000945,VH003376,PR000212,,,rear_end_collision,clear,2023-03-28,True,0,1,2012.45,paid,1914.6,0,
CM006302,CL000961,VH001465,,PR000179,,parking_lot,clear,2024-05-02,False,0,2,1791.3,under_review,,0,
CM006654,CL000597,VH000094,,PR000138,,multi_vehicle_pileup,clear,2024-04-16,True,0,2,1559.56,paid,1549.77,0,
CM001959,CL001572,VH000745,PR000082,PR000075,,rear_end_collision,fog,2024-02-02,False,0,1,3860.22,paid,3628.03,0,
CM001071,CL000342,VH002932,,PR000205,,sideswipe,fog,2025-11-27,False,0,1,3091.48,paid,3090.45,0,
CM000156,CL000505,VH002227,,,,sideswipe,clear,2023-07-16,True,0,0,3644.55,paid,3544.9,0,
CM002296,CL003847,VH001352,PR000198,PR000169,,parking_lot,rain,2024-10-04,True,0,0,3095.23,paid,3074.12,0,
CM006143,CL000436,VH003137,PR000200,PR000203,,single_vehicle,clear,2024-02-20,False,0,0,3765.48,paid,3684.72,0,
CM004579,CL002488,VH000429,,PR000203,,single_vehicle,clear,2023-01-19,True,0,0,5851.41,paid,5502.39,0,
CM001090,CL000159,VH001383,PR000089,PR000203,,multi_vehicle_pileup,clear,2023-05-12,True,0,0,1660.78,paid,1576.89,0,
CM002941,CL003450,VH002253,,PR000028,,sideswipe,clear,2023-03-02,True,1,1,8832.41,paid,8310.51,0,
CM008107,CL003297,VH002333,,PR000199,,sideswipe,rain,2025-08-28,False,0,1,2828.87,paid,2684.75,0,
CM004385,CL002055,VH003593,,PR000145,,multi_vehicle_pileup,snow,2024-06-04,True,1,0,1349.86,paid,1243.56,0,
CM000931,CL003202,VH000964,,PR000084,,single_vehicle,rain,2023-05-06,True,0,2,2915.94,paid,2901.3,0,
CM002910,CL001691,VH002003,PR000156,PR000037,,sideswipe,snow,2025-07-14,True,1,0,2016.56,paid,1944.25,0,
CM006199,CL002331,VH002618,PR000043,PR000191,PR000126,single_vehicle,clear,2023-04-02,True,0,1,3864.3,paid,3531.04,0,
CM000896,CL002369,VH003543,PR000078,PR000032,,sideswipe,clear,2024-01-20,False,0,1,1737.48,paid,1603.64,0,
CM003248,CL002516,VH001389,PR000231,PR000009,,multi_vehicle_pileup,clear,2024-10-26,False,1,0,3031.76,paid,2792.43,0,
CM002327,CL003237,VH000983,PR000021,PR000221,,sideswipe,clear,2024-03-10,True,1,0,1109.75,paid,1086.77,0,
CM007140,CL001452,VH002926,,PR000218,,single_vehicle,clear,2024-08-25,True,1,1,2425.62,paid,2345.09,0,
CM008494,CL001615,VH000767,PR000019,PR000071,PR000102,sideswipe,clear,2024-04-11,True,2,0,1181.03,denied,0.0,1,RING003
CM007047,CL001253,VH002726,,PR000013,,single_vehicle,fog,2023-05-01,False,0,2,2191.42,paid,2012.66,0,
CM005039,CL000116,VH003825,PR000125,PR000079,,multi_vehicle_pileup,fog,2024-05-13,True,0,0,2397.05,paid,2165.24,0,
CM004137,CL003980,VH003423,,PR000221,,parking_lot,clear,2023-10-15,True,0,1,2955.9,under_review,,0,
CM008241,CL000557,VH002272,PR000082,,,single_vehicle,clear,2023-01-14,True,0,2,2093.36,under_review,,0,
CM001716,CL001229,VH003167,,,PR000139,sideswipe,clear,2025-11-12,True,0,1,2174.83,paid,2057.49,0,
CM001699,CL001040,VH002048,PR000048,PR000058,,rear_end_collision,snow,2023-02-27,True,0,3,4040.26,paid,3876.25,0,
CM008646,CL000079,VH000847,PR000046,PR000201,PR000230,single_vehicle,clear,2025-01-28,True,0,0,10059.51,paid,9790.2,1,RING008
CM008516,CL000311,VH003388,PR000214,PR000115,PR000147,multi_vehicle_pileup,clear,2023-11-28,False,2,1,8003.32,denied,0.0,1,RING004
CM008898,CL001283,VH002889,PR000235,PR000097,PR000130,parking_lot,rain,2023-02-12,False,0,1,1088.42,denied,0.0,1,RING019
CM006512,CL000875,VH002193,PR000187,PR000140,,single_vehicle,fog,2025-09-03,True,0,0,642.09,paid,616.4,0,
CM003832,CL002336,VH001674,PR000212,,,sideswipe,clear,2025-11-02,False,1,0,6550.53,paid,6208.56,0,
CM003349,CL000945,VH002361,,PR000221,,multi_vehicle_pileup,clear,2024-05-20,True,0,0,7032.37,paid,6514.8,0,
CM008489,CL003894,VH000769,PR000019,PR000071,PR000102,sideswipe,rain,2024-04-09,True,0,0,8733.91,denied,0.0,1,RING003
CM000986,CL001813,VH003501,PR000125,,,rear_end_collision,fog,2025-02-15,True,0,1,4425.8,paid,4282.56,0,
CM001822,CL002681,VH002734,,PR000179,,single_vehicle,rain,2025-07-26,True,1,1,6614.54,under_review,,0,
CM004572,CL003195,VH002046,,PR000094,,single_vehicle,fog,2024-10-18,True,1,0,4581.01,paid,4448.53,0,
CM000588,CL003956,VH003101,,PR000176,,sideswipe,clear,2024-05-24,True,0,0,3953.91,paid,3781.88,0,
CM008704,CL002106,VH000301,PR000104,PR000075,PR000188,rear_end_collision,snow,2025-10-01,False,3,1,13554.77,denied,0.0,1,RING010
CM005078,CL001973,VH000707,PR000031,,,parking_lot,clear,2024-01-29,False,0,1,1534.33,paid,1448.85,0,
CM006148,CL001600,VH002228,,PR000075,,multi_vehicle_pileup,fog,2024-03-16,True,0,2,2491.99,under_review,,0,
CM006684,CL000085,VH002338,,PR000000,,sideswipe,clear,2024-05-31,True,0,1,4364.81,under_review,,0,
CM008493,CL000992,VH000769,PR000019,PR000071,PR000102,single_vehicle,clear,2024-04-21,True,1,0,8959.42,denied,0.0,1,RING003
CM008894,CL000531,VH002018,PR000235,PR000097,PR000130,multi_vehicle_pileup,clear,2023-03-12,True,0,1,7869.48,partially_paid,3216.89,1,RING019
CM005484,CL001479,VH002061,,,,single_vehicle,snow,2024-10-10,True,0,0,1339.02,paid,1207.0,0,
CM008125,CL001367,VH001519,,PR000154,,multi_vehicle_pileup,rain,2025-02-14,True,0,0,9261.95,under_review,,0,
CM006793,CL002249,VH003088,PR000164,PR000011,,parking_lot,rain,2023-08-06,False,0,2,2427.99,paid,2424.72,0,
CM005515,CL002608,VH002828,PR000098,PR000245,,parking_lot,clear,2025-03-06,True,0,0,887.74,under_review,,0,
CM007616,CL003860,VH002687,PR000023,PR000210,,rear_end_collision,clear,2025-09-01,True,0,0,2899.97,paid,2699.75,0,
CM005554,CL001141,VH000769,PR000236,PR000160,,parking_lot,clear,2025-07-28,True,0,0,1516.18,paid,1476.15,0,
CM003558,CL001776,VH001958,PR000112,PR000229,PR000102,multi_vehicle_pileup,fog,2025-11-08,True,1,1,791.92,paid,733.47,0,
CM001396,CL002848,VH003177,PR000096,PR000092,,single_vehicle,clear,2024-01-03,True,1,1,2355.23,paid,2199.7,0,
CM000265,CL000859,VH001975,,,,multi_vehicle_pileup,clear,2025-11-06,True,1,0,1860.76,paid,1697.93,0,
CM003548,CL002557,VH003203,,PR000045,,rear_end_collision,clear,2025-12-21,True,1,0,1384.92,paid,1368.7,0,
CM006026,CL000946,VH001358,,PR000058,,parking_lot,clear,2025-04-29,True,1,2,738.58,paid,667.77,0,
CM003070,CL002261,VH003225,,PR000071,,sideswipe,clear,2024-01-19,True,0,2,2211.95,paid,2154.75,0,
CM005026,CL001959,VH003473,,PR000199,,single_vehicle,clear,2023-05-10,False,0,1,6773.85,paid,6167.76,0,
CM006797,CL000379,VH001431,PR000064,PR000015,,single_vehicle,rain,2023-10-18,True,0,0,2215.58,paid,2077.21,0,
CM003865,CL001796,VH002210,PR000078,PR000111,,parking_lot,fog,2023-01-06,True,0,2,1420.61,paid,1377.94,0,
CM007964,CL003852,VH003968,PR000025,PR000184,PR000147,rear_end_collision,rain,2025-06-03,False,0,0,2485.91,paid,2345.08,0,
CM002401,CL000594,VH001507,PR000046,PR000060,,sideswipe,clear,2024-02-23,True,0,1,13233.41,paid,13075.61,0,
CM006952,CL000558,VH000330,,,,multi_vehicle_pileup,rain,2025-11-21,False,0,0,4229.3,paid,4067.61,0,
CM003712,CL003353,VH000710,PR000014,PR000015,,rear_end_collision,clear,2023-12-11,False,0,1,4584.31,paid,4442.63,0,
CM000247,CL000378,VH002818,PR000239,PR000128,,sideswipe,clear,2023-11-23,True,0,2,4799.38,paid,4735.33,0,
CM001595,CL002086,VH002978,,PR000027,,single_vehicle,clear,2024-06-27,False,0,1,5378.89,paid,4853.31,0,
CM001530,CL003392,VH002337,,PR000166,,sideswipe,clear,2025-11-15,True,1,0,6753.96,under_review,,0,
CM006511,CL000274,VH000053,,PR000107,PR000162,multi_vehicle_pileup,clear,2023-03-17,False,1,0,2527.92,paid,2306.39,0,
CM000924,CL002589,VH002412,PR000085,PR000132,,rear_end_collision,clear,2023-04-28,True,0,1,2632.1,paid,2623.5,0,
CM007923,CL000054,VH000218,PR000064,PR000165,,sideswipe,clear,2023-10-08,True,0,0,5952.28,paid,5751.64,0,
CM004365,CL002610,VH001069,,PR000083,,parking_lot,rain,2025-04-09,True,0,0,1887.8,paid,1862.35,0,
CM000670,CL002230,VH000701,PR000049,PR000154,,sideswipe,clear,2023-11-26,True,1,1,6348.23,paid,6163.79,0,
CM003605,CL002948,VH001240,PR000206,PR000045,,multi_vehicle_pileup,clear,2025-01-25,True,1,0,4039.81,paid,3898.7,0,
CM005109,CL003051,VH000836,,PR000166,PR000007,multi_vehicle_pileup,clear,2025-09-04,False,0,0,3585.43,paid,3229.65,0,
CM001911,CL002079,VH003412,PR000149,PR000013,,rear_end_collision,rain,2025-07-23,True,0,2,2670.33,paid,2550.32,0,
CM006711,CL001772,VH000742,PR000059,PR000027,,rear_end_collision,fog,2025-04-12,True,0,2,1899.57,paid,1804.74,0,
CM005249,CL003086,VH002400,PR000167,,,multi_vehicle_pileup,clear,2024-06-16,False,0,0,2260.6,under_review,,0,
CM003959,CL001914,VH001261,,PR000184,,multi_vehicle_pileup,clear,2023-12-31,True,0,0,6190.49,paid,6011.72,0,
CM005644,CL001148,VH001677,,PR000115,,rear_end_collision,rain,2025-03-16,True,0,1,4838.08,paid,4446.34,0,
CM002697,CL000074,VH003300,PR000104,PR000012,,rear_end_collision,rain,2023-02-08,True,1,1,6723.73,paid,6161.96,0,
CM002592,CL003630,VH000749,PR000198,PR000067,,parking_lot,clear,2025-11-25,False,1,1,1424.88,paid,1330.08,0,
CM001782,CL002834,VH002150,PR000104,PR000226,PR000020,single_vehicle,snow,2025-03-02,True,0,0,2575.63,paid,2466.07,0,
CM003014,CL002273,VH003132,PR000070,PR000107,PR000232,multi_vehicle_pileup,rain,2025-04-02,False,0,0,3385.18,paid,3286.4,0,
CM002308,CL002805,VH001266,PR000077,PR000084,PR000193,rear_end_collision,clear,2024-08-19,True,0,3,7761.47,denied,0.0,0,
CM008205,CL003036,VH003219,,PR000005,,multi_vehicle_pileup,clear,2025-05-09,True,0,2,3064.93,under_review,,0,
CM003691,CL003687,VH003545,PR000152,PR000052,,parking_lot,fog,2025-03-18,True,0,2,2681.08,paid,2641.64,0,
CM000688,CL001876,VH000570,,PR000042,,parking_lot,snow,2023-01-02,True,0,1,1421.49,paid,1384.93,0,
CM000613,CL003364,VH003477,,PR000197,,single_vehicle,clear,2023-11-13,True,0,2,4357.11,paid,4032.71,0,
CM006788,CL001596,VH003014,PR000214,PR000080,,sideswipe,clear,2023-10-31,False,1,2,3945.46,paid,3765.73,0,
CM003201,CL001007,VH002624,,PR000242,,multi_vehicle_pileup,fog,2023-10-20,True,1,2,4187.23,paid,3923.4,0,
CM002268,CL002317,VH002836,PR000022,PR000086,,rear_end_collision,snow,2025-06-30,False,0,0,2857.34,paid,2753.42,0,
CM008726,CL001225,VH003410,PR000171,PR000087,,multi_vehicle_pileup,clear,2023-02-05,True,0,1,520.13,partially_paid,331.61,1,RING011
CM007304,CL000545,VH003232,PR000167,,,single_vehicle,clear,2025-06-02,True,0,1,4817.18,under_review,,0,
CM001899,CL002689,VH001061,PR000235,PR000169,PR000155,rear_end_collision,clear,2024-07-27,False,0,0,8815.57,paid,8059.65,0,
CM008500,CL000057,VH000539,PR000019,PR000071,PR000102,parking_lot,fog,2024-03-30,False,1,2,18625.7,paid,17883.75,1,RING003
CM006376,CL000567,VH003969,,PR000194,,multi_vehicle_pileup,clear,2024-07-27,True,0,1,2378.28,paid,2341.35,0,
CM000259,CL001199,VH002211,,PR000131,,sideswipe,snow,2025-11-21,True,0,1,2606.6,paid,2574.06,0,
CM002925,CL001336,VH000241,PR000200,PR000097,,multi_vehicle_pileup,fog,2023-11-27,True,0,1,2507.79,paid,2423.47,0,
CM004944,CL003963,VH003550,PR000093,PR000075,PR000061,single_vehicle,clear,2024-11-10,True,0,2,1250.86,paid,1233.83,0,
CM002823,CL003515,VH003245,,PR000041,PR000185,multi_vehicle_pileup,snow,2023-11-22,True,0,1,594.09,paid,579.5,0,
CM003340,CL003849,VH002301,,PR000097,,rear_end_collision,rain,2024-10-14,True,0,0,4038.42,paid,3760.67,0,
CM003526,CL000576,VH000787,,PR000225,,sideswipe,rain,2024-07-19,True,0,0,3348.54,paid,3129.51,0,
CM004564,CL000964,VH003853,,PR000069,,multi_vehicle_pileup,clear,2024-11-01,True,0,1,1084.85,paid,1002.07,0,
CM005330,CL000315,VH002945,PR000065,PR000108,,sideswipe,clear,2025-03-01,True,1,3,5014.2,paid,4754.06,0,
CM005224,CL001933,VH003294,PR000212,PR000012,,single_vehicle,clear,2025-05-26,True,0,0,4689.74,paid,4307.55,0,
CM002286,CL001023,VH002079,PR000114,PR000027,,multi_vehicle_pileup,fog,2025-06-29,True,0,2,4619.63,paid,4207.29,0,
CM008102,CL002518,VH000780,PR000217,PR000201,,sideswipe,clear,2025-03-20,False,0,0,530.19,paid,510.08,0,
CM007678,CL002306,VH003660,,PR000108,,rear_end_collision,rain,2024-08-25,True,0,1,3914.27,under_review,,0,
CM000485,CL001948,VH001010,PR000113,PR000201,,rear_end_collision,fog,2025-01-30,True,0,0,1840.49,paid,1727.54,0,
CM002212,CL000680,VH000870,,PR000087,,sideswipe,clear,2024-09-09,False,0,0,4353.93,paid,4185.56,0,
CM005417,CL003317,VH003900,,PR000166,,single_vehicle,clear,2023-10-19,True,1,1,914.35,paid,834.01,0,
CM008274,CL002784,VH001677,,PR000038,,multi_vehicle_pileup,rain,2024-03-18,True,0,1,11428.85,under_review,,0,
CM002556,CL003184,VH001866,,PR000052,,multi_vehicle_pileup,clear,2024-11-09,True,0,1,2964.17,paid,2753.39,0,
CM000008,CL002278,VH001323,PR000212,PR000041,,single_vehicle,clear,2025-10-01,False,0,1,2446.76,paid,2247.87,0,
CM003658,CL002244,VH001949,PR000168,PR000105,,sideswipe,clear,2024-03-01,True,0,0,3851.58,paid,3635.77,0,
CM008126,CL001221,VH002190,PR000223,PR000180,PR000101,multi_vehicle_pileup,clear,2024-08-04,True,1,0,2991.77,paid,2780.97,0,
CM004875,CL000641,VH003421,,,PR000232,multi_vehicle_pileup,clear,2025-04-06,False,0,2,3613.08,paid,3592.24,0,
CM004403,CL003206,VH001360,,,PR000054,single_vehicle,snow,2024-12-10,True,0,2,3911.5,paid,3584.79,0,
CM005547,CL001966,VH002330,,PR000143,,single_vehicle,clear,2024-04-28,True,0,0,4916.9,paid,4699.74,0,
CM007751,CL002206,VH002498,,,,multi_vehicle_pileup,rain,2023-12-11,True,1,1,4293.98,paid,4076.52,0,
CM002427,CL001627,VH000055,,PR000137,,parking_lot,clear,2024-03-11,True,0,1,9359.05,paid,9183.37,0,
CM001815,CL001028,VH001037,PR000017,PR000032,,sideswipe,clear,2023-08-23,True,1,0,3159.42,paid,3043.9,0,
CM008584,CL000330,VH002401,PR000064,PR000000,,rear_end_collision,clear,2023-05-26,True,1,0,4540.86,paid,4419.83,1,RING005
CM002275,CL001753,VH000040,,PR000018,,rear_end_collision,rain,2023-04-19,True,0,0,4905.7,under_review,,0,
CM001012,CL001298,VH000655,PR000149,PR000091,,multi_vehicle_pileup,rain,2023-10-03,True,0,1,1163.56,paid,1125.3,0,
CM006520,CL001934,VH000510,PR000231,,,parking_lot,fog,2025-03-29,True,0,1,2200.44,under_review,,0,
CM001068,CL000325,VH001248,,PR000038,,single_vehicle,clear,2023-06-17,True,1,2,4455.89,paid,4127.64,0,
CM001992,CL002876,VH002954,PR000119,PR000110,PR000122,multi_vehicle_pileup,clear,2025-04-12,True,1,0,2648.18,paid,2613.74,0,
CM003971,CL000584,VH001980,,PR000241,,multi_vehicle_pileup,clear,2025-08-15,False,1,4,2135.61,paid,1933.88,0,
CM007965,CL000817,VH002775,PR000057,PR000154,,sideswipe,snow,2025-03-08,True,0,1,1534.81,paid,1530.82,0,
CM006847,CL001151,VH003788,,,,rear_end_collision,rain,2024-04-14,True,1,1,7642.69,paid,7459.51,0,
CM004543,CL002012,VH003783,,,,parking_lot,clear,2024-10-05,True,0,2,2890.52,paid,2734.52,0,
CM008314,CL003268,VH000417,,,,rear_end_collision,rain,2024-11-28,True,0,2,5700.21,paid,5313.85,0,
CM003868,CL003341,VH002336,,PR000128,,single_vehicle,clear,2023-01-21,True,0,0,5352.94,paid,4820.58,0,
CM008397,CL003547,VH002137,PR000187,PR000173,,single_vehicle,clear,2023-08-31,False,0,1,5504.45,paid,5172.92,0,
CM003049,CL002349,VH001479,PR000120,PR000041,,parking_lot,snow,2024-05-16,True,1,0,7434.62,under_review,,0,
CM000782,CL003215,VH000106,PR000036,PR000018,,rear_end_collision,clear,2024-01-23,True,0,0,4698.29,paid,4680.07,0,
CM002676,CL001899,VH001989,PR000070,PR000015,,rear_end_collision,clear,2023-02-06,True,0,2,1338.91,paid,1265.23,0,
CM001750,CL000582,VH003329,PR000082,PR000201,,rear_end_collision,fog,2024-01-10,True,0,1,2803.68,paid,2777.13,0,
CM002792,CL001697,VH001736,PR000190,PR000090,PR000230,rear_end_collision,clear,2025-04-05,False,0,1,11047.96,paid,10928.12,0,
CM005775,CL003145,VH002437,PR000168,PR000194,,sideswipe,fog,2024-03-04,True,1,1,7479.12,paid,6791.73,0,
CM004980,CL002409,VH003234,PR000248,PR000163,,single_vehicle,clear,2023-09-01,True,1,3,3127.63,paid,2980.87,0,
CM001092,CL001084,VH003501,,PR000018,PR000155,rear_end_collision,clear,2024-08-26,True,0,0,4506.12,paid,4284.41,0,
CM006652,CL003704,VH001729,PR000074,PR000182,,sideswipe,snow,2023-11-24,True,0,1,1578.23,paid,1575.99,0,
CM008105,CL003720,VH002894,,PR000011,PR000188,single_vehicle,rain,2025-05-04,True,0,0,2177.95,paid,1981.36,0,
CM008161,CL001229,VH002295,,PR000218,,sideswipe,fog,2025-01-27,True,0,1,6056.66,under_review,,0,
CM007905,CL001853,VH003970,,PR000218,,sideswipe,snow,2023-12-10,True,0,3,4188.53,paid,4101.27,0,
CM005056,CL002905,VH003753,PR000035,PR000133,,multi_vehicle_pileup,clear,2024-04-22,False,0,1,7333.26,paid,7311.58,0,
CM002609,CL000164,VH002019,,PR000229,,multi_vehicle_pileup,rain,2023-01-23,False,1,1,8183.05,paid,7479.78,0,
CM007866,CL002533,VH002831,PR000063,,,parking_lot,clear,2024-07-13,True,0,1,1018.93,under_review,,0,
CM002291,CL003596,VH002787,PR000089,PR000225,,rear_end_collision,clear,2023-01-23,True,0,0,1815.31,under_review,,0,
CM001728,CL000417,VH003344,PR000008,PR000083,,parking_lot,fog,2025-05-15,False,0,1,1933.9,paid,1757.17,0,
CM000611,CL000839,VH000681,PR000233,PR000205,,single_vehicle,clear,2025-08-15,True,0,0,1836.14,paid,1748.71,0,
CM004667,CL002135,VH001802,,PR000083,,multi_vehicle_pileup,clear,2023-05-12,True,0,0,2946.64,paid,2681.79,0,
CM006762,CL000035,VH001727,,PR000165,,sideswipe,fog,2024-09-23,True,0,0,9974.62,paid,9454.97,0,
CM000344,CL002357,VH002595,PR000171,PR000204,,single_vehicle,clear,2023-12-10,False,0,1,6758.93,paid,6369.63,0,
CM006730,CL000538,VH000201,PR000187,PR000194,,sideswipe,rain,2024-04-19,True,0,1,1631.66,paid,1470.09,0,
CM007489,CL003246,VH000773,PR000187,,,single_vehicle,rain,2025-04-23,False,0,2,4689.62,paid,4525.32,0,
CM003751,CL000867,VH003651,PR000001,PR000005,PR000188,rear_end_collision,clear,2023-02-14,True,0,3,3556.21,paid,3551.5,0,
CM007936,CL001231,VH001147,PR000070,PR000142,,single_vehicle,clear,2025-04-17,True,1,0,1438.16,paid,1409.82,0,
CM008298,CL001463,VH003943,PR000003,PR000145,,rear_end_collision,rain,2025-04-29,True,0,0,9460.77,paid,9419.92,0,
CM003216,CL003814,VH002813,PR000031,PR000040,PR000044,single_vehicle,rain,2025-09-28,True,1,0,15562.29,paid,15188.86,0,
CM000098,CL000553,VH000708,,PR000220,,sideswipe,fog,2025-07-17,True,0,0,3466.5,paid,3412.36,0,
CM006055,CL002040,VH000167,,PR000173,,single_vehicle,clear,2025-11-12,True,1,0,6472.73,under_review,,0,
CM005177,CL000294,VH000115,,PR000246,,parking_lot,clear,2025-12-09,False,0,0,4046.04,under_review,,0,
CM001538,CL001808,VH002816,PR000034,,,rear_end_collision,clear,2025-05-23,False,0,0,10108.98,paid,9600.73,0,
CM003589,CL002511,VH000056,PR000231,PR000109,,single_vehicle,clear,2024-09-07,False,0,1,5966.22,paid,5616.99,0,
CM008093,CL001623,VH003717,PR000017,PR000084,,single_vehicle,clear,2023-06-27,True,0,0,4227.15,paid,4144.47,0,
CM003649,CL001083,VH002001,,PR000083,,parking_lot,clear,2023-09-20,True,0,2,6648.03,under_review,,0,
CM007640,CL002127,VH001363,PR000063,PR000157,,multi_vehicle_pileup,rain,2023-04-28,True,0,0,1982.39,paid,1982.03,0,
CM007612,CL000546,VH000918,PR000104,PR000143,,single_vehicle,clear,2025-11-12,True,0,1,5818.46,paid,5613.0,0,
CM001518,CL001608,VH000879,,PR000246,,sideswipe,clear,2025-11-15,True,0,1,4783.33,paid,4547.63,0,
CM005062,CL001533,VH000491,,PR000117,,sideswipe,clear,2023-10-18,False,1,0,856.35,paid,823.46,0,
CM008461,CL003601,VH002785,PR000146,PR000105,,rear_end_collision,clear,2024-03-02,True,0,0,4591.56,partially_paid,2058.0,1,RING001
CM004625,CL000718,VH001582,PR000001,PR000207,,multi_vehicle_pileup,rain,2025-02-14,True,0,0,6438.93,paid,5860.75,0,
CM004273,CL001476,VH002303,PR000112,PR000045,,parking_lot,clear,2024-04-02,False,0,1,2887.86,paid,2649.74,0,
CM003670,CL002755,VH002358,,PR000172,,parking_lot,fog,2023-02-26,False,0,0,1991.93,under_review,,0,
CM005801,CL003683,VH001167,PR000156,,,parking_lot,clear,2024-05-27,True,1,0,1057.99,paid,963.6,0,
CM002091,CL002563,VH003556,PR000148,PR000169,,multi_vehicle_pileup,clear,2023-03-03,True,0,2,698.73,paid,629.27,0,
CM000573,CL001016,VH002806,,PR000115,,rear_end_collision,rain,2023-03-01,True,0,1,3249.52,paid,3012.57,0,
CM008525,CL001693,VH003087,PR000214,PR000115,PR000147,sideswipe,clear,2023-11-10,False,1,0,3515.95,paid,3288.75,1,RING004
CM007282,CL003895,VH002399,,PR000210,,sideswipe,clear,2025-09-15,False,1,1,10545.49,paid,9656.42,0,
CM007966,CL003329,VH000916,PR000208,PR000131,,multi_vehicle_pileup,clear,2025-04-26,True,0,1,7591.39,paid,7176.72,0,
CM003063,CL003676,VH002628,,PR000243,PR000177,sideswipe,clear,2024-03-23,False,0,0,8675.86,paid,8297.44,0,
CM006108,CL003134,VH000635,PR000048,,,multi_vehicle_pileup,rain,2024-06-25,False,0,0,5375.14,under_review,,0,
CM007385,CL000603,VH002749,PR000082,PR000091,,sideswipe,clear,2025-01-15,True,0,2,3269.27,paid,3144.65,0,
CM006259,CL002609,VH003378,,PR000013,PR000102,sideswipe,rain,2024-11-13,True,0,0,985.19,paid,954.92,0,
CM007255,CL002611,VH001728,,PR000201,,single_vehicle,clear,2025-11-14,False,0,0,4996.4,under_review,,0,
CM006449,CL003134,VH003374,,PR000179,,multi_vehicle_pileup,clear,2023-08-17,False,0,0,7482.06,paid,7103.86,0,
CM004480,CL003228,VH002295,PR000036,PR000029,PR000030,sideswipe,snow,2023-03-07,True,1,0,2187.17,paid,2106.39,0,
CM004949,CL001197,VH002669,,PR000165,,single_vehicle,snow,2023-09-15,True,0,1,1510.93,paid,1445.66,0,
CM000371,CL002433,VH001802,PR000168,PR000011,,parking_lot,clear,2023-04-09,True,0,0,1963.58,paid,1891.88,0,
CM001939,CL000889,VH000535,PR000065,PR000131,,sideswipe,clear,2025-11-13,True,0,2,3812.87,paid,3494.65,0,
CM006809,CL003912,VH002892,,PR000181,,single_vehicle,clear,2023-08-10,True,0,1,9308.74,paid,8664.02,0,
CM001754,CL001245,VH000222,PR000125,,,rear_end_collision,clear,2025-08-09,True,0,1,2648.36,paid,2644.01,0,
CM003671,CL003372,VH002624,PR000023,,,single_vehicle,clear,2024-03-19,True,0,1,1969.54,paid,1787.76,0,
CM003653,CL003392,VH003865,PR000148,,,rear_end_collision,clear,2024-03-17,True,0,0,3826.89,paid,3491.82,0,
CM005202,CL000583,VH001358,PR000081,PR000087,PR000193,sideswipe,clear,2025-04-17,True,0,0,2157.17,paid,1997.28,0,
CM002362,CL002123,VH000369,PR000074,PR000207,,multi_vehicle_pileup,clear,2025-05-09,True,2,1,4695.64,paid,4625.5,0,
CM004261,CL001339,VH003801,PR000234,PR000012,,parking_lot,clear,2023-11-11,True,0,1,2915.38,paid,2714.98,0,
CM005433,CL001773,VH001382,,PR000090,,sideswipe,clear,2024-06-08,False,0,0,2125.2,paid,1990.36,0,
CM004992,CL002302,VH000623,,PR000032,,multi_vehicle_pileup,clear,2025-11-20,False,0,2,3816.76,paid,3616.86,0,
CM006004,CL003117,VH000191,PR000039,PR000042,PR000122,single_vehicle,rain,2024-01-24,True,0,1,2439.22,paid,2200.07,0,
CM008436,CL003074,VH001732,PR000146,PR000105,,multi_vehicle_pileup,clear,2024-01-31,True,1,0,5066.88,paid,4693.91,1,RING001
CM003738,CL000494,VH000421,,,,rear_end_collision,snow,2025-05-17,True,0,0,5590.56,paid,5257.45,0,
CM005933,CL003178,VH001589,,PR000091,,sideswipe,clear,2025-03-15,True,0,0,1457.87,paid,1372.1,0,
CM007449,CL003533,VH003079,PR000127,PR000111,,multi_vehicle_pileup,clear,2025-03-04,True,0,1,1409.56,under_review,,0,
CM006683,CL000680,VH002811,,PR000225,,sideswipe,clear,2023-10-30,True,1,1,5008.46,under_review,,0,
CM005592,CL002023,VH001084,PR000001,PR000062,,single_vehicle,rain,2024-07-01,True,3,0,1356.05,under_review,,0,
CM001172,CL002483,VH000898,PR000074,,PR000007,rear_end_collision,clear,2025-10-14,False,0,0,3390.33,paid,3194.18,0,
CM006271,CL002494,VH001310,PR000190,PR000050,PR000175,multi_vehicle_pileup,snow,2023-06-19,True,1,2,6375.88,paid,6248.1,0,
CM001423,CL003607,VH001050,PR000073,PR000128,,parking_lot,fog,2025-12-25,True,2,1,2898.05,paid,2666.78,0,
CM008421,CL002912,VH000400,PR000114,PR000013,PR000030,sideswipe,rain,2024-04-14,True,1,1,9037.01,partially_paid,2972.61,1,RING000
CM008337,CL000628,VH001761,,PR000245,,multi_vehicle_pileup,clear,2025-03-03,True,0,1,2315.89,paid,2290.51,0,
CM006330,CL003093,VH001497,PR000212,PR000209,,multi_vehicle_pileup,clear,2023-01-06,True,1,2,1408.03,paid,1393.03,0,
CM008122,CL003678,VH003137,PR000068,PR000041,,parking_lot,clear,2025-07-27,True,0,2,598.27,paid,556.2,0,
CM000875,CL001014,VH002398,,PR000094,,multi_vehicle_pileup,clear,2024-02-07,True,0,0,6876.67,paid,6456.91,0,
CM002298,CL000426,VH000333,,PR000151,,sideswipe,clear,2025-12-10,False,0,0,3426.18,denied,0.0,0,
CM002644,CL000993,VH003456,,PR000199,,parking_lot,rain,2023-01-27,True,1,1,6390.11,under_review,,0,
CM005941,CL000889,VH003167,PR000189,PR000194,PR000213,multi_vehicle_pileup,clear,2023-11-25,True,1,3,1500.95,paid,1427.97,0,
CM001720,CL003335,VH002071,PR000186,PR000109,,single_vehicle,clear,2024-10-17,True,0,1,1099.98,paid,1040.02,0,
CM005348,CL002801,VH001598,PR000103,PR000052,,sideswipe,clear,2023-10-28,False,1,0,8223.3,paid,7472.37,0,
CM000841,CL001458,VH003198,,PR000015,,rear_end_collision,clear,2024-01-12,False,1,0,2942.49,paid,2799.91,0,
CM008867,CL003309,VH003212,PR000049,PR000045,,rear_end_collision,clear,2024-09-03,False,1,0,3517.21,paid,3416.78,1,RING018
CM000582,CL001801,VH002780,PR000187,PR000181,,rear_end_collision,rain,2023-06-07,False,1,1,3625.91,paid,3264.41,0,
CM000205,CL002011,VH001139,,PR000154,,parking_lot,clear,2023-08-06,True,1,1,5964.34,paid,5717.44,0,
CM001642,CL000705,VH003880,PR000046,PR000191,,rear_end_collision,rain,2025-03-01,False,0,0,4091.72,paid,3938.01,0,
CM002015,CL003199,VH003032,,PR000115,,multi_vehicle_pileup,clear,2023-05-22,False,0,2,789.19,paid,766.96,0,
CM003254,CL003478,VH002222,,PR000047,,multi_vehicle_pileup,clear,2024-08-04,False,0,1,7309.75,paid,6608.37,0,
CM008568,CL000213,VH001153,PR000064,PR000000,,single_vehicle,fog,2023-06-13,False,4,1,735.24,denied,0.0,1,RING005
CM000906,CL000404,VH000594,,PR000086,,sideswipe,fog,2024-01-16,True,0,2,1272.55,paid,1172.17,0,
CM000632,CL002084,VH001359,PR000119,PR000108,,single_vehicle,snow,2025-04-27,True,0,2,4668.16,paid,4464.02,0,
CM007481,CL001804,VH000864,,PR000205,,single_vehicle,snow,2023-02-10,True,0,1,374.84,paid,348.29,0,
CM006181,CL002724,VH002003,,PR000243,,rear_end_collision,rain,2023-09-19,True,0,0,6776.93,denied,0.0,0,
CM001975,CL000414,VH001259,,PR000108,,single_vehicle,clear,2023-10-23,True,1,2,2386.53,under_review,,0,
CM000163,CL002417,VH003944,,PR000199,PR000030,sideswipe,clear,2024-11-11,True,1,1,8494.55,paid,8120.95,0,
CM004999,CL000882,VH002471,PR000065,PR000052,,rear_end_collision,clear,2023-02-13,True,1,1,395.38,paid,391.06,0,
CM006635,CL001429,VH001231,PR000171,PR000174,,rear_end_collision,fog,2024-02-17,True,0,0,4700.21,paid,4408.06,0,
CM008425,CL002601,VH000400,PR000114,PR000013,PR000030,parking_lot,clear,2024-03-05,False,1,0,8884.41,paid,8842.04,1,RING000
CM008362,CL001807,VH000824,PR000070,PR000145,PR000020,parking_lot,rain,2025-01-06,True,1,1,2491.28,under_review,,0,
CM004714,CL003702,VH002396,PR000116,PR000032,PR000215,rear_end_collision,clear,2025-03-31,True,0,1,4955.94,paid,4940.18,0,
CM000876,CL003396,VH002509,,PR000111,PR000126,single_vehicle,clear,2023-03-13,True,1,0,2167.95,paid,2120.35,0,
CM001432,CL002345,VH003278,PR000096,PR000201,PR000007,parking_lot,clear,2023-01-30,True,1,0,3701.44,paid,3477.67,0,
CM004644,CL000421,VH003671,,PR000226,,sideswipe,rain,2024-03-06,True,3,1,4079.77,under_review,,0,
CM005081,CL001767,VH003859,PR000217,PR000151,,parking_lot,clear,2025-10-25,False,0,1,5232.98,paid,4748.66,0,
CM005784,CL003981,VH002662,PR000088,PR000131,,rear_end_collision,rain,2023-12-09,True,0,0,6119.4,paid,5925.35,0,
CM008075,CL002717,VH003575,,PR000092,,single_vehicle,clear,2023-03-07,True,0,0,2042.62,paid,1938.32,0,
CM007766,CL003278,VH003890,,PR000194,,rear_end_collision,snow,2025-05-04,True,1,1,3189.05,paid,3062.37,0,
CM006128,CL001989,VH002086,PR000216,PR000157,,parking_lot,clear,2025-08-16,True,0,0,1962.05,paid,1906.01,0,
CM008415,CL000314,VH001220,PR000114,PR000013,PR000030,multi_vehicle_pileup,clear,2024-04-19,False,1,0,6121.31,paid,5940.11,1,RING000
CM002857,CL002905,VH000501,,PR000123,,parking_lot,snow,2024-05-28,True,0,1,3340.8,paid,3025.14,0,
CM001862,CL000862,VH001963,,PR000015,,single_vehicle,clear,2023-02-14,False,1,1,5630.9,under_review,,0,
CM002660,CL002233,VH001524,PR000249,,,single_vehicle,clear,2024-06-19,True,0,0,7605.0,paid,7274.89,0,
CM003385,CL002228,VH000022,PR000118,,,parking_lot,snow,2025-08-31,True,0,0,5541.72,paid,4987.77,0,
CM008856,CL002398,VH002667,PR000049,PR000045,,parking_lot,clear,2024-09-12,True,1,0,5251.13,paid,5016.38,1,RING018
CM008721,CL001426,VH002009,PR000171,PR000087,,multi_vehicle_pileup,fog,2023-03-24,False,3,0,7642.86,paid,7203.68,1,RING011
CM006378,CL000850,VH003834,PR000031,PR000087,PR000237,rear_end_collision,rain,2024-10-27,True,0,0,3775.34,paid,3408.08,0,
CM006713,CL001875,VH000058,,PR000083,,parking_lot,rain,2023-05-04,True,1,1,1734.52,denied,0.0,0,
CM004734,CL000248,VH003710,,PR000110,,rear_end_collision,clear,2024-11-12,True,0,0,2167.23,under_review,,0,
CM003332,CL001297,VH000507,PR000019,PR000176,,rear_end_collision,clear,2024-10-31,True,0,0,3347.99,paid,3172.93,0,
CM007846,CL001072,VH001668,PR000096,,PR000139,single_vehicle,snow,2024-03-18,True,0,0,2717.48,paid,2642.74,0,
CM007230,CL001937,VH000823,,PR000075,PR000232,sideswipe,clear,2025-06-06,True,1,1,5018.43,paid,4871.3,0,
CM006712,CL001453,VH003938,PR000076,PR000229,,rear_end_collision,clear,2023-05-23,True,0,0,8894.93,paid,8490.28,0,
CM002097,CL003917,VH003364,PR000112,,,rear_end_collision,fog,2024-04-16,False,0,0,1520.64,paid,1519.53,0,
CM002004,CL003214,VH002861,,PR000179,,rear_end_collision,fog,2025-05-08,True,3,1,2522.64,under_review,,0,
CM007447,CL003494,VH002349,PR000231,PR000115,,multi_vehicle_pileup,clear,2023-05-25,True,0,1,1731.32,under_review,,0,
CM007182,CL002835,VH001034,,PR000032,,parking_lot,clear,2024-07-20,True,0,0,5870.61,under_review,,0,
CM005018,CL003008,VH002319,,PR000110,,sideswipe,clear,2025-05-30,True,0,1,7635.27,paid,7449.75,0,
CM000547,CL001812,VH003785,PR000144,PR000221,,sideswipe,clear,2024-03-25,True,0,1,7074.48,under_review,,0,
CM001450,CL003336,VH001726,PR000127,PR000110,,rear_end_collision,clear,2025-06-14,False,1,1,2524.1,paid,2445.7,0,
CM006677,CL000306,VH003065,PR000239,PR000207,PR000126,multi_vehicle_pileup,clear,2025-07-02,False,0,0,10170.96,paid,9878.95,0,
CM002611,CL000742,VH002296,PR000159,PR000013,,multi_vehicle_pileup,rain,2024-07-06,True,1,1,2196.35,paid,2073.54,0,
CM001901,CL001067,VH001438,,,PR000054,sideswipe,clear,2025-06-15,True,1,0,4027.11,paid,3725.99,0,
CM008194,CL003613,VH000537,,PR000087,,rear_end_collision,clear,2025-05-31,True,0,0,5493.8,paid,4982.96,0,
CM002758,CL002019,VH002378,PR000156,PR000183,,sideswipe,fog,2023-03-26,False,0,0,5649.04,paid,5117.01,0,
CM001886,CL001028,VH003237,PR000239,PR000182,,sideswipe,rain,2024-12-28,True,0,2,296.11,under_review,,0,
CM008764,CL003031,VH002384,PR000119,PR000197,PR000135,multi_vehicle_pileup,fog,2025-05-18,False,0,0,8248.59,under_review,,1,RING012
CM005739,CL000887,VH000263,,PR000178,,single_vehicle,clear,2024-10-08,True,1,0,1347.85,paid,1323.08,0,
CM007283,CL000711,VH002983,,,,multi_vehicle_pileup,rain,2024-06-13,False,0,0,10349.54,paid,9335.58,0,
CM005891,CL000747,VH000854,,PR000137,,single_vehicle,rain,2023-09-15,True,0,2,3271.13,paid,3023.47,0,
CM002098,CL002039,VH000379,PR000035,,,rear_end_collision,clear,2023-10-02,True,0,1,11974.06,denied,0.0,0,
CM008280,CL001368,VH003615,PR000200,PR000071,,parking_lot,clear,2025-01-30,True,0,2,4954.18,paid,4487.14,0,
CM005693,CL001293,VH002989,PR000239,PR000037,PR000130,single_vehicle,clear,2024-02-09,True,1,0,4686.77,paid,4243.1,0,
CM000500,CL001876,VH001344,,,,parking_lot,clear,2024-11-11,False,0,1,3091.52,under_review,,0,
CM005625,CL003167,VH003530,PR000026,PR000029,,rear_end_collision,clear,2024-11-17,True,0,1,4665.9,paid,4572.16,0,
CM000837,CL003955,VH001959,,PR000205,,sideswipe,clear,2025-08-29,True,0,0,5191.67,paid,4803.02,0,
CM003472,CL002533,VH003219,PR000036,PR000107,,parking_lot,clear,2023-05-06,True,0,1,5514.35,paid,5222.42,0,
CM004698,CL003208,VH001019,PR000008,,,multi_vehicle_pileup,clear,2024-05-20,False,1,1,11831.99,paid,11220.88,0,
CM007637,CL002014,VH002322,PR000106,PR000124,,parking_lot,clear,2025-02-20,True,1,3,2915.55,paid,2674.77,0,
CM002172,CL002729,VH000341,,PR000090,,single_vehicle,clear,2025-01-23,True,0,0,4445.24,under_review,,0,
CM008225,CL003146,VH001131,,,PR000230,rear_end_collision,clear,2024-02-28,True,0,1,388.56,paid,367.1,0,
CM005679,CL003223,VH002882,PR000235,,,sideswipe,clear,2024-07-27,True,0,3,3088.04,paid,2786.55,0,
CM008160,CL001005,VH001554,,PR000105,PR000130,single_vehicle,rain,2023-10-11,True,0,1,1067.41,paid,1057.59,0,
CM000399,CL000499,VH001583,,PR000165,,single_vehicle,clear,2024-03-05,True,1,0,343.67,paid,325.59,0,
CM002011,CL002620,VH002372,PR000078,PR000181,,multi_vehicle_pileup,rain,2025-10-28,True,0,0,4669.37,paid,4410.62,0,
CM005167,CL001113,VH003164,,PR000052,,sideswipe,clear,2023-05-05,False,0,2,4406.8,paid,3981.26,0,
CM005872,CL001786,VH003007,PR000066,PR000201,,single_vehicle,snow,2025-08-04,True,1,1,4100.94,paid,3894.15,0,
CM008736,CL003140,VH002009,PR000171,PR000087,,multi_vehicle_pileup,rain,2023-03-04,True,2,2,6276.55,under_review,,1,RING011
CM001284,CL003337,VH003175,PR000056,PR000138,PR000141,single_vehicle,clear,2025-04-02,False,0,0,937.62,paid,933.53,0,
CM006786,CL002280,VH003722,,PR000000,,parking_lot,clear,2024-03-20,True,0,1,2466.5,paid,2435.14,0,
CM007463,CL001965,VH001341,,PR000131,,parking_lot,clear,2024-11-03,True,1,3,2125.66,paid,2008.11,0,
CM004257,CL001239,VH000911,,PR000224,,single_vehicle,fog,2025-12-23,True,0,0,5738.94,paid,5577.83,0,
CM001837,CL000585,VH002535,PR000216,PR000209,PR000237,sideswipe,snow,2023-10-15,False,0,2,3279.8,under_review,,0,
CM007956,CL000865,VH003994,PR000063,PR000094,,sideswipe,clear,2024-12-13,True,0,0,1124.31,under_review,,0,
CM001020,CL003655,VH002236,PR000192,PR000108,,sideswipe,clear,2024-01-03,True,0,0,9733.86,denied,0.0,0,
CM006956,CL003795,VH001840,,PR000169,,rear_end_collision,snow,2023-06-22,False,0,1,3708.28,denied,0.0,0,
CM001327,CL000640,VH003365,,PR000132,,multi_vehicle_pileup,rain,2024-05-18,True,0,0,7122.31,paid,6461.4,0,
CM005973,CL003381,VH002725,,PR000069,,rear_end_collision,rain,2024-11-24,False,0,0,627.32,paid,607.14,0,
CM000476,CL002496,VH001819,PR000019,PR000150,,multi_vehicle_pileup,clear,2024-03-29,True,2,0,3101.63,paid,2808.17,0,
CM002811,CL003788,VH001982,PR000063,PR000050,,multi_vehicle_pileup,rain,2025-09-10,True,0,0,2707.8,paid,2532.62,0,
CM007733,CL002708,VH000093,PR000249,PR000140,PR000007,multi_vehicle_pileup,rain,2024-12-16,True,0,0,1153.26,paid,1107.94,0,
CM001652,CL001311,VH003896,PR000158,PR000178,PR000213,sideswipe,rain,2024-03-20,True,0,5,3586.91,paid,3505.44,0,
CM008571,CL002991,VH001977,PR000064,PR000000,,rear_end_collision,clear,2023-06-19,False,0,0,7875.52,paid,7305.75,1,RING005
CM008191,CL001977,VH003075,PR000098,PR000178,,multi_vehicle_pileup,clear,2025-11-14,True,0,2,2113.91,paid,2086.18,0,
CM002529,CL002332,VH001122,,PR000045,,rear_end_collision,clear,2025-09-02,True,0,2,6300.54,paid,5889.9,0,
CM001207,CL003022,VH001430,PR000081,PR000013,,rear_end_collision,clear,2025-06-10,True,0,0,4953.93,paid,4510.45,0,
CM007006,CL001827,VH001193,PR000093,PR000205,,sideswipe,clear,2024-02-25,False,0,3,3590.01,paid,3460.39,0,
CM005470,CL001199,VH001892,PR000001,,,multi_vehicle_pileup,fog,2025-08-29,True,0,0,1532.79,paid,1405.3,0,
CM008368,CL002270,VH003586,PR000034,PR000178,PR000126,rear_end_collision,rain,2023-04-14,False,1,0,9951.56,paid,9927.58,0,
CM008534,CL002684,VH002339,PR000214,PR000115,PR000147,multi_vehicle_pileup,fog,2023-11-30,False,1,0,13840.92,partially_paid,6650.81,1,RING004
CM006081,CL000325,VH000556,,PR000179,,rear_end_collision,snow,2025-12-29,True,0,1,4431.31,under_review,,0,
CM000868,CL001107,VH000867,PR000021,,,single_vehicle,snow,2023-12-31,False,0,0,4548.61,paid,4450.53,0,
CM002975,CL002299,VH000655,PR000223,PR000242,,rear_end_collision,clear,2025-02-13,False,0,1,4542.03,paid,4155.42,0,
CM005237,CL001025,VH000704,,PR000178,,rear_end_collision,rain,2023-03-12,True,2,2,2029.21,denied,0.0,0,
CM005094,CL001687,VH000003,,PR000058,PR000188,parking_lot,snow,2023-04-17,True,2,1,2052.79,paid,1972.13,0,
CM005434,CL003315,VH003017,PR000025,PR000109,,multi_vehicle_pileup,snow,2023-03-16,True,0,2,5153.16,paid,5109.04,0,
CM000542,CL001800,VH002618,,PR000172,,rear_end_collision,clear,2023-11-15,True,1,1,4442.71,paid,4090.34,0,
CM005196,CL000317,VH000537,PR000247,PR000124,,sideswipe,clear,2023-07-19,True,0,0,3232.05,paid,3135.85,0,
CM001133,CL002526,VH001403,PR000114,PR000220,,single_vehicle,rain,2024-05-20,True,0,0,1524.42,denied,0.0,0,
CM008778,CL003804,VH003274,PR000156,PR000174,PR000122,parking_lot,clear,2023-07-12,True,2,0,5866.4,denied,0.0,1,RING014
CM008252,CL003512,VH003907,PR000056,PR000079,,single_vehicle,clear,2024-05-15,False,0,0,4891.81,paid,4790.87,0,
CM003391,CL001281,VH002338,PR000238,PR000182,PR000130,parking_lot,rain,2023-04-19,True,1,2,5110.09,under_review,,0,
CM006919,CL001034,VH003550,PR000167,PR000083,,parking_lot,fog,2025-09-05,True,0,1,2207.54,denied,0.0,0,
CM002963,CL001257,VH001938,,PR000105,,multi_vehicle_pileup,clear,2024-03-05,False,0,0,2308.53,paid,2121.16,0,
CM004156,CL000758,VH002682,PR000085,PR000138,,parking_lot,clear,2025-01-18,True,1,0,6200.27,paid,5895.25,0,
CM003260,CL003959,VH000710,,PR000211,,rear_end_collision,rain,2023-12-08,True,2,1,5870.65,under_review,,0,
CM006252,CL000373,VH003380,,PR000024,PR000053,rear_end_collision,fog,2024-03-24,True,0,1,882.8,paid,821.27,0,
CM008866,CL003309,VH003212,PR000049,PR000045,,rear_end_collision,snow,2024-08-07,True,1,0,5470.21,paid,5192.54,1,RING018
CM002584,CL001932,VH002806,PR000198,,,single_vehicle,clear,2025-01-17,True,0,2,2499.57,paid,2318.8,0,
CM002814,CL000830,VH003844,PR000026,PR000179,,parking_lot,rain,2024-06-12,True,1,0,2527.38,paid,2348.04,0,
CM008343,CL000146,VH002193,PR000113,PR000050,,multi_vehicle_pileup,rain,2024-12-17,False,0,1,5377.68,paid,5107.2,0,
CM002948,CL003067,VH002200,PR000046,PR000245,PR000130,sideswipe,clear,2025-04-09,True,1,0,2363.66,paid,2254.19,0,
CM005175,CL001663,VH000734,,,,multi_vehicle_pileup,clear,2023-07-05,True,0,2,5441.08,paid,5072.95,0,
CM006630,CL002186,VH002115,PR000219,PR000117,,rear_end_collision,clear,2024-11-22,True,1,1,3730.89,paid,3359.54,0,
CM003587,CL001723,VH002563,,PR000180,,multi_vehicle_pileup,clear,2023-06-09,True,2,1,1024.23,paid,947.56,0,
CM008222,CL003257,VH000615,PR000066,PR000032,,parking_lot,clear,2024-12-31,False,1,2,2182.02,paid,2008.71,0,
CM006305,CL000761,VH002177,,PR000150,,parking_lot,clear,2025-04-04,True,0,1,4572.85,paid,4559.72,0,
CM008719,CL001817,VH003410,PR000171,PR000087,,rear_end_collision,snow,2023-02-24,True,0,0,1535.46,denied,0.0,1,RING011
CM002631,CL000577,VH001253,PR000223,PR000090,,single_vehicle,clear,2025-08-06,True,0,1,2685.35,under_review,,0,
CM007686,CL001761,VH002497,,PR000151,,rear_end_collision,clear,2023-03-12,True,0,0,8241.11,paid,7682.57,0,
CM006144,CL003979,VH002784,,PR000225,,single_vehicle,clear,2025-01-03,True,0,0,4497.11,paid,4079.66,0,
CM005037,CL000914,VH000702,PR000089,PR000134,,sideswipe,clear,2025-10-12,False,0,0,992.07,paid,903.4,0,
CM001081,CL003477,VH003722,,PR000241,,sideswipe,fog,2025-08-08,True,0,2,4517.74,paid,4103.54,0,
CM004284,CL001836,VH000696,,,,rear_end_collision,clear,2024-03-01,True,0,0,14584.21,paid,14255.42,0,
CM006312,CL003579,VH002821,PR000049,PR000080,,parking_lot,clear,2023-07-01,False,1,0,2777.05,paid,2710.05,0,
CM002086,CL002259,VH002032,PR000059,PR000040,,single_vehicle,snow,2025-11-23,True,0,0,1424.66,paid,1364.3,0,
CM002453,CL001823,VH002783,PR000019,PR000199,,parking_lot,clear,2025-11-26,True,0,2,6671.29,paid,6321.22,0,
CM004967,CL001198,VH000621,PR000113,PR000211,,sideswipe,clear,2023-02-18,False,0,0,11911.21,under_review,,0,
CM002024,CL001422,VH001448,PR000247,PR000137,,rear_end_collision,clear,2025-07-19,True,1,0,3517.01,paid,3255.68,0,
CM006366,CL002175,VH001024,,PR000183,,parking_lot,rain,2025-12-27,True,0,0,5502.2,denied,0.0,0,
CM007816,CL001204,VH001691,,PR000203,,rear_end_collision,clear,2023-10-18,True,0,0,4306.65,paid,3909.83,0,
CM007380,CL003610,VH001771,,PR000174,,multi_vehicle_pileup,fog,2024-12-15,True,1,2,2919.04,paid,2844.1,0,
CM000227,CL000966,VH000872,,,,rear_end_collision,clear,2025-09-12,False,1,1,402.35,paid,370.82,0,
CM001014,CL000401,VH002441,,PR000027,,multi_vehicle_pileup,rain,2024-04-03,True,0,2,868.59,paid,826.14,0,
CM001930,CL003948,VH003710,,PR000163,PR000053,parking_lot,snow,2024-01-03,True,0,0,6652.77,paid,6411.93,0,
CM006791,CL003686,VH003464,,PR000154,PR000135,multi_vehicle_pileup,clear,2024-04-26,True,1,2,3735.73,paid,3510.12,0,
CM005252,CL000116,VH000296,,PR000221,PR000193,parking_lot,rain,2024-08-15,True,0,0,5859.99,paid,5841.09,0,
CM001405,CL000442,VH003226,,PR000150,,single_vehicle,snow,2024-06-03,False,0,2,8379.22,paid,7866.8,0,
CM002180,CL001462,VH002912,PR000088,PR000165,,sideswipe,clear,2024-02-20,True,1,1,3638.34,paid,3491.31,0,
CM000698,CL001523,VH000037,PR000249,,,parking_lot,fog,2025-03-13,True,0,0,2350.96,paid,2122.66,0,
CM001125,CL001161,VH002131,PR000231,PR000062,,parking_lot,clear,2025-11-20,True,2,1,3522.35,under_review,,0,
CM003896,CL003953,VH001415,PR000064,PR000018,,rear_end_collision,clear,2025-07-11,True,0,0,2450.7,paid,2374.3,0,
CM006498,CL000831,VH002265,PR000198,PR000084,,single_vehicle,clear,2024-06-24,False,1,1,2249.62,denied,0.0,0,
CM005111,CL001598,VH001143,PR000017,PR000183,,single_vehicle,snow,2025-08-15,True,0,1,8814.84,paid,8776.64,0,
CM001779,CL001940,VH002855,PR000065,PR000201,PR000215,single_vehicle,clear,2024-05-19,False,0,0,4082.0,paid,4050.2,0,
CM007245,CL003350,VH000467,PR000212,PR000038,,single_vehicle,clear,2024-03-07,True,0,1,3436.56,paid,3181.68,0,
CM002635,CL003363,VH000438,PR000089,PR000012,,multi_vehicle_pileup,rain,2025-09-07,True,0,0,2944.3,paid,2657.65,0,
CM003490,CL002396,VH002397,,PR000040,,rear_end_collision,fog,2023-02-01,True,1,1,573.3,paid,554.14,0,
CM006563,CL001189,VH001023,PR000249,PR000084,,sideswipe,clear,2024-01-10,True,0,0,1033.73,paid,1018.05,0,
CM001038,CL003820,VH002960,PR000103,PR000191,,sideswipe,snow,2023-12-24,True,0,0,4440.01,paid,4003.33,0,
CM002257,CL000641,VH001466,,,,multi_vehicle_pileup,clear,2023-12-14,False,0,1,3721.93,paid,3624.16,0,
CM006452,CL003146,VH000656,PR000233,PR000243,,rear_end_collision,fog,2023-05-17,True,0,0,6689.89,denied,0.0,0,
CM002614,CL000016,VH002137,,PR000024,,single_vehicle,clear,2024-04-20,True,0,0,6623.58,paid,6390.68,0,
CM000314,CL000604,VH000721,PR000035,PR000009,,parking_lot,clear,2025-07-27,False,0,0,3185.69,denied,0.0,0,
CM002650,CL002881,VH002552,PR000195,PR000071,PR000053,parking_lot,clear,2023-01-17,False,0,0,5377.21,paid,5215.94,0,
CM002282,CL002324,VH002013,,,,rear_end_collision,clear,2025-05-28,True,0,0,8686.49,paid,8177.72,0,
CM006896,CL000897,VH000926,PR000006,PR000107,,single_vehicle,clear,2024-02-10,True,0,1,1374.56,paid,1360.23,0,
CM002548,CL003209,VH002867,PR000116,PR000220,,multi_vehicle_pileup,fog,2025-06-23,True,0,1,968.83,paid,916.11,0,
CM005513,CL000339,VH003050,,PR000032,,single_vehicle,rain,2023-06-17,True,0,1,4933.68,paid,4678.27,0,
CM005133,CL002926,VH001975,PR000039,,,rear_end_collision,rain,2023-07-24,False,0,1,2417.98,under_review,,0,
CM002160,CL001121,VH002787,PR000118,,,rear_end_collision,fog,2025-02-05,True,0,0,2127.99,under_review,,0,
CM003138,CL001899,VH003552,PR000212,PR000062,,single_vehicle,fog,2023-03-04,True,1,0,11751.72,denied,0.0,0,
CM007976,CL002595,VH000772,,PR000176,,multi_vehicle_pileup,snow,2024-06-03,True,0,1,2545.66,denied,0.0,0,
CM005851,CL002661,VH001463,,,,parking_lot,clear,2025-11-23,True,0,1,3356.56,under_review,,0,
CM003968,CL000004,VH001129,,PR000150,,single_vehicle,rain,2023-07-25,True,1,0,342.91,paid,322.83,0,
CM001429,CL001038,VH001229,,PR000058,,single_vehicle,clear,2024-12-04,True,1,0,1047.72,paid,1004.46,0,
CM006835,CL001987,VH003748,,PR000163,,multi_vehicle_pileup,clear,2024-05-21,True,0,0,7915.41,paid,7213.5,0,
CM002521,CL003529,VH002143,,PR000133,,parking_lot,clear,2025-12-20,True,0,3,6734.17,under_review,,0,
CM006192,CL000317,VH002406,PR000219,PR000211,,sideswipe,clear,2024-03-20,False,0,2,6363.03,under_review,,0,
CM007723,CL000011,VH002722,,PR000211,,multi_vehicle_pileup,rain,2024-08-06,True,0,1,2327.35,paid,2196.56,0,
CM007109,CL002558,VH000510,PR000186,,,rear_end_collision,rain,2025-08-14,True,0,2,4459.92,denied,0.0,0,
CM007223,CL003278,VH000040,,PR000207,,rear_end_collision,clear,2023-10-04,True,0,1,6875.62,paid,6819.13,0,
CM005603,CL002946,VH000074,PR000077,PR000179,,sideswipe,clear,2025-02-07,True,1,1,1810.8,paid,1708.38,0,
CM008804,CL002071,VH001804,PR000106,PR000203,PR000230,multi_vehicle_pileup,snow,2024-02-07,False,0,1,3339.89,paid,3011.3,1,RING015
CM000449,CL000840,VH003507,,PR000107,,parking_lot,clear,2023-03-29,False,0,2,4138.32,under_review,,0,
CM006725,CL000329,VH000567,PR000085,PR000229,,single_vehicle,clear,2024-07-09,True,1,1,14317.0,paid,14005.79,0,
CM001285,CL000870,VH001100,,PR000160,,sideswipe,fog,2023-05-23,True,0,1,663.46,paid,657.31,0,
CM005996,CL000128,VH002625,PR000074,PR000242,,single_vehicle,clear,2024-06-14,True,0,0,940.0,paid,903.06,0,
CM003728,CL002809,VH000968,PR000222,PR000218,,sideswipe,clear,2023-10-14,True,0,2,1104.28,paid,1094.69,0,
CM000362,CL002250,VH000199,PR000006,PR000178,,single_vehicle,snow,2025-08-02,False,0,1,5769.73,paid,5269.34,0,
CM005231,CL002305,VH001250,,PR000111,,multi_vehicle_pileup,clear,2024-08-03,False,0,1,1484.1,denied,0.0,0,
CM008893,CL000531,VH002889,PR000235,PR000097,PR000130,parking_lot,fog,2023-02-19,True,1,1,6736.44,denied,0.0,1,RING019
CM008455,CL002958,VH002134,PR000146,PR000105,,single_vehicle,clear,2024-03-17,True,1,0,5802.8,under_review,,1,RING001
CM005927,CL000748,VH001625,,PR000097,,multi_vehicle_pileup,snow,2025-11-20,True,1,3,1961.47,paid,1960.86,0,
CM005150,CL001278,VH000431,,PR000242,,multi_vehicle_pileup,clear,2024-01-21,True,0,0,2141.25,paid,1978.1,0,
CM002461,CL002364,VH002758,,PR000005,,multi_vehicle_pileup,clear,2025-02-28,True,0,0,3083.58,paid,2995.75,0,
CM000023,CL000477,VH001854,,,,multi_vehicle_pileup,clear,2024-05-16,False,1,0,2431.35,paid,2264.16,0,
CM002067,CL001349,VH003203,PR000240,PR000083,,rear_end_collision,rain,2024-05-22,True,0,0,5438.34,denied,0.0,0,
CM001654,CL002436,VH002654,,PR000209,,sideswipe,fog,2024-07-09,True,0,0,1300.73,paid,1235.49,0,
CM000703,CL001465,VH003317,PR000113,PR000131,,parking_lot,clear,2023-08-26,True,0,3,6404.65,paid,5999.52,0,
CM007257,CL000300,VH002914,,PR000243,,multi_vehicle_pileup,clear,2024-05-21,False,1,0,2566.81,paid,2496.34,0,
CM002744,CL003743,VH000855,,PR000115,,single_vehicle,clear,2023-01-05,False,0,2,5693.43,paid,5313.66,0,
CM001377,CL002226,VH000329,PR000039,PR000241,,single_vehicle,clear,2025-12-27,False,2,0,6930.87,paid,6861.99,0,
CM007804,CL002081,VH000543,,PR000027,,single_vehicle,fog,2023-04-04,True,0,2,1887.96,paid,1770.19,0,
CM002469,CL001635,VH003013,,PR000140,,sideswipe,clear,2025-12-23,True,0,3,3705.55,paid,3534.91,0,
CM003755,CL001353,VH003389,,,,sideswipe,clear,2024-09-19,False,1,0,3623.75,paid,3382.16,0,
CM002326,CL002152,VH003768,,PR000032,,rear_end_collision,clear,2023-06-12,True,0,0,3696.45,paid,3633.79,0,
CM000461,CL002300,VH003070,PR000206,PR000040,,rear_end_collision,clear,2023-10-20,False,1,2,3077.01,paid,2969.03,0,
CM005164,CL003140,VH001440,,,,parking_lot,clear,2023-05-31,True,0,1,6036.55,paid,5833.38,0,
CM004184,CL003952,VH001227,,PR000123,,single_vehicle,clear,2024-07-28,True,0,0,8541.52,paid,8155.69,0,
CM007878,CL002513,VH003651,,PR000090,,multi_vehicle_pileup,clear,2024-05-27,False,0,2,1398.25,paid,1390.2,0,
CM004083,CL003793,VH000223,,PR000145,,sideswipe,snow,2024-08-28,True,0,1,5083.1,paid,4647.65,0,
CM001487,CL003079,VH003183,,PR000226,,sideswipe,clear,2025-10-20,True,0,0,8176.47,paid,7852.39,0,
CM003679,CL002879,VH000192,PR000003,PR000145,,sideswipe,clear,2023-07-29,False,0,0,4085.37,paid,4033.92,0,
CM000283,CL003499,VH003616,,PR000045,,rear_end_collision,clear,2023-03-30,False,0,1,3012.8,paid,2946.74,0,
CM004559,CL002409,VH000591,PR000026,PR000194,,parking_lot,clear,2025-09-28,True,1,0,1877.58,paid,1779.59,0,
CM004309,CL002017,VH003384,,PR000220,,sideswipe,clear,2023-09-14,True,1,1,2922.46,paid,2774.0,0,
CM004866,CL002672,VH003308,,PR000194,,parking_lot,clear,2024-07-30,True,0,0,2757.5,paid,2569.03,0,
CM003538,CL003084,VH000343,,PR000245,,rear_end_collision,clear,2025-01-29,False,0,0,1743.91,paid,1581.4,0,
CM006769,CL003001,VH002383,,PR000225,,sideswipe,fog,2024-10-26,True,0,4,1774.02,paid,1745.7,0,
CM002582,CL002898,VH003017,PR000057,PR000032,,parking_lot,clear,2023-03-05,True,0,2,1200.91,paid,1110.91,0,
CM001369,CL003414,VH001266,,,,parking_lot,clear,2023-02-02,True,0,0,2134.96,paid,1925.09,0,
CM008443,CL001982,VH001732,PR000146,PR000105,,single_vehicle,fog,2024-01-01,True,1,0,6734.79,paid,6376.96,1,RING001
CM006467,CL003066,VH003645,PR000248,PR000201,PR000102,parking_lot,clear,2024-05-18,True,0,2,1103.59,paid,1094.19,0,
CM000598,CL000962,VH003166,PR000046,PR000013,,parking_lot,clear,2024-02-07,True,2,1,2171.29,paid,2123.59,0,
CM004352,CL003492,VH002844,PR000170,PR000194,,single_vehicle,clear,2023-03-28,True,0,1,2328.92,paid,2269.46,0,
CM007799,CL003860,VH000750,PR000056,PR000087,,rear_end_collision,clear,2023-07-01,True,0,0,2040.72,paid,1908.11,0,
CM004759,CL002264,VH001844,PR000064,PR000151,,parking_lot,fog,2025-05-22,True,0,0,2051.36,paid,1955.02,0,
CM000647,CL000698,VH002623,PR000081,PR000246,,sideswipe,clear,2025-05-01,True,1,0,1047.22,paid,1036.92,0,
CM008652,CL002243,VH000521,PR000046,PR000201,PR000230,sideswipe,fog,2025-01-07,True,1,0,3551.8,paid,3476.46,1,RING008
CM006024,CL000207,VH000455,PR000146,PR000182,,multi_vehicle_pileup,clear,2025-10-01,True,0,0,2891.2,paid,2730.44,0,
CM006282,CL003226,VH000873,PR000085,PR000241,,sideswipe,fog,2023-08-30,True,0,1,8810.24,paid,8623.87,0,
CM003469,CL001394,VH002915,,PR000134,,sideswipe,clear,2025-01-28,True,1,2,9738.15,paid,9715.68,0,
CM006160,CL000980,VH002170,,,PR000053,single_vehicle,clear,2024-07-15,True,0,1,2767.92,denied,0.0,0,
CM002991,CL001625,VH000949,PR000118,PR000111,,sideswipe,clear,2025-02-27,False,0,1,3458.48,paid,3171.05,0,
CM008389,CL001340,VH000484,PR000146,PR000024,PR000155,sideswipe,snow,2025-10-04,True,0,3,947.04,paid,920.95,0,
CM004876,CL003756,VH002492,PR000064,PR000169,PR000130,parking_lot,clear,2025-11-07,True,0,2,9433.52,paid,9411.46,0,
CM002545,CL001706,VH000984,,PR000176,,parking_lot,rain,2023-06-23,True,0,1,1503.16,paid,1485.83,0,
CM007145,CL000461,VH003222,,PR000009,,multi_vehicle_pileup,clear,2024-05-24,True,0,2,2556.5,paid,2510.62,0,
CM005342,CL003602,VH000103,PR000001,PR000242,,single_vehicle,clear,2025-01-07,True,0,0,6633.46,paid,6593.76,0,
CM008079,CL003278,VH002919,PR000238,PR000069,,parking_lot,rain,2023-10-15,True,0,1,1232.17,paid,1113.37,0,
CM004067,CL001384,VH002391,PR000023,PR000124,,sideswipe,rain,2024-10-04,True,0,3,3428.79,paid,3152.36,0,
CM003989,CL002476,VH003606,PR000144,,,sideswipe,clear,2024-06-01,True,1,2,3363.14,paid,3085.91,0,
CM002161,CL002858,VH001387,,PR000060,PR000130,single_vehicle,clear,2024-06-21,True,0,0,2119.21,under_review,,0,
CM000686,CL003382,VH002060,,PR000174,,single_vehicle,clear,2024-09-02,True,0,2,7489.63,paid,6977.98,0,
CM008030,CL003008,VH000028,PR000149,PR000038,,rear_end_collision,snow,2025-07-29,True,0,0,7693.37,paid,6950.98,0,
CM003244,CL002420,VH001290,,PR000094,,sideswipe,fog,2024-12-27,True,0,0,5406.57,paid,4990.17,0,
CM006986,CL003087,VH003721,PR000113,PR000176,,sideswipe,snow,2023-08-20,True,0,1,2036.39,paid,1905.83,0,
CM006441,CL002295,VH002487,,PR000069,,multi_vehicle_pileup,snow,2024-12-02,True,0,0,3344.92,paid,3047.59,0,
CM007432,CL002628,VH000373,PR000227,PR000194,,rear_end_collision,clear,2024-10-19,True,0,1,6386.37,paid,6311.8,0,
CM004084,CL002928,VH002769,PR000247,PR000160,,sideswipe,rain,2025-11-14,True,0,0,8125.19,under_review,,0,
CM002838,CL001810,VH003107,,PR000050,,multi_vehicle_pileup,clear,2023-05-10,True,0,3,3212.48,paid,2899.42,0,
CM003698,CL001291,VH003676,,PR000221,,multi_vehicle_pileup,clear,2023-04-06,False,0,1,6197.63,paid,6042.28,0,
CM004942,CL002391,VH001134,PR000216,PR000108,,parking_lot,rain,2025-08-31,False,1,0,5912.75,paid,5691.37,0,
CM005947,CL000698,VH002246,,,,parking_lot,clear,2023-12-07,True,0,0,987.92,paid,928.16,0,
CM004584,CL002347,VH002574,,PR000204,,parking_lot,clear,2023-12-06,True,0,1,1817.47,paid,1734.95,0,
CM005785,CL001644,VH003017,PR000196,PR000094,,multi_vehicle_pileup,rain,2024-10-15,True,0,1,2514.75,paid,2493.24,0,
CM004041,CL001484,VH001386,,PR000163,,rear_end_collision,clear,2025-02-28,True,0,0,3158.26,paid,2967.1,0,
CM002231,CL002053,VH000454,PR000189,PR000246,,single_vehicle,rain,2023-03-02,True,1,0,2351.9,paid,2316.56,0,
CM007017,CL000894,VH002710,,PR000245,,multi_vehicle_pileup,rain,2024-10-12,True,0,2,2590.14,paid,2491.75,0,
CM002321,CL002279,VH001407,,,,single_vehicle,rain,2023-06-14,True,1,1,1776.85,under_review,,0,
CM004879,CL002277,VH000885,PR000035,PR000137,,parking_lot,clear,2023-08-25,True,1,3,3699.02,paid,3352.12,0,
CM000522,CL000488,VH002187,PR000059,PR000117,,sideswipe,clear,2024-05-10,False,1,0,10185.2,paid,9513.38,0,
CM000523,CL002498,VH000111,PR000208,PR000151,,parking_lot,snow,2024-06-01,True,0,0,9865.17,paid,8906.84,0,
CM005346,CL003301,VH001668,PR000078,PR000211,,sideswipe,clear,2025-03-17,True,0,2,6431.91,paid,5957.23,0,
CM007497,CL002859,VH000207,,PR000040,,sideswipe,rain,2023-01-04,True,0,0,1207.09,paid,1101.52,0,
CM007725,CL002719,VH000025,,PR000194,,multi_vehicle_pileup,snow,2023-05-20,True,0,0,1279.49,paid,1170.39,0,
CM007721,CL002608,VH003058,PR000046,,,rear_end_collision,snow,2024-09-08,False,0,0,3078.51,paid,2937.38,0,
CM007252,CL003469,VH000550,PR000146,PR000029,,multi_vehicle_pileup,clear,2025-01-04,True,0,0,5458.25,paid,5277.09,0,
CM000781,CL000577,VH002497,PR000070,PR000166,,parking_lot,rain,2024-11-14,True,0,0,3763.65,paid,3563.73,0,
CM008594,CL001988,VH003018,PR000112,PR000060,PR000139,rear_end_collision,clear,2023-08-21,True,4,0,4994.07,denied,0.0,1,RING007
CM006526,CL000878,VH001697,,PR000166,,sideswipe,rain,2023-07-23,False,0,1,8039.0,paid,7591.14,0,
CM005608,CL002383,VH001089,PR000089,PR000143,,multi_vehicle_pileup,clear,2024-03-24,True,0,1,2258.36,paid,2154.69,0,
CM005979,CL003414,VH002470,PR000156,PR000242,,single_vehicle,rain,2025-03-18,True,0,2,1152.33,paid,1043.53,0,
CM000652,CL000951,VH001588,PR000098,PR000179,,sideswipe,clear,2024-08-30,True,0,1,4072.66,paid,4041.69,0,
CM007170,CL002397,VH002754,PR000227,PR000032,,parking_lot,clear,2025-08-19,True,1,0,8821.0,paid,8705.04,0,
CM002197,CL000094,VH000414,,PR000117,,sideswipe,clear,2025-03-29,True,0,1,5824.42,paid,5591.51,0,
CM006828,CL003308,VH003261,,PR000194,,rear_end_collision,snow,2024-09-23,True,0,1,312.3,paid,305.1,0,
CM000370,CL002503,VH003398,,PR000071,PR000175,multi_vehicle_pileup,rain,2023-05-09,True,0,0,6406.88,paid,6361.9,0,
CM008115,CL002051,VH001084,,,,multi_vehicle_pileup,fog,2024-12-12,False,1,0,6166.71,paid,6079.02,0,
CM004215,CL003535,VH003724,,PR000163,,parking_lot,clear,2024-06-22,False,0,1,3089.41,paid,2864.51,0,
CM000378,CL003542,VH002129,PR000051,PR000024,,parking_lot,clear,2025-04-27,True,0,0,1093.87,paid,1072.72,0,
CM006770,CL000857,VH002963,PR000247,PR000052,,single_vehicle,clear,2024-04-29,False,0,0,5186.83,denied,0.0,0,
CM002217,CL003822,VH002694,PR000144,PR000172,,parking_lot,fog,2024-03-09,True,0,0,5439.78,denied,0.0,0,
CM007315,CL001423,VH000880,,,,multi_vehicle_pileup,rain,2023-07-21,False,0,1,9772.93,paid,9114.35,0,
CM001614,CL003870,VH002450,PR000074,PR000009,,parking_lot,rain,2025-09-11,True,1,2,934.93,paid,913.72,0,
CM001828,CL002122,VH003906,,PR000038,,parking_lot,clear,2025-12-29,False,1,1,4872.87,paid,4628.39,0,
CM003633,CL001701,VH003447,,PR000131,,rear_end_collision,fog,2024-04-27,False,0,0,5594.96,under_review,,0,
CM000963,CL003263,VH000094,,PR000069,,rear_end_collision,clear,2024-01-06,True,0,0,1399.32,paid,1287.37,0,
CM002994,CL001421,VH000355,,PR000184,,sideswipe,rain,2025-02-03,True,1,1,4657.36,paid,4434.26,0,
CM008628,CL003425,VH003064,PR000046,PR000201,PR000230,multi_vehicle_pileup,clear,2025-02-18,False,0,0,5188.96,paid,5104.5,1,RING008
CM007367,CL003094,VH000396,,PR000165,,sideswipe,clear,2024-12-04,True,0,1,603.3,paid,554.54,0,
CM006527,CL002987,VH003741,PR000093,PR000107,,single_vehicle,clear,2024-08-29,True,0,1,7228.93,paid,7015.83,0,
CM000360,CL003563,VH003470,PR000031,PR000015,,multi_vehicle_pileup,clear,2025-07-30,True,0,1,5660.1,paid,5597.93,0,
CM003840,CL001676,VH001185,PR000189,,,single_vehicle,clear,2025-03-27,True,2,1,1095.04,paid,1027.21,0,
CM006448,CL002517,VH003992,,PR000123,,parking_lot,snow,2023-07-18,True,0,2,6926.95,paid,6670.52,0,
CM001247,CL000455,VH001994,,PR000005,,rear_end_collision,rain,2025-02-05,True,1,0,3747.13,paid,3739.68,0,
CM007258,CL001877,VH000479,,PR000013,,rear_end_collision,rain,2025-02-17,False,0,1,4527.25,paid,4449.18,0,
CM005088,CL001320,VH001555,,PR000202,,rear_end_collision,clear,2024-06-15,True,0,1,2157.97,paid,2023.13,0,
CM003695,CL001322,VH002847,,PR000067,,parking_lot,clear,2023-11-30,True,0,0,5164.66,paid,4820.5,0,
CM008623,CL003282,VH000847,PR000046,PR000201,PR000230,parking_lot,rain,2025-01-29,False,3,0,551.45,paid,524.04,1,RING008
CM007048,CL001318,VH001485,,PR000087,,rear_end_collision,rain,2024-08-13,True,0,1,1278.34,paid,1225.13,0,
CM002568,CL003124,VH000970,PR000152,PR000092,,multi_vehicle_pileup,clear,2024-06-20,True,0,1,5128.06,paid,4872.68,0,
CM003424,CL003390,VH002174,PR000190,,,parking_lot,clear,2023-06-08,False,0,1,4592.85,paid,4530.72,0,
CM002038,CL003150,VH000075,,,,parking_lot,rain,2025-02-27,True,0,0,1543.41,under_review,,0,
CM000773,CL002193,VH003635,,,,single_vehicle,clear,2023-01-16,True,1,1,10893.38,paid,10133.47,0,
CM005381,CL000418,VH001321,PR000048,PR000107,,single_vehicle,clear,2025-03-13,True,0,2,2511.46,paid,2361.14,0,
CM008532,CL000609,VH002152,PR000214,PR000115,PR000147,single_vehicle,clear,2023-11-28,False,2,0,835.17,paid,765.87,1,RING004
CM003563,CL000819,VH001100,,PR000145,,multi_vehicle_pileup,fog,2023-04-27,True,0,0,5578.27,paid,5024.72,0,
CM000563,CL001942,VH001150,,PR000205,,rear_end_collision,rain,2023-08-25,True,0,0,9086.38,paid,8672.2,0,
CM002547,CL003596,VH003413,PR000171,,,parking_lot,clear,2023-04-22,False,0,1,2948.23,paid,2732.35,0,
CM005511,CL000662,VH003344,PR000096,,,multi_vehicle_pileup,clear,2025-11-08,True,0,1,2572.62,paid,2320.15,0,
CM005331,CL000078,VH002149,,PR000037,,single_vehicle,clear,2024-03-12,True,0,0,8048.83,paid,7688.86,0,
CM006381,CL003990,VH001774,PR000004,PR000243,,parking_lot,clear,2023-12-29,True,0,0,6941.37,paid,6376.6,0,
CM004532,CL002183,VH001764,,PR000182,,rear_end_collision,clear,2025-08-14,False,0,0,717.93,denied,0.0,0,
CM001675,CL002630,VH000726,,PR000075,,single_vehicle,clear,2023-09-30,True,0,0,3222.48,under_review,,0,
CM000366,CL000065,VH001453,,PR000226,,sideswipe,snow,2023-08-25,False,0,0,2095.02,paid,1950.26,0,
CM008279,CL002113,VH003167,PR000156,PR000133,,rear_end_collision,clear,2025-12-01,True,0,0,2684.94,denied,0.0,0,
CM007755,CL001827,VH002876,,PR000124,,sideswipe,snow,2023-09-23,True,1,0,4382.03,under_review,,0,
CM004328,CL003217,VH002683,,PR000172,,sideswipe,clear,2024-06-04,True,0,0,1417.54,paid,1297.47,0,
CM000148,CL003935,VH001729,PR000036,PR000203,,sideswipe,clear,2023-05-27,True,0,3,4179.8,paid,3952.94,0,
CM001669,CL000173,VH002308,PR000212,PR000174,,single_vehicle,clear,2025-10-02,True,1,0,3744.79,under_review,,0,
CM003089,CL000300,VH003459,,,,sideswipe,fog,2025-04-30,True,0,0,2404.54,under_review,,0,
CM007573,CL000707,VH000163,PR000049,PR000067,,rear_end_collision,clear,2023-12-13,True,0,0,2321.71,under_review,,0,
CM000408,CL003538,VH000870,,,,rear_end_collision,rain,2024-04-03,True,0,0,2603.77,paid,2584.29,0,
CM008547,CL001303,VH002339,PR000214,PR000115,PR000147,single_vehicle,rain,2023-12-24,True,0,1,5796.53,paid,5428.4,1,RING004
CM003457,CL002818,VH002064,,PR000094,,multi_vehicle_pileup,clear,2023-03-13,True,0,1,4536.57,paid,4237.05,0,
CM006187,CL001584,VH003472,PR000019,PR000115,,sideswipe,rain,2024-05-12,True,0,1,3091.53,paid,3077.0,0,
CM004183,CL000754,VH001799,,PR000108,,multi_vehicle_pileup,clear,2024-03-15,True,0,0,4201.95,denied,0.0,0,
CM003577,CL001966,VH002285,,PR000115,,multi_vehicle_pileup,clear,2023-01-10,True,0,1,1915.93,paid,1767.35,0,
CM003272,CL003444,VH000248,,PR000133,,sideswipe,rain,2024-01-25,True,0,0,4270.99,paid,3935.03,0,
CM004941,CL000222,VH001748,,PR000203,PR000054,multi_vehicle_pileup,clear,2024-02-07,True,0,1,790.68,paid,725.77,0,
CM001032,CL001792,VH001911,PR000096,PR000009,,sideswipe,clear,2025-03-09,True,1,0,5422.12,paid,4994.35,0,
CM006309,CL002847,VH001689,PR000008,PR000115,,sideswipe,clear,2023-12-06,True,0,0,7323.69,paid,7101.78,0,
CM008752,CL000892,VH000401,PR000119,PR000197,PR000135,rear_end_collision,clear,2025-05-12,False,2,1,776.52,paid,715.56,1,RING012
CM000856,CL001528,VH002621,,PR000229,,rear_end_collision,fog,2024-11-21,True,0,2,7020.21,denied,0.0,0,
CM003927,CL002609,VH002380,,PR000097,,rear_end_collision,clear,2024-10-16,False,2,1,6974.28,paid,6571.7,0,
CM000079,CL001199,VH003459,PR000148,,,single_vehicle,rain,2025-02-27,True,0,0,10334.72,paid,10020.38,0,
CM002248,CL001544,VH003218,,PR000062,PR000155,sideswipe,clear,2023-08-14,False,0,0,341.53,paid,314.36,0,
CM007121,CL002028,VH000642,PR000168,PR000169,,multi_vehicle_pileup,clear,2023-03-11,True,0,0,4543.7,paid,4390.81,0,
CM008878,CL001651,VH002854,PR000049,PR000045,,sideswipe,rain,2024-08-12,False,1,0,2835.07,denied,0.0,1,RING018
CM008535,CL002684,VH002152,PR000214,PR000115,PR000147,multi_vehicle_pileup,clear,2023-12-29,True,1,0,2187.44,denied,0.0,1,RING004
CM007430,CL002146,VH003874,PR000043,PR000045,,sideswipe,rain,2025-09-04,False,1,0,1381.47,under_review,,0,
CM006624,CL002989,VH000328,PR000149,PR000209,,rear_end_collision,clear,2023-12-25,False,0,0,709.71,paid,665.48,0,
CM000789,CL000952,VH000173,,,,single_vehicle,clear,2023-07-15,True,1,0,4301.77,paid,4275.85,0,
CM002280,CL001679,VH002524,PR000153,PR000203,,single_vehicle,clear,2025-10-22,False,0,0,1969.06,paid,1948.59,0,
CM004096,CL003582,VH000886,,PR000184,,multi_vehicle_pileup,clear,2024-03-22,True,0,1,3228.37,paid,2942.47,0,
CM003898,CL002257,VH000187,,PR000226,,parking_lot,rain,2024-12-06,True,0,1,3880.01,paid,3520.73,0,
CM006275,CL001758,VH001335,,PR000143,PR000135,rear_end_collision,clear,2023-08-09,True,0,0,2658.24,paid,2432.27,0,
CM007971,CL000218,VH003253,PR000008,PR000121,,rear_end_collision,clear,2023-07-31,True,0,1,3808.7,paid,3536.66,0,
CM008427,CL000988,VH000400,PR000114,PR000013,PR000030,parking_lot,clear,2024-04-18,False,0,0,3565.58,paid,3242.58,1,RING000
CM003632,CL003941,VH003159,,PR000055,,parking_lot,clear,2023-09-20,True,0,3,2296.9,under_review,,0,
CM007198,CL003586,VH003203,PR000216,PR000040,,parking_lot,fog,2024-04-16,True,2,1,4692.92,under_review,,0,
CM000425,CL000047,VH002877,,PR000246,,parking_lot,clear,2023-02-26,True,1,2,6825.82,paid,6723.2,0,
CM000393,CL003141,VH001231,,PR000218,,parking_lot,fog,2023-07-15,True,0,0,5902.31,paid,5328.22,0,
CM007177,CL002784,VH001636,PR000118,PR000099,,sideswipe,clear,2023-11-16,True,0,0,3902.63,paid,3718.9,0,
CM000017,CL003544,VH003249,,PR000245,,sideswipe,clear,2025-05-31,True,0,1,3792.59,under_review,,0,
CM004201,CL000794,VH000711,PR000125,PR000174,,single_vehicle,clear,2024-01-21,True,0,0,3115.31,under_review,,0,
CM002673,CL000316,VH002139,PR000039,,,parking_lot,clear,2024-04-25,True,0,1,382.64,paid,347.16,0,
CM002445,CL002242,VH002530,PR000164,PR000058,,multi_vehicle_pileup,clear,2025-01-15,True,2,0,6764.41,paid,6211.96,0,
CM008660,CL000501,VH002386,PR000114,PR000243,,multi_vehicle_pileup,clear,2025-02-06,True,3,0,19227.64,partially_paid,12148.41,1,RING009
CM006510,CL001734,VH000408,PR000187,PR000197,,single_vehicle,clear,2024-02-29,True,1,2,2620.42,paid,2376.23,0,
CM003494,CL000177,VH002724,PR000249,PR000145,,single_vehicle,rain,2023-12-18,True,1,2,2138.1,paid,2013.79,0,
CM006045,CL001170,VH001139,PR000168,PR000109,,single_vehicle,snow,2025-02-01,True,0,0,4012.03,paid,3899.58,0,
CM001460,CL003361,VH002524,PR000212,PR000038,,parking_lot,clear,2025-03-06,False,0,1,1862.98,paid,1758.13,0,
CM006943,CL002203,VH003571,,PR000062,,rear_end_collision,clear,2025-06-18,True,0,1,5673.69,paid,5618.73,0,
CM007345,CL003968,VH000353,,PR000041,,single_vehicle,snow,2025-06-07,True,0,0,3392.64,paid,3120.4,0,
CM006505,CL000042,VH001791,PR000167,PR000165,PR000155,rear_end_collision,clear,2025-11-04,False,1,0,3078.03,paid,2948.76,0,
CM006393,CL003206,VH003598,,PR000140,,rear_end_collision,snow,2025-01-07,True,0,1,366.42,paid,346.97,0,
CM003836,CL003194,VH002344,,PR000199,,rear_end_collision,clear,2024-06-28,True,0,0,1802.88,paid,1624.04,0,
CM008304,CL001020,VH001444,PR000051,PR000132,,rear_end_collision,clear,2025-07-31,True,0,2,2833.45,paid,2830.37,0,
CM005684,CL001655,VH001151,PR000219,,,parking_lot,snow,2025-07-15,True,2,0,2851.82,paid,2745.83,0,
CM007433,CL000253,VH002017,PR000063,PR000201,,parking_lot,clear,2024-08-01,True,0,0,8531.79,under_review,,0,
CM005828,CL000878,VH000654,PR000106,,,rear_end_collision,clear,2023-12-09,True,0,0,4688.41,under_review,,0,
CM008696,CL000714,VH001244,PR000104,PR000075,PR000188,multi_vehicle_pileup,snow,2025-09-09,False,1,0,3503.83,paid,3432.75,1,RING010
CM004725,CL001032,VH000583,,PR000109,,parking_lot,clear,2024-11-01,False,1,0,3167.76,denied,0.0,0,
CM007454,CL000845,VH002408,,,,multi_vehicle_pileup,clear,2025-12-10,True,0,1,6272.49,paid,6089.95,0,
CM005888,CL003559,VH001955,PR000247,PR000181,,sideswipe,clear,2025-12-15,True,0,0,2153.0,denied,0.0,0,
CM002356,CL003891,VH003315,,PR000087,,parking_lot,fog,2024-05-28,True,0,0,4753.35,paid,4292.89,0,
CM006037,CL003789,VH000574,PR000170,PR000095,,multi_vehicle_pileup,clear,2024-07-06,True,0,1,1881.43,paid,1776.27,0,
CM004799,CL002552,VH002521,,PR000184,,rear_end_collision,clear,2023-01-16,True,0,2,4622.78,paid,4334.15,0,
CM002443,CL003066,VH000978,,PR000005,,single_vehicle,fog,2023-08-26,True,0,0,3280.6,paid,3176.78,0,
CM006516,CL002016,VH002466,PR000236,PR000040,,single_vehicle,snow,2023-11-29,True,0,0,1025.69,paid,932.97,0,
CM004593,CL000643,VH003896,,PR000210,,multi_vehicle_pileup,clear,2025-07-29,True,1,2,843.26,paid,832.8,0,
CM007471,CL002245,VH003943,PR000236,PR000228,,sideswipe,rain,2023-06-19,True,0,0,1497.63,paid,1425.61,0,
CM000465,CL002077,VH001941,PR000008,PR000161,,single_vehicle,clear,2023-08-02,True,0,0,3474.77,paid,3314.93,0,
CM000164,CL001997,VH000943,PR000026,PR000083,,single_vehicle,clear,2025-10-06,False,0,0,7929.92,paid,7540.66,0,
CM008254,CL003537,VH002661,,PR000040,,single_vehicle,fog,2024-07-30,True,2,0,3911.67,paid,3533.03,0,
CM008412,CL002831,VH000907,PR000114,PR000013,PR000030,sideswipe,clear,2024-03-24,True,1,2,3907.17,denied,0.0,1,RING000
CM006811,CL002598,VH002536,,PR000013,PR000141,parking_lot,clear,2025-09-26,True,0,1,7038.39,under_review,,0,
CM008722,CL001426,VH003410,PR000171,PR000087,,sideswipe,rain,2023-02-01,False,1,0,7684.22,paid,7162.42,1,RING011
CM000242,CL000022,VH003796,,PR000047,,multi_vehicle_pileup,clear,2025-06-30,True,0,0,4379.22,denied,0.0,0,
CM002010,CL003001,VH000089,PR000078,PR000207,,single_vehicle,clear,2025-03-28,True,0,0,7181.04,paid,6911.44,0,
CM003085,CL002560,VH000018,,PR000079,,single_vehicle,rain,2023-10-15,True,0,1,1419.42,paid,1346.6,0,
CM006209,CL003651,VH001070,,PR000037,,parking_lot,fog,2025-01-13,True,0,1,6180.49,paid,6167.38,0,
CM000901,CL001682,VH003175,PR000106,PR000109,,multi_vehicle_pileup,clear,2024-03-21,False,0,0,5832.86,paid,5804.83,0,
CM005543,CL001141,VH003322,PR000039,PR000204,,multi_vehicle_pileup,clear,2023-12-15,True,0,0,4524.3,paid,4292.76,0,
CM007349,CL001386,VH000217,PR000021,PR000172,,rear_end_collision,clear,2024-05-29,True,0,1,1740.28,paid,1587.28,0,
CM008884,CL001802,VH002854,PR000049,PR000045,,single_vehicle,clear,2024-09-06,False,1,0,2741.66,paid,2559.8,1,RING018
CM004838,CL001259,VH002193,,PR000124,,multi_vehicle_pileup,clear,2023-01-08,True,0,2,3915.72,paid,3730.82,0,
CM002294,CL000586,VH000822,PR000019,PR000203,,rear_end_collision,clear,2025-08-07,False,3,1,5325.75,paid,4861.94,0,
CM006298,CL001286,VH002550,PR000113,PR000157,,single_vehicle,clear,2024-07-07,False,0,0,8482.79,under_review,,0,
CM004482,CL003659,VH000730,PR000216,,,single_vehicle,clear,2023-07-02,True,0,1,2456.47,paid,2231.91,0,
CM005303,CL003546,VH003398,PR000103,PR000084,,multi_vehicle_pileup,rain,2025-06-07,True,0,0,2137.84,paid,2123.75,0,
CM004606,CL003354,VH000960,PR000048,,,rear_end_collision,fog,2023-10-12,True,0,0,1186.56,paid,1099.37,0,
CM003717,CL003237,VH001042,,,,parking_lot,snow,2025-04-09,False,1,0,4128.9,paid,3808.77,0,
CM007963,CL001008,VH001149,,PR000191,,multi_vehicle_pileup,clear,2024-12-16,False,0,0,4187.85,paid,3997.29,0,
CM006141,CL002103,VH000847,PR000098,PR000123,,single_vehicle,clear,2025-04-22,True,0,1,1878.75,under_review,,0,
CM001765,CL002511,VH000237,PR000048,PR000055,PR000126,multi_vehicle_pileup,rain,2024-12-28,False,2,0,3934.39,paid,3603.85,0,
CM001550,CL000874,VH003679,PR000168,PR000221,PR000175,parking_lot,clear,2024-07-06,True,0,0,2521.0,paid,2376.55,0,
CM003030,CL000110,VH003593,,PR000055,,sideswipe,rain,2023-01-20,True,0,2,1572.02,paid,1459.65,0,
CM007260,CL002642,VH002102,PR000223,PR000211,,parking_lot,rain,2025-10-01,False,0,0,3117.04,under_review,,0,
CM002045,CL001560,VH003795,PR000003,PR000109,PR000155,parking_lot,clear,2024-04-28,True,0,1,670.63,paid,621.17,0,
CM000768,CL001358,VH000137,PR000208,PR000169,,single_vehicle,snow,2024-06-10,True,1,2,1541.9,under_review,,0,
CM005694,CL002705,VH001579,PR000046,PR000013,,multi_vehicle_pileup,snow,2024-02-25,True,0,0,5444.89,paid,5130.29,0,
CM001509,CL002844,VH000455,,PR000207,,multi_vehicle_pileup,rain,2023-12-12,True,0,2,584.22,paid,528.05,0,
CM003303,CL000586,VH001522,PR000025,PR000131,,parking_lot,clear,2025-10-17,True,0,0,3243.15,paid,3014.11,0,
CM004518,CL003677,VH001506,PR000017,PR000165,,rear_end_collision,rain,2025-10-01,True,0,1,6968.54,under_review,,0,
CM004220,CL001783,VH003486,,,PR000030,sideswipe,snow,2023-10-27,True,1,1,2960.37,paid,2895.33,0,
CM007975,CL003010,VH003716,,PR000029,,single_vehicle,clear,2023-09-23,True,0,0,1736.33,paid,1584.6,0,
CM007758,CL000252,VH002866,PR000239,PR000041,,parking_lot,rain,2023-02-17,True,0,1,2517.08,paid,2515.21,0,
CM003293,CL000107,VH003878,PR000114,PR000041,,rear_end_collision,clear,2023-07-17,True,0,2,5755.97,paid,5376.79,0,
CM000820,CL003125,VH002934,PR000070,PR000047,,rear_end_collision,rain,2025-07-01,True,1,0,3282.39,paid,2982.53,0,
CM001404,CL002574,VH000513,PR000019,PR000075,,single_vehicle,rain,2025-10-24,True,0,1,6565.65,paid,6219.95,0,
CM001383,CL002462,VH003925,,PR000173,,rear_end_collision,clear,2025-03-03,False,1,0,4776.81,paid,4755.55,0,
CM002149,CL000453,VH001965,,PR000184,PR000130,single_vehicle,clear,2025-06-13,True,1,0,602.3,paid,571.28,0,
CM005672,CL000194,VH000578,PR000116,PR000109,,parking_lot,clear,2024-03-18,True,0,0,7082.04,paid,6468.94,0,
CM001639,CL003562,VH002408,PR000078,PR000165,,sideswipe,rain,2024-07-15,True,0,0,2181.6,under_review,,0,
CM005892,CL000028,VH000430,PR000167,PR000183,,parking_lot,rain,2024-04-27,True,0,1,2538.92,paid,2293.38,0,
CM000609,CL001868,VH000799,PR000001,PR000000,PR000237,single_vehicle,snow,2023-11-11,True,0,1,8219.7,paid,7412.57,0,
CM000400,CL003266,VH002427,,PR000204,,parking_lot,clear,2024-02-19,True,0,0,1907.26,paid,1730.98,0,
CM000883,CL000289,VH001053,PR000186,PR000107,,single_vehicle,fog,2025-06-26,True,2,2,1260.96,paid,1254.27,0,
CM003566,CL002102,VH000337,,PR000055,,parking_lot,rain,2025-05-22,True,0,2,8420.98,paid,8005.07,0,
CM004286,CL000346,VH002827,PR000033,PR000179,PR000215,rear_end_collision,clear,2023-09-04,True,0,0,3340.29,paid,3241.34,0,
CM001180,CL003959,VH002786,PR000001,PR000163,,rear_end_collision,clear,2025-10-25,True,0,0,9052.88,paid,8832.28,0,
CM005449,CL003928,VH002338,,PR000226,,parking_lot,clear,2024-02-22,True,0,3,1127.75,paid,1101.22,0,
CM004245,CL000404,VH001537,PR000017,PR000202,,parking_lot,rain,2024-08-03,True,1,0,4970.68,denied,0.0,0,
CM005219,CL003657,VH003390,PR000129,PR000067,,sideswipe,clear,2024-11-29,True,0,3,1533.21,paid,1424.65,0,
CM006570,CL001937,VH000464,PR000236,PR000055,PR000030,multi_vehicle_pileup,clear,2024-02-24,True,0,1,5965.88,paid,5825.4,0,
CM002131,CL002976,VH003803,PR000008,PR000142,,single_vehicle,rain,2023-02-23,False,0,0,467.38,under_review,,0,
CM005079,CL003227,VH001895,PR000153,PR000121,,parking_lot,clear,2023-04-18,True,0,1,2680.56,paid,2480.9,0,
CM000457,CL000956,VH002806,,,,single_vehicle,clear,2024-09-23,True,0,0,4896.63,paid,4460.23,0,
CM007856,CL000606,VH000281,,,,parking_lot,rain,2025-11-05,True,0,1,4522.09,paid,4159.77,0,
CM005176,CL001147,VH002935,PR000195,PR000132,,multi_vehicle_pileup,clear,2025-04-06,True,0,1,1694.28,paid,1628.27,0,
CM001951,CL001049,VH000370,PR000148,PR000011,,single_vehicle,rain,2024-02-01,True,0,1,3889.55,paid,3685.82,0,
CM005373,CL003868,VH000414,,PR000107,,sideswipe,clear,2023-02-17,True,1,1,1739.07,paid,1624.36,0,
CM000690,CL001731,VH000585,PR000112,PR000092,,multi_vehicle_pileup,clear,2025-04-15,True,0,1,3102.79,paid,3092.26,0,
CM007729,CL001960,VH000819,,PR000242,,multi_vehicle_pileup,clear,2024-06-21,True,0,2,5080.43,paid,4649.25,0,
CM008762,CL000560,VH002384,PR000119,PR000197,PR000135,rear_end_collision,clear,2025-04-30,False,0,0,4825.59,under_review,,1,RING012
CM001954,CL000381,VH003675,PR000017,PR000092,,single_vehicle,rain,2023-05-11,True,0,0,2612.05,under_review,,0,
CM005637,CL002303,VH001476,,PR000000,,rear_end_collision,clear,2024-07-20,True,0,1,2576.99,under_review,,0,
CM002711,CL003771,VH002137,,PR000157,,rear_end_collision,clear,2025-11-11,True,1,0,2001.87,paid,1872.49,0,
CM008734,CL002669,VH003410,PR000171,PR000087,,single_vehicle,clear,2023-03-07,True,1,0,2081.23,paid,2002.11,1,RING011
CM007906,CL003208,VH003828,,PR000166,PR000139,sideswipe,clear,2023-07-30,True,0,1,778.11,paid,754.48,0,
CM004350,CL002899,VH000936,,PR000090,,rear_end_collision,clear,2024-03-13,True,1,0,4929.68,paid,4661.14,0,
CM004139,CL002401,VH000222,PR000104,PR000107,,multi_vehicle_pileup,clear,2025-11-19,True,0,0,2873.4,paid,2643.6,0,
CM001885,CL003046,VH003331,PR000195,PR000176,,sideswipe,clear,2024-02-12,True,1,1,1546.28,paid,1515.62,0,
CM007237,CL001215,VH000739,,PR000128,PR000232,rear_end_collision,clear,2025-10-18,True,1,0,3069.61,paid,2794.62,0,
CM004486,CL000619,VH001952,,PR000143,,single_vehicle,fog,2025-02-07,False,0,1,4655.02,paid,4377.69,0,
CM002495,CL000920,VH003698,,PR000184,,multi_vehicle_pileup,rain,2024-11-12,True,2,1,2265.02,paid,2076.61,0,
CM006863,CL000196,VH000059,PR000248,PR000207,,multi_vehicle_pileup,snow,2025-09-20,True,1,0,4958.19,paid,4874.22,0,
CM003037,CL002720,VH003330,,PR000060,,multi_vehicle_pileup,clear,2025-05-17,True,1,0,5919.17,paid,5726.66,0,
CM005778,CL002654,VH003592,,,,multi_vehicle_pileup,rain,2023-03-02,True,1,1,3375.86,under_review,,0,
CM003604,CL002856,VH003189,PR000077,PR000161,,sideswipe,clear,2025-10-30,True,0,1,3763.3,denied,0.0,0,
CM000846,CL002650,VH001318,PR000064,PR000062,,multi_vehicle_pileup,clear,2025-01-25,True,0,1,4333.22,under_review,,0,
CM000543,CL001111,VH001025,PR000077,PR000210,,parking_lot,clear,2023-09-19,True,0,1,193.53,paid,191.1,0,
CM003725,CL002137,VH000407,,PR000092,,multi_vehicle_pileup,clear,2023-07-29,True,0,0,3929.69,paid,3541.06,0,
CM004188,CL001723,VH002151,,PR000224,,parking_lot,clear,2023-10-17,True,1,0,7804.33,paid,7502.17,0,
CM003680,CL003381,VH001861,PR000189,PR000012,,multi_vehicle_pileup,clear,2025-01-10,True,0,0,4087.65,under_review,,0,
CM007663,CL000318,VH003102,PR000063,PR000024,,sideswipe,clear,2025-03-18,True,0,0,2710.97,paid,2677.02,0,
CM006076,CL001558,VH000435,PR000031,PR000090,,parking_lot,clear,2024-09-10,True,0,1,5593.24,paid,5491.52,0,
CM006513,CL001956,VH001145,PR000064,PR000242,,parking_lot,clear,2023-07-06,True,0,0,4574.06,paid,4313.0,0,
CM007847,CL000655,VH000249,,,,multi_vehicle_pileup,fog,2025-09-07,True,0,0,4963.01,paid,4725.42,0,
CM007716,CL000755,VH003718,,PR000052,,sideswipe,snow,2025-11-26,False,0,1,2835.77,under_review,,0,
CM002965,CL003570,VH001122,PR000167,PR000138,,multi_vehicle_pileup,clear,2024-05-29,True,0,1,10772.55,paid,10712.72,0,
CM002530,CL002609,VH003635,,PR000027,,sideswipe,fog,2024-05-10,True,0,1,2668.91,paid,2476.72,0,
CM005773,CL001020,VH003872,PR000231,PR000165,,single_vehicle,fog,2025-07-26,False,0,1,1198.77,paid,1197.68,0,
CM001049,CL002314,VH002352,,PR000210,,parking_lot,rain,2025-09-16,False,0,0,5337.8,paid,4830.43,0,
CM001961,CL003227,VH001318,PR000233,PR000137,PR000177,multi_vehicle_pileup,clear,2023-03-27,True,1,1,1213.91,paid,1213.71,0,
CM002531,CL001530,VH002092,,PR000107,,rear_end_collision,clear,2024-04-27,True,0,2,1239.3,under_review,,0,
CM007629,CL001625,VH002825,,PR000111,,sideswipe,snow,2023-08-10,True,1,0,3196.15,paid,3164.56,0,
CM000238,CL003921,VH003482,,PR000205,,parking_lot,clear,2024-10-29,True,1,0,8288.04,under_review,,0,
CM004918,CL000416,VH001582,,PR000143,,single_vehicle,clear,2023-12-11,False,0,0,5782.12,paid,5644.58,0,
CM001134,CL003594,VH003086,,,,parking_lot,clear,2025-05-18,True,1,0,5693.23,paid,5467.65,0,
CM005902,CL001484,VH003300,PR000189,PR000226,,multi_vehicle_pileup,clear,2023-10-18,True,0,0,1118.78,paid,1089.82,0,
CM007935,CL001928,VH000942,PR000089,PR000097,,multi_vehicle_pileup,clear,2025-06-22,True,1,1,453.72,paid,452.3,0,
CM004260,CL002687,VH000820,PR000222,,,single_vehicle,rain,2025-02-20,True,0,1,5170.11,paid,4709.36,0,
CM007568,CL001371,VH003413,PR000189,PR000134,,parking_lot,clear,2023-10-10,True,0,0,3533.47,paid,3246.72,0,
CM007107,CL000201,VH001365,PR000200,,,single_vehicle,clear,2025-12-02,True,0,0,1501.87,paid,1481.89,0,
CM007224,CL001892,VH001590,PR000112,,,sideswipe,clear,2025-10-04,False,0,0,690.52,under_review,,0,
CM005657,CL002494,VH001138,PR000233,PR000205,,sideswipe,clear,2023-07-20,True,0,1,6958.09,paid,6476.38,0,
CM007408,CL003385,VH002871,PR000248,PR000172,,parking_lot,snow,2025-07-14,True,1,0,7190.57,paid,6622.42,0,
CM007711,CL001830,VH002938,,PR000079,PR000016,sideswipe,clear,2023-07-14,True,0,1,2248.34,paid,2178.55,0,
CM005908,CL001044,VH001380,PR000112,PR000165,,sideswipe,clear,2023-04-23,True,0,1,5474.7,paid,5376.78,0,
CM002979,CL002847,VH000351,PR000003,,,parking_lot,clear,2025-10-14,True,0,1,5022.91,paid,4659.66,0,
CM007598,CL001033,VH002102,,PR000197,,sideswipe,clear,2025-07-21,False,0,2,3621.44,paid,3488.62,0,
CM005525,CL002378,VH000668,,PR000174,,rear_end_collision,rain,2025-11-18,True,0,0,8016.13,under_review,,0,
CM008821,CL003592,VH003336,PR000198,PR000086,,parking_lot,rain,2024-08-19,False,1,0,5058.71,denied,0.0,1,RING016
CM006501,CL000251,VH003910,,PR000160,,multi_vehicle_pileup,clear,2024-08-17,True,0,0,1417.56,paid,1307.13,0,
CM007961,CL002330,VH002919,,PR000165,,parking_lot,clear,2023-07-28,True,0,1,4254.43,paid,4063.78,0,
CM003920,CL001430,VH002032,,PR000207,,multi_vehicle_pileup,clear,2025-03-03,True,1,1,2789.9,paid,2738.91,0,
CM003139,CL003286,VH000834,PR000240,,,sideswipe,clear,2025-06-18,True,0,0,1882.05,paid,1806.3,0,
CM008398,CL002296,VH000023,PR000056,PR000086,,single_vehicle,clear,2023-08-26,True,0,1,4631.83,paid,4478.71,0,
CM005790,CL001598,VH002198,PR000039,PR000172,,single_vehicle,rain,2025-05-08,True,0,0,2153.51,paid,2127.53,0,
CM004074,CL001138,VH003182,PR000248,,,single_vehicle,rain,2025-02-04,False,0,1,1919.06,paid,1874.29,0,
CM003288,CL003107,VH000447,PR000064,PR000041,,rear_end_collision,clear,2024-08-13,True,0,2,4662.76,paid,4346.75,0,
CM003230,CL003470,VH002799,,,,sideswipe,clear,2024-03-05,True,0,0,3826.53,paid,3711.71,0,
CM001827,CL001899,VH000598,PR000195,PR000143,PR000126,sideswipe,clear,2023-10-21,True,1,0,390.31,paid,378.28,0,
CM005549,CL000580,VH000843,,,PR000100,rear_end_collision,rain,2023-03-15,False,0,1,1335.29,under_review,,0,
CM000594,CL000745,VH002928,,PR000137,,multi_vehicle_pileup,clear,2023-09-22,False,0,1,4680.74,paid,4654.04,0,
CM002726,CL000715,VH000443,,PR000173,,parking_lot,clear,2025-12-15,False,0,1,299.54,paid,283.71,0,
CM004138,CL000199,VH003202,PR000048,PR000069,,rear_end_collision,fog,2023-06-22,True,1,2,6700.17,paid,6556.69,0,
CM000561,CL003437,VH000243,PR000022,PR000165,,single_vehicle,snow,2025-10-05,True,0,1,4043.46,paid,3677.42,0,
CM007521,CL002868,VH001706,PR000063,PR000142,,multi_vehicle_pileup,clear,2025-12-28,True,0,2,1876.1,under_review,,0,
CM008253,CL001614,VH002954,,PR000124,,sideswipe,clear,2024-10-14,True,0,1,5670.87,paid,5477.13,0,
CM000244,CL003545,VH000497,PR000112,PR000194,PR000100,parking_lot,clear,2025-07-29,False,0,0,2117.04,paid,1916.29,0,
CM005436,CL000843,VH001340,,PR000191,,multi_vehicle_pileup,clear,2025-11-29,True,0,1,3516.24,paid,3278.12,0,
CM004438,CL000792,VH003639,,PR000241,,rear_end_collision,clear,2024-01-18,True,1,0,3694.16,under_review,,0,
CM007239,CL000964,VH001470,,PR000176,,parking_lot,clear,2025-06-16,True,0,3,1315.19,paid,1223.46,0,
CM000406,CL000120,VH002094,PR000106,PR000218,,multi_vehicle_pileup,rain,2025-11-05,True,0,1,4531.75,paid,4229.49,0,
CM001443,CL000217,VH001426,,PR000128,PR000215,parking_lot,clear,2023-11-11,False,0,1,2061.55,paid,1920.53,0,
CM000262,CL002501,VH003619,PR000189,PR000090,,parking_lot,rain,2023-04-15,False,0,0,2716.78,paid,2588.81,0,
CM006459,CL000020,VH001864,,,PR000215,sideswipe,clear,2023-09-07,True,0,0,5231.39,paid,4931.44,0,
CM008503,CL003679,VH000539,PR000019,PR000071,PR000102,rear_end_collision,clear,2024-05-25,False,1,1,8542.91,paid,7876.2,1,RING003
CM001690,CL002780,VH001985,PR000129,PR000027,,sideswipe,clear,2023-04-08,True,0,0,2820.58,paid,2629.3,0,
CM001726,CL000209,VH001859,,PR000109,,parking_lot,snow,2023-06-22,False,0,0,3998.46,under_review,,0,
CM007828,CL002619,VH002953,,PR000172,,parking_lot,rain,2025-10-23,True,1,1,2756.01,denied,0.0,0,
CM004931,CL003697,VH003781,PR000085,PR000071,,single_vehicle,clear,2023-12-13,True,1,0,5099.67,paid,5074.49,0,
CM005963,CL002726,VH003109,PR000223,PR000052,,multi_vehicle_pileup,fog,2023-08-09,True,0,1,2925.58,paid,2859.68,0,
CM002497,CL002063,VH000733,PR000233,PR000083,,single_vehicle,rain,2025-10-11,True,0,2,3615.94,paid,3575.93,0,
CM006107,CL002838,VH002518,,,,single_vehicle,clear,2025-02-11,False,0,0,4472.41,paid,4459.83,0,
CM006475,CL000851,VH000335,,PR000225,,parking_lot,rain,2024-11-24,True,0,1,1787.46,paid,1711.09,0,
CM000341,CL001737,VH002164,PR000003,PR000220,PR000139,multi_vehicle_pileup,clear,2024-09-22,False,1,0,6039.46,paid,5707.69,0,
CM006717,CL001506,VH002190,,PR000037,,rear_end_collision,snow,2024-04-14,True,0,1,3341.83,paid,3325.8,0,
CM001602,CL002968,VH002506,,PR000079,,multi_vehicle_pileup,clear,2024-03-13,True,0,2,1895.49,paid,1767.01,0,
CM006735,CL003785,VH000812,PR000156,PR000011,,sideswipe,clear,2023-09-04,True,0,3,4234.3,paid,4106.58,0,
CM005783,CL003943,VH002262,PR000065,PR000042,,rear_end_collision,rain,2023-11-30,False,0,0,323.52,denied,0.0,0,
CM004577,CL000305,VH003127,PR000098,PR000176,,parking_lot,clear,2024-10-03,True,0,0,4130.13,paid,3966.34,0,
CM003726,CL002592,VH000958,,,,multi_vehicle_pileup,clear,2024-08-20,False,1,0,1990.19,paid,1844.76,0,
CM002557,CL001797,VH000033,PR000164,PR000142,,sideswipe,clear,2023-07-13,False,0,1,1778.63,paid,1647.05,0,
CM002786,CL001594,VH003877,PR000206,PR000157,,multi_vehicle_pileup,clear,2025-01-08,True,0,1,2340.16,denied,0.0,0,
CM001524,CL000511,VH001816,PR000004,PR000183,,parking_lot,clear,2024-06-14,True,0,1,2303.08,paid,2110.11,0,
CM008495,CL001041,VH000769,PR000019,PR000071,PR000102,parking_lot,clear,2024-04-29,True,1,0,4066.15,denied,0.0,1,RING003
CM002832,CL000234,VH003306,PR000167,PR000179,,rear_end_collision,rain,2024-07-05,True,0,0,2505.13,paid,2447.03,0,
CM001013,CL002294,VH003624,,PR000095,,parking_lot,clear,2024-04-14,True,0,1,1406.32,under_review,,0,
CM006782,CL003523,VH000030,,,PR000053,sideswipe,clear,2024-04-07,True,2,1,3484.45,paid,3421.08,0,
CM007762,CL003935,VH000948,PR000025,PR000221,,parking_lot,snow,2023-05-06,True,0,0,11163.53,paid,10285.04,0,
CM001767,CL001569,VH002119,PR000046,PR000091,,sideswipe,fog,2024-03-12,False,0,2,3391.41,paid,3346.07,0,
CM004552,CL001742,VH003817,PR000238,PR000115,,multi_vehicle_pileup,clear,2023-02-04,False,0,1,2026.19,paid,2002.79,0,
CM004038,CL003078,VH000759,PR000223,PR000037,,multi_vehicle_pileup,fog,2024-11-05,True,0,2,7928.13,paid,7677.66,0,
CM006584,CL000012,VH000131,PR000031,PR000197,PR000044,rear_end_collision,rain,2023-01-29,True,0,4,2212.7,paid,2211.89,0,
CM007587,CL001254,VH003002,PR000106,PR000145,,single_vehicle,rain,2024-07-11,True,0,4,3941.05,paid,3702.03,0,
CM007785,CL001975,VH000970,PR000002,PR000191,,single_vehicle,fog,2023-04-24,True,0,0,2877.76,paid,2792.64,0,
CM008608,CL001790,VH003018,PR000112,PR000060,PR000139,multi_vehicle_pileup,rain,2023-08-19,True,1,0,3771.36,denied,0.0,1,RING007
CM000364,CL002546,VH001426,PR000146,PR000218,,single_vehicle,clear,2025-04-05,True,0,0,4118.02,denied,0.0,0,
CM005368,CL002240,VH001779,,PR000151,,single_vehicle,clear,2023-11-15,False,1,0,5263.21,denied,0.0,0,
CM008874,CL003827,VH003129,PR000049,PR000045,,sideswipe,rain,2024-09-19,False,0,1,4920.08,under_review,,1,RING018
CM006817,CL001540,VH002834,PR000158,,,rear_end_collision,fog,2024-01-27,True,0,1,2353.92,paid,2227.14,0,
CM008428,CL001105,VH002718,PR000114,PR000013,PR000030,sideswipe,clear,2024-04-20,True,1,0,9421.47,denied,0.0,1,RING000
CM004726,CL003982,VH002328,,PR000176,PR000044,parking_lot,clear,2025-11-04,True,0,0,2943.73,paid,2716.16,0,
CM004444,CL001127,VH003063,PR000231,PR000028,,parking_lot,clear,2024-10-05,False,0,0,4902.97,paid,4424.33,0,
CM007653,CL003729,VH000172,,PR000038,,rear_end_collision,clear,2023-04-09,True,0,1,4121.65,paid,4005.19,0,
CM008548,CL002336,VH003388,PR000214,PR000115,PR000147,rear_end_collision,clear,2023-11-18,False,0,1,1719.0,paid,1588.44,1,RING004
CM002563,CL000347,VH001946,,PR000110,,single_vehicle,snow,2025-08-22,True,1,1,3814.8,denied,0.0,0,
CM007007,CL000937,VH003998,PR000089,PR000012,,parking_lot,clear,2023-06-10,False,0,1,4312.15,paid,3979.01,0,
CM008564,CL000683,VH001977,PR000064,PR000000,,parking_lot,fog,2023-07-23,False,1,0,6574.72,paid,5938.65,1,RING005
CM005520,CL001684,VH003688,,PR000012,,rear_end_collision,clear,2025-01-24,False,1,2,2580.99,paid,2497.22,0,
CM008573,CL001637,VH001660,PR000064,PR000000,,parking_lot,rain,2023-06-18,True,0,0,7236.79,denied,0.0,1,RING005
CM003084,CL001081,VH003219,,PR000005,,single_vehicle,fog,2025-10-03,False,0,0,3542.16,paid,3207.54,0,
CM002960,CL002274,VH000376,,PR000011,,parking_lot,clear,2023-02-04,True,0,1,2145.43,paid,1931.88,0,
CM002103,CL000040,VH003838,,PR000067,,rear_end_collision,clear,2023-03-27,True,1,2,4117.69,paid,4006.63,0,
CM000633,CL002051,VH003963,,PR000115,,single_vehicle,clear,2025-09-03,False,1,0,2966.73,paid,2821.92,0,
CM002494,CL002928,VH002811,PR000167,PR000052,,parking_lot,clear,2024-07-28,True,0,2,5497.79,paid,5099.02,0,
CM002666,CL000818,VH003618,,PR000150,,rear_end_collision,clear,2023-02-24,True,1,0,4490.53,paid,4238.04,0,
CM008580,CL003432,VH002401,PR000064,PR000000,,multi_vehicle_pileup,clear,2023-05-30,False,1,0,862.88,denied,0.0,1,RING005
CM004407,CL002644,VH000406,,PR000005,,multi_vehicle_pileup,clear,2023-03-31,True,0,1,1160.59,denied,0.0,0,
CM007064,CL000438,VH000235,PR000014,PR000013,,parking_lot,clear,2024-11-11,True,0,0,2590.58,paid,2544.48,0,
CM006838,CL003536,VH001243,,PR000197,,single_vehicle,clear,2025-05-25,True,2,1,2797.89,paid,2778.3,0,
CM002335,CL003557,VH002852,,PR000042,,multi_vehicle_pileup,clear,2025-05-11,True,2,2,3843.36,paid,3638.85,0,
CM007650,CL001783,VH002377,,PR000011,,rear_end_collision,clear,2023-07-16,False,0,0,5342.02,under_review,,0,
CM003620,CL003738,VH001544,,,,single_vehicle,clear,2023-10-15,True,0,0,2639.14,paid,2598.11,0,
CM005562,CL001168,VH000449,PR000014,PR000117,,multi_vehicle_pileup,clear,2023-03-05,False,0,0,4230.73,paid,3881.32,0,
CM003884,CL001556,VH000595,,PR000045,,rear_end_collision,rain,2025-08-13,False,0,0,5681.7,paid,5616.8,0,
CM006538,CL000073,VH001909,,PR000069,PR000147,sideswipe,clear,2024-06-14,True,0,1,11725.48,denied,0.0,0,
CM004212,CL001488,VH003236,PR000006,PR000138,,sideswipe,clear,2023-09-29,True,1,1,3893.65,paid,3677.58,0,
CM008477,CL001488,VH001725,PR000248,PR000124,PR000020,sideswipe,rain,2025-06-19,False,0,0,5566.21,denied,0.0,1,RING002
CM001495,CL001951,VH000184,,PR000050,,multi_vehicle_pileup,clear,2023-06-10,True,0,0,6965.59,under_review,,0,
CM002402,CL001687,VH001436,,PR000180,,rear_end_collision,snow,2025-08-08,True,1,0,1918.95,paid,1833.71,0,
CM003875,CL002623,VH001283,,,,parking_lot,fog,2025-09-10,True,0,0,2932.04,paid,2830.43,0,
CM001233,CL000418,VH002298,PR000235,PR000075,,single_vehicle,clear,2025-05-26,True,0,1,2562.76,paid,2373.06,0,
CM002662,CL002775,VH000950,PR000046,,,sideswipe,clear,2024-11-20,False,0,0,7979.88,paid,7584.09,0,
CM002818,CL000327,VH002761,,,,sideswipe,clear,2023-05-11,True,0,1,4825.43,paid,4607.36,0,
CM006578,CL001192,VH000294,PR000234,PR000110,,rear_end_collision,rain,2025-01-11,True,0,0,7389.22,paid,6971.28,0,
CM002775,CL000702,VH001761,,PR000194,,rear_end_collision,clear,2024-04-09,True,1,1,1432.12,paid,1355.98,0,
CM008806,CL001959,VH001695,PR000106,PR000203,PR000230,parking_lot,clear,2024-02-03,True,1,0,3116.1,paid,2821.76,1,RING015
CM007620,CL001959,VH002024,,PR000160,,parking_lot,clear,2025-08-24,True,0,3,8655.07,paid,7995.97,0,
CM004154,CL003178,VH002500,PR000129,PR000142,,multi_vehicle_pileup,rain,2025-07-11,True,0,0,1125.47,paid,1038.22,0,
CM007166,CL001802,VH000437,PR000002,PR000181,,sideswipe,clear,2024-01-24,True,1,1,1720.9,paid,1603.48,0,
CM003062,CL001048,VH003880,PR000247,PR000218,PR000162,rear_end_collision,clear,2024-09-25,True,2,1,5712.4,paid,5349.13,0,
CM000067,CL003865,VH003841,PR000114,PR000087,,parking_lot,clear,2023-06-18,False,0,0,2917.07,paid,2627.97,0,
CM008875,CL000406,VH003985,PR000049,PR000045,,single_vehicle,clear,2024-09-20,False,1,0,901.71,under_review,,1,RING018
CM001736,CL003652,VH002398,PR000051,PR000134,,rear_end_collision,fog,2023-11-17,True,0,0,1732.31,denied,0.0,0,
CM002824,CL002539,VH002526,,PR000138,,sideswipe,clear,2025-01-29,False,0,2,5597.36,paid,5406.67,0,
CM006293,CL000562,VH003132,,PR000142,PR000232,rear_end_collision,clear,2024-04-12,True,1,2,6200.02,denied,0.0,0,
CM007328,CL000473,VH002413,,PR000165,,multi_vehicle_pileup,clear,2023-08-09,True,0,0,481.19,under_review,,0,
CM006609,CL000535,VH002351,,,,single_vehicle,clear,2025-04-16,True,0,0,100.41,paid,94.4,0,
CM002476,CL003072,VH001684,PR000008,PR000079,,multi_vehicle_pileup,snow,2024-11-18,True,0,0,8217.74,paid,8200.0,0,
CM002565,CL002883,VH003772,PR000233,PR000009,,single_vehicle,clear,2024-12-15,False,0,2,7809.62,paid,7092.61,0,
CM008909,CL002529,VH002175,PR000235,PR000097,PR000130,parking_lot,clear,2023-02-19,True,2,0,1085.81,paid,1081.37,1,RING019
CM008076,CL002882,VH002978,PR000043,,PR000232,single_vehicle,clear,2024-07-17,True,0,1,1573.39,paid,1457.22,0,
CM007943,CL001022,VH003461,,PR000041,PR000030,sideswipe,rain,2024-07-11,True,1,2,5416.7,paid,5123.09,0,
CM000708,CL001314,VH001254,PR000035,PR000012,,rear_end_collision,clear,2023-12-29,True,0,1,4253.01,paid,3979.46,0,
CM003047,CL002591,VH003847,PR000003,,,parking_lot,clear,2023-02-11,False,0,0,4008.62,paid,3767.82,0,
CM008178,CL000886,VH000250,PR000186,,,single_vehicle,clear,2025-04-14,True,0,1,4055.02,under_review,,0,
CM005190,CL003939,VH003860,,PR000052,,parking_lot,clear,2025-12-02,True,2,3,1935.41,paid,1799.48,0,
CM007336,CL000994,VH001695,,PR000013,,single_vehicle,clear,2025-02-26,True,0,1,1760.19,paid,1735.95,0,
CM005473,CL003964,VH001133,,PR000183,PR000188,sideswipe,clear,2024-03-13,True,0,0,1833.87,paid,1694.22,0,
CM000073,CL002281,VH000353,PR000073,PR000108,,single_vehicle,rain,2024-02-09,False,0,4,3692.53,paid,3572.98,0,
CM006019,CL001401,VH003226,PR000057,,,single_vehicle,clear,2025-06-06,True,1,0,8496.54,paid,7750.32,0,
CM004449,CL001170,VH003924,PR000238,PR000197,,rear_end_collision,fog,2024-12-13,True,0,1,1484.55,paid,1452.7,0,
CM005861,CL000470,VH003236,PR000159,PR000218,,single_vehicle,clear,2024-09-23,True,2,0,3186.72,paid,3116.11,0,
CM004840,CL003447,VH001220,,PR000091,,single_vehicle,clear,2024-07-07,False,0,0,2490.48,paid,2307.14,0,
CM004132,CL000541,VH001048,PR000059,PR000132,,parking_lot,clear,2025-11-12,False,0,2,7205.52,paid,6488.64,0,
CM005102,CL000756,VH003188,PR000034,PR000181,,parking_lot,clear,2024-06-01,True,0,0,1929.32,denied,0.0,0,
CM001191,CL000620,VH000989,,PR000040,PR000061,single_vehicle,clear,2024-07-26,True,0,1,642.66,denied,0.0,0,
CM006432,CL001007,VH002452,,PR000052,,single_vehicle,fog,2024-09-03,True,1,0,6501.27,paid,5944.53,0,
CM002602,CL000496,VH000557,,,,rear_end_collision,rain,2024-05-22,True,0,0,1165.53,denied,0.0,0,
CM001126,CL000636,VH002811,PR000001,,,single_vehicle,clear,2023-01-16,True,0,2,2905.93,under_review,,0,
CM001242,CL001367,VH001067,PR000082,PR000145,PR000102,sideswipe,clear,2024-10-03,True,0,0,3322.72,paid,3002.54,0,
CM006554,CL002616,VH002359,,PR000131,,single_vehicle,fog,2024-09-03,True,0,2,5292.45,under_review,,0,
CM003603,CL003977,VH001329,PR000085,PR000243,,sideswipe,clear,2023-07-20,True,0,0,6627.98,paid,6223.93,0,
CM007915,CL001590,VH002539,,PR000224,,sideswipe,clear,2024-08-11,True,0,0,3563.22,paid,3326.55,0,
CM007214,CL000153,VH002455,PR000236,PR000047,PR000188,multi_vehicle_pileup,fog,2024-06-13,True,0,0,6903.9,under_review,,0,
CM003352,CL003662,VH000500,PR000247,PR000092,,sideswipe,clear,2023-11-10,False,0,0,1985.95,paid,1940.31,0,
CM005095,CL001544,VH001550,PR000078,PR000109,,parking_lot,fog,2023-11-09,True,1,1,1416.25,paid,1328.54,0,
CM004009,CL001994,VH000459,,PR000124,,rear_end_collision,fog,2024-07-23,False,0,0,2561.07,paid,2550.96,0,
CM001578,CL000857,VH002504,PR000231,PR000115,,sideswipe,clear,2023-04-07,True,1,1,908.82,paid,871.21,0,
CM003907,CL003539,VH003122,PR000235,,,sideswipe,snow,2023-11-24,True,0,1,3957.24,paid,3633.08,0,
CM003730,CL003955,VH001715,,PR000092,,single_vehicle,rain,2023-03-19,False,0,2,4903.17,paid,4857.58,0,
CM004359,CL002668,VH001595,,PR000015,,rear_end_collision,clear,2024-12-25,True,1,2,2776.99,under_review,,0,
CM005923,CL003126,VH001410,,PR000092,,rear_end_collision,rain,2023-08-14,True,0,0,6403.25,paid,6007.23,0,
CM001344,CL000334,VH003326,,PR000105,,single_vehicle,clear,2025-03-28,True,1,1,10403.41,paid,10298.0,0,
CM008913,CL003034,VH003849,PR000059,PR000180,,parking_lot,clear,2024-07-27,True,0,0,5024.29,partially_paid,3128.41,1,RING020
CM007310,CL000891,VH002596,,PR000123,,single_vehicle,clear,2024-09-09,True,1,0,3691.16,paid,3467.31,0,
CM000441,CL002515,VH001839,PR000206,PR000115,,multi_vehicle_pileup,clear,2023-03-16,True,0,0,3062.53,paid,2770.96,0,
CM001101,CL002503,VH002422,PR000031,PR000038,,single_vehicle,clear,2025-03-29,True,1,2,5920.31,paid,5543.93,0,
CM002638,CL003998,VH000340,PR000198,PR000041,,multi_vehicle_pileup,fog,2025-07-21,False,1,1,6978.36,paid,6621.77,0,
CM006794,CL003144,VH000916,,PR000194,,multi_vehicle_pileup,clear,2023-04-24,True,0,0,3257.89,under_review,,0,
CM000650,CL001105,VH001905,PR000025,PR000055,,parking_lot,clear,2024-03-01,True,0,0,3885.68,paid,3532.74,0,
CM001547,CL002274,VH001015,PR000026,PR000000,,parking_lot,clear,2023-12-04,True,0,0,3358.46,paid,3250.45,0,
CM007910,CL000879,VH000005,,PR000174,,sideswipe,clear,2025-09-24,True,1,1,9160.14,paid,8379.77,0,
CM007335,CL001558,VH003618,PR000026,PR000075,,multi_vehicle_pileup,clear,2024-09-08,True,0,1,2828.76,under_review,,0,
CM002853,CL001496,VH001948,,PR000161,,sideswipe,clear,2025-11-28,True,0,0,6081.52,paid,5751.47,0,
CM003504,CL003340,VH003246,PR000003,PR000080,,rear_end_collision,clear,2023-06-25,True,0,0,10871.73,paid,9799.25,0,
CM006935,CL002936,VH003810,PR000031,PR000154,PR000030,rear_end_collision,clear,2024-12-18,True,0,0,8716.32,paid,8395.63,0,
CM000631,CL003183,VH000879,,PR000107,,sideswipe,fog,2025-06-05,False,1,2,4269.15,denied,0.0,0,
CM004769,CL001405,VH003427,PR000104,PR000015,,single_vehicle,snow,2023-07-29,True,0,1,4637.9,under_review,,0,
CM001250,CL001273,VH002215,,PR000024,,single_vehicle,rain,2025-12-20,False,1,2,3785.43,paid,3769.02,0,
CM006593,CL000239,VH000633,,PR000005,,single_vehicle,rain,2024-09-25,True,0,0,1637.03,paid,1486.66,0,
CM000483,CL003105,VH003990,PR000119,PR000123,PR000130,parking_lot,rain,2024-01-21,True,0,1,4152.15,paid,3960.41,0,
CM001585,CL000933,VH001274,PR000046,PR000133,PR000126,sideswipe,rain,2024-03-20,False,0,1,1023.95,paid,992.64,0,
CM004677,CL001905,VH000275,PR000249,,,single_vehicle,clear,2025-12-08,True,0,3,5317.21,paid,4993.88,0,
CM006386,CL001410,VH003939,,PR000080,,sideswipe,clear,2024-04-28,True,0,0,5578.47,under_review,,0,
CM001463,CL001671,VH002423,,,,single_vehicle,clear,2023-07-13,True,1,0,6943.14,paid,6473.18,0,
CM003041,CL001778,VH000158,,PR000069,,single_vehicle,rain,2025-06-19,True,0,0,3733.05,paid,3473.85,0,
CM005011,CL002028,VH000311,,PR000138,,multi_vehicle_pileup,clear,2024-08-22,False,0,0,6930.5,paid,6817.91,0,
CM007677,CL000365,VH001006,PR000048,PR000178,,parking_lot,snow,2024-01-24,True,0,0,2010.11,paid,1822.32,0,
CM003274,CL003371,VH001297,,PR000166,,sideswipe,snow,2025-07-04,False,0,1,6851.79,under_review,,0,
CM003684,CL002643,VH001912,,PR000242,,multi_vehicle_pileup,clear,2023-05-07,True,0,0,928.35,paid,921.18,0,
CM004146,CL003553,VH000554,PR000152,PR000097,,sideswipe,clear,2023-08-01,True,0,1,1471.1,paid,1331.85,0,
CM008686,CL002880,VH000717,PR000104,PR000075,PR000188,rear_end_collision,clear,2025-09-23,False,2,0,3718.14,partially_paid,2092.6,1,RING010
CM006792,CL001331,VH003201,,PR000121,PR000213,multi_vehicle_pileup,clear,2025-07-29,True,0,1,2952.99,paid,2918.48,0,
CM004955,CL000536,VH001835,,PR000071,PR000230,multi_vehicle_pileup,clear,2023-04-17,True,0,0,7444.79,paid,7241.07,0,
CM003226,CL001971,VH000243,PR000026,,,sideswipe,clear,2024-05-09,False,1,1,5816.63,denied,0.0,0,
CM001073,CL000734,VH001535,,PR000069,,single_vehicle,rain,2024-04-10,True,0,2,13331.14,paid,12198.17,0,
CM004816,CL000672,VH003978,,,,parking_lot,clear,2023-10-05,False,0,3,3716.23,paid,3533.61,0,
CM008533,CL000609,VH002152,PR000214,PR000115,PR000147,rear_end_collision,clear,2023-12-28,False,0,0,5013.36,denied,0.0,1,RING004
CM002632,CL000830,VH000873,PR000063,PR000224,,parking_lot,fog,2025-09-20,True,0,1,4498.29,paid,4409.83,0,
CM001661,CL003402,VH000018,,,,single_vehicle,clear,2024-05-19,False,0,2,9788.84,paid,9541.58,0,
CM005753,CL002217,VH001143,PR000048,PR000091,,rear_end_collision,clear,2024-08-31,True,0,1,8237.46,under_review,,0,
CM002426,CL002689,VH000415,,,,single_vehicle,fog,2025-03-15,True,0,0,953.25,paid,891.97,0,
CM005080,CL003629,VH002262,PR000168,PR000091,,rear_end_collision,rain,2025-02-01,True,1,1,4376.77,paid,3950.96,0,
CM008084,CL000904,VH003705,,PR000220,,rear_end_collision,clear,2025-01-21,True,1,0,2632.11,paid,2494.97,0,
CM005903,CL001785,VH001248,,,,parking_lot,snow,2025-02-11,True,1,1,9426.72,paid,8982.56,0,
CM007306,CL001661,VH002419,,PR000211,,rear_end_collision,clear,2023-02-20,True,1,1,6965.35,paid,6506.99,0,
CM003098,CL002150,VH003538,,PR000123,,sideswipe,rain,2023-07-13,True,1,0,8056.65,paid,7916.09,0,
CM003977,CL003904,VH000096,PR000078,PR000028,,single_vehicle,fog,2023-09-22,True,0,0,14295.08,paid,13807.67,0,
CM001244,CL001246,VH000480,,PR000083,,sideswipe,clear,2024-09-18,False,0,0,3418.52,paid,3394.85,0,
CM001301,CL002254,VH001415,PR000195,PR000210,,parking_lot,clear,2025-08-01,True,0,3,2583.17,paid,2383.45,0,
CM006285,CL000365,VH001008,PR000022,PR000024,,parking_lot,clear,2023-04-07,True,0,1,5169.44,paid,5015.85,0,
CM006851,CL001165,VH001296,PR000096,,,sideswipe,clear,2023-01-24,True,0,1,3015.78,paid,3009.3,0,
CM005482,CL003043,VH003114,PR000119,PR000110,,rear_end_collision,clear,2023-01-19,False,0,1,10464.56,paid,10433.89,0,
CM007606,CL002524,VH002829,PR000082,PR000084,,multi_vehicle_pileup,clear,2025-07-05,True,0,0,6419.41,paid,6377.42,0,
CM005496,CL003011,VH001910,PR000244,PR000108,,parking_lot,clear,2024-07-30,False,0,1,3426.89,paid,3349.22,0,
CM005292,CL003261,VH003502,,PR000137,,rear_end_collision,clear,2023-09-27,True,0,0,2185.54,paid,2021.66,0,
CM001409,CL003619,VH003269,PR000034,PR000226,,rear_end_collision,clear,2025-08-06,True,1,0,6623.41,paid,6574.97,0,
CM001846,CL001181,VH002481,PR000014,PR000191,,single_vehicle,clear,2025-01-17,True,0,0,4077.44,under_review,,0,
CM001799,CL003454,VH003146,PR000192,PR000092,,rear_end_collision,rain,2024-03-06,True,0,2,5964.74,paid,5756.61,0,
CM003958,CL003217,VH001088,PR000046,PR000228,,multi_vehicle_pileup,clear,2023-08-19,True,0,2,2568.59,paid,2498.87,0,
CM001476,CL001267,VH001815,,,,multi_vehicle_pileup,clear,2025-09-25,True,2,0,6184.2,under_review,,0,
CM006968,CL001980,VH000356,PR000039,,,sideswipe,rain,2024-06-25,True,0,1,1134.63,paid,1106.66,0,
CM000036,CL003976,VH002987,PR000106,PR000176,,rear_end_collision,fog,2023-02-25,True,0,0,3091.03,paid,2922.96,0,
CM007635,CL001963,VH002429,PR000019,PR000133,PR000175,rear_end_collision,clear,2025-07-15,True,0,2,2811.54,paid,2704.75,0,
CM006442,CL002783,VH001724,,PR000067,,single_vehicle,clear,2024-03-24,True,0,0,4207.52,under_review,,0,
CM000445,CL002657,VH000318,PR000010,PR000108,PR000177,multi_vehicle_pileup,clear,2024-09-18,True,1,1,5174.42,paid,4901.3,0,
CM002360,CL003698,VH000850,,,,rear_end_collision,clear,2023-12-13,True,0,2,2754.14,paid,2605.19,0,
CM003655,CL002004,VH001444,,PR000050,PR000053,single_vehicle,clear,2023-06-04,True,0,1,3814.07,paid,3692.03,0,
CM006303,CL003389,VH003167,,PR000080,,rear_end_collision,fog,2024-09-02,False,0,3,1928.91,paid,1827.32,0,
CM007543,CL002126,VH001002,PR000146,PR000218,,sideswipe,clear,2025-12-06,True,0,0,6146.62,paid,5567.38,0,
CM003180,CL000371,VH002628,PR000036,PR000015,,multi_vehicle_pileup,snow,2025-04-07,True,0,0,1584.71,paid,1576.47,0,
CM001287,CL000074,VH000320,,PR000091,,single_vehicle,clear,2024-11-27,True,1,1,2462.39,paid,2359.4,0,
CM007132,CL001992,VH002595,,PR000037,PR000020,rear_end_collision,clear,2023-06-06,True,1,0,1832.41,paid,1769.46,0,
CM004446,CL000271,VH001076,,,,single_vehicle,clear,2025-11-29,True,0,2,850.03,paid,810.98,0,
CM003417,CL002531,VH001010,PR000035,PR000165,,rear_end_collision,clear,2025-04-29,False,0,0,1102.56,paid,1009.83,0,
CM002138,CL003531,VH003707,,PR000183,,rear_end_collision,clear,2025-03-27,True,0,1,7837.61,paid,7302.93,0,
CM002637,CL001066,VH002984,PR000233,PR000201,,sideswipe,clear,2023-06-20,False,0,0,2558.69,paid,2345.34,0,
CM004017,CL000977,VH001065,PR000146,,,rear_end_collision,rain,2023-11-08,False,1,1,5534.4,paid,5204.5,0,
CM004098,CL001229,VH002795,PR000006,PR000178,PR000044,parking_lot,fog,2023-06-08,False,1,0,5923.31,paid,5564.28,0,
CM001682,CL002814,VH000469,PR000212,,,sideswipe,clear,2024-12-05,False,1,0,2270.33,under_review,,0,
CM008699,CL003308,VH001244,PR000104,PR000075,PR000188,sideswipe,clear,2025-09-07,False,0,0,13637.33,paid,12736.38,1,RING010
CM008300,CL000772,VH002566,PR000168,PR000092,,rear_end_collision,rain,2024-07-16,True,1,0,2950.6,paid,2901.14,0,
CM005768,CL001004,VH001245,PR000034,PR000245,,multi_vehicle_pileup,snow,2023-08-01,True,0,0,4513.33,paid,4376.74,0,
CM006670,CL003769,VH003545,PR000136,,,single_vehicle,rain,2023-07-02,True,1,1,2360.23,paid,2289.9,0,
CM005276,CL002340,VH001817,,PR000207,,single_vehicle,rain,2023-01-26,True,1,1,1583.42,denied,0.0,0,
CM001693,CL003777,VH001882,PR000239,PR000191,,rear_end_collision,clear,2023-06-05,True,0,0,3756.12,paid,3655.15,0,
CM007101,CL000354,VH003424,,PR000128,,sideswipe,snow,2025-05-27,True,0,1,7535.73,paid,7078.45,0,
CM007646,CL002872,VH001524,,,,rear_end_collision,fog,2025-02-21,True,0,0,1362.92,under_review,,0,
CM003636,CL003765,VH000689,PR000082,PR000011,PR000102,rear_end_collision,clear,2025-06-26,True,0,1,8198.51,paid,8082.15,0,
CM000373,CL000657,VH002808,PR000216,PR000027,,multi_vehicle_pileup,clear,2025-06-07,True,0,3,3616.07,paid,3552.4,0,
CM007384,CL000403,VH001432,,,,multi_vehicle_pileup,rain,2024-01-12,True,1,0,2620.14,paid,2423.36,0,
CM006013,CL000555,VH002956,PR000118,PR000015,,sideswipe,rain,2023-04-13,False,0,0,4150.67,paid,3822.31,0,
CM005454,CL003252,VH003508,,PR000087,,sideswipe,clear,2025-02-01,True,0,2,1869.58,under_review,,0,
CM005922,CL000458,VH001590,PR000082,PR000055,,single_vehicle,snow,2023-03-07,True,0,0,1747.2,paid,1666.64,0,
CM004883,CL001964,VH000153,,PR000140,,parking_lot,clear,2025-10-09,False,0,2,1514.06,paid,1473.78,0,
CM004566,CL001853,VH003993,,PR000107,,parking_lot,clear,2024-03-22,True,0,0,1626.42,paid,1503.29,0,
CM000141,CL001418,VH000561,PR000021,PR000115,,sideswipe,clear,2023-01-05,True,0,1,5282.65,paid,5079.87,0,
CM004885,CL001295,VH002936,PR000198,PR000142,,single_vehicle,fog,2023-11-05,True,1,0,8193.53,under_review,,0,
CM004420,CL000942,VH003918,PR000195,PR000079,,multi_vehicle_pileup,clear,2023-11-08,False,0,0,1870.17,denied,0.0,0,
CM008592,CL001661,VH002057,PR000025,PR000209,PR000155,rear_end_collision,snow,2025-05-25,True,2,0,4556.04,denied,0.0,1,RING006
CM007885,CL003629,VH003116,PR000093,PR000133,,rear_end_collision,rain,2025-02-17,True,1,1,4608.51,paid,4440.4,0,
CM000715,CL002316,VH000700,PR000021,PR000024,,single_vehicle,clear,2023-10-05,True,0,0,2273.03,paid,2071.46,0,
CM005924,CL002562,VH000847,,PR000211,PR000122,multi_vehicle_pileup,clear,2025-06-19,True,0,2,2745.94,paid,2548.55,0,
CM006543,CL000093,VH002693,PR000074,PR000005,,sideswipe,clear,2024-05-15,False,0,0,1144.23,denied,0.0,0,
CM005244,CL000358,VH003928,,PR000108,,rear_end_collision,clear,2023-05-02,True,0,0,1934.36,paid,1847.83,0,
CM003189,CL003755,VH001864,PR000039,PR000047,,single_vehicle,rain,2023-04-22,True,0,0,11522.46,paid,10571.69,0,
CM008351,CL003721,VH000787,PR000093,,,multi_vehicle_pileup,snow,2025-03-25,True,1,2,3765.81,paid,3675.72,0,
CM004432,CL001132,VH002497,PR000033,PR000038,,sideswipe,clear,2023-12-27,True,0,2,3835.8,paid,3718.28,0,
CM006748,CL002193,VH002029,PR000231,PR000161,,parking_lot,clear,2024-01-02,False,0,1,8891.27,paid,8128.51,0,
CM000407,CL003193,VH000550,,PR000224,,sideswipe,clear,2023-08-20,False,0,1,9391.28,under_review,,0,
CM000021,CL002280,VH002484,,,,parking_lot,clear,2023-07-10,True,0,1,7508.43,paid,7005.15,0,
CM001005,CL002105,VH000178,,PR000015,,sideswipe,clear,2023-10-08,True,0,3,3302.52,under_review,,0,
CM006765,CL002456,VH003608,PR000234,,,parking_lot,rain,2023-07-04,True,0,0,3081.95,paid,2890.14,0,
CM004987,CL000750,VH001222,,PR000069,,parking_lot,clear,2023-08-14,False,0,2,2084.47,paid,1895.47,0,
CM002412,CL000206,VH000482,PR000120,PR000182,,rear_end_collision,clear,2023-12-28,True,0,0,4106.73,under_review,,0,
CM002546,CL001651,VH002444,PR000146,PR000199,,multi_vehicle_pileup,rain,2024-02-17,True,1,1,3647.4,paid,3586.32,0,
CM007208,CL000066,VH000589,PR000065,PR000178,,parking_lot,clear,2023-05-24,True,0,3,3658.05,paid,3559.71,0,
CM002391,CL000744,VH000559,,,,sideswipe,rain,2023-12-15,False,0,1,2069.58,paid,1915.93,0,
CM007712,CL000652,VH003766,PR000043,PR000174,,sideswipe,clear,2023-02-11,True,0,0,1191.2,paid,1116.12,0,
CM000043,CL002264,VH000992,PR000033,PR000095,,sideswipe,clear,2025-07-10,False,0,0,1659.36,paid,1532.04,0,
CM002831,CL002611,VH000537,,PR000241,,parking_lot,clear,2025-10-29,True,0,0,2316.46,under_review,,0,
CM005860,CL000172,VH003628,,,,sideswipe,rain,2024-02-02,False,0,1,9100.97,paid,8723.71,0,
CM003372,CL002401,VH002436,PR000059,PR000205,,sideswipe,clear,2024-11-05,True,0,1,5358.2,paid,5075.77,0,
CM003023,CL000250,VH003872,PR000189,,,rear_end_collision,rain,2024-10-29,True,1,1,2560.78,under_review,,0,
CM003365,CL002079,VH000467,PR000096,PR000133,,rear_end_collision,clear,2023-12-16,True,0,1,7347.24,paid,7338.58,0,
CM004400,CL001229,VH001968,PR000085,PR000069,,parking_lot,rain,2023-07-16,True,1,1,1177.56,paid,1143.54,0,
CM005253,CL001029,VH002855,,,,sideswipe,clear,2025-10-18,True,1,0,1574.74,paid,1479.52,0,
CM000012,CL003887,VH002255,,,,rear_end_collision,clear,2024-12-24,True,0,2,2512.2,paid,2422.72,0,
CM004761,CL001366,VH001305,,PR000069,,single_vehicle,rain,2025-10-12,True,0,4,7312.3,paid,7040.32,0,
CM001178,CL002342,VH000012,,PR000110,,parking_lot,clear,2024-07-29,True,0,0,2267.74,under_review,,0,
CM001948,CL002207,VH001286,,,,rear_end_collision,clear,2023-02-22,False,0,0,3091.64,paid,3028.54,0,
CM002502,CL003077,VH003387,,PR000087,,single_vehicle,clear,2023-12-01,True,1,1,3621.23,paid,3480.26,0,
CM008271,CL001918,VH002680,,PR000132,,parking_lot,clear,2024-07-27,True,0,0,6060.55,paid,5571.59,0,
CM002864,CL003778,VH001908,,PR000166,,single_vehicle,snow,2024-02-15,True,2,1,4284.38,denied,0.0,0,
CM007296,CL002518,VH001101,PR000153,PR000183,,rear_end_collision,rain,2025-04-05,True,1,0,1253.52,paid,1188.5,0,
CM003866,CL000353,VH000383,PR000200,PR000111,,rear_end_collision,fog,2025-01-02,False,0,1,5979.32,paid,5594.34,0,
CM006229,CL001156,VH001340,,PR000133,,single_vehicle,snow,2024-09-24,True,0,0,1874.18,paid,1725.25,0,
CM001027,CL003261,VH002684,PR000074,PR000000,,sideswipe,clear,2025-10-16,True,0,0,3205.33,paid,2893.31,0,
CM003849,CL003322,VH002711,PR000222,PR000203,,parking_lot,clear,2025-02-18,True,2,1,874.84,paid,872.88,0,
CM002990,CL002138,VH001429,,,,parking_lot,clear,2023-06-15,True,1,3,4933.65,paid,4535.58,0,
CM000962,CL001897,VH000879,,,PR000130,single_vehicle,rain,2023-04-25,True,0,0,3221.78,paid,3021.48,0,
CM002890,CL003885,VH003292,PR000127,PR000151,,sideswipe,rain,2024-01-10,False,0,2,2664.11,paid,2509.88,0,
CM003016,CL001484,VH002510,,PR000173,,rear_end_collision,rain,2025-02-23,True,1,1,4011.98,paid,3953.45,0,
CM003339,CL003978,VH002837,PR000026,PR000052,,multi_vehicle_pileup,clear,2023-07-11,True,1,1,2456.75,paid,2241.38,0,
CM006106,CL001299,VH003510,PR000153,PR000108,,single_vehicle,clear,2025-04-08,True,0,2,3595.8,denied,0.0,0,
CM006246,CL000887,VH001909,,PR000199,,sideswipe,fog,2023-02-18,False,0,0,2658.16,paid,2407.05,0,
CM007083,CL001962,VH000505,,,,multi_vehicle_pileup,rain,2024-12-22,True,0,1,3273.15,paid,3163.17,0,
CM006435,CL002761,VH002341,,,,sideswipe,clear,2024-06-28,True,2,1,9535.6,paid,9323.56,0,
CM006808,CL000142,VH002302,,PR000123,,single_vehicle,rain,2025-11-28,True,1,2,6475.72,denied,0.0,0,
CM000736,CL001149,VH000196,PR000104,PR000086,,parking_lot,rain,2024-04-02,True,0,1,2651.45,paid,2479.76,0,
CM004401,CL001084,VH003383,PR000066,PR000042,,single_vehicle,rain,2024-01-25,True,0,0,1335.1,paid,1284.88,0,
CM001441,CL003673,VH001443,,PR000225,,single_vehicle,clear,2023-07-24,True,0,1,4411.51,paid,4232.97,0,
CM008695,CL002841,VH001244,PR000104,PR000075,PR000188,sideswipe,clear,2025-10-19,False,0,0,7150.41,paid,6873.75,1,RING010
CM002876,CL000214,VH000801,PR000219,PR000108,,parking_lot,clear,2025-09-27,True,0,0,5145.53,paid,4637.44,0,
CM003987,CL001546,VH002480,PR000073,PR000221,,rear_end_collision,clear,2023-01-05,True,0,0,2534.4,paid,2472.76,0,
CM000917,CL000970,VH003404,PR000003,PR000184,,sideswipe,clear,2025-02-22,True,0,1,2236.05,paid,2025.37,0,
CM008006,CL000390,VH000846,,PR000207,,parking_lot,clear,2025-01-10,True,0,0,2166.18,paid,2087.31,0,
CM007494,CL003325,VH000483,PR000068,PR000140,,rear_end_collision,snow,2023-08-30,True,1,1,1332.34,paid,1328.45,0,
CM004090,CL000869,VH003046,PR000043,PR000204,,multi_vehicle_pileup,clear,2025-02-08,True,2,1,9548.9,paid,9253.22,0,
CM008550,CL003518,VH002152,PR000214,PR000115,PR000147,sideswipe,rain,2023-12-12,False,0,0,4497.32,paid,4071.36,1,RING004
CM007503,CL001531,VH002418,,PR000157,,sideswipe,rain,2025-03-24,True,1,1,2120.26,under_review,,0,
CM002773,CL003567,VH001452,,PR000062,,multi_vehicle_pileup,clear,2025-04-21,True,0,0,1990.42,paid,1945.61,0,
CM001625,CL003355,VH003631,,PR000011,PR000177,multi_vehicle_pileup,clear,2024-12-16,False,0,1,5298.5,paid,4970.94,0,
CM007608,CL002676,VH000001,PR000039,PR000097,,sideswipe,clear,2025-08-12,False,0,0,1977.04,paid,1898.45,0,
CM000822,CL003101,VH003801,PR000216,PR000121,,single_vehicle,snow,2023-10-05,True,1,1,1348.5,under_review,,0,
CM001368,CL000889,VH003384,,PR000169,,parking_lot,clear,2023-01-20,True,0,0,4947.53,paid,4945.92,0,
CM003713,CL001189,VH003648,,PR000150,PR000030,multi_vehicle_pileup,snow,2023-08-04,True,0,0,5042.61,paid,4942.1,0,
CM008790,CL003521,VH003274,PR000156,PR000174,PR000122,sideswipe,clear,2023-07-28,False,1,0,4891.41,paid,4491.39,1,RING014
CM001389,CL002978,VH001533,,PR000079,PR000237,single_vehicle,clear,2025-07-08,True,0,1,2993.09,under_review,,0,
CM000851,CL003095,VH002206,PR000114,,,single_vehicle,clear,2025-03-24,True,0,2,4652.68,paid,4638.77,0,
CM001001,CL003876,VH003396,PR000216,PR000224,,rear_end_collision,clear,2024-04-02,True,0,2,2590.62,under_review,,0,
CM007146,CL000609,VH003161,,PR000092,,single_vehicle,snow,2024-10-29,True,0,1,5118.65,paid,4740.71,0,
CM007898,CL001203,VH003776,,PR000199,,single_vehicle,clear,2025-06-01,True,0,1,1319.86,paid,1200.9,0,
CM004115,CL000359,VH000160,,PR000133,PR000175,sideswipe,clear,2024-12-10,True,1,2,5269.99,paid,5200.86,0,
CM001638,CL000186,VH000529,,PR000015,PR000188,parking_lot,clear,2023-06-17,True,0,0,6475.76,paid,6159.63,0,
CM001668,CL001508,VH001014,,PR000246,,single_vehicle,clear,2023-08-18,True,0,0,6765.36,paid,6470.27,0,
CM004590,CL003353,VH001419,PR000136,PR000012,,sideswipe,rain,2025-12-07,True,0,2,3101.77,paid,3052.52,0,
CM003174,CL000143,VH000058,PR000113,PR000142,,sideswipe,fog,2025-09-30,True,0,2,4943.64,paid,4717.31,0,
CM007317,CL000725,VH001236,PR000153,PR000165,,rear_end_collision,clear,2023-03-10,True,0,1,6704.86,paid,6310.05,0,
CM001348,CL000322,VH002884,PR000149,PR000032,,sideswipe,clear,2024-09-02,False,0,1,3840.43,under_review,,0,
CM007500,CL001573,VH001899,PR000144,PR000173,,multi_vehicle_pileup,clear,2023-05-02,True,0,1,5414.37,under_review,,0,
CM003231,CL001364,VH000152,PR000081,PR000042,,parking_lot,clear,2023-09-28,True,0,1,8909.13,paid,8682.79,0,
CM007838,CL002479,VH000078,,PR000163,,multi_vehicle_pileup,rain,2025-04-08,True,2,0,5750.11,paid,5699.7,0,
CM007387,CL000345,VH000584,,PR000151,,parking_lot,clear,2023-08-12,True,0,0,1684.58,paid,1551.68,0,
CM004784,CL003103,VH003410,PR000085,PR000111,PR000007,parking_lot,rain,2024-01-22,True,0,1,7041.29,paid,6535.18,0,
CM007505,CL003468,VH003323,PR000219,PR000029,,parking_lot,clear,2023-06-24,True,0,1,1910.71,under_review,,0,
CM003233,CL002066,VH003201,,,,rear_end_collision,clear,2025-08-23,True,0,2,766.36,paid,758.73,0,
CM005705,CL001165,VH002427,PR000034,PR000028,,rear_end_collision,rain,2023-04-01,True,0,3,4241.48,paid,3954.88,0,
CM007849,CL000859,VH002919,PR000170,PR000131,,parking_lot,rain,2023-04-02,True,1,0,1969.26,paid,1863.02,0,
CM000704,CL000538,VH002946,PR000106,PR000107,,sideswipe,clear,2025-07-26,True,1,1,7120.79,paid,6624.68,0,
CM005106,CL001926,VH002277,,PR000055,,parking_lot,clear,2023-07-09,True,0,0,2968.93,paid,2949.51,0,
CM007654,CL001278,VH002131,PR000010,PR000032,,multi_vehicle_pileup,clear,2023-12-04,True,1,2,2423.87,paid,2219.4,0,
CM003292,CL001690,VH002939,PR000022,PR000241,,single_vehicle,rain,2025-09-29,False,1,2,2060.44,under_review,,0,
CM003674,CL000542,VH001678,PR000073,PR000221,,single_vehicle,clear,2023-09-18,True,0,0,5130.19,paid,4681.35,0,
CM002409,CL002249,VH001797,,PR000160,,single_vehicle,fog,2023-05-14,True,1,0,3599.43,paid,3592.46,0,
CM008544,CL003741,VH003087,PR000214,PR000115,PR000147,rear_end_collision,clear,2023-12-10,False,0,0,1060.41,denied,0.0,1,RING004
CM001328,CL001671,VH003424,,PR000246,,parking_lot,rain,2024-11-04,False,1,0,4262.2,paid,4141.69,0,
CM008590,CL000469,VH003531,PR000025,PR000209,PR000155,single_vehicle,clear,2025-05-25,True,1,0,10750.86,denied,0.0,1,RING006
CM005774,CL003342,VH003901,PR000144,PR000094,,single_vehicle,clear,2024-04-06,True,0,0,5034.34,paid,5026.97,0,
CM006096,CL000296,VH001705,PR000187,PR000084,,rear_end_collision,clear,2024-03-16,True,2,3,7464.65,paid,6809.71,0,
CM005407,CL000741,VH001262,,PR000099,,multi_vehicle_pileup,clear,2024-10-21,True,0,2,4683.79,paid,4563.11,0,
CM007867,CL001196,VH003758,PR000066,PR000220,,sideswipe,clear,2024-11-30,True,2,0,4147.43,paid,3955.04,0,
CM006084,CL002676,VH002430,PR000098,PR000173,,sideswipe,clear,2024-10-21,True,0,2,9161.87,under_review,,0,
CM004910,CL001169,VH000961,PR000200,,PR000215,single_vehicle,snow,2024-02-09,True,2,0,2246.75,paid,2104.2,0,
CM004441,CL001493,VH000560,PR000002,PR000013,,multi_vehicle_pileup,clear,2025-07-22,True,1,1,9490.58,paid,9063.89,0,
CM008017,CL000601,VH002994,PR000116,PR000209,,rear_end_collision,rain,2024-11-20,True,1,0,5325.47,paid,4822.68,0,
CM000987,CL003343,VH001495,PR000200,PR000087,PR000193,multi_vehicle_pileup,clear,2023-07-25,False,0,1,3276.31,paid,3164.55,0,
CM007622,CL000889,VH003578,PR000167,,,rear_end_collision,clear,2024-12-30,True,0,0,3944.64,under_review,,0,
CM003953,CL002420,VH002708,PR000248,PR000092,,single_vehicle,rain,2025-07-18,True,0,0,3154.21,paid,2861.17,0,
CM008229,CL000171,VH000569,PR000039,PR000220,,sideswipe,clear,2023-07-30,True,0,2,3677.42,paid,3323.71,0,
CM008184,CL001302,VH000112,,PR000087,,multi_vehicle_pileup,fog,2024-01-15,True,0,0,7033.48,paid,6454.7,0,
CM004050,CL002998,VH002707,,PR000086,,multi_vehicle_pileup,clear,2023-01-30,True,1,0,3770.33,under_review,,0,
CM006258,CL000999,VH002269,PR000088,PR000163,,parking_lot,clear,2024-12-18,True,0,0,3107.79,paid,3105.2,0,
CM003486,CL001505,VH001637,PR000116,PR000091,,multi_vehicle_pileup,rain,2024-07-21,True,0,2,5100.33,paid,4864.67,0,
CM006090,CL000345,VH000406,PR000239,PR000183,,single_vehicle,fog,2024-03-06,True,0,0,4143.89,paid,4026.59,0,
CM002475,CL001849,VH001539,,PR000246,,rear_end_collision,snow,2025-05-17,True,2,2,2509.39,paid,2474.83,0,
CM005239,CL000845,VH002343,PR000212,PR000184,,single_vehicle,clear,2024-08-04,True,0,0,1592.92,paid,1473.83,0,
CM006455,CL003738,VH003126,,,,rear_end_collision,snow,2024-04-27,True,0,0,1065.64,paid,1017.81,0,
CM003874,CL001991,VH001031,PR000051,PR000084,,multi_vehicle_pileup,clear,2023-11-25,False,1,0,5611.3,paid,5197.88,0,
CM001199,CL001551,VH003716,PR000039,PR000128,,parking_lot,fog,2023-06-23,True,0,3,1264.21,paid,1246.27,0,
CM004182,CL001428,VH003973,PR000167,PR000154,,parking_lot,rain,2025-06-20,True,0,1,2841.99,paid,2685.55,0,
CM001519,CL003331,VH003855,PR000034,,,multi_vehicle_pileup,clear,2024-07-27,True,1,1,3355.76,paid,3351.25,0,
CM007960,CL000765,VH003919,PR000198,PR000204,,parking_lot,rain,2024-07-22,False,0,1,1485.89,under_review,,0,
CM005478,CL001217,VH001553,PR000077,PR000137,,rear_end_collision,clear,2023-01-24,False,1,0,2734.11,paid,2642.59,0,
CM001800,CL001701,VH001546,PR000222,PR000160,,sideswipe,clear,2024-07-27,True,2,1,4591.34,paid,4547.04,0,
CM001015,CL000542,VH003667,PR000059,PR000142,,parking_lot,clear,2025-06-22,True,0,1,3318.9,paid,3003.69,0,
CM000129,CL002761,VH002629,PR000057,PR000182,PR000061,sideswipe,rain,2024-08-18,True,1,1,6422.14,paid,5870.21,0,
CM001365,CL000768,VH000973,,,,multi_vehicle_pileup,rain,2024-12-12,True,0,2,889.24,under_review,,0,
CM007396,CL001587,VH000368,,,,rear_end_collision,clear,2024-06-21,True,0,0,7330.19,under_review,,0,
CM004471,CL001143,VH000985,PR000170,PR000087,,single_vehicle,clear,2025-08-11,False,1,0,683.53,paid,629.8,0,
CM000892,CL001415,VH003395,,PR000220,,single_vehicle,fog,2025-10-25,True,1,0,2323.74,paid,2224.52,0,
CM002794,CL000368,VH000118,PR000248,PR000040,,single_vehicle,snow,2025-01-04,False,0,3,3984.32,paid,3591.24,0,
CM008055,CL002820,VH002797,PR000217,PR000132,,parking_lot,clear,2024-10-23,True,0,4,2102.99,under_review,,0,
CM005456,CL003612,VH001986,,PR000084,,single_vehicle,clear,2025-07-22,True,1,0,7559.27,paid,7321.82,0,
CM004404,CL002699,VH002894,PR000026,PR000242,,parking_lot,rain,2023-11-17,True,1,3,5552.73,paid,5206.94,0,
CM005758,CL001519,VH001268,PR000093,PR000165,,single_vehicle,clear,2025-07-09,True,0,0,2431.74,paid,2342.78,0,
CM006528,CL003551,VH002281,PR000216,PR000131,PR000215,sideswipe,fog,2025-03-27,True,1,0,3043.76,paid,2878.22,0,
CM006295,CL000232,VH001138,,,,sideswipe,clear,2023-09-22,True,0,3,866.26,paid,823.48,0,
CM003924,CL002859,VH001646,,PR000183,,rear_end_collision,clear,2025-04-29,True,0,0,3760.32,paid,3753.88,0,
CM005414,CL000372,VH003136,,PR000069,,sideswipe,clear,2024-09-08,False,0,1,9298.44,paid,8623.71,0,
CM008218,CL003681,VH003356,,,,parking_lot,fog,2024-11-11,True,0,2,1607.23,paid,1537.59,0,
CM003250,CL003476,VH003245,PR000198,PR000210,,sideswipe,snow,2023-08-13,True,1,1,13115.55,paid,12758.29,0,
CM006571,CL000831,VH002094,,PR000040,,sideswipe,fog,2023-08-27,True,0,2,2680.19,under_review,,0,
CM006639,CL001195,VH003745,PR000196,,,parking_lot,rain,2023-12-06,True,0,0,1199.83,paid,1195.32,0,
CM008138,CL000994,VH001772,,,,rear_end_collision,rain,2023-02-11,True,1,0,8514.47,paid,8087.25,0,
CM001209,CL002813,VH000101,PR000026,PR000228,,multi_vehicle_pileup,clear,2025-02-08,True,0,0,2922.38,paid,2696.59,0,
CM003869,CL000998,VH003127,,PR000005,,single_vehicle,clear,2025-10-12,True,1,1,5721.65,paid,5627.37,0,
CM008423,CL000132,VH000400,PR000114,PR000013,PR000030,parking_lot,clear,2024-04-27,False,1,0,1763.43,partially_paid,859.65,1,RING000
CM004066,CL002272,VH003897,,PR000069,PR000130,rear_end_collision,clear,2025-09-26,False,0,0,9467.77,denied,0.0,0,
CM008199,CL003382,VH001572,,PR000037,,multi_vehicle_pileup,clear,2024-04-04,True,0,2,1007.1,paid,950.88,0,
CM007295,CL000734,VH000213,,PR000128,,rear_end_collision,clear,2024-04-06,True,0,1,3407.35,paid,3176.87,0,
CM001240,CL001849,VH003544,PR000152,PR000133,,sideswipe,clear,2024-02-04,True,1,1,3381.66,paid,3067.85,0,
CM002290,CL001646,VH000540,PR000070,PR000194,,multi_vehicle_pileup,rain,2024-12-25,True,0,0,1778.86,under_review,,0,
CM002741,CL000399,VH003716,,PR000084,,sideswipe,clear,2023-12-25,True,0,0,2132.91,under_review,,0,
CM000276,CL001290,VH003967,,PR000094,,single_vehicle,clear,2024-07-27,True,1,0,1962.78,paid,1946.09,0,
CM004586,CL002693,VH000231,,PR000124,PR000230,multi_vehicle_pileup,snow,2024-10-09,False,0,1,3521.62,paid,3386.63,0,
CM001036,CL003495,VH000793,,PR000050,,parking_lot,snow,2025-08-29,True,0,1,4348.83,denied,0.0,0,
CM001230,CL000381,VH001860,PR000171,PR000105,,single_vehicle,fog,2023-03-14,True,1,2,2431.99,paid,2196.55,0,
CM001009,CL002738,VH001112,PR000168,,,single_vehicle,clear,2024-07-23,True,0,2,6869.69,paid,6718.99,0,
CM007824,CL001734,VH003752,PR000159,PR000110,,parking_lot,clear,2025-02-08,True,0,1,2332.59,paid,2235.9,0,
CM005179,CL003005,VH003489,,PR000040,,parking_lot,clear,2023-03-19,True,0,0,1761.37,under_review,,0,
CM003829,CL002633,VH003306,PR000026,PR000178,,single_vehicle,clear,2023-05-01,True,0,1,1712.84,paid,1644.75,0,
CM002533,CL002280,VH002047,PR000144,PR000166,,sideswipe,fog,2023-09-24,True,0,1,6640.9,paid,6162.59,0,
CM004294,CL000094,VH000399,PR000146,PR000243,,parking_lot,clear,2025-06-28,True,0,1,5304.51,paid,4879.24,0,
CM001059,CL001090,VH002422,PR000222,PR000203,,rear_end_collision,clear,2023-03-23,False,0,2,5511.41,paid,5458.39,0,
CM006263,CL001040,VH000999,,PR000191,,sideswipe,fog,2024-02-11,True,0,1,2631.0,paid,2459.9,0,
CM007624,CL001934,VH001352,PR000023,PR000137,,single_vehicle,clear,2023-01-19,False,1,1,3984.54,paid,3762.0,0,
CM000282,CL000118,VH002062,PR000113,,,single_vehicle,clear,2024-12-31,True,2,0,4830.35,paid,4809.45,0,
CM001044,CL003931,VH003861,PR000098,PR000140,PR000215,sideswipe,clear,2025-03-26,True,0,1,2037.26,paid,1857.39,0,
CM001317,CL001214,VH000288,,PR000174,,multi_vehicle_pileup,clear,2024-08-02,True,0,1,5129.51,paid,4951.98,0,
CM006655,CL001938,VH001531,,PR000197,,rear_end_collision,clear,2023-03-01,True,0,1,4854.82,paid,4666.85,0,
CM000969,CL000214,VH003406,PR000031,PR000245,,multi_vehicle_pileup,clear,2025-03-22,True,0,2,4658.38,paid,4452.21,0,
CM002382,CL000788,VH001164,PR000074,,,rear_end_collision,rain,2025-10-27,True,0,1,4196.52,paid,4115.28,0,
CM007660,CL001543,VH001137,,PR000032,,parking_lot,clear,2023-10-27,True,0,1,1498.89,paid,1389.29,0,
CM001940,CL002883,VH002681,PR000077,PR000084,,rear_end_collision,clear,2025-04-02,False,0,0,3705.57,paid,3426.27,0,
CM006915,CL001007,VH000125,PR000103,,,rear_end_collision,clear,2025-04-29,False,0,0,5578.82,paid,5049.09,0,
CM001275,CL000321,VH003932,PR000158,PR000012,,multi_vehicle_pileup,clear,2023-09-13,True,0,2,9351.5,paid,9285.27,0,
CM000620,CL002102,VH000662,PR000187,,,multi_vehicle_pileup,clear,2024-07-26,True,0,0,745.56,paid,675.26,0,
CM006988,CL002890,VH003736,PR000104,PR000221,,single_vehicle,snow,2025-11-14,False,0,1,1559.63,denied,0.0,0,
CM001743,CL003326,VH000652,,PR000154,,multi_vehicle_pileup,fog,2025-12-12,True,0,0,5186.64,paid,4789.69,0,
CM001391,CL002903,VH001958,PR000120,PR000207,,rear_end_collision,fog,2025-03-14,True,0,0,1549.57,paid,1545.3,0,
CM007817,CL002040,VH001114,,PR000024,PR000232,sideswipe,clear,2025-02-19,True,0,0,5495.86,paid,5175.15,0,
CM005944,CL002687,VH002057,,PR000225,,single_vehicle,clear,2025-04-20,False,1,2,5379.83,paid,5250.77,0,
CM001580,CL003372,VH003327,,PR000142,,parking_lot,clear,2023-06-29,True,1,2,2273.6,under_review,,0,
CM001656,CL000806,VH001638,PR000008,PR000032,,rear_end_collision,clear,2023-10-28,True,1,2,1216.0,under_review,,0,
CM003569,CL001216,VH000198,PR000200,PR000226,,multi_vehicle_pileup,snow,2024-09-18,True,1,0,8716.84,under_review,,0,
CM002353,CL002186,VH001178,,PR000150,,rear_end_collision,clear,2025-03-19,True,0,2,536.92,paid,530.81,0,
CM002213,CL002955,VH001162,PR000089,PR000042,,sideswipe,clear,2024-08-10,True,0,2,3044.8,paid,2795.05,0,
CM006117,CL002273,VH002526,,,,sideswipe,rain,2025-09-09,True,0,1,5441.88,paid,5178.29,0,
CM008897,CL001283,VH002889,PR000235,PR000097,PR000130,single_vehicle,fog,2023-02-09,False,2,2,4978.79,denied,0.0,1,RING019
CM006053,CL000134,VH001143,PR000034,PR000228,,parking_lot,clear,2024-03-29,True,0,0,2710.38,denied,0.0,0,
CM003179,CL001685,VH001502,,PR000243,,sideswipe,rain,2024-03-30,True,0,0,6552.69,paid,6320.82,0,
CM003193,CL002993,VH003211,PR000189,PR000220,,sideswipe,rain,2023-09-03,True,1,1,3042.51,paid,3004.42,0,
CM001308,CL003122,VH001830,PR000081,PR000228,,multi_vehicle_pileup,snow,2024-03-09,True,0,0,5259.34,paid,4772.03,0,
CM006100,CL000072,VH000180,,PR000203,,sideswipe,clear,2025-08-11,False,0,0,1454.02,paid,1434.53,0,
CM000576,CL000388,VH003686,PR000106,PR000000,,single_vehicle,fog,2025-07-18,False,0,3,2202.82,denied,0.0,0,
CM002361,CL001940,VH001923,,PR000179,,parking_lot,clear,2025-11-19,False,0,0,4684.73,paid,4542.43,0,
CM006657,CL002431,VH000283,,PR000160,,parking_lot,clear,2025-08-03,True,0,0,4764.06,paid,4659.64,0,
CM005803,CL003877,VH000129,,,,parking_lot,rain,2023-12-25,True,0,1,8681.0,denied,0.0,0,
CM007516,CL002735,VH002072,,PR000242,,rear_end_collision,rain,2024-02-27,False,1,2,9546.01,paid,9273.8,0,
CM007244,CL003002,VH000868,PR000003,PR000181,,single_vehicle,clear,2023-01-05,True,1,0,2653.61,paid,2547.29,0,
CM001281,CL002148,VH002735,,PR000174,,rear_end_collision,snow,2023-08-10,True,0,0,1718.54,denied,0.0,0,
CM007811,CL001981,VH002272,,PR000161,PR000030,rear_end_collision,rain,2024-12-22,True,1,1,6246.03,paid,6165.07,0,
CM004958,CL003953,VH001836,,PR000183,,sideswipe,fog,2024-11-21,True,0,0,4174.66,paid,3804.36,0,
CM007939,CL001522,VH000598,PR000078,PR000055,,rear_end_collision,clear,2025-07-21,False,0,2,1455.13,denied,0.0,0,
CM005898,CL002971,VH000327,PR000046,PR000087,,single_vehicle,clear,2023-08-07,True,0,0,8474.28,paid,8054.09,0,
CM005725,CL000227,VH001969,,,,single_vehicle,rain,2025-06-15,True,0,3,4624.51,paid,4317.44,0,
CM001994,CL002455,VH000341,,PR000245,,single_vehicle,clear,2025-06-25,True,2,0,1494.8,paid,1400.39,0,
CM002640,CL001692,VH003979,PR000001,PR000009,,multi_vehicle_pileup,clear,2024-08-04,True,0,1,8104.15,paid,7771.53,0,
CM000270,CL003788,VH002588,PR000217,,PR000100,parking_lot,clear,2023-03-27,True,0,0,2386.93,denied,0.0,0,
CM000630,CL003173,VH003642,PR000234,PR000145,PR000100,sideswipe,clear,2023-10-03,True,0,0,2747.41,paid,2627.57,0,
CM007617,CL001163,VH003551,,PR000140,,sideswipe,clear,2025-12-06,True,0,2,5430.47,under_review,,0,
CM003082,CL002692,VH000530,PR000244,,,single_vehicle,rain,2025-06-10,True,0,0,1182.61,paid,1098.85,0,
CM003467,CL001120,VH000869,PR000168,PR000107,,sideswipe,snow,2023-06-23,True,0,0,3132.27,paid,2857.23,0,
CM006431,CL002006,VH002244,,PR000075,,multi_vehicle_pileup,fog,2024-10-31,True,0,1,3025.86,paid,2918.78,0,
CM008302,CL003037,VH002708,,,,single_vehicle,clear,2025-05-13,True,0,1,1377.75,paid,1353.25,0,
CM004397,CL001751,VH002825,PR000239,,,single_vehicle,clear,2024-09-19,True,0,0,3868.99,paid,3662.23,0,
CM004024,CL000546,VH000671,,PR000197,,sideswipe,snow,2025-04-20,True,0,0,1955.28,paid,1854.09,0,
CM008677,CL000605,VH002525,PR000104,PR000075,PR000188,rear_end_collision,snow,2025-10-09,False,2,0,4340.97,paid,4300.51,1,RING010
CM005544,CL002870,VH000233,PR000008,PR000000,,sideswipe,rain,2025-12-28,False,0,1,6150.37,paid,5576.08,0,
CM005569,CL003206,VH003855,PR000156,,,sideswipe,rain,2023-03-13,True,0,2,2481.87,denied,0.0,0,
CM002047,CL001276,VH001272,PR000212,,,single_vehicle,snow,2024-08-06,True,0,0,5629.13,paid,5184.51,0,
CM004357,CL003074,VH001208,PR000127,PR000075,,parking_lot,clear,2024-05-01,True,0,1,3725.05,paid,3409.57,0,
CM007540,CL001913,VH000705,,PR000180,,parking_lot,fog,2024-12-10,False,0,2,3549.39,paid,3353.71,0,
CM002114,CL000447,VH003053,PR000217,PR000052,PR000044,sideswipe,clear,2025-07-29,True,0,1,2933.26,paid,2856.9,0,
CM000028,CL001164,VH001492,PR000026,PR000111,,multi_vehicle_pileup,clear,2023-03-08,True,1,1,4753.98,paid,4417.07,0,
CM002041,CL003928,VH000112,PR000152,,,multi_vehicle_pileup,clear,2023-09-05,True,0,3,2946.5,paid,2693.07,0,
CM003929,CL003995,VH002712,,PR000160,,multi_vehicle_pileup,clear,2025-06-17,True,1,1,2718.94,under_review,,0,
CM002939,CL001450,VH001107,,PR000221,,sideswipe,clear,2025-04-11,True,0,2,7878.08,paid,7186.09,0,
CM003217,CL003053,VH002339,PR000152,PR000067,,multi_vehicle_pileup,clear,2023-02-10,True,0,1,1394.09,paid,1330.27,0,
CM004934,CL003742,VH001007,PR000239,PR000105,,single_vehicle,clear,2025-10-21,True,0,2,4635.28,paid,4621.06,0,
CM003815,CL000591,VH002473,PR000240,,PR000126,single_vehicle,rain,2023-02-08,True,1,1,4780.27,paid,4314.52,0,
CM000130,CL001980,VH002617,PR000144,PR000242,,parking_lot,clear,2025-05-27,True,0,1,1234.86,paid,1140.24,0,
CM007134,CL002911,VH003566,PR000073,PR000042,,multi_vehicle_pileup,fog,2023-02-14,True,1,1,2472.86,paid,2336.65,0,
CM006105,CL002823,VH001927,PR000222,,,sideswipe,clear,2023-11-02,True,0,1,3823.27,paid,3605.5,0,
CM002279,CL000545,VH002319,,PR000124,,sideswipe,clear,2025-02-26,True,1,1,5403.87,paid,5080.42,0,
CM004600,CL000909,VH001836,PR000006,,,single_vehicle,rain,2023-01-10,True,1,0,3445.54,paid,3201.42,0,
CM000014,CL003644,VH002277,PR000002,PR000163,,single_vehicle,snow,2025-05-11,True,2,1,4584.54,paid,4448.49,0,
CM008219,CL000834,VH001639,,PR000181,,parking_lot,clear,2023-01-30,True,2,0,1193.69,denied,0.0,0,
CM004477,CL001395,VH000376,,PR000024,,sideswipe,clear,2025-12-21,True,0,2,2234.75,paid,2095.13,0,
CM008035,CL003969,VH000210,PR000235,PR000203,,rear_end_collision,clear,2025-11-24,True,0,0,2111.28,paid,1912.77,0,
CM001526,CL000719,VH002083,PR000222,PR000163,,multi_vehicle_pileup,snow,2023-02-13,True,0,1,5445.23,paid,4968.21,0,
CM002366,CL003302,VH002836,PR000063,PR000204,PR000213,multi_vehicle_pileup,rain,2025-12-18,True,0,1,4138.96,paid,4135.65,0,
CM004649,CL000401,VH001991,PR000051,PR000108,,single_vehicle,clear,2025-06-27,False,0,0,7362.13,paid,6767.98,0,
CM003053,CL002190,VH002748,,PR000172,,multi_vehicle_pileup,clear,2025-09-17,True,0,0,3156.78,paid,2959.75,0,
CM004006,CL001711,VH003392,,PR000245,,parking_lot,clear,2023-06-28,True,1,0,3468.78,paid,3237.45,0,
CM002341,CL001851,VH003168,PR000159,PR000160,,multi_vehicle_pileup,clear,2025-09-22,True,0,1,2216.95,paid,2167.72,0,
CM000375,CL001953,VH000421,,PR000203,,multi_vehicle_pileup,clear,2025-08-13,False,1,2,3362.32,paid,3187.72,0,
CM007013,CL003723,VH002807,PR000059,PR000083,,sideswipe,clear,2025-07-02,True,1,1,4215.48,paid,3887.42,0,
CM006478,CL003018,VH002269,PR000049,PR000202,,single_vehicle,rain,2025-09-04,True,0,1,4297.14,under_review,,0,
CM000526,CL002761,VH003235,,PR000005,,parking_lot,clear,2023-11-30,True,1,0,7860.2,paid,7784.61,0,
CM000940,CL000722,VH001825,PR000118,PR000191,,parking_lot,clear,2023-04-23,True,1,1,3522.3,paid,3434.48,0,
CM003370,CL003468,VH003636,,PR000205,,multi_vehicle_pileup,fog,2025-07-25,False,0,3,2407.32,under_review,,0,
CM005719,CL003850,VH001034,,PR000108,,single_vehicle,clear,2023-01-27,True,1,2,1523.89,paid,1429.79,0,
CM004574,CL000845,VH000958,,PR000228,,multi_vehicle_pileup,clear,2025-08-28,True,0,1,4738.91,paid,4633.15,0,
CM002148,CL002547,VH002907,,,,parking_lot,fog,2024-06-08,True,0,1,5644.16,paid,5251.55,0,
CM003592,CL001388,VH003367,,,,multi_vehicle_pileup,clear,2023-08-21,True,0,1,2529.97,denied,0.0,0,
CM007589,CL003990,VH001261,PR000234,PR000092,,rear_end_collision,clear,2024-05-07,True,1,0,5516.74,paid,5148.31,0,
CM008479,CL001940,VH001698,PR000248,PR000124,PR000020,multi_vehicle_pileup,clear,2025-06-13,True,1,0,2513.08,partially_paid,1131.04,1,RING002
CM008067,CL002559,VH000444,PR000068,PR000132,,rear_end_collision,clear,2024-11-09,True,0,1,3244.93,paid,2980.59,0,
CM006165,CL002231,VH003640,,PR000027,,sideswipe,clear,2023-08-27,True,0,0,3825.03,paid,3723.77,0,
CM003624,CL003454,VH001048,,PR000243,,sideswipe,fog,2023-12-17,True,0,0,2313.74,paid,2122.84,0,
CM000530,CL000808,VH003481,PR000222,,,parking_lot,clear,2024-05-09,False,0,2,6037.77,paid,5506.47,0,
CM003715,CL002380,VH003895,PR000059,PR000015,,parking_lot,clear,2023-07-02,False,2,1,3230.31,paid,3008.87,0,
CM007504,CL000458,VH002706,PR000170,,PR000020,sideswipe,rain,2024-08-21,True,0,0,1873.46,paid,1864.2,0,
CM004733,CL002094,VH002167,PR000152,,,parking_lot,clear,2023-12-31,True,1,0,2104.48,paid,2097.0,0,
CM001270,CL003067,VH003981,,PR000205,,parking_lot,clear,2024-06-07,True,0,1,4100.37,paid,4080.5,0,
CM004282,CL003647,VH000816,,PR000123,,single_vehicle,snow,2023-02-08,True,0,1,2001.28,paid,1857.42,0,
CM001395,CL003556,VH001950,,,,parking_lot,clear,2024-08-08,True,0,1,2833.88,paid,2583.82,0,
CM004851,CL000927,VH000946,,PR000245,,single_vehicle,rain,2025-10-22,False,0,0,4932.29,paid,4851.08,0,
CM004010,CL003014,VH000496,PR000059,PR000245,,parking_lot,clear,2024-01-05,True,0,0,1327.53,paid,1239.77,0,
CM004391,CL003281,VH002405,,,,parking_lot,rain,2024-01-15,True,0,1,672.78,paid,648.01,0,
CM001798,CL001151,VH003975,PR000077,PR000047,,rear_end_collision,clear,2023-09-30,True,1,2,5235.66,denied,0.0,0,
CM002980,CL000998,VH000747,,PR000211,,sideswipe,clear,2023-10-19,True,0,1,1941.74,paid,1877.5,0,
CM001442,CL002980,VH002578,PR000081,PR000121,,single_vehicle,rain,2025-10-26,True,1,2,6486.03,paid,6442.3,0,
CM007884,CL001031,VH000208,,,,parking_lot,snow,2025-11-17,True,0,1,3085.25,denied,0.0,0,
CM002626,CL001250,VH000877,,,,rear_end_collision,snow,2024-07-11,True,0,2,6950.54,paid,6657.78,0,
CM003812,CL002991,VH000550,PR000078,PR000178,,rear_end_collision,clear,2025-10-03,True,2,3,8242.29,paid,7578.22,0,
CM005632,CL003391,VH001808,,PR000110,,parking_lot,clear,2025-10-06,True,0,0,4097.93,paid,3789.08,0,
CM001274,CL001092,VH000148,PR000068,PR000138,PR000175,multi_vehicle_pileup,clear,2024-10-21,True,2,5,1818.43,paid,1694.49,0,
CM007871,CL000117,VH002957,,PR000005,,sideswipe,clear,2025-03-29,True,2,0,4940.04,paid,4643.74,0,
CM004704,CL002280,VH000565,,PR000163,,rear_end_collision,fog,2025-03-11,True,0,0,1982.32,under_review,,0,
CM001713,CL001243,VH001457,PR000106,PR000180,,sideswipe,clear,2024-05-28,False,0,0,7970.06,paid,7271.67,0,
CM008702,CL002029,VH000301,PR000104,PR000075,PR000188,parking_lot,clear,2025-08-23,False,2,0,488.95,paid,450.05,1,RING010
CM000956,CL000964,VH000701,,PR000176,,parking_lot,rain,2025-01-11,True,1,0,3037.66,paid,2979.24,0,
CM006676,CL000232,VH003467,,PR000099,,parking_lot,clear,2025-08-23,True,0,0,4341.54,paid,3966.06,0,
CM007128,CL001813,VH002589,PR000057,,,parking_lot,rain,2025-01-12,True,0,0,8022.68,paid,7526.63,0,
CM007670,CL002911,VH001540,,PR000179,,rear_end_collision,clear,2023-07-06,True,0,0,5281.23,paid,5047.57,0,
CM008360,CL003078,VH002906,,PR000037,,parking_lot,clear,2025-06-06,False,0,1,4239.68,paid,3916.63,0,
CM008531,CL003977,VH003388,PR000214,PR000115,PR000147,multi_vehicle_pileup,rain,2023-11-09,True,2,0,5131.91,paid,5104.99,1,RING004
CM000404,CL002516,VH002237,PR000034,PR000052,,multi_vehicle_pileup,snow,2023-01-04,True,0,0,1952.09,paid,1793.55,0,
CM002072,CL001069,VH002656,PR000031,,,parking_lot,snow,2024-05-27,True,1,1,2646.81,paid,2562.32,0,
CM008688,CL003800,VH000301,PR000104,PR000075,PR000188,parking_lot,clear,2025-09-07,True,0,0,7039.75,paid,6463.2,1,RING010
CM001978,CL003098,VH001223,,PR000107,PR000177,rear_end_collision,rain,2025-04-14,True,0,1,4525.4,paid,4423.72,0,
CM000159,CL000733,VH003322,PR000031,PR000011,,parking_lot,clear,2024-04-20,False,0,1,1908.63,paid,1906.97,0,
CM005845,CL003973,VH002118,PR000190,PR000099,,multi_vehicle_pileup,clear,2025-03-08,False,0,0,831.0,paid,800.6,0,
CM003889,CL001564,VH001458,PR000208,PR000172,,rear_end_collision,rain,2024-07-07,True,0,1,644.35,paid,606.74,0,
CM005452,CL003928,VH002790,,,,parking_lot,rain,2025-02-09,True,0,1,1074.93,paid,1008.22,0,
CM000903,CL001662,VH001813,,PR000228,,sideswipe,clear,2023-05-06,True,0,0,3026.04,paid,2788.01,0,
CM000353,CL001114,VH000960,,PR000015,,rear_end_collision,fog,2023-01-04,True,0,1,11284.69,paid,10450.34,0,
CM005327,CL001946,VH001603,PR000064,PR000203,,sideswipe,clear,2024-08-21,False,1,1,7912.13,paid,7754.34,0,
CM006079,CL001031,VH002896,,,PR000007,multi_vehicle_pileup,snow,2025-08-19,False,0,1,5482.2,paid,4973.72,0,
CM006237,CL001962,VH001350,PR000006,PR000128,,multi_vehicle_pileup,rain,2025-05-14,False,0,1,5728.69,paid,5417.48,0,
CM004541,CL002292,VH001035,,,,rear_end_collision,clear,2025-12-31,False,0,1,3227.5,paid,3122.15,0,
CM004131,CL001984,VH000408,,PR000038,,multi_vehicle_pileup,clear,2023-10-03,True,1,1,3311.26,paid,3301.99,0,
CM000755,CL001263,VH003747,PR000216,PR000107,PR000213,sideswipe,clear,2024-03-31,True,0,1,4617.35,paid,4336.82,0,
CM005834,CL003571,VH000372,PR000103,PR000117,PR000213,rear_end_collision,clear,2025-01-27,True,0,0,2815.64,paid,2731.17,0,
CM002972,CL001207,VH003036,,PR000029,,multi_vehicle_pileup,fog,2024-01-19,True,0,0,1980.12,paid,1936.42,0,
CM001083,CL002572,VH001403,,PR000128,,sideswipe,snow,2024-07-17,True,2,0,165.97,paid,154.47,0,
CM002921,CL001076,VH002077,,PR000225,,multi_vehicle_pileup,snow,2023-05-08,True,0,1,578.67,under_review,,0,
CM000312,CL003690,VH003170,PR000025,PR000117,,rear_end_collision,clear,2025-03-29,True,0,0,3107.33,paid,2901.67,0,
CM004645,CL000100,VH002324,,PR000191,,sideswipe,clear,2024-01-20,True,2,0,1021.58,paid,997.79,0,
CM000662,CL000003,VH001590,,PR000041,,parking_lot,clear,2024-08-14,False,1,2,5194.47,paid,4862.03,0,
CM001990,CL001047,VH000642,,PR000047,,rear_end_collision,clear,2023-12-04,True,0,1,5104.49,paid,4797.88,0,
CM003666,CL003241,VH000189,PR000200,PR000124,,single_vehicle,rain,2024-02-23,False,0,1,4053.34,paid,3725.26,0,
CM000307,CL000608,VH000316,PR000093,PR000121,PR000188,parking_lot,snow,2025-05-26,True,0,0,2997.33,paid,2757.9,0,
CM002336,CL002974,VH001517,,,,sideswipe,clear,2023-12-27,True,1,2,7950.39,paid,7296.06,0,
CM004791,CL000260,VH000838,,PR000218,,rear_end_collision,clear,2023-10-05,False,1,0,1418.86,paid,1383.56,0,
CM002357,CL000451,VH000121,,PR000105,,parking_lot,snow,2024-02-13,False,0,0,2372.91,paid,2159.9,0,
CM003703,CL002582,VH001599,,PR000133,,parking_lot,clear,2024-10-09,True,1,1,5367.39,denied,0.0,0,
CM003805,CL003176,VH002441,PR000089,,PR000130,rear_end_collision,fog,2023-12-14,True,0,3,4495.55,paid,4151.07,0,
CM001928,CL002036,VH000049,PR000033,PR000181,,multi_vehicle_pileup,rain,2025-09-16,True,0,0,1934.72,under_review,,0,
CM008319,CL003656,VH002531,,,,sideswipe,clear,2025-09-09,True,1,1,7792.01,paid,7240.02,0,
CM003428,CL000867,VH002383,,PR000134,,multi_vehicle_pileup,rain,2024-01-14,True,0,1,3981.77,paid,3758.39,0,
CM000750,CL000562,VH000178,PR000066,PR000154,,sideswipe,clear,2025-04-08,True,0,2,6119.31,paid,5843.47,0,
CM003639,CL001809,VH001954,,PR000040,,single_vehicle,clear,2023-11-17,True,0,0,4744.67,under_review,,0,
CM007212,CL003243,VH001997,,PR000229,,rear_end_collision,clear,2023-10-13,True,0,2,1722.56,denied,0.0,0,
CM001267,CL003627,VH001740,,PR000179,,multi_vehicle_pileup,rain,2025-12-01,True,0,0,1579.59,denied,0.0,0,
CM007040,CL002299,VH001365,PR000070,PR000191,,multi_vehicle_pileup,clear,2023-05-17,True,1,2,3795.07,paid,3431.99,0,
CM007303,CL000385,VH002414,PR000144,PR000060,,sideswipe,clear,2023-01-13,True,0,1,11837.17,under_review,,0,
CM002957,CL000027,VH002294,,PR000174,,rear_end_collision,clear,2023-08-26,True,1,1,7112.85,paid,6845.17,0,
CM003596,CL002155,VH000870,,PR000243,,multi_vehicle_pileup,clear,2023-10-23,True,0,0,8596.04,paid,8558.84,0,
CM002135,CL002463,VH002116,,PR000111,,sideswipe,clear,2025-12-03,True,1,0,2960.11,paid,2774.59,0,
CM005067,CL000581,VH000211,,PR000086,,rear_end_collision,snow,2023-06-12,True,1,1,1606.29,paid,1472.36,0,
CM004110,CL003950,VH002498,PR000136,PR000210,,multi_vehicle_pileup,clear,2025-12-07,False,0,1,12936.07,paid,11932.11,0,
CM004970,CL002931,VH002572,PR000149,PR000246,,single_vehicle,clear,2024-01-21,False,0,2,2957.77,paid,2721.18,0,
CM004905,CL002451,VH002535,,PR000182,,parking_lot,rain,2025-11-24,True,0,1,1256.56,paid,1215.87,0,
CM000515,CL001407,VH001116,PR000120,PR000042,,single_vehicle,clear,2023-11-05,True,1,3,2697.54,paid,2506.34,0,
CM000895,CL000735,VH001983,PR000239,PR000201,,rear_end_collision,snow,2024-01-15,False,0,0,6511.96,under_review,,0,
CM000410,CL000480,VH000723,PR000234,PR000202,,rear_end_collision,clear,2023-09-06,True,0,0,4406.48,paid,4352.35,0,
CM007179,CL002700,VH000474,PR000022,,PR000213,rear_end_collision,snow,2025-02-04,True,0,0,3106.81,paid,2954.04,0,
CM008905,CL001877,VH002889,PR000235,PR000097,PR000130,rear_end_collision,clear,2023-03-28,True,0,2,1939.03,under_review,,1,RING019
CM003462,CL000424,VH000951,,PR000243,,single_vehicle,clear,2024-01-23,True,1,3,6531.74,under_review,,0,
CM000900,CL001857,VH000015,PR000057,,,multi_vehicle_pileup,clear,2023-11-14,True,0,0,6612.72,paid,6433.61,0,
CM000208,CL001261,VH003070,PR000152,PR000069,,single_vehicle,clear,2023-02-07,True,0,2,6124.15,paid,5957.14,0,
CM007812,CL000780,VH003655,,PR000202,,parking_lot,fog,2024-02-03,True,1,0,3070.37,paid,2986.63,0,
CM000459,CL000655,VH000030,,PR000037,,sideswipe,clear,2024-07-02,True,0,2,7561.44,paid,7502.39,0,
CM002055,CL001449,VH002322,,PR000040,PR000177,parking_lot,clear,2024-01-18,True,0,0,2380.8,paid,2145.46,0,
CM002431,CL002202,VH003885,PR000065,PR000018,PR000139,rear_end_collision,clear,2025-05-20,True,0,0,3549.18,paid,3434.92,0,
CM000251,CL000676,VH003171,,PR000029,,sideswipe,clear,2024-12-01,True,0,2,1759.2,paid,1718.77,0,
CM008188,CL001581,VH002515,,PR000128,PR000007,parking_lot,snow,2024-09-11,False,0,0,1394.97,paid,1326.52,0,
CM005438,CL000986,VH001814,,,,parking_lot,clear,2025-05-14,True,3,0,1841.8,under_review,,0,
CM001108,CL003816,VH001874,PR000158,PR000161,,multi_vehicle_pileup,clear,2023-05-21,False,0,2,2788.1,paid,2583.91,0,
CM007792,CL003220,VH003652,,PR000027,PR000102,rear_end_collision,rain,2023-12-01,True,0,0,2754.56,under_review,,0,
CM005980,CL001277,VH002759,PR000236,PR000174,,parking_lot,clear,2025-10-10,False,0,0,3155.04,paid,3073.54,0,
CM001714,CL003061,VH001330,,PR000009,,parking_lot,clear,2025-12-06,True,1,0,2540.76,paid,2513.41,0,
CM003912,CL003189,VH002948,,PR000042,,sideswipe,clear,2025-01-27,True,0,1,3333.15,paid,3264.11,0,
CM007730,CL001489,VH003912,PR000127,PR000143,PR000030,rear_end_collision,clear,2025-11-12,True,0,2,3393.15,paid,3357.35,0,
CM000716,CL002716,VH000956,PR000114,PR000143,,multi_vehicle_pileup,clear,2025-02-28,True,0,0,4736.66,paid,4392.29,0,
CM000553,CL003566,VH002261,PR000119,PR000015,,rear_end_collision,clear,2023-03-07,False,0,0,5571.48,paid,5480.57,0,
CM001440,CL001830,VH003478,PR000152,PR000128,,rear_end_collision,snow,2023-08-27,True,0,0,16922.1,under_review,,0,
CM002271,CL002978,VH002783,PR000034,,,parking_lot,clear,2024-01-13,True,0,0,5549.4,paid,5348.31,0,
CM003145,CL000228,VH002775,PR000096,PR000224,,rear_end_collision,clear,2023-04-15,False,0,0,5841.14,paid,5273.36,0,
CM006918,CL001101,VH003167,,PR000178,PR000185,parking_lot,snow,2025-01-27,True,0,1,4040.32,paid,3698.48,0,
CM002057,CL003355,VH001136,PR000170,PR000115,,sideswipe,rain,2025-03-02,True,0,0,4010.52,paid,3953.71,0,
CM001926,CL001479,VH001854,PR000064,PR000009,,rear_end_collision,rain,2025-01-23,True,0,2,3087.35,paid,2918.55,0,
CM000635,CL003996,VH002566,PR000148,PR000169,,single_vehicle,clear,2025-11-07,False,2,0,6646.03,paid,6567.2,0,
CM006083,CL002082,VH001349,PR000212,PR000037,,sideswipe,fog,2024-03-17,True,0,2,1412.05,paid,1327.47,0,
CM000317,CL002041,VH002953,,,,multi_vehicle_pileup,clear,2024-12-04,True,0,1,1598.84,paid,1551.55,0,
CM008261,CL000535,VH001703,PR000129,PR000207,,sideswipe,fog,2025-09-07,True,0,0,6273.02,paid,6043.18,0,
CM008634,CL003767,VH003251,PR000046,PR000201,PR000230,multi_vehicle_pileup,clear,2025-02-06,False,1,0,3364.11,paid,3197.61,1,RING008
CM005425,CL002654,VH000116,,PR000011,,parking_lot,rain,2025-10-13,True,0,1,1323.41,paid,1238.54,0,
CM000428,CL002448,VH003747,,PR000145,PR000175,sideswipe,clear,2023-02-13,True,1,2,1613.73,paid,1580.03,0,
CM007143,CL000939,VH003053,PR000196,PR000201,,sideswipe,clear,2024-04-01,True,0,0,3547.91,paid,3399.04,0,
CM000106,CL000316,VH000848,,PR000115,PR000155,sideswipe,rain,2025-03-05,True,0,1,4136.21,paid,3798.25,0,
CM003042,CL002824,VH002437,,PR000124,,single_vehicle,clear,2025-09-22,True,0,0,1100.96,paid,1008.64,0,
CM004239,CL001712,VH003596,PR000186,PR000224,,single_vehicle,rain,2023-10-11,False,1,0,1515.04,under_review,,0,
CM002170,CL003400,VH003326,,,,single_vehicle,clear,2025-12-31,True,0,1,4984.93,paid,4869.23,0,
CM001710,CL001536,VH002534,,PR000132,,multi_vehicle_pileup,clear,2025-06-23,True,1,2,3380.54,paid,3380.12,0,
CM000090,CL000599,VH002852,,PR000220,,rear_end_collision,fog,2025-05-22,True,1,1,4784.18,denied,0.0,0,
CM002242,CL001211,VH002397,,PR000038,,multi_vehicle_pileup,rain,2025-08-21,True,1,1,657.83,under_review,,0,
CM003175,CL001989,VH001580,PR000120,PR000174,,rear_end_collision,clear,2024-06-13,True,0,1,2618.51,paid,2454.54,0,
CM007983,CL001643,VH001592,PR000088,PR000202,,rear_end_collision,fog,2025-05-10,True,0,2,11868.03,paid,10849.22,0,
CM006260,CL000706,VH001538,PR000248,PR000105,,multi_vehicle_pileup,clear,2024-12-21,True,0,1,3777.79,paid,3720.2,0,
CM006733,CL002258,VH002466,PR000088,PR000243,,single_vehicle,clear,2025-02-17,True,0,1,3375.27,paid,3363.27,0,
CM001950,CL001849,VH002365,PR000233,PR000058,,single_vehicle,rain,2023-04-21,False,2,0,1815.82,paid,1807.47,0,
CM004045,CL001466,VH000043,PR000049,,,rear_end_collision,rain,2023-04-06,True,0,1,3509.22,paid,3165.98,0,
CM008784,CL001258,VH002962,PR000156,PR000174,PR000122,multi_vehicle_pileup,snow,2023-06-23,False,1,0,4148.08,partially_paid,1654.57,1,RING014
CM002849,CL001765,VH001273,,PR000086,,multi_vehicle_pileup,fog,2025-01-06,True,1,0,4947.75,paid,4777.11,0,
CM006369,CL001481,VH002652,,PR000105,,parking_lot,snow,2024-12-29,True,0,1,5282.04,paid,5193.82,0,
CM000002,CL000250,VH002854,,PR000132,,multi_vehicle_pileup,clear,2024-11-16,True,1,1,3211.21,paid,3152.52,0,
CM006140,CL000356,VH000305,,PR000092,,sideswipe,clear,2025-06-15,True,0,1,2522.96,paid,2344.23,0,
CM004338,CL003226,VH003553,PR000149,PR000045,,rear_end_collision,clear,2023-07-14,True,0,1,1197.05,paid,1105.69,0,
CM006048,CL003733,VH003541,PR000159,PR000166,,parking_lot,snow,2023-08-01,True,0,0,2626.94,paid,2437.13,0,
CM000936,CL002000,VH002488,,,,rear_end_collision,clear,2024-10-18,True,0,1,1490.88,paid,1378.41,0,
CM000714,CL003837,VH002181,PR000114,PR000055,,single_vehicle,snow,2025-06-06,False,1,2,1166.35,paid,1165.85,0,
CM002721,CL003178,VH001683,,PR000179,PR000215,parking_lot,clear,2023-09-13,True,0,0,1108.31,paid,1067.83,0,
CM008881,CL001559,VH002854,PR000049,PR000045,,sideswipe,rain,2024-08-08,False,0,0,3969.63,paid,3750.59,1,RING018
CM005206,CL002704,VH002260,PR000120,PR000194,,single_vehicle,rain,2024-04-29,True,0,2,1053.15,paid,1046.59,0,
CM007362,CL000256,VH003053,PR000148,PR000245,,rear_end_collision,rain,2023-10-22,True,1,0,1361.08,denied,0.0,0,
CM000592,CL003787,VH003528,PR000118,PR000067,,rear_end_collision,clear,2024-01-19,True,0,1,12306.01,paid,12229.02,0,
CM008753,CL000892,VH000401,PR000119,PR000197,PR000135,multi_vehicle_pileup,clear,2025-06-13,True,2,0,2459.81,paid,2284.58,1,RING012
CM007221,CL003120,VH002246,,PR000041,,multi_vehicle_pileup,snow,2025-06-29,True,3,1,2386.78,paid,2329.89,0,
CM002937,CL000817,VH001430,PR000198,PR000012,,sideswipe,clear,2024-09-25,False,0,2,6263.76,paid,5906.94,0,
CM008439,CL001587,VH000213,PR000146,PR000105,,sideswipe,fog,2024-01-06,True,0,0,5058.62,paid,4971.03,1,RING001
CM002449,CL003560,VH001073,,PR000182,,single_vehicle,clear,2025-12-06,True,0,0,2314.7,paid,2291.97,0,
CM001577,CL000617,VH002304,,PR000079,,multi_vehicle_pileup,clear,2023-08-15,True,1,1,2385.8,paid,2223.95,0,
CM007727,CL001128,VH000225,PR000195,PR000211,,single_vehicle,clear,2023-10-28,False,0,1,6543.47,paid,6443.21,0,
CM008012,CL002585,VH003948,PR000156,,PR000177,rear_end_collision,clear,2025-02-04,True,1,2,708.99,paid,688.33,0,
CM000214,CL002051,VH002170,PR000206,PR000090,,single_vehicle,rain,2024-09-06,True,0,0,2326.98,paid,2176.08,0,
CM000779,CL001610,VH003778,,PR000131,,rear_end_collision,clear,2023-12-19,True,0,1,2506.03,under_review,,0,
CM008118,CL000870,VH002839,PR000063,PR000121,,multi_vehicle_pileup,clear,2024-02-08,True,0,2,4180.18,paid,4091.78,0,
CM003497,CL003457,VH000280,PR000043,PR000202,,single_vehicle,snow,2024-03-23,True,0,1,4128.97,paid,3753.53,0,
CM007535,CL003776,VH003002,PR000081,,,multi_vehicle_pileup,clear,2024-06-01,True,1,0,933.76,paid,847.13,0,
CM002044,CL003427,VH003522,PR000039,PR000047,,rear_end_collision,rain,2023-03-20,True,0,1,140.04,paid,132.77,0,
CM008850,CL000346,VH003129,PR000049,PR000045,,single_vehicle,fog,2024-09-10,False,2,0,4447.07,paid,4079.35,1,RING018
CM008476,CL001443,VH001698,PR000248,PR000124,PR000020,parking_lot,clear,2025-07-02,False,1,1,1549.43,paid,1519.65,1,RING002
CM005421,CL001197,VH000464,PR000014,PR000109,,rear_end_collision,snow,2023-07-01,False,1,1,2185.59,paid,1974.06,0,
CM006155,CL001448,VH003763,PR000187,,,multi_vehicle_pileup,clear,2023-10-26,False,0,3,2201.47,paid,2003.74,0,
CM001568,CL001421,VH003695,PR000170,PR000005,,sideswipe,clear,2023-05-15,True,1,1,1585.25,paid,1549.91,0,
CM000166,CL001107,VH003392,PR000008,PR000225,PR000053,parking_lot,clear,2025-07-08,True,0,1,6955.98,denied,0.0,0,
CM004703,CL002134,VH002272,PR000129,PR000037,,parking_lot,clear,2025-06-16,True,2,0,1689.29,paid,1571.4,0,
CM003567,CL002686,VH001851,,PR000229,,sideswipe,clear,2025-01-16,False,0,1,3680.53,under_review,,0,
CM007359,CL000709,VH002932,,,,single_vehicle,snow,2025-02-22,True,0,1,3192.93,paid,3069.97,0,
CM008690,CL003078,VH001966,PR000104,PR000075,PR000188,rear_end_collision,clear,2025-08-25,True,1,0,2671.43,paid,2512.94,1,RING010
CM005440,CL002363,VH001453,PR000089,PR000011,,parking_lot,snow,2025-06-18,False,0,1,8551.75,paid,8241.0,0,
CM002014,CL002260,VH001975,,,,parking_lot,fog,2023-08-15,True,0,0,7249.29,denied,0.0,0,
CM000274,CL002497,VH000840,PR000248,PR000040,,sideswipe,rain,2024-08-31,True,0,1,2002.33,paid,1817.18,0,
CM003861,CL001919,VH000115,PR000113,,PR000139,single_vehicle,clear,2025-03-22,True,0,1,3259.87,under_review,,0,
CM004168,CL002249,VH002877,,PR000201,,parking_lot,rain,2024-08-25,True,0,1,9636.94,paid,9331.67,0,
CM007661,CL003029,VH002349,PR000017,,,rear_end_collision,clear,2023-06-13,False,0,2,4571.44,paid,4517.49,0,
CM003789,CL001379,VH002210,PR000031,PR000071,,single_vehicle,clear,2025-11-06,True,0,0,2348.39,paid,2222.03,0,
CM005184,CL002744,VH001136,PR000171,PR000194,,sideswipe,rain,2025-01-21,True,0,0,2806.39,paid,2596.76,0,
CM000395,CL003312,VH003529,,PR000138,PR000007,sideswipe,clear,2024-11-12,True,0,0,7164.94,paid,6644.31,0,
CM000584,CL002888,VH002492,PR000214,PR000180,,sideswipe,clear,2024-12-06,True,1,1,954.31,paid,925.9,0,
CM008843,CL003000,VH001967,PR000244,PR000083,,parking_lot,clear,2024-01-29,False,2,0,701.39,denied,0.0,1,RING017
CM008911,CL000621,VH002249,PR000059,PR000180,,single_vehicle,clear,2024-07-22,True,1,1,3594.45,paid,3450.63,1,RING020
CM000117,CL000304,VH001817,PR000019,,,parking_lot,clear,2025-08-20,False,0,0,6578.37,under_review,,0,
CM006645,CL001013,VH003318,PR000200,PR000174,,multi_vehicle_pileup,clear,2025-11-26,False,0,2,4766.54,under_review,,0,
CM007886,CL002377,VH001784,,PR000205,,single_vehicle,rain,2023-05-27,True,0,0,3907.44,denied,0.0,0,
CM006870,CL003515,VH003087,PR000103,PR000027,,single_vehicle,fog,2023-01-21,True,0,4,3932.2,under_review,,0,
CM008862,CL001530,VH003036,PR000049,PR000045,,single_vehicle,clear,2024-09-19,False,0,0,7606.68,paid,7013.75,1,RING018
CM007769,CL000943,VH002911,PR000056,PR000055,,multi_vehicle_pileup,clear,2024-07-18,False,0,1,684.06,paid,681.13,0,
CM000521,CL001664,VH000742,,PR000024,,multi_vehicle_pileup,clear,2025-04-12,True,1,0,13398.17,paid,12631.54,0,
CM001764,CL003292,VH000599,PR000144,PR000029,,single_vehicle,snow,2025-01-06,True,0,2,5795.02,paid,5504.17,0,
CM001876,CL003805,VH002074,,PR000134,,rear_end_collision,clear,2024-04-07,True,1,2,2602.55,paid,2481.16,0,
CM005356,CL000392,VH003038,,,,multi_vehicle_pileup,rain,2025-06-29,False,0,1,6486.11,paid,6149.47,0,
CM003966,CL003977,VH003947,PR000043,PR000245,PR000155,sideswipe,clear,2024-03-10,True,0,2,3116.6,paid,2962.19,0,
CM003345,CL001395,VH002941,,PR000166,PR000101,rear_end_collision,rain,2024-01-04,True,0,4,2551.97,paid,2540.98,0,
CM006599,CL003005,VH003460,,PR000218,,parking_lot,rain,2024-07-20,True,2,0,4985.05,paid,4886.17,0,
CM002254,CL002697,VH002578,PR000235,PR000211,,multi_vehicle_pileup,rain,2025-06-29,True,0,1,3790.36,denied,0.0,0,
CM006878,CL003459,VH000361,,PR000110,,single_vehicle,clear,2024-02-15,True,2,2,2177.72,paid,1980.93,0,
CM003225,CL001890,VH000114,PR000171,PR000226,,rear_end_collision,rain,2025-04-05,True,2,1,5780.52,paid,5202.7,0,
CM000527,CL002452,VH001715,PR000192,PR000154,,rear_end_collision,rain,2023-03-22,False,1,2,2581.59,paid,2365.22,0,
CM008328,CL002535,VH002209,PR000063,PR000138,,rear_end_collision,clear,2023-06-11,False,1,1,2544.69,paid,2420.43,0,
CM002947,CL001781,VH001249,,PR000005,,rear_end_collision,clear,2024-12-19,True,0,0,1380.01,paid,1336.52,0,
CM004474,CL001143,VH003829,PR000036,PR000143,,rear_end_collision,clear,2025-11-16,False,0,1,10444.64,paid,10009.41,0,
CM003900,CL001327,VH002775,PR000065,PR000012,,rear_end_collision,rain,2025-03-23,True,0,1,712.33,paid,666.02,0,
CM005656,CL003651,VH003669,PR000231,PR000045,,single_vehicle,fog,2025-01-31,False,0,0,1372.5,paid,1237.84,0,
CM000693,CL003557,VH001222,PR000112,PR000091,,sideswipe,clear,2023-05-01,True,2,0,1393.1,paid,1318.45,0,
CM006060,CL003036,VH000263,,PR000241,PR000102,parking_lot,clear,2025-08-20,False,0,0,5103.41,paid,4920.29,0,
CM000960,CL001123,VH002830,,PR000067,,sideswipe,rain,2023-08-05,True,0,1,650.34,paid,598.56,0,
CM004445,CL003225,VH002099,,PR000028,PR000177,rear_end_collision,clear,2024-02-06,False,1,2,1012.38,paid,971.78,0,
CM008406,CL002062,VH000907,PR000114,PR000013,PR000030,single_vehicle,clear,2024-04-29,False,0,1,5485.29,paid,5027.65,1,RING000
CM006343,CL000894,VH000701,PR000171,PR000154,,parking_lot,clear,2025-04-21,False,1,1,4618.79,paid,4485.04,0,
CM006132,CL000424,VH003476,PR000072,PR000121,,multi_vehicle_pileup,snow,2023-12-25,True,0,0,2377.42,paid,2291.99,0,
CM003634,CL002487,VH002877,PR000148,PR000110,,sideswipe,snow,2024-01-29,True,0,1,1956.41,under_review,,0,
CM005806,CL001911,VH000226,,,PR000175,parking_lot,snow,2025-02-02,True,0,0,2164.38,paid,2100.96,0,
CM001051,CL001342,VH002162,PR000168,,,single_vehicle,clear,2023-05-07,True,0,1,4567.84,paid,4383.07,0,
CM000591,CL002906,VH002294,,PR000124,,parking_lot,clear,2023-03-24,False,0,1,2879.04,paid,2792.56,0,
CM000520,CL003160,VH002832,,,,single_vehicle,snow,2024-09-15,True,0,1,6525.03,paid,5972.4,0,
CM003381,CL003039,VH002025,,PR000176,,rear_end_collision,clear,2024-11-07,True,0,0,1999.1,paid,1859.11,0,
CM003677,CL003960,VH001806,,PR000137,,parking_lot,clear,2023-11-23,True,0,0,1879.22,paid,1752.95,0,
CM005777,CL003753,VH001733,PR000235,PR000040,,single_vehicle,clear,2023-02-24,True,1,0,2199.96,paid,2176.8,0,
CM007907,CL002620,VH003049,PR000148,PR000166,,rear_end_collision,clear,2024-08-16,True,0,0,2496.21,paid,2252.76,0,
CM006574,CL003873,VH003999,PR000074,PR000115,,parking_lot,snow,2025-07-09,True,0,1,3505.43,denied,0.0,0,
CM005180,CL000076,VH002357,,PR000180,,single_vehicle,fog,2023-01-21,True,1,3,3264.12,paid,3222.24,0,
CM001608,CL001404,VH001852,PR000216,PR000086,,rear_end_collision,clear,2024-02-21,True,0,1,2927.16,paid,2826.15,0,
CM003611,CL000213,VH003565,,PR000211,,parking_lot,clear,2024-11-08,True,0,0,5176.27,paid,4662.64,0,
CM008705,CL003450,VH001966,PR000104,PR000075,PR000188,single_vehicle,rain,2025-09-19,False,1,0,9761.66,partially_paid,5769.78,1,RING010
CM006636,CL001415,VH002944,PR000156,PR000037,,sideswipe,clear,2023-08-17,True,1,0,447.97,paid,437.56,0,
CM008922,CL001942,VH000671,PR000129,PR000128,,single_vehicle,snow,2024-04-14,True,2,0,4481.83,paid,4372.96,1,RING021
CM001810,CL003124,VH002744,,PR000205,,parking_lot,clear,2025-06-05,True,1,2,3120.48,paid,3075.47,0,
CM000792,CL003677,VH001267,PR000248,PR000184,,rear_end_collision,rain,2025-11-05,False,0,0,3631.91,under_review,,0,
CM000793,CL002312,VH000790,PR000033,PR000245,,single_vehicle,snow,2023-10-13,False,0,0,3289.47,paid,3034.0,0,
CM007890,CL000339,VH003227,,PR000241,PR000054,multi_vehicle_pileup,rain,2025-01-24,True,0,1,2744.92,paid,2724.48,0,
CM001856,CL003249,VH001919,,PR000024,,multi_vehicle_pileup,rain,2025-08-16,True,0,0,4273.0,paid,4031.72,0,
CM001981,CL001162,VH000037,PR000065,PR000191,,rear_end_collision,clear,2024-09-13,True,0,1,2332.02,under_review,,0,
CM003234,CL000161,VH003752,,PR000143,,sideswipe,clear,2025-03-13,True,0,1,2962.64,paid,2820.69,0,
CM003599,CL002677,VH001016,PR000146,PR000071,,parking_lot,rain,2025-02-07,True,1,1,1101.59,paid,1043.12,0,
CM000934,CL001266,VH000135,,PR000109,,parking_lot,clear,2023-02-16,True,0,1,3071.92,under_review,,0,
CM003964,CL003732,VH003038,,PR000047,PR000061,multi_vehicle_pileup,clear,2023-12-11,True,0,0,2058.68,paid,1979.13,0,
CM007155,CL001222,VH003928,,PR000086,,multi_vehicle_pileup,clear,2025-03-08,True,0,1,3876.34,paid,3611.12,0,
CM005627,CL001331,VH003609,PR000070,PR000142,,single_vehicle,rain,2025-04-03,True,0,0,2354.97,paid,2241.4,0,
CM005507,CL001056,VH002517,,,,multi_vehicle_pileup,clear,2025-12-18,False,1,1,4355.04,paid,3959.36,0,
CM006073,CL002315,VH000106,,PR000154,,parking_lot,rain,2024-09-24,True,0,0,2198.58,under_review,,0,
CM001683,CL003544,VH000282,,,,sideswipe,clear,2023-09-04,True,0,0,6392.84,paid,6154.49,0,
CM004180,CL002776,VH002294,,,,multi_vehicle_pileup,clear,2023-01-17,True,0,0,4993.14,paid,4567.22,0,
CM004027,CL003000,VH001086,PR000039,PR000029,,rear_end_collision,clear,2023-02-28,False,1,0,826.47,under_review,,0,
CM008369,CL001904,VH000469,,PR000194,,rear_end_collision,clear,2025-05-16,False,0,2,3741.69,paid,3532.4,0,
CM006447,CL003640,VH000016,PR000223,PR000241,,parking_lot,clear,2024-04-16,True,0,0,13251.33,denied,0.0,0,
CM004117,CL003381,VH002046,,PR000012,,sideswipe,clear,2024-09-25,True,0,1,1982.07,paid,1918.76,0,
CM000989,CL001703,VH000558,,PR000242,,single_vehicle,clear,2023-08-15,True,0,0,6702.76,paid,6405.29,0,
CM007563,CL001587,VH001976,PR000231,PR000099,,rear_end_collision,snow,2025-10-11,True,1,1,2031.86,paid,1894.5,0,
CM008181,CL000788,VH002454,,PR000226,,sideswipe,snow,2023-07-15,True,0,2,6221.5,paid,6024.05,0,
CM003454,CL001139,VH003428,,PR000086,,multi_vehicle_pileup,clear,2023-12-27,False,0,1,4224.71,under_review,,0,
CM002897,CL002848,VH000881,PR000116,PR000203,,parking_lot,clear,2024-09-14,True,0,1,1799.3,paid,1719.95,0,
CM003779,CL001607,VH002152,PR000136,PR000087,,rear_end_collision,clear,2023-03-07,True,0,0,1236.49,paid,1132.27,0,
CM005659,CL003552,VH001173,,PR000028,,multi_vehicle_pileup,clear,2024-09-08,False,1,1,3205.7,paid,2965.49,0,
CM008676,CL000605,VH000301,PR000104,PR000075,PR000188,multi_vehicle_pileup,clear,2025-09-08,True,1,0,10617.52,paid,10146.42,1,RING010
CM003094,CL002642,VH001978,,PR000199,,parking_lot,clear,2024-03-18,False,0,1,2744.41,paid,2655.09,0,
CM003156,CL003648,VH000060,PR000136,,,single_vehicle,fog,2024-06-06,True,1,1,3423.66,paid,3184.87,0,
CM005070,CL001905,VH003220,PR000076,PR000207,,multi_vehicle_pileup,clear,2023-05-17,False,0,1,6162.7,paid,5736.21,0,
CM005807,CL002312,VH003480,PR000114,PR000013,,multi_vehicle_pileup,clear,2023-03-17,True,0,0,1557.03,denied,0.0,0,
CM003202,CL001104,VH000343,PR000206,PR000090,,parking_lot,clear,2023-12-13,True,0,0,5071.97,paid,4799.38,0,
CM007752,CL001159,VH003928,,PR000090,,rear_end_collision,clear,2024-11-30,True,0,1,3492.71,paid,3190.22,0,
CM008582,CL002374,VH002401,PR000064,PR000000,,multi_vehicle_pileup,clear,2023-06-17,True,1,0,3495.2,denied,0.0,1,RING005
CM001099,CL003281,VH001983,PR000085,PR000150,,parking_lot,snow,2023-11-28,True,0,0,1006.47,paid,932.98,0,
CM007974,CL003893,VH002682,PR000048,PR000092,,parking_lot,clear,2024-10-24,True,0,0,6708.43,denied,0.0,0,
CM002845,CL002674,VH000578,PR000023,PR000097,,rear_end_collision,fog,2025-10-22,True,0,1,4443.82,paid,4321.61,0,
CM000887,CL000208,VH000977,PR000003,PR000110,,sideswipe,clear,2023-02-21,True,0,1,1247.33,paid,1167.68,0,
CM003343,CL000251,VH001914,PR000239,PR000075,,sideswipe,clear,2023-09-10,True,0,0,4861.46,paid,4640.8,0,
CM007928,CL001524,VH002847,,PR000218,,multi_vehicle_pileup,rain,2025-01-10,True,0,1,6480.7,denied,0.0,0,
CM006541,CL002935,VH001404,PR000004,PR000069,,rear_end_collision,clear,2025-08-08,True,1,1,1861.49,paid,1695.44,0,
CM006097,CL000983,VH001934,PR000206,PR000111,,single_vehicle,clear,2023-02-04,True,0,0,7688.87,paid,6975.44,0,
CM000516,CL000224,VH003706,PR000247,PR000161,,rear_end_collision,snow,2025-07-23,True,1,3,4787.98,paid,4592.76,0,
CM003357,CL001113,VH001437,,PR000154,PR000102,single_vehicle,clear,2023-12-19,True,0,0,2927.69,paid,2844.81,0,
CM004834,CL003618,VH001929,PR000072,PR000067,,rear_end_collision,clear,2024-01-25,True,0,0,1608.26,under_review,,0,
CM001454,CL001887,VH001386,PR000003,PR000110,,sideswipe,clear,2024-11-03,False,0,0,2845.19,paid,2745.14,0,
CM003554,CL002142,VH003421,PR000033,PR000134,,parking_lot,rain,2025-03-08,False,0,1,6212.57,paid,5988.02,0,
CM003610,CL003257,VH003507,PR000148,PR000115,,single_vehicle,rain,2023-09-19,False,0,2,5186.39,paid,4869.96,0,
CM007742,CL003200,VH002467,PR000119,PR000137,,sideswipe,clear,2023-09-12,True,1,1,3553.78,paid,3384.13,0,
CM004666,CL000514,VH002835,,,,parking_lot,rain,2025-06-22,True,0,0,5014.47,paid,4840.24,0,
CM002507,CL003182,VH001980,PR000096,,,multi_vehicle_pileup,snow,2024-12-24,False,0,1,1852.2,paid,1738.46,0,
CM002995,CL002790,VH001058,,PR000060,,parking_lot,clear,2023-01-23,True,2,0,1068.37,paid,994.15,0,
CM004000,CL003415,VH001813,PR000247,PR000009,,multi_vehicle_pileup,rain,2025-03-12,True,0,0,7865.97,paid,7602.73,0,
CM006223,CL001166,VH000263,PR000096,PR000150,,sideswipe,clear,2024-02-25,True,0,1,1954.19,paid,1920.01,0,
CM008666,CL003252,VH001349,PR000114,PR000243,,rear_end_collision,clear,2025-01-21,True,1,1,6006.17,partially_paid,2715.67,1,RING009
CM008830,CL001465,VH003336,PR000198,PR000086,,parking_lot,snow,2024-08-22,True,0,0,1888.89,paid,1811.37,1,RING016
CM000907,CL000379,VH002102,,PR000140,,parking_lot,clear,2023-02-27,True,1,1,3366.73,under_review,,0,
CM000029,CL003562,VH003028,PR000048,PR000041,,sideswipe,clear,2025-08-19,True,0,1,3434.46,paid,3184.49,0,
CM008221,CL001432,VH001206,,PR000047,,multi_vehicle_pileup,clear,2025-06-12,True,1,0,2219.25,denied,0.0,0,
CM002508,CL000843,VH002817,PR000085,PR000133,,rear_end_collision,clear,2025-07-28,True,0,1,4074.51,paid,3754.47,0,
CM002429,CL000822,VH001160,,PR000047,,sideswipe,clear,2025-05-16,True,0,1,1012.3,paid,969.93,0,
CM005044,CL000085,VH003029,,PR000075,,single_vehicle,clear,2024-12-24,False,0,0,5839.71,paid,5443.24,0,
CM005347,CL000932,VH003890,,PR000075,,sideswipe,rain,2024-08-04,True,2,0,5575.77,paid,5033.32,0,
CM000763,CL002280,VH003949,PR000033,PR000080,,single_vehicle,clear,2025-08-28,True,1,0,3652.81,paid,3488.21,0,
CM003748,CL002809,VH002098,,PR000157,,parking_lot,clear,2024-04-16,True,0,0,7753.73,paid,7580.51,0,
CM004812,CL000791,VH002219,PR000189,PR000094,,single_vehicle,snow,2025-11-09,True,0,0,6092.89,under_review,,0,
CM000285,CL003397,VH002687,PR000164,PR000179,,single_vehicle,clear,2025-04-27,False,0,1,3901.09,under_review,,0,
CM000687,CL003030,VH001022,,PR000178,PR000147,single_vehicle,snow,2025-01-21,True,0,0,3603.74,denied,0.0,0,
CM004800,CL003801,VH001374,PR000082,PR000109,,rear_end_collision,clear,2024-04-13,True,1,3,6755.87,paid,6648.49,0,
CM002354,CL001770,VH000532,PR000227,PR000121,,multi_vehicle_pileup,rain,2024-03-13,True,0,0,2411.28,paid,2398.76,0,
CM006354,CL002474,VH001981,PR000152,PR000172,,single_vehicle,clear,2025-09-14,True,0,0,4191.82,denied,0.0,0,
CM008513,CL003780,VH000539,PR000019,PR000071,PR000102,sideswipe,rain,2024-05-21,False,0,0,17828.41,denied,0.0,1,RING003
CM004570,CL002976,VH001802,PR000233,PR000108,,single_vehicle,rain,2023-07-11,True,1,0,2708.64,paid,2512.45,0,
CM000022,CL001433,VH002159,PR000093,PR000132,,parking_lot,clear,2025-12-09,True,0,2,2835.75,paid,2561.25,0,
CM002753,CL002020,VH000664,PR000214,PR000108,,single_vehicle,rain,2024-10-20,False,0,1,12175.67,paid,11055.41,0,
CM000886,CL003489,VH000747,,PR000229,,single_vehicle,clear,2025-03-07,True,0,1,3962.45,paid,3596.78,0,
CM008305,CL003546,VH003654,,PR000180,,rear_end_collision,snow,2025-09-22,True,1,1,2214.38,paid,2203.77,0,
CM000918,CL003295,VH000980,PR000186,PR000243,,single_vehicle,rain,2023-06-09,False,0,0,12145.98,paid,11732.75,0,
CM007533,CL002234,VH002790,PR000068,PR000045,,single_vehicle,snow,2025-12-06,False,0,2,4776.36,paid,4743.73,0,
CM001041,CL001789,VH001047,,PR000067,,single_vehicle,rain,2025-05-18,True,1,0,5130.16,paid,4622.31,0,
CM006336,CL002918,VH003247,PR000048,PR000084,,single_vehicle,clear,2023-12-30,True,0,1,1524.19,under_review,,0,
CM007615,CL000061,VH002581,PR000046,PR000246,,multi_vehicle_pileup,rain,2024-09-29,True,0,1,992.43,under_review,,0,
CM001266,CL003247,VH003377,PR000019,PR000205,,parking_lot,rain,2024-11-18,True,0,0,1363.81,paid,1247.17,0,
CM004580,CL000528,VH002649,PR000059,PR000083,,single_vehicle,clear,2025-06-10,True,0,3,1427.61,paid,1379.94,0,
CM008258,CL000762,VH001697,PR000093,,,single_vehicle,clear,2025-12-22,True,0,1,12232.59,paid,12054.63,0,
CM007060,CL003024,VH003321,PR000104,PR000166,,single_vehicle,snow,2025-02-13,True,1,2,6756.53,paid,6221.9,0,
CM008585,CL000330,VH002401,PR000064,PR000000,,rear_end_collision,clear,2023-07-23,False,0,0,2589.65,partially_paid,1298.14,1,RING005
CM000278,CL003996,VH000982,,,,rear_end_collision,clear,2023-04-05,False,0,0,6732.59,paid,6492.58,0,
CM005085,CL003825,VH003491,PR000153,PR000229,,multi_vehicle_pileup,clear,2023-08-27,True,0,4,2256.07,paid,2075.48,0,
CM002085,CL002447,VH003042,PR000049,PR000202,,sideswipe,clear,2025-02-02,True,0,2,8733.43,under_review,,0,
CM001246,CL001742,VH001946,,PR000138,,multi_vehicle_pileup,clear,2025-11-26,True,0,0,1749.97,paid,1738.39,0,
CM002383,CL002488,VH001116,,,,parking_lot,snow,2023-11-18,False,1,0,4730.45,paid,4617.87,0,
CM000572,CL002599,VH003359,PR000021,PR000243,,parking_lot,clear,2024-02-19,True,1,1,4660.96,paid,4196.25,0,
CM001436,CL002583,VH002798,,PR000178,PR000188,single_vehicle,rain,2023-08-28,False,0,2,11188.21,paid,10115.1,0,
CM003903,CL001346,VH000662,PR000036,PR000055,,multi_vehicle_pileup,clear,2023-01-25,False,0,0,1689.5,paid,1672.58,0,
CM005090,CL001250,VH003906,,PR000183,,multi_vehicle_pileup,clear,2025-10-13,True,1,2,7449.02,paid,7391.54,0,
CM001248,CL002828,VH003510,PR000077,PR000032,,sideswipe,clear,2025-01-05,False,0,3,919.17,paid,883.92,0,
CM007218,CL001617,VH000658,PR000089,,,rear_end_collision,fog,2024-12-21,True,1,3,807.94,denied,0.0,0,
CM004682,CL000095,VH003887,PR000198,PR000075,,single_vehicle,snow,2025-11-08,False,0,2,3367.96,paid,3127.25,0,
CM003527,CL000100,VH003346,PR000125,PR000182,,rear_end_collision,snow,2024-11-07,True,1,1,2765.67,paid,2675.01,0,
CM006558,CL001413,VH000292,,PR000184,,rear_end_collision,clear,2023-12-13,False,0,3,1879.25,denied,0.0,0,
CM002515,CL001883,VH003524,,PR000015,,single_vehicle,rain,2024-08-23,True,0,1,4764.8,paid,4352.81,0,
CM005446,CL002320,VH002842,,PR000080,,sideswipe,rain,2024-05-14,True,0,0,8413.93,paid,7688.06,0,
CM001008,CL002416,VH000110,,,,rear_end_collision,snow,2023-09-29,True,1,0,2152.72,paid,2102.27,0,
CM004771,CL000631,VH003968,PR000216,PR000229,,parking_lot,rain,2025-12-25,True,0,1,693.55,paid,660.4,0,
CM006509,CL001309,VH002956,,PR000024,,multi_vehicle_pileup,fog,2023-08-31,True,1,0,847.22,under_review,,0,
CM007000,CL003079,VH001699,,PR000028,PR000126,single_vehicle,rain,2024-11-11,True,0,0,14553.47,paid,13458.14,0,
CM004544,CL002531,VH003646,,,,single_vehicle,rain,2025-10-12,True,0,1,849.31,paid,845.33,0,
CM007726,CL003082,VH002708,,PR000115,,sideswipe,clear,2023-09-03,True,0,1,3917.85,paid,3855.29,0,
CM007534,CL003725,VH002953,PR000017,PR000050,,single_vehicle,clear,2024-01-03,False,0,3,5231.91,under_review,,0,
CM004456,CL003173,VH001552,,,,single_vehicle,snow,2023-12-27,True,1,0,1529.85,paid,1414.47,0,
CM002065,CL000155,VH000324,,PR000045,,rear_end_collision,clear,2023-12-06,True,0,1,1766.6,paid,1743.65,0,
CM005353,CL003327,VH000929,,PR000027,,multi_vehicle_pileup,clear,2024-07-18,True,0,1,1994.9,paid,1939.55,0,
CM007582,CL003648,VH001660,PR000190,PR000143,,sideswipe,rain,2024-02-03,True,1,0,8227.86,under_review,,0,
CM001691,CL001944,VH000659,PR000189,PR000178,,parking_lot,clear,2024-06-12,True,0,0,4625.76,paid,4605.65,0,
CM003118,CL000288,VH003376,PR000192,,,sideswipe,clear,2024-08-18,True,1,1,7228.16,paid,7162.44,0,
CM008480,CL000455,VH001725,PR000248,PR000124,PR000020,sideswipe,clear,2025-07-06,True,1,1,2029.97,paid,2008.51,1,RING002
CM005344,CL000736,VH002874,,PR000210,,sideswipe,clear,2023-12-25,True,1,0,1034.28,under_review,,0,
CM001986,CL003329,VH003876,,PR000197,,parking_lot,clear,2023-03-10,False,0,0,1175.34,paid,1170.51,0,
CM000295,CL001176,VH000094,,,,parking_lot,clear,2023-06-14,False,0,1,1653.18,paid,1539.22,0,
CM001548,CL001287,VH003006,,,,multi_vehicle_pileup,rain,2023-06-14,True,1,1,3431.62,paid,3331.13,0,
CM002013,CL001053,VH000383,,PR000154,,parking_lot,snow,2025-11-02,False,2,1,878.56,paid,871.32,0,
CM000589,CL003052,VH002010,PR000114,PR000045,PR000147,multi_vehicle_pileup,clear,2024-08-17,True,0,1,8977.79,paid,8522.88,0,
CM003330,CL000691,VH000040,,,,parking_lot,clear,2024-02-02,True,0,1,7500.34,paid,6821.02,0,
CM002404,CL002656,VH001016,,PR000097,,multi_vehicle_pileup,clear,2023-12-05,True,0,1,4518.81,paid,4418.97,0,
CM002130,CL000866,VH003211,,PR000173,,rear_end_collision,rain,2023-06-01,True,1,0,2618.08,paid,2597.83,0,
CM003999,CL001993,VH003188,PR000078,PR000012,PR000102,single_vehicle,rain,2023-04-27,False,0,0,3031.72,paid,2869.27,0,
CM001575,CL000952,VH000901,PR000234,,,parking_lot,clear,2023-08-20,True,1,2,3911.01,paid,3719.33,0,
CM003742,CL002838,VH003866,PR000233,PR000180,,rear_end_collision,clear,2025-07-22,False,0,1,2237.2,paid,2182.93,0,
CM003509,CL001359,VH000487,PR000112,PR000220,PR000126,single_vehicle,clear,2023-04-17,True,0,2,1855.11,paid,1735.92,0,
CM008216,CL002405,VH000379,PR000073,,,single_vehicle,rain,2024-12-10,True,1,0,5208.84,paid,4859.25,0,
CM002720,CL002483,VH001124,PR000004,,,multi_vehicle_pileup,clear,2023-10-24,False,0,2,1328.36,paid,1246.93,0,
CM004522,CL000355,VH003750,,PR000183,,single_vehicle,rain,2024-09-21,True,0,2,434.75,paid,420.45,0,
CM006679,CL000602,VH000281,PR000231,PR000220,,multi_vehicle_pileup,snow,2025-11-06,True,0,1,5072.65,paid,4567.71,0,
CM005151,CL003127,VH000379,,PR000194,PR000102,sideswipe,fog,2025-11-24,True,0,0,4314.81,paid,3896.16,0,
CM002809,CL003493,VH000072,PR000189,PR000018,,single_vehicle,snow,2024-03-16,False,0,0,2954.03,paid,2877.25,0,
CM008502,CL002366,VH000769,PR000019,PR000071,PR000102,rear_end_collision,fog,2024-05-05,False,2,0,8758.52,denied,0.0,1,RING003
CM000557,CL002000,VH001628,PR000017,PR000209,,rear_end_collision,rain,2024-01-04,True,1,0,6152.35,paid,5914.87,0,
CM006277,CL002186,VH003110,PR000022,PR000197,,multi_vehicle_pileup,clear,2025-12-10,True,2,2,3639.13,denied,0.0,0,
CM007710,CL002665,VH003123,,PR000099,PR000232,single_vehicle,fog,2025-01-16,True,1,2,3759.45,paid,3415.37,0,
CM004796,CL001129,VH000218,,,,rear_end_collision,clear,2025-10-27,False,0,0,4721.68,paid,4334.44,0,
CM002470,CL002023,VH003256,PR000127,PR000145,,parking_lot,clear,2024-08-18,True,0,0,5123.74,under_review,,0,
CM003739,CL003444,VH002618,,,,parking_lot,clear,2025-04-07,True,0,1,6611.86,paid,6063.81,0,
CM004287,CL001166,VH002367,,PR000132,,single_vehicle,clear,2024-06-10,True,0,1,5161.92,under_review,,0,
CM007899,CL002671,VH000253,,PR000052,,multi_vehicle_pileup,rain,2023-06-16,False,0,0,2756.48,paid,2585.6,0,
CM005290,CL001700,VH003955,,PR000132,,single_vehicle,snow,2025-12-13,True,0,1,2041.34,paid,1905.11,0,
CM001717,CL001943,VH000136,PR000008,PR000083,,parking_lot,clear,2023-01-13,True,0,1,2888.27,paid,2683.08,0,
CM002605,CL003355,VH001177,PR000112,PR000209,,single_vehicle,clear,2024-08-12,True,1,1,2471.1,paid,2305.39,0,
CM007914,CL001855,VH002368,PR000192,PR000209,,multi_vehicle_pileup,clear,2025-11-26,True,0,1,1386.5,under_review,,0,
CM006925,CL001950,VH002451,PR000129,PR000225,,rear_end_collision,snow,2024-05-17,True,0,1,2049.35,under_review,,0,
CM001705,CL001187,VH002210,PR000164,PR000110,,multi_vehicle_pileup,snow,2024-12-11,True,0,0,9584.76,paid,9075.29,0,
CM006960,CL003861,VH001841,PR000206,,,rear_end_collision,clear,2023-11-18,True,0,1,4233.25,paid,4225.66,0,
CM006715,CL001033,VH000982,PR000238,PR000069,PR000130,sideswipe,clear,2024-07-20,True,1,1,4306.05,paid,4297.04,0,
CM006497,CL001442,VH001280,,,,sideswipe,clear,2024-01-29,True,0,0,2952.24,paid,2919.53,0,
CM002140,CL000567,VH001717,,PR000050,,single_vehicle,clear,2024-08-28,True,0,0,8533.94,paid,8230.07,0,
CM003240,CL000481,VH003971,PR000235,PR000191,,sideswipe,rain,2025-02-26,True,0,1,4318.16,paid,3920.62,0,
CM002384,CL000912,VH002013,,PR000211,,parking_lot,clear,2025-12-19,True,0,0,2417.55,paid,2187.28,0,
CM004312,CL000183,VH000860,PR000167,PR000075,,sideswipe,snow,2025-07-21,True,0,0,2567.9,paid,2386.73,0,
CM001286,CL001248,VH000345,,PR000245,,sideswipe,rain,2024-06-02,False,1,1,1905.68,under_review,,0,
CM008164,CL001161,VH000978,PR000239,PR000224,,single_vehicle,snow,2023-04-26,True,0,2,3715.65,paid,3392.01,0,
CM007611,CL001707,VH001540,PR000093,PR000163,,multi_vehicle_pileup,clear,2025-06-18,True,1,2,1544.57,paid,1492.78,0,
CM001997,CL003099,VH001968,,PR000069,,parking_lot,clear,2025-12-19,True,0,1,5602.64,paid,5602.25,0,
CM003931,CL000245,VH000122,,PR000161,,single_vehicle,fog,2024-09-10,False,0,0,4369.06,paid,4035.26,0,
CM006184,CL000307,VH003542,,PR000024,,single_vehicle,clear,2024-09-19,False,0,0,2847.07,paid,2601.2,0,
CM005986,CL000118,VH002253,PR000019,PR000210,,rear_end_collision,clear,2025-03-12,True,0,0,4785.29,paid,4346.53,0,
CM007280,CL003723,VH000464,,,,sideswipe,clear,2023-11-04,True,1,2,7409.66,under_review,,0,
CM001592,CL002227,VH002165,PR000085,PR000058,,single_vehicle,clear,2023-02-15,True,0,3,6520.1,paid,6518.1,0,
CM008635,CL000035,VH000521,PR000046,PR000201,PR000230,sideswipe,clear,2025-02-18,False,0,1,5031.33,partially_paid,2869.29,1,RING008
CM008372,CL002369,VH003179,PR000192,PR000134,,multi_vehicle_pileup,clear,2024-12-22,True,0,1,1850.95,paid,1739.22,0,
CM002163,CL000217,VH001778,,PR000027,,rear_end_collision,clear,2023-08-21,True,0,1,1888.64,paid,1832.4,0,
CM002397,CL002559,VH000500,,PR000092,,multi_vehicle_pileup,snow,2025-08-17,True,1,1,2934.81,under_review,,0,
CM000318,CL001410,VH002757,,PR000084,,multi_vehicle_pileup,rain,2024-10-23,False,0,1,2053.84,paid,2025.88,0,
CM006368,CL003444,VH001054,PR000056,PR000111,,multi_vehicle_pileup,clear,2025-04-27,False,0,0,3551.08,paid,3413.9,0,
CM008422,CL000132,VH002718,PR000114,PR000013,PR000030,parking_lot,fog,2024-03-27,True,0,0,6192.43,denied,0.0,1,RING000
CM003112,CL003468,VH002592,,PR000201,,sideswipe,clear,2025-06-13,True,1,1,4612.12,paid,4405.73,0,
CM005234,CL001645,VH001883,,,PR000020,rear_end_collision,snow,2023-05-28,False,1,2,3819.19,paid,3449.76,0,
CM007984,CL001235,VH002200,PR000235,PR000183,,parking_lot,clear,2025-03-05,True,1,1,5060.86,paid,4823.64,0,
CM005069,CL002285,VH000859,PR000235,,,parking_lot,clear,2025-05-12,True,0,1,2693.17,paid,2557.44,0,
CM004037,CL002660,VH000291,,PR000203,,single_vehicle,rain,2025-12-21,True,0,0,6328.34,paid,5724.38,0,
CM000796,CL002962,VH000618,PR000031,PR000009,,multi_vehicle_pileup,snow,2025-10-31,False,0,0,5231.25,paid,5207.45,0,
CM003021,CL001000,VH001833,PR000098,,,rear_end_collision,clear,2024-01-05,True,1,0,3484.43,paid,3467.03,0,
CM001712,CL002950,VH001911,,,,rear_end_collision,clear,2023-10-06,True,0,1,777.71,paid,777.21,0,
CM003388,CL000539,VH000462,PR000216,PR000071,,parking_lot,rain,2024-02-21,True,0,1,20344.75,paid,19810.87,0,
CM000037,CL001837,VH000605,,PR000045,,parking_lot,clear,2025-11-24,True,0,0,6073.76,paid,5695.82,0,
CM004550,CL000328,VH003709,PR000093,,,sideswipe,clear,2024-07-12,True,0,0,8587.41,paid,8460.27,0,
CM000914,CL002639,VH002718,PR000208,,,single_vehicle,rain,2025-11-19,True,0,1,2908.05,denied,0.0,0,
CM005722,CL003898,VH000479,PR000014,PR000099,,rear_end_collision,snow,2025-05-14,True,0,1,579.35,paid,548.43,0,
CM005296,CL003868,VH002052,PR000219,PR000138,,parking_lot,clear,2024-04-08,True,0,1,3821.8,under_review,,0,
CM003973,CL000308,VH002798,,PR000092,,multi_vehicle_pileup,clear,2025-07-27,False,0,2,3052.26,paid,2867.9,0,
CM005371,CL002435,VH002431,,PR000154,,multi_vehicle_pileup,rain,2023-09-01,True,1,0,2768.6,paid,2641.6,0,
CM006472,CL003999,VH001165,PR000033,PR000040,,multi_vehicle_pileup,clear,2023-09-16,True,0,1,1688.96,paid,1548.58,0,
CM004134,CL001166,VH000603,PR000127,,,parking_lot,clear,2024-07-14,False,0,1,6633.73,paid,6176.17,0,
CM000975,CL003632,VH000392,PR000144,PR000097,,parking_lot,clear,2024-08-24,True,0,0,4512.73,paid,4437.16,0,
CM007292,CL003130,VH000409,PR000046,,PR000100,rear_end_collision,snow,2023-05-18,True,0,0,3774.5,paid,3517.52,0,
CM000984,CL003793,VH002568,,PR000150,,multi_vehicle_pileup,clear,2025-04-13,True,0,2,4958.78,paid,4857.69,0,
CM007836,CL000201,VH002912,,PR000209,,sideswipe,snow,2023-12-21,True,1,1,6901.93,paid,6744.39,0,
CM001419,CL002807,VH000377,PR000065,PR000228,PR000141,rear_end_collision,clear,2023-06-13,True,0,0,4994.86,paid,4519.78,0,
CM001561,CL001089,VH003521,PR000023,PR000133,,single_vehicle,clear,2024-09-29,False,0,0,4440.61,paid,4076.59,0,
CM004136,CL000628,VH003135,PR000089,PR000058,,sideswipe,clear,2024-06-03,True,0,0,3497.99,paid,3154.54,0,
CM005583,CL000454,VH003228,PR000158,PR000111,,multi_vehicle_pileup,clear,2025-11-17,True,0,2,12184.29,paid,10983.91,0,
CM007656,CL001090,VH002131,PR000236,,,multi_vehicle_pileup,rain,2023-11-26,True,0,1,4831.46,paid,4445.57,0,
CM004266,CL003336,VH003381,PR000070,PR000169,,rear_end_collision,fog,2023-05-02,False,0,0,941.82,paid,887.64,0,
CM001356,CL000625,VH001653,,PR000062,,multi_vehicle_pileup,clear,2023-02-22,True,0,0,4082.18,paid,3695.14,0,
CM008297,CL001660,VH001403,,PR000028,,single_vehicle,clear,2023-05-02,True,0,0,1884.45,paid,1787.21,0,
CM005017,CL002452,VH003223,PR000081,PR000071,,rear_end_collision,fog,2024-05-05,True,0,0,2697.42,paid,2463.57,0,
CM008680,CL002440,VH000301,PR000104,PR000075,PR000188,single_vehicle,clear,2025-10-11,False,0,1,13336.1,denied,0.0,1,RING010
CM000988,CL003398,VH002408,PR000171,PR000218,,sideswipe,clear,2025-01-16,True,0,0,3907.92,paid,3731.97,0,
CM002683,CL001216,VH003405,,PR000060,,sideswipe,clear,2024-02-01,False,1,1,4500.05,denied,0.0,0,
CM005048,CL000954,VH003309,PR000089,PR000067,,single_vehicle,clear,2023-05-19,False,0,0,6542.42,paid,6462.65,0,
CM001641,CL003221,VH002636,PR000144,PR000058,,sideswipe,clear,2025-01-13,True,1,0,4130.81,paid,3924.59,0,
CM001291,CL001116,VH002793,,,PR000016,multi_vehicle_pileup,clear,2023-04-08,True,1,2,5236.06,paid,5068.34,0,
CM003682,CL001377,VH002598,,PR000084,,sideswipe,rain,2025-09-20,True,0,1,1530.71,under_review,,0,
CM001381,CL003750,VH001972,,PR000123,,multi_vehicle_pileup,rain,2024-04-10,True,0,2,4447.35,paid,4037.41,0,
CM001934,CL000686,VH001214,,PR000132,,parking_lot,clear,2025-06-28,False,1,1,8168.24,paid,8120.09,0,
CM004676,CL003480,VH002942,,PR000207,,parking_lot,clear,2025-12-21,True,2,2,1533.04,paid,1433.73,0,
CM008071,CL001664,VH001810,PR000120,PR000142,,parking_lot,clear,2024-03-30,True,0,1,10170.86,denied,0.0,0,
CM003161,CL000246,VH001281,PR000216,,PR000007,parking_lot,clear,2024-03-27,False,0,0,560.91,paid,540.91,0,
CM002031,CL002542,VH001701,,,,sideswipe,rain,2025-05-09,True,0,1,4637.0,under_review,,0,
CM000893,CL002964,VH002299,PR000239,PR000209,PR000147,multi_vehicle_pileup,clear,2023-05-08,True,1,1,3043.23,paid,2896.72,0,
CM007288,CL001712,VH002319,PR000119,PR000058,,multi_vehicle_pileup,clear,2023-07-13,True,1,1,2664.04,paid,2421.88,0,
CM004877,CL000014,VH003376,PR000158,PR000024,,parking_lot,rain,2023-02-05,False,1,0,4404.15,paid,4056.44,0,
CM004070,CL003961,VH003919,PR000046,PR000045,,parking_lot,fog,2023-01-14,True,1,0,1153.43,paid,1096.88,0,
CM004256,CL002679,VH003703,PR000233,PR000169,PR000130,sideswipe,clear,2024-12-12,True,0,0,2719.49,denied,0.0,0,
CM000003,CL002478,VH003768,PR000022,,,multi_vehicle_pileup,fog,2025-02-25,True,0,0,3761.63,paid,3519.79,0,
CM007949,CL003432,VH003139,,PR000099,,sideswipe,rain,2023-08-05,True,0,0,3437.36,paid,3336.28,0,
CM008364,CL001137,VH002271,,PR000097,,rear_end_collision,snow,2023-05-14,True,0,1,2263.08,paid,2095.02,0,
CM002110,CL000395,VH001218,,PR000032,,parking_lot,clear,2025-01-29,True,0,0,6218.83,paid,5901.43,0,
CM000850,CL000696,VH001046,,PR000218,,sideswipe,clear,2024-07-19,False,1,2,6548.67,paid,6113.59,0,
CM002738,CL000119,VH001123,PR000249,PR000245,,multi_vehicle_pileup,rain,2023-10-11,False,0,1,1677.09,paid,1534.17,0,
CM002467,CL001764,VH002700,,PR000032,,sideswipe,clear,2025-12-12,True,0,0,2578.77,paid,2470.57,0,
CM001915,CL000583,VH003244,PR000022,PR000132,,single_vehicle,rain,2023-09-04,False,0,1,1759.3,paid,1585.5,0,
CM001597,CL002723,VH003216,,PR000092,,parking_lot,clear,2025-03-20,True,0,0,2347.62,paid,2245.43,0,
CM005873,CL000403,VH000008,,PR000040,,parking_lot,clear,2024-05-30,True,1,2,2998.66,paid,2937.79,0,
CM001914,CL002470,VH002206,PR000112,PR000028,,single_vehicle,clear,2023-11-20,True,0,0,7899.71,under_review,,0,
CM005140,CL002124,VH002042,,PR000027,,parking_lot,fog,2024-04-09,True,0,2,3277.78,paid,3177.57,0,
CM008650,CL001318,VH000847,PR000046,PR000201,PR000230,sideswipe,clear,2025-01-31,False,1,1,935.61,denied,0.0,1,RING008
CM005641,CL003879,VH003834,PR000078,PR000027,PR000147,rear_end_collision,clear,2023-12-25,True,0,0,4781.74,paid,4309.08,0,
CM002737,CL003285,VH001821,,PR000166,,parking_lot,snow,2023-11-24,True,0,1,6426.87,paid,6359.45,0,
CM000727,CL002197,VH003593,PR000223,,,multi_vehicle_pileup,clear,2024-03-07,True,0,1,1689.76,paid,1655.58,0,
CM007215,CL000094,VH001992,,PR000131,,parking_lot,snow,2024-06-03,True,1,2,1226.29,paid,1134.8,0,
CM000054,CL000532,VH000564,,PR000181,,multi_vehicle_pileup,rain,2025-09-05,True,0,2,1888.42,paid,1733.48,0,
CM001797,CL000747,VH000666,,PR000204,,sideswipe,fog,2023-06-18,False,0,0,1063.15,under_review,,0,
CM003846,CL001745,VH001671,PR000153,PR000150,,single_vehicle,clear,2025-05-03,False,0,2,1105.91,paid,1094.06,0,
CM006008,CL001266,VH003073,,PR000180,,rear_end_collision,rain,2025-09-12,True,0,2,3617.05,under_review,,0,
CM008089,CL000320,VH003966,,,,rear_end_collision,snow,2025-03-15,True,0,1,4241.17,paid,4176.12,0,
CM002554,CL002091,VH000115,PR000190,PR000038,,rear_end_collision,fog,2025-01-30,True,0,2,2244.85,paid,2177.68,0,
CM002801,CL003312,VH003365,,,,parking_lot,snow,2024-01-13,True,0,2,2495.92,under_review,,0,
CM000937,CL000094,VH001158,,PR000032,,sideswipe,clear,2025-09-25,False,0,0,7148.9,paid,7021.02,0,
CM007912,CL001010,VH002016,,PR000132,,multi_vehicle_pileup,snow,2024-08-21,True,0,0,2058.28,paid,1924.36,0,
CM000825,CL001590,VH000787,PR000158,PR000224,,parking_lot,clear,2025-10-31,True,0,0,7066.89,paid,6431.41,0,
CM004322,CL003699,VH002124,,PR000117,PR000155,rear_end_collision,clear,2025-09-01,True,0,0,7003.84,under_review,,0,
CM007275,CL000314,VH003590,PR000023,PR000211,,rear_end_collision,snow,2025-05-25,True,1,1,3164.81,under_review,,0,
CM003402,CL003356,VH002093,PR000129,PR000199,,sideswipe,snow,2023-03-19,False,0,1,5147.55,paid,5076.65,0,
CM001390,CL001307,VH001847,,,PR000030,multi_vehicle_pileup,clear,2024-01-02,True,0,0,2272.29,paid,2266.46,0,
CM003565,CL000854,VH002227,,PR000221,,multi_vehicle_pileup,clear,2024-04-18,True,0,3,455.1,paid,437.41,0,
CM000885,CL001157,VH002715,PR000002,PR000163,,sideswipe,clear,2023-04-08,True,0,0,3336.85,paid,3056.9,0,
CM005430,CL002473,VH003107,PR000021,PR000091,,rear_end_collision,clear,2025-08-21,True,0,1,3779.02,paid,3499.51,0,
CM005704,CL000974,VH000608,PR000119,PR000145,,sideswipe,clear,2025-01-01,True,0,0,5553.21,paid,5180.24,0,
CM005691,CL003322,VH002009,PR000164,PR000018,,single_vehicle,clear,2025-07-26,True,0,3,1157.24,paid,1050.16,0,
CM004868,CL001241,VH003150,PR000063,PR000202,,rear_end_collision,rain,2025-08-23,True,0,1,7741.48,paid,7184.48,0,
CM006708,CL003485,VH003438,,PR000203,,multi_vehicle_pileup,rain,2025-01-07,True,0,0,548.57,paid,532.93,0,
CM007625,CL003944,VH002745,PR000223,PR000092,,single_vehicle,fog,2025-05-21,False,0,0,7716.83,paid,7048.33,0,
CM006370,CL000175,VH000014,PR000093,PR000047,,rear_end_collision,clear,2025-09-08,True,0,2,2525.16,under_review,,0,
CM001869,CL002729,VH000180,PR000070,PR000069,,rear_end_collision,clear,2024-11-25,True,0,1,863.04,paid,855.05,0,
CM005182,CL001135,VH000860,PR000022,PR000133,,single_vehicle,clear,2023-10-13,False,0,1,4443.22,paid,4048.57,0,
CM000011,CL001314,VH001474,,PR000123,,sideswipe,snow,2023-03-11,True,1,1,4133.11,paid,3846.5,0,
CM003416,CL000012,VH000064,,PR000097,,parking_lot,snow,2025-05-05,True,0,1,2337.67,paid,2265.22,0,
CM005422,CL000262,VH001793,,PR000169,,multi_vehicle_pileup,clear,2024-06-23,True,0,1,3640.63,paid,3620.76,0,
CM001464,CL002701,VH001299,,PR000069,,single_vehicle,fog,2024-07-16,True,0,0,2185.53,paid,2143.65,0,
CM000807,CL001408,VH003158,,PR000071,,parking_lot,rain,2025-06-03,False,1,1,1250.12,paid,1180.08,0,
CM007827,CL002427,VH001067,,PR000160,,single_vehicle,fog,2023-12-07,True,0,0,4087.84,paid,3996.97,0,
CM008028,CL001830,VH000716,,,,single_vehicle,fog,2024-06-12,True,0,1,2485.5,paid,2458.11,0,
CM004069,CL001902,VH003252,,PR000015,,multi_vehicle_pileup,clear,2025-10-05,True,0,1,2568.2,paid,2528.36,0,
CM002109,CL003204,VH001256,,PR000012,PR000139,rear_end_collision,rain,2023-01-03,True,1,1,4279.28,paid,4057.39,0,
CM008096,CL003750,VH000384,,PR000207,,rear_end_collision,snow,2023-08-20,True,0,1,4869.43,paid,4560.82,0,
CM002042,CL001595,VH001086,,PR000045,,single_vehicle,snow,2024-12-03,True,0,1,3404.03,paid,3375.91,0,
CM002235,CL002825,VH000731,,PR000205,,sideswipe,clear,2025-11-29,True,0,0,5111.9,paid,4912.65,0,
CM007308,CL001564,VH003762,PR000192,PR000165,,single_vehicle,fog,2024-03-24,True,0,1,1022.53,denied,0.0,0,
CM000964,CL001170,VH002003,,PR000055,PR000053,sideswipe,clear,2025-05-05,True,1,1,1895.34,paid,1781.15,0,
CM007528,CL001223,VH002883,PR000081,PR000071,,rear_end_collision,snow,2025-11-13,True,0,1,3149.01,paid,3001.3,0,
CM004495,CL002273,VH001397,PR000148,PR000091,PR000141,multi_vehicle_pileup,rain,2024-03-02,True,0,1,2086.22,paid,1996.01,0,
CM002633,CL000378,VH001393,,PR000071,,sideswipe,fog,2024-04-19,True,1,1,1491.79,denied,0.0,0,
CM006095,CL001445,VH002225,,PR000108,,multi_vehicle_pileup,clear,2025-03-19,True,1,2,1460.95,paid,1416.8,0,
CM007093,CL002825,VH000531,,PR000174,,rear_end_collision,clear,2023-09-26,True,0,0,3145.27,paid,3129.92,0,
CM000705,CL003715,VH000324,PR000026,PR000099,,single_vehicle,snow,2025-06-08,True,0,1,3438.1,paid,3278.87,0,
CM000432,CL002617,VH003107,PR000227,,,sideswipe,clear,2025-10-19,False,1,0,5147.17,paid,4646.46,0,
CM004389,CL000222,VH001192,PR000156,,,parking_lot,rain,2023-07-01,True,2,0,2793.03,paid,2727.61,0,
CM006078,CL000810,VH003320,PR000216,PR000087,,sideswipe,clear,2025-09-16,False,0,0,1690.1,paid,1589.87,0,
CM000146,CL002625,VH003702,,PR000071,,multi_vehicle_pileup,clear,2023-01-05,True,0,2,6604.6,under_review,,0,
CM006468,CL002219,VH002215,PR000073,PR000166,,multi_vehicle_pileup,fog,2024-03-07,True,2,1,5378.49,paid,5355.78,0,
CM002034,CL001517,VH000493,PR000212,PR000050,,parking_lot,rain,2025-05-14,True,0,0,5102.34,paid,4953.75,0,
CM008052,CL001044,VH001781,PR000035,PR000218,,single_vehicle,clear,2023-10-15,False,0,2,461.39,paid,440.4,0,
CM001166,CL000921,VH000328,,PR000165,,rear_end_collision,rain,2023-10-22,True,1,1,1929.53,paid,1873.98,0,
CM003501,CL003788,VH003332,PR000082,PR000090,,multi_vehicle_pileup,clear,2025-05-31,False,1,2,3503.36,paid,3332.22,0,
CM002051,CL003809,VH000876,PR000026,PR000242,,parking_lot,clear,2023-05-07,True,0,1,1897.03,paid,1826.09,0,
CM003761,CL000368,VH002628,PR000066,PR000242,,sideswipe,rain,2025-03-19,True,0,2,4066.07,paid,3711.86,0,
CM002625,CL000557,VH000738,,,,parking_lot,clear,2023-11-04,True,1,0,6685.01,paid,6271.88,0,
CM004485,CL003120,VH002089,,PR000182,,parking_lot,clear,2025-07-11,True,1,0,4466.73,paid,4114.34,0,
CM004436,CL002425,VH002190,,PR000172,,multi_vehicle_pileup,clear,2023-02-25,True,0,0,2649.73,paid,2393.41,0,
CM007651,CL002911,VH001843,,PR000105,,multi_vehicle_pileup,snow,2024-03-21,True,0,2,3851.46,paid,3598.37,0,
CM007445,CL003882,VH003210,,PR000123,,single_vehicle,clear,2025-02-16,True,0,1,1901.99,under_review,,0,
CM007070,CL003902,VH000824,PR000025,PR000166,,sideswipe,clear,2023-11-10,False,0,1,2649.98,paid,2586.55,0,
CM004362,CL003643,VH000740,PR000113,PR000095,,rear_end_collision,clear,2024-01-30,True,0,0,2064.79,paid,2006.62,0,
CM002425,CL000596,VH003911,,PR000067,,multi_vehicle_pileup,clear,2025-10-30,True,0,1,10168.52,paid,9612.78,0,
CM001263,CL001630,VH001455,PR000046,PR000178,,sideswipe,clear,2025-01-20,True,0,2,2148.98,paid,2024.7,0,
CM001772,CL001914,VH002179,,,,rear_end_collision,clear,2025-04-19,True,1,1,5673.38,paid,5509.07,0,
CM003512,CL002753,VH001229,PR000146,PR000060,,single_vehicle,clear,2025-04-19,True,0,0,6888.0,paid,6367.03,0,
CM000272,CL002092,VH000926,,,,sideswipe,clear,2025-08-11,False,0,1,605.13,under_review,,0,
CM004793,CL002685,VH003413,PR000064,PR000110,,sideswipe,clear,2024-06-20,True,3,0,4602.9,paid,4521.94,0,
CM004844,CL000572,VH002930,PR000078,,,rear_end_collision,clear,2024-03-16,True,0,1,5908.09,paid,5671.88,0,
CM000245,CL003938,VH003103,PR000021,PR000246,,multi_vehicle_pileup,snow,2023-08-16,True,0,3,5030.96,paid,4786.82,0,
CM008780,CL001765,VH003274,PR000156,PR000174,PR000122,rear_end_collision,clear,2023-08-19,False,0,0,5672.34,under_review,,1,RING014
CM004573,CL000647,VH001149,,,,sideswipe,clear,2024-08-10,True,0,1,3244.06,paid,3202.2,0,
CM002033,CL002382,VH001722,,PR000055,,sideswipe,snow,2025-10-21,True,1,0,8590.53,under_review,,0,
CM005054,CL003632,VH001900,PR000120,PR000128,PR000215,multi_vehicle_pileup,clear,2025-10-25,True,0,0,9114.54,paid,8274.26,0,
CM008497,CL002658,VH000767,PR000019,PR000071,PR000102,parking_lot,clear,2024-03-15,True,1,2,8605.89,denied,0.0,1,RING003
CM000814,CL002105,VH001982,,PR000229,,multi_vehicle_pileup,clear,2024-02-14,True,0,1,1701.24,paid,1593.87,0,
CM008620,CL001237,VH001560,PR000046,PR000201,PR000230,sideswipe,clear,2024-12-27,False,0,0,10246.48,partially_paid,4360.11,1,RING008
CM006011,CL001714,VH002914,PR000153,PR000005,,multi_vehicle_pileup,snow,2025-05-12,True,0,0,5950.78,paid,5939.33,0,
CM003811,CL002509,VH001393,,,,rear_end_collision,clear,2025-05-19,False,1,1,5674.66,under_review,,0,
CM005728,CL002275,VH000450,,PR000028,,parking_lot,clear,2025-04-02,True,0,1,9027.65,paid,8938.02,0,
CM008887,CL001989,VH003212,PR000049,PR000045,,multi_vehicle_pileup,clear,2024-08-17,False,1,0,3848.78,denied,0.0,1,RING018
CM007798,CL001825,VH001021,PR000114,PR000099,PR000044,multi_vehicle_pileup,clear,2023-05-30,True,0,1,1037.44,paid,940.48,0,
CM001805,CL001902,VH003250,,PR000055,,parking_lot,rain,2025-07-23,True,1,0,4782.49,paid,4502.61,0,
CM008146,CL003015,VH002149,,PR000005,,rear_end_collision,clear,2024-08-15,True,0,0,5900.56,paid,5744.76,0,
CM004347,CL001217,VH001862,PR000223,PR000150,,sideswipe,snow,2024-07-02,True,1,0,2145.36,paid,1966.29,0,
CM002462,CL001137,VH000925,PR000081,,,single_vehicle,fog,2025-01-15,True,0,0,2939.87,denied,0.0,0,
CM000546,CL002904,VH003149,PR000103,PR000099,,single_vehicle,snow,2025-01-23,False,0,0,5216.78,paid,4778.03,0,
CM003242,CL002516,VH000282,PR000223,PR000191,,parking_lot,rain,2024-05-10,True,1,1,3420.84,under_review,,0,
CM000739,CL000372,VH003698,,PR000099,,single_vehicle,clear,2025-12-22,False,0,1,2739.44,paid,2639.41,0,
CM000311,CL002074,VH002337,,PR000184,,sideswipe,clear,2025-07-26,True,0,1,4932.56,paid,4442.45,0,
CM003522,CL000304,VH002138,,PR000160,,sideswipe,rain,2025-10-05,True,0,0,9601.81,paid,9344.87,0,
CM007038,CL003684,VH001214,,PR000123,,parking_lot,rain,2025-02-01,True,0,0,261.75,paid,253.73,0,
CM001132,CL001007,VH002332,,PR000134,,sideswipe,rain,2023-08-25,False,0,2,2992.28,paid,2933.43,0,
CM005546,CL002569,VH000815,,PR000145,,rear_end_collision,clear,2025-08-26,True,0,4,3001.66,under_review,,0,
CM000493,CL002971,VH003473,PR000247,PR000000,,sideswipe,rain,2025-10-25,True,0,0,8796.86,paid,8474.95,0,
CM004112,CL000386,VH002565,,PR000221,PR000054,rear_end_collision,clear,2025-06-02,True,0,0,3700.66,paid,3682.91,0,
CM007329,CL003759,VH000832,PR000156,PR000052,,sideswipe,clear,2023-04-03,True,0,0,4782.24,paid,4630.44,0,
CM002770,CL003791,VH000153,PR000206,PR000086,,single_vehicle,clear,2025-07-26,True,1,0,5407.84,paid,4965.85,0,
CM000921,CL002824,VH003044,,,,single_vehicle,fog,2025-02-27,True,1,2,2900.82,paid,2891.92,0,
CM008741,CL002902,VH003410,PR000171,PR000087,,rear_end_collision,clear,2023-02-08,True,0,0,2086.79,paid,2008.88,1,RING011
CM008041,CL001397,VH003519,PR000146,PR000211,,single_vehicle,clear,2025-02-02,True,0,4,2535.03,paid,2363.2,0,
CM003588,CL002497,VH002706,PR000006,PR000011,PR000020,parking_lot,fog,2025-01-27,True,0,3,4174.05,paid,4138.02,0,
CM006641,CL001111,VH003801,,PR000005,,rear_end_collision,clear,2023-11-11,True,0,0,3250.05,paid,3050.96,0,
CM003960,CL001211,VH003872,PR000081,PR000087,PR000139,sideswipe,clear,2023-07-11,True,0,0,3196.81,under_review,,0,
CM000039,CL003283,VH001138,,PR000220,,multi_vehicle_pileup,rain,2024-10-08,False,0,1,2244.82,paid,2120.31,0,
CM004460,CL002257,VH001806,PR000168,PR000174,,rear_end_collision,clear,2025-07-10,True,0,0,1583.13,paid,1496.75,0,
CM007127,CL000025,VH000063,,PR000005,,parking_lot,clear,2024-01-17,True,0,0,6359.16,paid,6147.2,0,
CM004279,CL003200,VH001264,,,,rear_end_collision,fog,2025-05-22,False,1,2,3293.64,paid,3194.38,0,
CM007130,CL001286,VH001809,,PR000124,,parking_lot,fog,2025-11-10,True,0,0,8339.23,paid,7606.65,0,
CM002984,CL002416,VH000234,PR000034,PR000204,,sideswipe,clear,2024-02-16,True,0,0,670.09,paid,641.64,0,
CM005291,CL003974,VH002295,PR000088,PR000131,,sideswipe,snow,2025-07-08,True,0,3,3555.91,under_review,,0,
CM006949,CL003949,VH002629,,PR000174,,parking_lot,fog,2025-04-28,True,0,2,2944.81,under_review,,0,
CM000131,CL000436,VH001123,PR000239,PR000075,,parking_lot,rain,2024-10-22,True,0,0,8789.55,paid,8219.51,0,
CM005218,CL002174,VH001508,PR000206,PR000099,,parking_lot,clear,2025-06-01,False,0,1,4021.93,paid,3968.07,0,
CM008852,CL003240,VH003985,PR000049,PR000045,,parking_lot,clear,2024-08-03,False,2,0,1535.41,partially_paid,479.7,1,RING018
CM002668,CL002871,VH002922,PR000247,,,parking_lot,clear,2025-05-24,False,0,0,3775.81,paid,3592.83,0,
CM007139,CL001416,VH003277,,PR000042,,single_vehicle,rain,2025-04-22,True,0,0,5901.91,paid,5571.42,0,
CM003224,CL000855,VH003114,,PR000013,,rear_end_collision,clear,2025-12-30,True,0,0,4102.98,paid,3968.72,0,
CM001183,CL000861,VH002098,PR000051,PR000226,,multi_vehicle_pileup,clear,2025-03-27,True,1,0,2918.33,paid,2687.15,0,
CM005393,CL003404,VH001134,PR000065,PR000121,,rear_end_collision,clear,2025-09-22,True,0,0,4294.95,paid,4217.52,0,
CM000615,CL000982,VH003850,PR000187,PR000218,,multi_vehicle_pileup,clear,2025-01-06,True,0,1,3773.33,paid,3578.23,0,
CM008835,CL002506,VH001967,PR000244,PR000083,,rear_end_collision,clear,2024-02-11,False,0,0,9307.02,denied,0.0,1,RING017
CM001467,CL002283,VH001188,PR000008,PR000107,,multi_vehicle_pileup,snow,2024-05-06,False,1,1,2435.69,under_review,,0,
CM004498,CL003864,VH003929,PR000003,PR000058,,rear_end_collision,clear,2023-09-29,True,1,2,4634.82,under_review,,0,
CM003043,CL002978,VH000066,,PR000157,,sideswipe,clear,2025-11-11,False,0,0,671.61,paid,659.06,0,
CM000935,CL003772,VH001030,PR000212,PR000221,PR000122,sideswipe,clear,2025-08-03,True,0,1,8462.77,paid,7867.39,0,
CM002420,CL000260,VH003760,PR000156,PR000052,,parking_lot,rain,2023-01-28,True,1,0,2936.36,denied,0.0,0,
CM005086,CL002258,VH003396,PR000120,PR000045,,parking_lot,clear,2023-06-16,True,0,1,5578.26,paid,5560.04,0,
CM003295,CL001362,VH000297,,PR000143,,sideswipe,fog,2025-04-03,True,1,1,2219.99,paid,2174.55,0,
CM006738,CL003223,VH002216,PR000223,PR000032,,rear_end_collision,clear,2024-03-08,True,1,1,4144.57,paid,3930.97,0,
CM007786,CL000089,VH003788,,PR000181,,sideswipe,clear,2023-04-25,False,0,0,12827.89,paid,11560.24,0,
CM004823,CL003086,VH001224,,,,sideswipe,clear,2025-01-20,True,0,0,2429.77,paid,2291.11,0,
CM000827,CL001504,VH002513,,PR000005,,parking_lot,clear,2023-01-16,True,0,1,2441.61,paid,2219.9,0,
CM001522,CL000021,VH003764,PR000096,PR000172,,parking_lot,clear,2025-07-09,True,1,2,8489.83,paid,7721.3,0,
CM006832,CL000088,VH000785,PR000088,PR000094,,rear_end_collision,rain,2024-09-17,True,0,1,10547.58,paid,9866.18,0,
CM002931,CL003671,VH002401,,,,multi_vehicle_pileup,clear,2023-07-20,True,0,2,1252.68,paid,1202.78,0,
CM004233,CL000191,VH001920,PR000074,PR000224,PR000230,parking_lot,clear,2024-09-26,True,0,1,4353.2,paid,4082.91,0,
CM000629,CL003517,VH000387,PR000033,PR000174,PR000162,single_vehicle,clear,2023-04-27,True,0,1,2356.7,paid,2212.95,0,
CM004431,CL000368,VH003089,,,,rear_end_collision,fog,2023-07-02,True,0,0,3416.94,paid,3297.32,0,
CM003854,CL002094,VH000428,PR000146,PR000086,PR000061,single_vehicle,fog,2023-11-24,True,0,1,1797.23,under_review,,0,
CM000391,CL001442,VH001504,PR000125,PR000111,PR000016,sideswipe,clear,2023-09-30,True,1,1,2263.79,paid,2214.82,0,
CM004346,CL002821,VH001086,,PR000228,,sideswipe,rain,2025-12-06,True,0,0,2228.68,paid,2033.23,0,
CM008794,CL003991,VH003437,PR000106,PR000203,PR000230,parking_lot,clear,2024-02-06,True,2,0,5628.17,denied,0.0,1,RING015
CM007125,CL002886,VH000592,PR000119,PR000055,,rear_end_collision,clear,2025-03-30,False,0,0,4522.0,under_review,,0,
CM005914,CL003148,VH002115,,PR000140,,sideswipe,clear,2023-12-08,True,1,3,565.83,paid,553.68,0,
CM003991,CL003702,VH003783,,PR000211,PR000101,rear_end_collision,clear,2024-07-23,True,0,1,1717.39,paid,1697.55,0,
CM000401,CL000289,VH000577,PR000152,PR000203,,multi_vehicle_pileup,clear,2025-02-19,True,0,0,2275.13,paid,2051.7,0,
CM004807,CL002853,VH003101,,PR000005,,parking_lot,snow,2023-08-04,True,0,0,1566.49,paid,1526.08,0,
CM005136,CL001931,VH003061,,,,rear_end_collision,clear,2023-01-28,True,0,1,5594.82,paid,5318.25,0,
CM007761,CL001592,VH001638,PR000003,PR000160,,parking_lot,clear,2024-01-02,True,0,2,8861.25,paid,8399.11,0,
CM003360,CL003972,VH002893,PR000235,PR000133,,sideswipe,clear,2023-08-19,True,1,2,6235.91,paid,5656.43,0,
CM000047,CL001969,VH001944,PR000085,PR000013,,parking_lot,clear,2025-01-30,True,0,3,1493.37,denied,0.0,0,
CM005658,CL003534,VH002856,,,,parking_lot,clear,2023-04-24,True,0,0,4887.6,paid,4506.54,0,
CM000489,CL002530,VH000708,,PR000140,,multi_vehicle_pileup,clear,2024-11-12,False,0,0,5371.88,paid,5126.62,0,
CM003994,CL001572,VH000734,PR000068,PR000041,,multi_vehicle_pileup,clear,2024-09-27,False,0,0,5703.43,paid,5237.04,0,
CM003643,CL002794,VH003072,PR000206,PR000052,,parking_lot,rain,2024-05-04,True,1,3,741.57,paid,691.55,0,
CM003727,CL000938,VH002313,,PR000210,,parking_lot,clear,2023-11-08,False,0,0,4596.34,paid,4215.15,0,
CM008518,CL000622,VH002339,PR000214,PR000115,PR000147,rear_end_collision,clear,2023-12-25,True,0,1,1223.55,under_review,,1,RING004
CM005209,CL003519,VH001096,,PR000224,,multi_vehicle_pileup,clear,2023-02-09,True,0,0,1449.24,paid,1410.32,0,
CM006610,CL002915,VH000496,PR000152,PR000005,,single_vehicle,rain,2023-03-18,True,0,0,6361.32,paid,5847.82,0,
CM005320,CL001245,VH000959,PR000025,PR000176,,parking_lot,clear,2025-11-07,True,0,3,10024.44,paid,9105.91,0,
CM000710,CL003203,VH000973,,PR000182,,multi_vehicle_pileup,fog,2023-06-02,False,0,0,2982.03,under_review,,0,
CM007120,CL000000,VH002543,,,,multi_vehicle_pileup,clear,2024-10-27,False,0,2,4129.46,paid,3952.94,0,
CM002422,CL003649,VH000912,PR000098,PR000241,,rear_end_collision,clear,2025-05-22,True,0,1,3403.39,under_review,,0,
CM005605,CL002313,VH000350,,PR000145,,sideswipe,clear,2024-05-08,False,1,0,1574.76,paid,1452.36,0,
CM001751,CL001422,VH000072,,PR000032,,multi_vehicle_pileup,rain,2025-02-22,True,0,0,3902.18,paid,3892.78,0,
CM008876,CL003130,VH002854,PR000049,PR000045,,sideswipe,rain,2024-08-27,False,0,0,3546.06,paid,3542.07,1,RING018
CM007860,CL000486,VH000265,,PR000173,,parking_lot,rain,2024-06-25,False,1,0,3368.94,paid,3148.52,0,
CM004063,CL000073,VH002806,,PR000052,,single_vehicle,rain,2024-06-13,False,0,2,5536.56,paid,5125.6,0,
CM008670,CL003607,VH002948,PR000114,PR000243,,rear_end_collision,clear,2025-01-17,False,1,1,3631.72,partially_paid,2295.92,1,RING009
CM000339,CL003170,VH003853,PR000056,PR000181,,sideswipe,rain,2024-04-11,False,0,0,5707.2,paid,5244.55,0,
CM000216,CL000190,VH001465,PR000120,PR000226,PR000053,sideswipe,clear,2024-11-06,True,0,2,9334.57,paid,8795.54,0,
CM003664,CL003338,VH002811,PR000065,PR000055,,rear_end_collision,clear,2025-01-26,True,0,1,3920.51,paid,3875.87,0,
CM001342,CL000539,VH000186,,PR000015,PR000126,parking_lot,clear,2024-01-27,True,0,0,5148.07,paid,5072.07,0,
CM008511,CL000484,VH000767,PR000019,PR000071,PR000102,rear_end_collision,rain,2024-03-19,False,4,0,9227.79,denied,0.0,1,RING003
CM005617,CL000236,VH002402,PR000026,PR000194,,sideswipe,clear,2024-12-14,True,1,1,2612.92,paid,2493.15,0,
CM003895,CL003230,VH000700,PR000026,PR000173,,multi_vehicle_pileup,rain,2024-09-14,True,1,0,4123.82,paid,4053.19,0,
CM003641,CL003430,VH002055,,PR000207,,parking_lot,clear,2024-02-03,False,0,1,1893.68,paid,1744.41,0,
CM000330,CL000300,VH000669,,PR000040,,sideswipe,clear,2023-07-26,True,0,0,7116.41,paid,6859.58,0,
CM007551,CL000392,VH003559,,,,single_vehicle,clear,2025-09-29,True,0,1,6747.28,paid,6316.38,0,
CM003005,CL000674,VH000370,PR000112,PR000086,,parking_lot,clear,2025-09-11,False,0,1,6230.1,paid,5966.35,0,
CM006961,CL002053,VH003226,,,,multi_vehicle_pileup,rain,2024-07-31,False,0,1,2008.98,paid,1974.07,0,
CM004091,CL001564,VH001654,PR000212,PR000000,,sideswipe,clear,2023-09-08,True,0,1,806.95,paid,727.38,0,
CM003116,CL001120,VH000597,PR000167,PR000132,,parking_lot,rain,2023-04-20,True,1,0,1594.57,paid,1538.82,0,
CM008765,CL003594,VH003234,PR000096,PR000121,PR000147,single_vehicle,rain,2023-03-10,True,0,1,6051.08,partially_paid,3777.73,1,RING013
CM002323,CL002931,VH000830,,PR000029,,multi_vehicle_pileup,clear,2023-11-01,True,0,1,3049.92,paid,2961.48,0,
CM006668,CL002494,VH001034,,PR000229,,multi_vehicle_pileup,rain,2023-03-12,True,0,0,1412.7,paid,1336.44,0,
CM007010,CL000911,VH000586,,PR000137,,sideswipe,clear,2024-11-12,True,0,2,3769.36,paid,3634.73,0,
CM004198,CL003092,VH000234,PR000214,PR000058,,sideswipe,clear,2024-01-18,True,0,0,2298.19,denied,0.0,0,
CM003550,CL000644,VH000188,PR000190,PR000110,,single_vehicle,clear,2025-12-13,True,0,2,5656.64,paid,5324.17,0,
CM001459,CL001968,VH002654,PR000036,,,multi_vehicle_pileup,rain,2025-08-16,True,1,1,2498.64,paid,2474.34,0,
CM000172,CL003988,VH000347,PR000078,PR000180,,parking_lot,clear,2025-01-27,False,1,1,1458.4,under_review,,0,
CM004204,CL003260,VH001031,PR000104,PR000226,,sideswipe,clear,2024-01-21,True,0,1,4358.22,paid,4352.76,0,
CM008037,CL002156,VH003341,PR000129,PR000012,PR000044,sideswipe,clear,2023-04-23,True,1,1,5695.3,paid,5243.49,0,
CM003570,CL003190,VH003864,PR000231,PR000060,PR000139,single_vehicle,clear,2025-11-29,True,1,1,3879.11,paid,3799.89,0,
CM004227,CL001241,VH002222,,PR000110,,sideswipe,snow,2025-06-30,True,0,1,14019.99,paid,12952.88,0,
CM005159,CL000971,VH002343,PR000064,PR000109,,parking_lot,clear,2024-02-06,True,0,0,4591.64,paid,4432.66,0,
CM007830,CL002543,VH001742,,PR000174,,sideswipe,rain,2025-06-07,False,1,0,11632.85,paid,10628.69,0,
CM006186,CL002925,VH002642,,PR000087,,parking_lot,rain,2025-01-22,True,1,1,10673.61,paid,9887.67,0,
CM007904,CL000147,VH001061,,,PR000141,multi_vehicle_pileup,clear,2025-09-15,True,0,0,5983.14,paid,5891.17,0,
CM000939,CL000017,VH000116,PR000078,PR000199,,parking_lot,clear,2024-01-03,False,0,0,6061.58,paid,5692.67,0,
CM000061,CL003377,VH002039,,PR000133,,multi_vehicle_pileup,fog,2023-01-29,False,0,1,3574.14,denied,0.0,0,
CM001241,CL002341,VH002415,,PR000105,,multi_vehicle_pileup,snow,2023-04-24,True,1,1,2884.9,paid,2712.34,0,
CM005761,CL000171,VH003345,PR000063,PR000176,,multi_vehicle_pileup,rain,2025-09-28,True,0,0,4646.82,paid,4625.21,0,
CM005137,CL003582,VH000084,PR000234,PR000172,,sideswipe,rain,2024-10-05,False,0,0,3656.75,under_review,,0,
CM008294,CL000432,VH000181,,PR000180,,sideswipe,rain,2024-01-22,True,0,2,296.79,paid,274.06,0,
CM006857,CL001122,VH003875,,PR000124,,rear_end_collision,fog,2023-08-23,True,0,2,1211.89,paid,1193.52,0,
CM002121,CL001016,VH000786,,PR000191,,single_vehicle,clear,2025-10-14,True,0,0,2301.19,paid,2114.6,0,
CM001525,CL000704,VH001427,PR000066,PR000041,,sideswipe,clear,2025-11-28,True,0,1,3426.84,under_review,,0,
CM000154,CL003316,VH002528,,PR000182,PR000007,parking_lot,clear,2024-03-04,True,0,0,9139.92,paid,8711.76,0,
CM006345,CL003413,VH002419,,PR000154,,parking_lot,rain,2024-02-02,True,0,0,3380.65,under_review,,0,
CM000482,CL001837,VH003343,PR000077,PR000121,,single_vehicle,fog,2025-05-21,False,0,1,4917.99,paid,4686.59,0,
CM006123,CL001288,VH003482,,PR000243,,parking_lot,snow,2025-06-11,True,0,3,1303.18,paid,1255.46,0,
CM004461,CL003755,VH000621,PR000051,PR000154,,parking_lot,clear,2023-07-10,True,1,2,1775.31,paid,1648.11,0,
CM007102,CL003093,VH003046,,PR000038,,parking_lot,clear,2024-06-16,True,0,0,3325.81,paid,3141.12,0,
CM003921,CL001025,VH002367,,PR000210,,rear_end_collision,clear,2023-08-06,False,1,1,3580.87,denied,0.0,0,
CM007412,CL001890,VH002148,PR000116,,,multi_vehicle_pileup,clear,2025-07-10,False,1,1,4600.43,paid,4211.59,0,
CM001763,CL001500,VH001374,,PR000151,,parking_lot,clear,2025-06-09,True,0,0,6833.12,under_review,,0,
CM007316,CL003293,VH001870,PR000187,PR000204,PR000232,single_vehicle,clear,2024-04-14,True,0,0,3421.54,paid,3360.37,0,
CM000751,CL000824,VH003832,,,,single_vehicle,snow,2023-02-15,False,0,0,1034.73,paid,980.67,0,
CM001786,CL002833,VH001575,PR000129,PR000163,,parking_lot,clear,2023-09-24,True,0,2,3671.7,paid,3611.63,0,
CM007980,CL000959,VH003290,PR000093,PR000015,,rear_end_collision,clear,2023-01-29,True,0,1,2601.21,under_review,,0,
CM007480,CL001109,VH003964,PR000152,PR000080,,rear_end_collision,clear,2024-09-02,True,0,2,4405.29,paid,4309.95,0,
CM006213,CL002015,VH003871,PR000021,PR000013,,sideswipe,clear,2025-02-06,True,0,1,1516.7,paid,1473.37,0,
CM004502,CL001409,VH002186,PR000089,PR000080,,sideswipe,clear,2025-05-16,True,1,2,1216.95,paid,1204.11,0,
CM004854,CL001424,VH003740,,PR000243,,parking_lot,clear,2023-08-23,True,0,1,7295.4,paid,6631.63,0,
CM002712,CL001151,VH003412,,PR000154,,rear_end_collision,snow,2024-01-01,True,1,1,3495.41,paid,3298.28,0,
CM006767,CL003226,VH000879,PR000048,PR000172,PR000101,multi_vehicle_pileup,rain,2023-02-09,True,0,2,1686.46,paid,1559.84,0,
CM007763,CL002769,VH003858,,PR000145,,single_vehicle,snow,2024-02-24,True,0,0,8454.87,paid,8316.46,0,
CM004194,CL002792,VH000707,PR000014,PR000137,,sideswipe,clear,2025-10-26,True,0,1,6924.06,paid,6559.84,0,
CM001334,CL002892,VH000581,,PR000182,,parking_lot,rain,2025-12-01,True,0,2,3027.74,paid,2851.86,0,
CM001251,CL003801,VH001866,,PR000173,,single_vehicle,clear,2023-02-05,True,0,2,2366.29,paid,2323.8,0,
CM006888,CL000921,VH001467,,PR000197,,single_vehicle,clear,2024-12-20,True,0,1,13748.07,denied,0.0,0,
CM002855,CL003729,VH001621,PR000010,,,single_vehicle,clear,2025-09-08,False,0,1,2817.79,denied,0.0,0,
CM000187,CL002229,VH003538,PR000198,PR000105,,sideswipe,snow,2024-06-06,False,1,1,4275.63,under_review,,0,
CM001137,CL001235,VH001826,,PR000145,,parking_lot,clear,2024-08-28,True,1,2,4156.35,paid,3946.3,0,
CM008374,CL000561,VH001219,,,PR000100,parking_lot,clear,2025-06-08,True,0,1,2213.83,under_review,,0,
CM002059,CL002159,VH000227,,PR000027,,rear_end_collision,snow,2023-03-20,True,0,2,1930.38,paid,1779.7,0,
CM008046,CL003943,VH000918,,PR000201,,sideswipe,fog,2023-11-08,True,0,0,2664.57,paid,2436.29,0,
CM008039,CL002823,VH001104,PR000129,PR000091,,parking_lot,clear,2023-11-03,True,0,1,1046.08,paid,1025.28,0,
CM000149,CL000120,VH000437,PR000192,PR000182,,parking_lot,fog,2025-08-31,True,0,1,4535.61,paid,4226.69,0,
CM004125,CL000705,VH003200,PR000248,PR000165,PR000020,multi_vehicle_pileup,clear,2024-08-26,True,0,1,1854.48,paid,1822.67,0,
CM004890,CL003683,VH002512,PR000104,PR000169,PR000232,sideswipe,clear,2025-06-02,True,1,0,618.3,paid,596.16,0,
CM008743,CL002777,VH002384,PR000119,PR000197,PR000135,single_vehicle,snow,2025-06-18,False,0,0,763.21,paid,693.48,1,RING012
CM003364,CL003691,VH003306,,PR000013,,rear_end_collision,clear,2023-06-12,True,1,1,3547.43,under_review,,0,
CM004789,CL000800,VH002761,PR000059,PR000075,,single_vehicle,rain,2024-08-31,True,0,1,5052.18,paid,4866.38,0,
CM002867,CL002063,VH001195,,PR000179,,sideswipe,clear,2025-12-23,True,0,0,4001.53,paid,3672.9,0,
CM003777,CL002389,VH000947,,PR000203,,multi_vehicle_pileup,clear,2023-05-18,True,0,0,814.86,paid,734.84,0,
CM001387,CL000137,VH002437,PR000014,,,parking_lot,clear,2023-10-19,False,1,1,2710.87,paid,2575.34,0,
CM005942,CL003368,VH000052,PR000057,,PR000007,parking_lot,clear,2025-03-23,True,0,1,4965.3,paid,4707.19,0,
CM003068,CL001162,VH003123,,,,parking_lot,clear,2025-09-01,True,0,1,1172.11,paid,1083.48,0,
CM007937,CL003042,VH001758,,,PR000044,sideswipe,clear,2023-03-21,False,1,1,7588.14,paid,7545.82,0,
CM005696,CL000325,VH003008,PR000198,PR000166,,rear_end_collision,clear,2023-07-25,True,0,1,2033.61,paid,2018.89,0,
CM003630,CL001463,VH003240,,PR000079,,parking_lot,clear,2024-12-07,True,0,0,4780.65,paid,4319.45,0,
CM008429,CL002871,VH001220,PR000114,PR000013,PR000030,single_vehicle,clear,2024-04-23,False,1,0,10594.28,partially_paid,4085.76,1,RING000
CM004798,CL001466,VH001120,,PR000179,,parking_lot,clear,2025-10-07,True,0,1,7771.33,under_review,,0,
CM003029,CL000070,VH002420,,PR000111,,single_vehicle,clear,2025-07-07,True,1,0,4248.74,paid,4153.31,0,
CM002970,CL001983,VH002620,PR000034,PR000117,,single_vehicle,rain,2025-08-21,True,0,4,4640.35,paid,4532.39,0,
CM008278,CL000641,VH001001,PR000046,PR000157,,single_vehicle,clear,2024-01-03,False,2,0,2007.03,paid,1979.33,0,
CM001709,CL002789,VH001012,,PR000095,,parking_lot,clear,2023-01-28,True,0,0,2504.11,paid,2391.75,0,
CM002954,CL002026,VH002362,PR000149,PR000055,,sideswipe,clear,2024-01-29,True,0,1,1626.48,paid,1571.03,0,
CM000455,CL000672,VH000928,,PR000058,,parking_lot,fog,2025-09-01,True,1,0,8062.29,paid,7743.33,0,
CM006965,CL001135,VH003363,PR000187,PR000011,,rear_end_collision,clear,2024-12-24,False,0,1,1359.9,paid,1246.49,0,
CM006137,CL000192,VH001356,PR000082,PR000220,,sideswipe,clear,2025-09-01,True,1,1,2308.33,paid,2160.26,0,
CM008022,CL001752,VH001022,PR000057,PR000229,,multi_vehicle_pileup,clear,2023-12-09,False,0,1,4957.63,paid,4557.8,0,
CM006412,CL003130,VH001426,PR000059,PR000075,PR000054,single_vehicle,clear,2025-05-02,True,0,0,7860.54,paid,7347.55,0,
CM000610,CL000209,VH000633,,PR000182,,rear_end_collision,clear,2024-01-26,False,0,0,3382.68,paid,3219.5,0,
CM004264,CL002156,VH001560,PR000076,PR000087,,sideswipe,clear,2025-02-15,True,0,1,1324.69,paid,1257.24,0,
CM004827,CL000463,VH002766,PR000034,PR000058,,single_vehicle,clear,2023-02-25,True,0,1,9126.61,paid,8376.89,0,
CM008130,CL001463,VH003044,PR000152,PR000220,,rear_end_collision,clear,2025-02-26,True,0,2,8464.94,paid,7954.45,0,
CM007455,CL001148,VH000246,,PR000224,,multi_vehicle_pileup,rain,2024-02-22,True,0,1,5198.14,under_review,,0,
CM002075,CL003219,VH002584,PR000081,PR000105,,single_vehicle,rain,2025-06-06,True,0,0,1166.75,paid,1160.66,0,
CM004053,CL003250,VH000398,PR000206,PR000094,,rear_end_collision,clear,2025-03-28,True,0,0,3835.91,paid,3559.12,0,
CM008627,CL001322,VH000521,PR000046,PR000201,PR000230,multi_vehicle_pileup,fog,2025-02-12,False,1,0,4327.81,partially_paid,2130.51,1,RING008
CM001623,CL000801,VH003007,,PR000090,,sideswipe,rain,2023-03-07,True,0,2,6165.25,paid,5767.78,0,
CM004684,CL001566,VH000249,PR000156,PR000099,,multi_vehicle_pileup,clear,2024-07-15,True,0,0,3977.53,paid,3698.0,0,
CM005498,CL003390,VH002242,PR000049,,,single_vehicle,snow,2025-04-28,False,0,0,5017.3,under_review,,0,
CM007142,CL002711,VH002102,,PR000024,PR000044,sideswipe,clear,2025-12-15,True,0,1,2964.36,paid,2885.0,0,
CM007321,CL002856,VH001619,PR000088,PR000115,,single_vehicle,clear,2023-12-24,True,1,0,4087.4,paid,3812.58,0,
CM005797,CL003766,VH001450,,PR000142,,rear_end_collision,rain,2023-10-12,True,0,0,648.43,under_review,,0,
CM007185,CL001206,VH001276,PR000234,,,sideswipe,rain,2024-05-01,True,0,1,5003.19,paid,4817.57,0,
CM002082,CL001675,VH003515,,PR000095,,sideswipe,clear,2025-08-08,True,0,0,1638.54,paid,1563.54,0,
CM007078,CL001857,VH002458,PR000098,PR000161,PR000193,parking_lot,clear,2024-06-20,False,0,0,3283.14,paid,3228.5,0,
CM000041,CL002566,VH002533,,PR000205,,multi_vehicle_pileup,clear,2025-09-04,True,0,0,1642.22,paid,1617.07,0,
CM005476,CL002094,VH003464,PR000116,PR000091,,sideswipe,snow,2024-01-11,True,0,1,4025.15,paid,3741.82,0,
CM002090,CL001609,VH001711,,,,multi_vehicle_pileup,rain,2025-11-26,True,0,0,2121.05,denied,0.0,0,
CM003925,CL001671,VH002382,PR000222,PR000079,,sideswipe,clear,2023-08-18,True,0,1,2686.39,under_review,,0,
CM002176,CL001567,VH002748,PR000103,PR000176,,sideswipe,snow,2024-12-05,True,0,0,2695.09,paid,2449.18,0,
CM007314,CL002706,VH002990,PR000074,PR000211,PR000177,sideswipe,fog,2023-06-08,True,0,2,4008.41,paid,3920.15,0,
CM008245,CL000483,VH002916,PR000004,PR000128,,rear_end_collision,fog,2023-02-18,True,0,0,2877.75,paid,2847.32,0,
CM000075,CL000027,VH001389,PR000190,PR000045,,multi_vehicle_pileup,clear,2025-01-23,True,0,0,5498.02,paid,5365.58,0,
CM007682,CL002226,VH003963,PR000235,,PR000188,sideswipe,rain,2024-04-02,True,0,1,7599.98,paid,6874.47,0,
CM003799,CL003822,VH001218,PR000051,PR000069,,rear_end_collision,clear,2023-09-09,True,0,0,7103.96,paid,6711.97,0,
CM002658,CL002029,VH000340,,PR000084,,sideswipe,fog,2024-08-09,True,1,3,4969.78,paid,4510.53,0,
CM003181,CL003507,VH002324,,,,single_vehicle,snow,2025-04-10,True,0,1,1780.48,paid,1634.09,0,
CM002077,CL000529,VH000777,,PR000157,,rear_end_collision,snow,2024-07-17,True,0,3,7063.13,paid,6613.68,0,
CM000442,CL003042,VH002502,PR000049,PR000069,,rear_end_collision,clear,2025-04-11,False,0,1,3296.45,paid,3015.76,0,
CM008223,CL003967,VH001652,,PR000203,,multi_vehicle_pileup,rain,2024-01-23,True,0,0,13642.64,paid,13008.16,0,
CM002052,CL003858,VH002460,PR000127,PR000173,,sideswipe,rain,2024-05-12,True,2,1,7926.11,paid,7484.66,0,
CM002542,CL002808,VH003170,,PR000228,,single_vehicle,clear,2024-02-01,False,0,2,4307.0,paid,4274.36,0,
CM007403,CL003948,VH000781,,PR000062,,multi_vehicle_pileup,clear,2023-11-24,False,0,0,2769.67,paid,2517.69,0,
CM001302,CL000030,VH000101,PR000208,PR000075,,sideswipe,clear,2024-02-13,True,0,1,6934.1,under_review,,0,
CM005878,CL001156,VH002679,,PR000092,,parking_lot,clear,2025-07-08,True,0,1,7848.85,denied,0.0,0,
CM007369,CL003365,VH001872,,PR000191,,multi_vehicle_pileup,clear,2025-08-22,True,0,1,3205.16,under_review,,0,
CM003431,CL000581,VH001257,,PR000090,,rear_end_collision,snow,2024-01-01,False,0,1,1568.86,under_review,,0,
CM001305,CL002629,VH000845,PR000057,PR000229,,rear_end_collision,clear,2024-09-29,True,0,0,5786.58,paid,5631.59,0,
CM000237,CL003879,VH000086,,PR000110,,parking_lot,clear,2023-06-04,True,0,1,5470.02,paid,4970.6,0,
CM007999,CL001543,VH002196,PR000156,PR000024,PR000141,sideswipe,fog,2023-06-13,True,0,1,2426.07,under_review,,0,
CM002600,CL003381,VH000880,PR000217,PR000169,PR000016,single_vehicle,clear,2025-06-25,True,0,0,3661.74,paid,3312.26,0,
CM004617,CL002597,VH001907,,PR000194,,parking_lot,clear,2024-04-20,True,1,0,8635.8,paid,8594.94,0,
CM002574,CL002482,VH000212,PR000244,PR000092,PR000213,sideswipe,rain,2023-01-11,True,0,0,1840.06,under_review,,0,
CM003281,CL000302,VH001651,,PR000115,,single_vehicle,snow,2023-08-10,False,0,0,8174.81,under_review,,0,
CM003187,CL003785,VH001087,,PR000108,,single_vehicle,clear,2024-07-23,True,0,0,1433.8,paid,1334.03,0,
CM003954,CL002995,VH002828,,PR000121,,parking_lot,clear,2023-06-12,True,0,1,2077.94,paid,2000.61,0,
CM002769,CL000867,VH001812,PR000039,PR000124,,sideswipe,snow,2023-02-26,True,0,1,1898.5,paid,1813.03,0,
CM004832,CL000712,VH003288,PR000156,PR000080,,parking_lot,fog,2025-11-18,True,1,0,2203.28,paid,2135.63,0,
CM004224,CL001984,VH001026,,PR000052,,multi_vehicle_pileup,clear,2023-05-05,True,0,1,2461.98,paid,2458.01,0,
CM002107,CL000965,VH002827,PR000008,PR000179,,single_vehicle,rain,2025-08-30,True,1,0,3200.12,paid,2923.97,0,
CM002680,CL003445,VH001951,PR000106,PR000246,,parking_lot,clear,2024-02-08,True,1,2,1045.44,paid,1005.96,0,
CM007326,CL000604,VH002387,,PR000009,,single_vehicle,rain,2024-10-18,True,0,1,1976.66,paid,1921.44,0,
CM002762,CL001427,VH002219,,PR000087,PR000101,single_vehicle,clear,2023-08-20,True,0,1,4355.99,paid,4027.12,0,
CM004689,CL003969,VH003898,,PR000027,,multi_vehicle_pileup,clear,2025-07-22,True,1,0,6473.78,paid,6061.15,0,
CM005400,CL001300,VH001304,,PR000099,,multi_vehicle_pileup,snow,2024-09-26,True,0,0,1004.65,paid,906.06,0,
CM001388,CL003134,VH000224,,PR000110,PR000213,rear_end_collision,clear,2024-06-09,False,0,0,4933.17,paid,4593.33,0,
CM002902,CL003038,VH000976,PR000198,PR000176,,sideswipe,clear,2024-02-26,True,0,2,3428.6,paid,3171.8,0,
CM003578,CL001694,VH003462,PR000065,PR000123,,parking_lot,clear,2024-04-02,True,1,2,759.33,paid,699.87,0,
CM007719,CL003369,VH001042,,PR000097,,multi_vehicle_pileup,rain,2025-06-01,True,0,1,1230.4,paid,1117.85,0,
CM008615,CL001599,VH003251,PR000046,PR000201,PR000230,rear_end_collision,clear,2025-01-11,True,0,0,965.75,paid,892.49,1,RING008
CM007084,CL001235,VH003699,,,,multi_vehicle_pileup,clear,2025-07-10,True,2,1,6696.96,paid,6689.25,0,
CM008755,CL000688,VH000401,PR000119,PR000197,PR000135,single_vehicle,rain,2025-05-14,False,1,0,6143.51,denied,0.0,1,RING012
CM007394,CL003828,VH001123,PR000048,PR000050,,rear_end_collision,clear,2025-07-15,False,0,0,1701.45,paid,1533.37,0,
CM005001,CL000821,VH000551,,PR000041,,parking_lot,clear,2024-07-27,False,0,0,2848.86,paid,2564.65,0,
CM005854,CL000850,VH003088,PR000152,PR000220,,parking_lot,clear,2025-03-22,True,1,0,2455.33,paid,2310.46,0,
CM001280,CL000320,VH002486,PR000187,PR000157,,multi_vehicle_pileup,clear,2025-02-03,False,0,1,4469.99,paid,4037.48,0,
CM008399,CL002096,VH003401,,,PR000188,multi_vehicle_pileup,clear,2025-08-21,True,1,1,6346.61,paid,5816.31,0,
CM000805,CL002492,VH000861,PR000223,PR000178,,sideswipe,rain,2024-09-05,False,0,1,770.08,paid,731.22,0,
CM006405,CL002804,VH002849,,PR000133,,multi_vehicle_pileup,clear,2025-01-15,False,0,0,11579.45,paid,10657.11,0,
CM001556,CL002919,VH001463,,PR000086,,sideswipe,clear,2025-12-27,True,0,0,3065.23,paid,2791.15,0,
CM008458,CL002933,VH002134,PR000146,PR000105,,sideswipe,clear,2024-02-24,True,0,0,6225.93,paid,5810.88,1,RING001
CM003191,CL003829,VH002193,,PR000009,PR000147,parking_lot,clear,2023-07-22,True,0,1,428.96,paid,428.44,0,
CM004567,CL002051,VH001372,PR000008,PR000032,,rear_end_collision,rain,2025-08-29,False,0,2,8129.29,paid,7420.48,0,
CM004803,CL000630,VH000632,PR000159,PR000179,PR000016,parking_lot,rain,2023-10-28,True,1,2,1392.21,paid,1364.6,0,
CM008625,CL002230,VH001330,PR000046,PR000201,PR000230,sideswipe,clear,2025-02-03,False,0,1,5985.91,paid,5766.82,1,RING008
CM007167,CL003847,VH002171,PR000238,PR000028,,sideswipe,rain,2025-10-12,False,1,1,3020.52,paid,3013.82,0,
CM004842,CL000380,VH003498,PR000167,PR000221,,sideswipe,clear,2024-03-09,True,0,0,3461.82,paid,3256.2,0,
CM003595,CL002315,VH000123,PR000043,PR000181,,multi_vehicle_pileup,fog,2023-09-05,True,0,0,1970.69,paid,1881.35,0,
CM006036,CL002974,VH003662,,PR000182,,multi_vehicle_pileup,fog,2023-06-15,True,0,0,8980.34,denied,0.0,0,
CM006853,CL003989,VH000236,PR000222,PR000071,,rear_end_collision,rain,2024-03-31,True,0,2,4187.07,paid,4026.54,0,
CM006959,CL003622,VH001380,PR000014,PR000137,,rear_end_collision,clear,2024-05-29,True,1,1,3969.11,paid,3662.26,0,
CM001921,CL000479,VH002753,,PR000071,,multi_vehicle_pileup,clear,2023-04-09,True,0,2,6147.73,paid,6101.78,0,
CM000514,CL000156,VH002392,PR000076,PR000197,,parking_lot,rain,2024-08-07,True,0,1,3651.93,paid,3446.41,0,
CM004178,CL000174,VH001967,PR000035,PR000220,,multi_vehicle_pileup,rain,2025-06-01,True,0,0,4025.26,paid,3880.24,0,
CM006844,CL001729,VH001040,PR000043,PR000121,PR000054,single_vehicle,rain,2023-07-26,True,1,0,2955.9,paid,2734.32,0,
CM001309,CL000488,VH000722,PR000078,PR000181,,single_vehicle,clear,2025-10-13,False,0,0,2971.69,paid,2964.96,0,
CM005668,CL000885,VH003407,,PR000241,PR000030,multi_vehicle_pileup,snow,2024-01-15,True,0,0,7964.28,paid,7928.69,0,
CM000915,CL001713,VH002988,PR000186,PR000092,,sideswipe,fog,2024-11-24,False,0,0,4323.48,paid,4250.08,0,
CM003453,CL000927,VH003950,,PR000117,,parking_lot,clear,2025-10-14,True,0,0,1792.73,paid,1675.44,0,
CM003696,CL000179,VH001659,PR000070,PR000092,,multi_vehicle_pileup,rain,2023-02-14,True,0,0,5249.59,paid,4970.0,0,
CM004243,CL003819,VH001244,PR000223,PR000134,,multi_vehicle_pileup,clear,2024-04-09,True,0,0,4923.51,paid,4584.28,0,
CM003157,CL002103,VH002953,PR000196,,PR000175,rear_end_collision,snow,2023-07-28,True,1,0,3573.04,paid,3427.44,0,
CM002199,CL001216,VH003699,PR000066,PR000169,,single_vehicle,snow,2023-01-09,True,1,1,5896.64,paid,5715.89,0,
CM000775,CL001258,VH000678,,,,rear_end_collision,clear,2025-06-18,True,0,0,3724.42,paid,3352.32,0,
CM004426,CL000008,VH000701,PR000036,PR000032,,sideswipe,fog,2025-01-18,True,0,2,4229.8,paid,4089.93,0,
CM006151,CL001355,VH002671,,PR000241,,rear_end_collision,clear,2023-08-11,True,0,1,826.06,paid,773.17,0,
CM006098,CL001371,VH003000,,,,parking_lot,clear,2024-05-15,True,0,0,1438.95,paid,1395.89,0,
CM000944,CL003235,VH003157,PR000031,PR000015,,parking_lot,snow,2024-06-05,True,0,1,1822.16,paid,1744.42,0,
CM000823,CL000360,VH002114,PR000236,PR000202,,rear_end_collision,clear,2023-05-04,True,0,0,2305.15,paid,2185.75,0,
CM006879,CL003136,VH000695,PR000106,PR000182,,single_vehicle,fog,2023-05-19,False,0,0,5477.32,paid,5399.28,0,
CM005006,CL003304,VH001712,PR000033,PR000191,,single_vehicle,rain,2024-03-12,True,0,0,1744.29,denied,0.0,0,
CM006613,CL003660,VH002781,,PR000032,,sideswipe,clear,2024-12-27,True,1,0,4974.46,paid,4889.65,0,
CM004278,CL003212,VH001107,PR000136,PR000110,,sideswipe,fog,2024-08-19,True,2,0,2346.21,paid,2293.62,0,
CM000165,CL002205,VH003320,PR000190,PR000011,,rear_end_collision,clear,2023-10-08,False,0,1,5711.69,under_review,,0,
CM005620,CL001315,VH001482,PR000167,PR000121,,single_vehicle,fog,2023-04-17,False,1,0,2934.89,paid,2699.16,0,
CM004548,CL002425,VH002839,,PR000024,PR000213,single_vehicle,snow,2023-05-04,True,0,0,2121.88,paid,2082.42,0,
CM003984,CL000033,VH001819,,PR000163,,parking_lot,clear,2025-11-24,False,0,0,7674.88,paid,7027.77,0,
CM002539,CL003868,VH001320,,PR000205,,sideswipe,rain,2023-05-12,True,1,0,3030.12,paid,2877.73,0,
CM006958,CL003339,VH003057,PR000238,PR000080,,single_vehicle,fog,2023-01-05,True,0,0,4975.78,paid,4809.07,0,
CM003192,CL001135,VH000738,PR000248,PR000027,,multi_vehicle_pileup,clear,2023-12-24,False,0,0,5284.85,denied,0.0,0,
CM001312,CL001418,VH002767,,PR000083,PR000007,multi_vehicle_pileup,rain,2023-09-14,True,1,2,2694.36,paid,2613.34,0,
CM008915,CL000135,VH003849,PR000059,PR000180,,rear_end_collision,clear,2024-08-15,True,0,1,7893.34,paid,7643.82,1,RING020
CM005208,CL001263,VH000358,PR000149,PR000157,,multi_vehicle_pileup,clear,2024-07-15,True,0,0,1660.32,paid,1652.87,0,
CM008485,CL000178,VH000769,PR000019,PR000071,PR000102,rear_end_collision,clear,2024-04-26,False,0,0,3315.78,denied,0.0,1,RING003
CM007586,CL000339,VH002146,,PR000097,,sideswipe,fog,2025-10-16,False,1,0,2531.42,paid,2360.2,0,
CM005384,CL003313,VH002133,PR000167,PR000181,,multi_vehicle_pileup,rain,2023-05-04,False,0,1,11156.77,paid,11134.96,0,
CM008001,CL003965,VH002724,,PR000032,,rear_end_collision,rain,2025-08-21,True,1,0,4446.08,paid,4437.81,0,
CM003676,CL002341,VH003479,PR000195,,PR000044,single_vehicle,rain,2023-03-27,True,0,2,1451.21,paid,1446.24,0,
CM007219,CL003795,VH001911,PR000022,,,multi_vehicle_pileup,fog,2023-12-21,True,0,0,2542.96,paid,2305.18,0,
CM006723,CL000384,VH003567,PR000152,PR000173,,multi_vehicle_pileup,rain,2025-09-13,True,0,4,7868.84,paid,7504.98,0,
CM003301,CL000741,VH003934,PR000026,PR000005,,parking_lot,rain,2025-01-19,True,0,0,5708.97,paid,5585.09,0,
CM003311,CL000664,VH001190,,PR000172,,single_vehicle,clear,2025-11-07,True,1,1,2232.73,paid,2082.23,0,
CM006905,CL000199,VH002758,,PR000205,,single_vehicle,fog,2023-12-13,True,0,0,1819.18,under_review,,0,
CM007222,CL003366,VH002676,PR000008,PR000172,,sideswipe,fog,2023-10-14,True,0,1,2000.01,paid,1841.7,0,
CM000328,CL000886,VH002671,PR000004,PR000009,,sideswipe,clear,2023-05-26,True,0,0,2841.07,under_review,,0,
CM005887,CL003122,VH000788,,PR000172,,parking_lot,clear,2024-08-08,False,0,1,6443.36,paid,6331.31,0,
CM002491,CL002348,VH001408,,PR000037,,multi_vehicle_pileup,snow,2025-03-10,False,0,0,9560.85,under_review,,0,
CM008644,CL002010,VH003064,PR000046,PR000201,PR000230,rear_end_collision,clear,2024-12-14,True,1,0,1893.16,paid,1787.86,1,RING008
CM006104,CL000505,VH001348,,PR000032,,rear_end_collision,snow,2023-05-08,True,0,0,5703.25,paid,5632.09,0,
CM005955,CL003251,VH002890,,PR000012,,single_vehicle,clear,2024-12-05,False,0,1,6025.29,paid,5747.89,0,
CM008617,CL002652,VH003251,PR000046,PR000201,PR000230,sideswipe,rain,2025-01-27,True,1,0,15419.4,paid,14062.58,1,RING008
CM004409,CL002676,VH003636,,PR000095,,multi_vehicle_pileup,clear,2023-10-09,True,0,0,6013.79,paid,5973.51,0,
CM000833,CL000435,VH003174,,PR000055,,sideswipe,clear,2024-05-14,True,0,0,3889.59,paid,3557.16,0,
CM003080,CL001011,VH003656,,PR000011,,multi_vehicle_pileup,clear,2025-01-11,True,2,1,7681.88,paid,7325.11,0,
CM007517,CL002129,VH000109,PR000104,,,rear_end_collision,snow,2024-06-21,False,0,0,3435.05,paid,3111.79,0,
CM003463,CL003363,VH002485,PR000240,PR000099,,multi_vehicle_pileup,clear,2024-04-10,False,0,1,5736.75,denied,0.0,0,
CM005298,CL001680,VH001686,PR000039,,,single_vehicle,clear,2025-09-23,True,1,2,6468.95,paid,6002.54,0,
CM001824,CL000188,VH002747,,PR000069,,multi_vehicle_pileup,clear,2025-03-04,False,0,1,7531.24,paid,7445.52,0,
CM007644,CL002130,VH001059,PR000208,PR000197,,multi_vehicle_pileup,rain,2023-02-15,True,0,1,6308.87,paid,5768.96,0,
CM000055,CL001360,VH000991,,PR000221,,multi_vehicle_pileup,fog,2025-06-14,False,1,0,6011.28,paid,5579.74,0,
CM006231,CL000764,VH001566,PR000187,PR000221,PR000141,parking_lot,rain,2025-06-15,True,1,0,11101.99,paid,10017.0,0,
CM004065,CL001046,VH003319,,PR000024,,single_vehicle,snow,2024-07-18,False,0,1,18066.34,paid,17580.01,0,
CM003452,CL000451,VH001294,,PR000145,,rear_end_collision,rain,2023-10-29,True,0,0,2637.69,paid,2630.73,0,
CM006306,CL003741,VH002305,,PR000220,,parking_lot,clear,2024-09-21,True,0,1,436.92,paid,423.47,0,
CM001902,CL001600,VH002824,,PR000209,,multi_vehicle_pileup,clear,2024-01-27,True,1,0,6672.22,paid,6235.22,0,
CM001482,CL000139,VH001302,,PR000013,,sideswipe,rain,2025-04-22,True,0,1,4787.19,paid,4657.0,0,
CM004874,CL003791,VH002584,,PR000203,,single_vehicle,clear,2025-01-18,True,0,1,7073.1,paid,6917.2,0,
CM004896,CL000316,VH003690,PR000063,PR000221,,rear_end_collision,rain,2023-05-08,True,1,0,3865.03,paid,3606.48,0,
CM004151,CL003790,VH003876,PR000051,PR000209,,sideswipe,clear,2025-07-16,True,0,2,2692.9,paid,2594.01,0,
CM007069,CL000917,VH001297,,PR000097,,sideswipe,clear,2023-04-25,True,0,0,4786.82,paid,4484.85,0,
CM003336,CL001854,VH003845,PR000119,PR000045,,multi_vehicle_pileup,snow,2023-11-12,True,0,0,5266.52,paid,4805.84,0,
CM006017,CL001175,VH002075,PR000129,PR000184,PR000215,single_vehicle,clear,2025-03-05,False,0,1,4235.0,paid,4224.61,0,
CM004927,CL000507,VH003360,PR000008,PR000202,,multi_vehicle_pileup,clear,2024-10-08,False,0,0,8298.09,paid,7600.77,0,
CM000947,CL001568,VH003280,PR000023,PR000157,,sideswipe,clear,2023-02-04,False,0,0,1232.23,under_review,,0,
CM005798,CL003821,VH002116,PR000096,PR000132,,parking_lot,snow,2023-03-14,True,0,1,1139.36,paid,1115.85,0,
CM003294,CL003119,VH002378,,PR000154,,sideswipe,rain,2024-07-16,True,0,1,5879.22,paid,5359.11,0,
CM002162,CL003983,VH003816,PR000248,PR000165,PR000126,rear_end_collision,rain,2024-12-24,True,0,0,4590.32,paid,4407.93,0,
CM008772,CL001112,VH001868,PR000096,PR000121,PR000147,parking_lot,rain,2023-03-30,False,0,0,4492.38,denied,0.0,1,RING013
CM005084,CL001683,VH000739,PR000039,PR000011,,sideswipe,rain,2025-06-16,True,0,0,9448.59,denied,0.0,0,
CM006646,CL001675,VH001236,PR000227,PR000005,,single_vehicle,clear,2024-03-13,True,1,2,3909.86,paid,3834.84,0,
CM008381,CL002672,VH003251,,PR000091,,rear_end_collision,rain,2023-08-22,True,0,1,3631.39,under_review,,0,
CM003058,CL000482,VH001020,PR000006,PR000027,,single_vehicle,fog,2023-11-06,True,1,1,2835.44,under_review,,0,
CM007343,CL002908,VH002002,,PR000042,,multi_vehicle_pileup,clear,2024-10-19,True,0,0,2771.2,paid,2496.93,0,
CM005491,CL002195,VH002862,PR000222,PR000055,PR000237,single_vehicle,clear,2024-04-19,True,0,1,7878.34,paid,7200.09,0,
CM006734,CL000507,VH003013,,PR000131,,single_vehicle,clear,2025-07-01,True,0,3,4434.76,paid,4110.22,0,
CM000769,CL002899,VH003142,,PR000176,,multi_vehicle_pileup,rain,2023-01-23,True,0,0,14288.62,paid,13642.15,0,
CM002066,CL002370,VH003767,PR000248,PR000210,,sideswipe,rain,2023-06-27,False,1,1,5449.05,paid,5022.74,0,
CM008472,CL001645,VH002134,PR000146,PR000105,,sideswipe,clear,2024-03-15,False,1,0,1930.43,under_review,,1,RING001
CM003496,CL000536,VH002636,,PR000005,,sideswipe,clear,2023-08-02,False,0,0,1242.77,paid,1234.23,0,
CM007312,CL000549,VH002377,,PR000201,,rear_end_collision,clear,2024-04-08,True,1,0,2525.53,under_review,,0,
CM000286,CL003880,VH002230,,PR000182,PR000130,single_vehicle,rain,2025-03-04,False,0,1,2247.76,paid,2235.61,0,
CM001501,CL001692,VH000358,,PR000000,PR000155,parking_lot,clear,2025-01-19,False,1,1,2127.83,paid,2076.16,0,
CM004525,CL001973,VH003962,,PR000052,,rear_end_collision,clear,2023-04-29,True,1,1,1371.5,paid,1331.23,0,
CM008388,CL003061,VH003193,,PR000226,,rear_end_collision,fog,2023-08-01,False,0,4,4449.34,paid,4353.3,0,
CM002333,CL003608,VH001438,PR000064,PR000205,,single_vehicle,snow,2024-10-07,True,0,0,2776.5,paid,2615.35,0,
CM002718,CL003594,VH001061,PR000206,PR000165,,single_vehicle,clear,2024-03-06,True,0,1,3811.4,paid,3775.08,0,
CM002080,CL001139,VH003702,,PR000015,,single_vehicle,clear,2024-11-29,True,0,0,3186.04,paid,3009.35,0,
CM003390,CL001267,VH003203,PR000168,PR000191,,parking_lot,clear,2024-02-17,True,1,1,5090.5,paid,4722.66,0,
CM000723,CL002644,VH002155,PR000002,PR000105,,parking_lot,snow,2023-02-24,True,0,2,4602.41,paid,4309.1,0,
CM000952,CL003964,VH001074,,PR000075,,rear_end_collision,clear,2023-10-22,True,1,0,5938.13,paid,5798.22,0,
CM002483,CL003158,VH003852,PR000158,PR000210,,single_vehicle,clear,2023-08-31,False,0,1,9393.18,paid,8915.57,0,
CM002263,CL002034,VH000840,,PR000163,,rear_end_collision,clear,2024-08-01,True,0,0,5181.93,paid,5001.05,0,
CM000990,CL000729,VH002641,PR000004,PR000009,,rear_end_collision,clear,2025-10-15,True,0,4,741.85,paid,682.21,0,
CM003213,CL001164,VH000072,,PR000184,,single_vehicle,clear,2024-10-25,True,0,0,1767.26,paid,1661.85,0,
CM001760,CL000886,VH001107,,PR000009,,rear_end_collision,clear,2024-03-22,True,0,1,1424.08,paid,1359.74,0,
CM007877,CL001325,VH002370,PR000249,PR000047,,multi_vehicle_pileup,rain,2023-09-14,True,0,0,682.27,paid,631.66,0,
CM004423,CL002410,VH001977,,PR000090,PR000213,single_vehicle,fog,2023-08-25,True,1,0,6180.97,paid,6170.59,0,
CM006705,CL002157,VH001104,,,,sideswipe,clear,2023-12-10,True,0,0,6216.21,paid,6150.48,0,
CM005480,CL003662,VH000486,PR000198,PR000224,,sideswipe,clear,2024-07-29,True,1,1,11597.27,paid,11452.89,0,
CM001725,CL003496,VH000682,PR000231,,,parking_lot,clear,2025-08-13,False,0,0,3984.68,paid,3694.42,0,
CM005183,CL003758,VH003937,PR000164,,PR000193,sideswipe,clear,2024-06-30,True,0,0,657.18,paid,617.93,0,
CM008408,CL000114,VH001220,PR000114,PR000013,PR000030,single_vehicle,fog,2024-02-29,False,0,1,3615.54,partially_paid,1725.42,1,RING000
CM000342,CL000020,VH003147,PR000231,,,sideswipe,fog,2024-12-19,True,1,0,3961.92,paid,3703.27,0,
CM003702,CL000481,VH000928,,PR000178,,multi_vehicle_pileup,clear,2023-10-26,True,0,1,7012.14,denied,0.0,0,
CM004244,CL000018,VH003159,,PR000142,,parking_lot,clear,2024-10-09,True,0,1,2722.88,paid,2556.06,0,
CM000689,CL000423,VH002563,PR000239,PR000201,,rear_end_collision,snow,2023-08-15,False,0,0,7634.78,paid,7211.84,0,
CM003433,CL002829,VH002521,,,PR000130,single_vehicle,clear,2023-02-15,False,0,2,1257.2,paid,1239.6,0,
CM005204,CL001657,VH000177,PR000248,,PR000147,single_vehicle,clear,2024-02-14,True,0,0,2119.58,paid,1981.31,0,
CM004945,CL003641,VH000036,PR000063,PR000097,,multi_vehicle_pileup,clear,2024-07-29,True,0,0,1993.42,denied,0.0,0,
CM000967,CL001850,VH003093,,PR000128,,single_vehicle,fog,2023-12-26,True,0,1,2918.26,paid,2862.63,0,
CM003121,CL000046,VH000819,PR000247,PR000145,PR000155,single_vehicle,clear,2023-05-18,False,0,0,8270.96,paid,7995.68,0,
CM008456,CL002072,VH003622,PR000146,PR000105,,rear_end_collision,rain,2024-03-26,False,1,0,2435.07,paid,2286.78,1,RING001
CM002204,CL003382,VH000540,,PR000228,,sideswipe,clear,2023-01-21,True,0,0,5306.45,paid,4976.14,0,
CM002714,CL000707,VH001545,PR000167,PR000086,PR000030,rear_end_collision,rain,2025-11-10,True,0,0,6592.56,under_review,,0,
CM004758,CL003426,VH003976,PR000170,PR000040,,rear_end_collision,clear,2023-06-26,True,2,0,1617.74,paid,1533.23,0,
CM005099,CL002080,VH002728,PR000033,PR000163,PR000230,parking_lot,rain,2024-06-22,True,1,0,354.83,under_review,,0,
CM008342,CL001752,VH001896,,PR000210,PR000100,rear_end_collision,clear,2024-03-21,False,0,0,1345.28,paid,1300.19,0,
CM008512,CL003599,VH000767,PR000019,PR000071,PR000102,multi_vehicle_pileup,clear,2024-04-08,False,2,0,1947.98,paid,1837.95,1,RING003
CM006321,CL000647,VH000591,PR000114,PR000037,,rear_end_collision,fog,2024-06-08,True,0,0,9589.54,paid,9517.22,0,
CM005281,CL003788,VH003560,,PR000028,,multi_vehicle_pileup,rain,2024-11-26,False,0,0,11836.13,paid,10984.69,0,
CM005976,CL001208,VH001151,PR000112,PR000140,,multi_vehicle_pileup,rain,2024-06-01,True,0,0,6896.89,paid,6760.51,0,
CM003573,CL002074,VH000459,PR000010,PR000029,,rear_end_collision,clear,2023-11-03,True,0,2,5268.47,under_review,,0,
CM004806,CL002546,VH000921,,PR000015,,parking_lot,clear,2024-02-02,True,1,2,5117.69,paid,4826.63,0,
CM005300,CL003407,VH003663,PR000059,PR000086,,rear_end_collision,clear,2024-06-30,True,0,2,7076.84,paid,6809.41,0,
CM001991,CL002516,VH002806,,,PR000126,parking_lot,clear,2024-08-14,False,0,0,4373.81,paid,4208.65,0,
CM004121,CL002107,VH000130,PR000200,PR000029,,rear_end_collision,clear,2023-08-10,True,0,0,1327.06,paid,1305.05,0,
CM004760,CL001412,VH002378,PR000216,PR000191,,parking_lot,fog,2023-04-01,True,1,0,2212.18,paid,2080.68,0,
CM008861,CL002794,VH003036,PR000049,PR000045,,single_vehicle,clear,2024-09-14,False,4,0,4216.59,denied,0.0,1,RING018
CM005299,CL003152,VH003615,PR000164,PR000080,,rear_end_collision,rain,2023-03-31,True,0,3,6066.06,paid,5692.59,0,
CM008306,CL002793,VH002372,PR000114,PR000161,,sideswipe,rain,2024-05-30,True,0,2,3989.99,under_review,,0,
CM004972,CL001453,VH001016,PR000021,PR000226,,rear_end_collision,clear,2025-11-27,True,0,0,2822.15,paid,2750.63,0,
CM000955,CL003117,VH003883,PR000118,PR000095,,rear_end_collision,snow,2024-08-28,True,0,1,3199.73,paid,3098.78,0,
CM005035,CL001728,VH000361,PR000010,PR000174,,single_vehicle,clear,2023-08-16,True,1,1,6483.19,paid,6013.84,0,
CM006784,CL000400,VH001770,,PR000091,,multi_vehicle_pileup,rain,2023-01-16,True,0,0,1750.9,paid,1604.4,0,
CM003601,CL000198,VH001503,PR000112,,,rear_end_collision,clear,2025-07-27,True,0,1,5983.85,paid,5883.43,0,
CM006491,CL003475,VH000947,,PR000211,,multi_vehicle_pileup,clear,2023-06-16,True,0,0,10953.89,paid,10496.83,0,
CM008506,CL001302,VH000767,PR000019,PR000071,PR000102,sideswipe,clear,2024-04-23,False,0,2,2199.37,under_review,,1,RING003
CM000475,CL002084,VH002173,PR000039,PR000197,,rear_end_collision,clear,2023-05-26,True,0,0,2804.23,paid,2605.58,0,
CM007908,CL002386,VH003363,PR000186,PR000203,,multi_vehicle_pileup,clear,2024-05-12,True,0,1,2038.91,paid,1995.86,0,
CM000386,CL002791,VH000612,PR000031,PR000052,,sideswipe,clear,2024-03-27,True,0,0,2188.08,paid,2153.03,0,
CM002123,CL003968,VH000740,PR000190,PR000201,,single_vehicle,clear,2025-03-07,False,1,1,3265.13,paid,3090.64,0,
CM001626,CL003726,VH002466,,PR000176,,multi_vehicle_pileup,clear,2025-06-25,True,0,0,6254.29,paid,6104.56,0,
CM000537,CL003948,VH002928,,PR000058,,multi_vehicle_pileup,rain,2025-05-30,True,0,3,2227.55,paid,2128.58,0,
CM006388,CL002324,VH003116,PR000063,PR000050,PR000130,parking_lot,rain,2024-12-16,True,0,1,9897.51,paid,9231.02,0,
CM008598,CL003562,VH003018,PR000112,PR000060,PR000139,multi_vehicle_pileup,clear,2023-09-10,True,2,0,9768.46,denied,0.0,1,RING007
CM005033,CL003184,VH000205,PR000010,PR000080,,parking_lot,clear,2025-02-23,True,0,1,9284.94,under_review,,0,
CM007834,CL001291,VH001633,PR000001,PR000080,,parking_lot,clear,2024-02-28,True,0,0,1838.36,paid,1742.3,0,
CM004213,CL001641,VH003999,,PR000094,,sideswipe,clear,2024-09-26,False,2,0,11808.82,paid,11710.83,0,
CM006457,CL001185,VH002840,,,,sideswipe,snow,2025-06-23,False,0,0,9436.76,denied,0.0,0,
CM003508,CL003974,VH000930,,PR000018,,parking_lot,clear,2025-12-24,False,0,1,2003.45,under_review,,0,
CM000202,CL001651,VH003346,,PR000181,,single_vehicle,snow,2023-02-16,True,2,1,5533.99,paid,5257.74,0,
CM007305,CL003684,VH003949,,PR000087,,rear_end_collision,clear,2024-11-28,True,0,0,3791.63,paid,3740.35,0,
CM001333,CL000216,VH001391,PR000120,PR000087,,sideswipe,clear,2024-08-01,False,0,2,4322.71,paid,4273.29,0,
CM007113,CL002907,VH001597,PR000206,PR000012,,single_vehicle,clear,2024-11-18,True,0,1,1761.76,paid,1591.68,0,
CM003503,CL003124,VH001223,PR000096,PR000092,,rear_end_collision,snow,2023-03-11,False,0,0,1226.31,paid,1205.14,0,
CM002709,CL003237,VH000320,,PR000183,,rear_end_collision,clear,2023-12-23,True,0,1,6974.97,paid,6465.3,0,
CM006031,CL002432,VH001185,,PR000178,,single_vehicle,fog,2024-05-04,True,1,0,4020.85,paid,3978.38,0,
CM005032,CL001005,VH000002,PR000019,,,sideswipe,rain,2025-03-26,True,0,0,1562.05,paid,1497.21,0,
CM006515,CL001795,VH003928,,PR000050,,sideswipe,clear,2025-06-28,True,2,2,3082.13,paid,2947.11,0,
CM004663,CL001059,VH002143,,,,single_vehicle,clear,2023-07-02,False,0,0,4465.62,paid,4452.01,0,
CM004022,CL001729,VH001150,,PR000117,,multi_vehicle_pileup,fog,2024-07-30,True,0,0,828.89,paid,772.46,0,
CM001855,CL001597,VH002813,PR000076,PR000013,,single_vehicle,rain,2024-02-21,True,0,0,1079.13,paid,988.72,0,
CM008407,CL002857,VH000051,PR000114,PR000013,PR000030,sideswipe,clear,2024-03-13,False,0,0,17835.66,paid,17592.95,1,RING000
CM002873,CL000902,VH000534,PR000148,,,sideswipe,clear,2023-05-14,True,0,0,4128.39,paid,3883.97,0,
CM003031,CL002556,VH000087,,PR000204,,rear_end_collision,clear,2024-02-05,True,0,0,7181.32,paid,7160.52,0,
CM001206,CL002310,VH001646,,PR000028,,rear_end_collision,clear,2024-02-12,True,1,0,5254.77,paid,4875.46,0,
CM006564,CL003327,VH003662,PR000035,PR000202,,rear_end_collision,rain,2024-01-09,True,0,1,3217.87,paid,3063.7,0,
CM001646,CL001319,VH002946,PR000196,PR000062,,multi_vehicle_pileup,clear,2025-03-08,False,0,2,4175.52,paid,3872.96,0,
CM003418,CL000408,VH003836,,PR000201,,rear_end_collision,clear,2023-06-24,True,0,0,2271.28,paid,2199.68,0,
CM003477,CL003100,VH001131,,PR000109,,sideswipe,clear,2023-11-12,True,0,1,4895.69,paid,4778.95,0,
CM008072,CL001031,VH001993,PR000003,PR000041,,parking_lot,rain,2024-08-10,True,0,0,5718.61,paid,5264.09,0,
CM002862,CL003405,VH001948,PR000074,PR000210,,parking_lot,fog,2024-12-28,False,1,0,3109.78,denied,0.0,0,
CM001793,CL003322,VH000758,,,,sideswipe,clear,2024-04-14,True,0,1,4916.53,paid,4709.22,0,
CM005527,CL001109,VH001700,PR000017,PR000111,,single_vehicle,clear,2025-01-14,True,1,0,5044.37,paid,4591.33,0,
CM006923,CL001064,VH003488,PR000120,PR000091,,parking_lot,snow,2024-09-24,False,1,0,4140.38,paid,3813.76,0,
CM003798,CL001822,VH002015,PR000098,PR000080,,parking_lot,snow,2025-08-15,True,0,1,5020.38,paid,4854.01,0,
CM003369,CL000350,VH002022,,,,rear_end_collision,clear,2024-12-18,True,0,0,3873.68,paid,3597.31,0,
CM003368,CL003798,VH003312,,,,single_vehicle,fog,2025-10-12,True,1,2,5004.61,paid,5000.31,0,
CM003534,CL001798,VH001498,,PR000160,,parking_lot,fog,2025-08-13,True,0,0,6708.55,paid,6228.09,0,
CM007197,CL003117,VH002051,PR000081,PR000133,,rear_end_collision,clear,2024-01-02,True,0,1,5800.13,paid,5633.2,0,
CM008600,CL001544,VH001445,PR000112,PR000060,PR000139,multi_vehicle_pileup,clear,2023-08-22,False,2,0,9135.32,paid,9125.53,1,RING007
CM005110,CL002599,VH001499,PR000004,,,multi_vehicle_pileup,clear,2023-10-18,True,0,0,4337.6,paid,4096.07,0,
CM006025,CL001992,VH003132,PR000112,PR000154,,sideswipe,rain,2025-12-24,True,0,2,3260.71,under_review,,0,
CM003450,CL001088,VH003694,PR000222,PR000009,,sideswipe,clear,2025-10-18,True,0,0,3508.1,paid,3234.44,0,
CM000604,CL002334,VH001996,PR000170,PR000133,,multi_vehicle_pileup,clear,2024-05-31,True,0,0,3163.96,paid,2935.99,0,
CM003057,CL002028,VH001544,PR000156,PR000095,,single_vehicle,snow,2023-01-01,True,0,0,6446.17,paid,6133.27,0,
CM008285,CL000006,VH002175,PR000206,PR000083,,sideswipe,clear,2024-10-31,True,0,0,2393.62,paid,2292.36,0,
CM000127,CL003086,VH003463,,PR000095,,parking_lot,clear,2025-10-11,True,0,1,2066.74,paid,2061.95,0,
CM005960,CL001835,VH000289,PR000046,,,multi_vehicle_pileup,rain,2024-03-15,True,0,0,4082.53,paid,3831.49,0,
CM003877,CL003346,VH003354,PR000056,PR000205,,parking_lot,clear,2024-03-27,True,0,1,5015.4,paid,5012.59,0,
CM002936,CL002608,VH002707,,PR000205,,sideswipe,rain,2024-06-08,True,0,0,2259.14,paid,2044.41,0,
CM007301,CL001545,VH001203,PR000196,PR000047,,sideswipe,clear,2025-02-07,True,0,0,1601.97,paid,1578.17,0,
CM005444,CL001020,VH000223,PR000152,PR000038,,single_vehicle,fog,2025-03-02,True,0,0,1277.05,paid,1157.45,0,
CM007152,CL001404,VH003321,,PR000145,,parking_lot,rain,2025-04-22,True,0,1,7438.94,paid,7076.64,0,
CM004452,CL001701,VH001457,,PR000151,,parking_lot,rain,2025-08-12,True,0,0,2470.52,under_review,,0,
CM007148,CL001289,VH000016,PR000096,PR000071,,parking_lot,clear,2023-10-03,True,0,0,608.8,paid,567.48,0,
CM003532,CL000035,VH003565,PR000023,PR000029,,parking_lot,clear,2023-01-11,True,0,1,489.37,paid,474.89,0,
CM002731,CL003083,VH003818,,,,parking_lot,clear,2023-03-15,True,1,1,7376.34,paid,7197.69,0,
CM000828,CL000733,VH002014,PR000063,PR000099,,multi_vehicle_pileup,clear,2023-06-25,True,0,1,6323.45,paid,5830.2,0,
CM001640,CL000631,VH002207,,PR000097,,single_vehicle,rain,2024-06-21,True,1,1,4298.48,under_review,,0,
CM007791,CL001146,VH001741,,PR000220,,parking_lot,clear,2024-05-19,True,1,0,1084.34,paid,1060.81,0,
CM007137,CL000996,VH000809,PR000002,PR000115,,rear_end_collision,snow,2025-08-18,True,1,0,5442.31,under_review,,0,
CM000985,CL001370,VH000489,PR000081,PR000201,,multi_vehicle_pileup,clear,2023-09-05,True,0,1,704.44,paid,637.44,0,
CM003282,CL000054,VH000051,PR000187,PR000161,,rear_end_collision,clear,2025-05-01,True,0,1,10582.64,paid,10178.84,0,
CM008896,CL003531,VH002018,PR000235,PR000097,PR000130,sideswipe,clear,2023-03-11,True,0,0,3481.72,paid,3389.54,1,RING019
CM007784,CL001999,VH001507,,PR000243,,rear_end_collision,clear,2024-08-27,False,0,0,2865.39,paid,2682.74,0,
CM002189,CL001932,VH001654,,PR000032,PR000054,rear_end_collision,clear,2024-06-24,False,1,1,6190.41,paid,5648.98,0,
CM002266,CL001827,VH000504,PR000146,PR000138,,single_vehicle,clear,2023-11-18,True,0,1,4331.92,paid,4304.58,0,
CM002444,CL003199,VH002182,PR000065,PR000229,,multi_vehicle_pileup,clear,2024-11-03,True,0,1,5282.08,paid,4817.12,0,
CM000363,CL002216,VH002007,PR000148,PR000150,,single_vehicle,clear,2025-11-24,True,1,1,1957.52,paid,1787.01,0,
CM002350,CL002917,VH003792,PR000168,PR000197,,rear_end_collision,clear,2024-12-18,True,1,1,3543.14,paid,3446.78,0,
CM000346,CL001820,VH000107,,PR000042,,sideswipe,rain,2024-10-27,True,1,1,2840.07,paid,2612.51,0,
CM000815,CL003961,VH001508,PR000127,PR000028,,parking_lot,clear,2025-04-18,True,0,0,2752.25,paid,2564.58,0,
CM006167,CL001995,VH000003,PR000057,PR000183,,rear_end_collision,clear,2024-04-08,False,0,3,1107.74,paid,1060.21,0,
CM004808,CL003139,VH000821,PR000212,PR000140,,sideswipe,clear,2024-03-31,False,2,2,2852.94,under_review,,0,
CM003206,CL001812,VH000554,PR000065,PR000245,,single_vehicle,clear,2023-05-05,True,0,0,3049.65,paid,3010.95,0,
CM007973,CL003031,VH000721,,PR000209,,parking_lot,clear,2024-08-13,True,1,3,2417.66,paid,2341.82,0,
CM002920,CL000782,VH001066,,PR000204,,single_vehicle,rain,2024-07-21,True,0,1,7248.36,paid,6927.86,0,
CM005962,CL002686,VH000699,PR000216,PR000201,,rear_end_collision,fog,2023-12-15,True,0,1,7059.49,paid,7033.49,0,
CM003326,CL003869,VH002187,PR000048,PR000243,,sideswipe,clear,2025-04-05,True,0,1,3322.76,paid,3039.27,0,
CM004107,CL001495,VH003525,PR000104,PR000108,PR000053,single_vehicle,fog,2025-02-26,False,0,0,3702.29,paid,3377.5,0,
CM005780,CL000263,VH001462,,,,single_vehicle,rain,2024-08-14,True,0,1,2959.32,paid,2840.25,0,
CM002117,CL002105,VH002037,,PR000137,,parking_lot,fog,2025-01-06,True,0,0,4107.28,paid,3875.7,0,
CM007451,CL001752,VH000518,,PR000075,,parking_lot,rain,2024-07-31,True,0,1,1396.94,paid,1355.81,0,
CM001835,CL002204,VH001318,PR000057,PR000137,PR000130,single_vehicle,rain,2023-02-13,True,0,0,596.45,paid,588.85,0,
CM000794,CL003097,VH000574,PR000168,PR000176,,sideswipe,clear,2023-06-06,True,0,1,1480.38,paid,1344.53,0,
CM007460,CL003459,VH000606,,PR000097,,parking_lot,snow,2025-08-08,True,0,0,1533.67,paid,1494.31,0,
CM001956,CL002380,VH002987,,PR000071,,sideswipe,clear,2025-07-27,True,0,0,2410.53,paid,2365.49,0,
CM006899,CL001291,VH002690,PR000104,PR000091,PR000193,single_vehicle,clear,2023-04-23,True,0,1,5652.68,paid,5300.75,0,
CM002675,CL001861,VH002027,,PR000042,,rear_end_collision,clear,2024-01-31,True,0,0,553.76,under_review,,0,
CM000095,CL002468,VH000041,PR000072,PR000169,PR000162,rear_end_collision,clear,2023-11-14,False,1,2,1137.18,paid,1105.58,0,
CM007968,CL001456,VH001043,PR000167,PR000194,,sideswipe,fog,2025-05-04,False,0,1,1772.14,paid,1737.79,0,
CM004226,CL002867,VH001481,PR000158,,,multi_vehicle_pileup,clear,2024-10-18,True,0,3,2953.45,paid,2730.37,0,
CM003757,CL000110,VH002979,PR000239,PR000166,,single_vehicle,clear,2023-03-21,True,0,0,10876.29,paid,10808.08,0,
CM002892,CL001297,VH002899,,PR000040,,rear_end_collision,rain,2025-10-22,True,0,0,3181.51,paid,3144.47,0,
CM002372,CL001171,VH002052,PR000085,,,parking_lot,clear,2023-03-18,False,0,1,1687.43,under_review,,0,
CM008238,CL003814,VH003192,,PR000038,,parking_lot,fog,2025-06-28,True,1,4,3192.89,under_review,,0,
CM007945,CL000001,VH000237,,PR000151,PR000007,multi_vehicle_pileup,clear,2024-02-01,True,0,0,3428.31,paid,3267.0,0,
CM007429,CL003914,VH000939,,PR000029,,parking_lot,snow,2024-03-16,True,0,0,10368.12,paid,9626.32,0,
CM008373,CL000617,VH003063,,PR000221,,parking_lot,rain,2025-01-18,True,0,1,1859.73,paid,1812.28,0,
CM003229,CL000462,VH002598,PR000104,PR000179,,rear_end_collision,clear,2023-01-29,True,0,1,3227.22,paid,3077.88,0,
CM006159,CL003509,VH000033,,,,rear_end_collision,rain,2024-03-12,True,2,0,4790.03,paid,4488.08,0,
CM007864,CL002193,VH001212,,PR000086,,parking_lot,clear,2023-06-25,True,0,1,8010.65,under_review,,0,
CM007092,CL000266,VH000186,,PR000226,PR000044,rear_end_collision,clear,2024-07-02,True,0,1,3337.96,paid,3235.85,0,
CM006360,CL003942,VH000808,PR000043,PR000000,,single_vehicle,fog,2023-02-10,True,2,2,7633.43,denied,0.0,0,
CM005997,CL003151,VH003197,PR000063,PR000037,PR000020,single_vehicle,clear,2023-12-10,True,0,1,5641.13,paid,5469.67,0,
CM008189,CL002456,VH001150,PR000066,PR000199,,rear_end_collision,rain,2024-09-21,True,1,1,3100.1,paid,2952.38,0,
CM008831,CL001465,VH003336,PR000198,PR000086,,parking_lot,clear,2024-08-25,False,0,1,3022.59,denied,0.0,1,RING016
CM007327,CL003974,VH002761,,PR000083,,sideswipe,clear,2025-05-26,True,0,1,1567.74,paid,1471.04,0,
CM006029,CL003314,VH000937,,PR000062,,single_vehicle,clear,2023-07-21,True,0,1,1960.09,denied,0.0,0,
CM002854,CL002105,VH002027,PR000081,PR000071,,multi_vehicle_pileup,snow,2024-11-15,False,1,0,1205.45,paid,1129.58,0,
CM008559,CL003925,VH002942,PR000064,PR000000,,single_vehicle,clear,2023-07-27,False,1,0,4964.92,denied,0.0,1,RING005
CM002913,CL003380,VH000048,PR000033,PR000087,,parking_lot,clear,2025-05-28,True,1,1,1835.51,paid,1663.06,0,
CM001866,CL002081,VH003661,,PR000138,,multi_vehicle_pileup,fog,2025-12-23,False,0,0,7518.38,paid,7098.65,0,
CM005755,CL003475,VH003390,PR000048,PR000024,,rear_end_collision,clear,2025-07-05,True,0,1,2169.15,under_review,,0,
CM004613,CL003321,VH001582,,PR000140,,parking_lot,clear,2024-04-06,True,0,0,4600.61,paid,4491.16,0,
CM007690,CL003953,VH001264,PR000196,PR000000,PR000100,sideswipe,rain,2025-08-10,True,1,1,4856.58,under_review,,0,
CM001858,CL003956,VH002820,PR000238,PR000179,PR000020,rear_end_collision,clear,2024-09-24,False,0,1,8225.64,paid,7572.25,0,
CM002646,CL001578,VH003066,,PR000027,,parking_lot,fog,2024-08-23,False,1,1,2303.36,paid,2265.82,0,
CM002244,CL000749,VH002385,PR000146,,,multi_vehicle_pileup,snow,2025-08-30,False,0,0,3603.14,paid,3273.57,0,
CM005374,CL001413,VH002477,PR000164,PR000000,,single_vehicle,rain,2024-10-30,True,2,0,4670.11,paid,4375.54,0,
CM002337,CL002993,VH002714,PR000168,PR000166,,multi_vehicle_pileup,clear,2023-04-11,False,0,2,2174.67,paid,2105.38,0,
CM000951,CL002143,VH000757,,PR000218,,multi_vehicle_pileup,rain,2025-03-11,True,0,0,7577.68,paid,7412.17,0,
CM007579,CL002497,VH001132,PR000248,PR000047,,multi_vehicle_pileup,clear,2024-08-11,False,0,0,4969.38,paid,4504.09,0,
CM008327,CL002394,VH003293,PR000153,PR000180,,parking_lot,clear,2024-03-29,True,0,0,8010.63,paid,7746.79,0,
CM003069,CL001498,VH002258,PR000238,PR000143,,sideswipe,clear,2023-08-11,True,0,0,9122.91,paid,8646.0,0,
CM001121,CL000162,VH000806,,,,parking_lot,clear,2024-11-11,True,0,1,1124.8,paid,1076.18,0,
CM007609,CL002993,VH001202,PR000240,PR000228,,multi_vehicle_pileup,rain,2023-10-18,True,0,0,3953.15,paid,3687.46,0,
CM002598,CL003162,VH000570,,PR000037,,sideswipe,snow,2025-03-10,True,1,1,4361.22,paid,4330.89,0,
CM002205,CL002978,VH000901,,PR000038,,single_vehicle,clear,2024-06-26,True,0,0,2698.72,paid,2628.48,0,
CM000420,CL003910,VH000458,PR000064,,,single_vehicle,clear,2025-04-03,False,0,2,10505.81,paid,9468.66,0,
CM000923,CL002217,VH000958,PR000104,PR000131,PR000185,multi_vehicle_pileup,snow,2024-07-10,True,1,0,2066.9,paid,1967.24,0,
CM001255,CL001460,VH000957,,PR000015,,sideswipe,clear,2024-03-07,True,1,2,9795.4,paid,9602.64,0,
CM000478,CL002115,VH002416,PR000170,PR000228,,sideswipe,clear,2023-11-01,True,0,0,4240.95,paid,3878.76,0,
CM002036,CL001767,VH000004,PR000004,PR000037,,sideswipe,clear,2025-03-16,False,2,1,4973.42,paid,4522.36,0,
CM005409,CL002682,VH001925,,PR000011,,single_vehicle,rain,2024-08-07,True,0,1,3538.23,paid,3208.86,0,
CM005789,CL000379,VH000873,,PR000145,,multi_vehicle_pileup,clear,2024-10-28,True,0,1,2181.89,paid,2022.35,0,
CM005743,CL001281,VH002075,,PR000199,,parking_lot,rain,2025-06-04,True,1,1,1893.42,under_review,,0,
CM007183,CL003394,VH002563,,PR000047,,rear_end_collision,clear,2023-01-16,True,0,1,4840.28,paid,4571.47,0,
CM007668,CL001647,VH003178,PR000104,PR000172,,sideswipe,clear,2023-01-24,True,0,0,648.61,paid,632.04,0,
CM005568,CL003593,VH002512,PR000206,PR000000,,sideswipe,rain,2025-06-24,True,0,2,2256.19,paid,2159.6,0,
CM006698,CL001272,VH003055,PR000114,PR000183,,parking_lot,rain,2024-05-27,True,0,0,1427.05,paid,1316.2,0,
CM001203,CL003517,VH002506,PR000085,,PR000126,parking_lot,clear,2023-06-15,False,0,2,3419.26,denied,0.0,0,
CM006535,CL002950,VH002340,,PR000157,,parking_lot,fog,2023-09-13,False,1,1,481.17,paid,475.82,0,
CM002627,CL002993,VH000342,,PR000224,,multi_vehicle_pileup,rain,2025-11-21,False,0,0,1859.49,paid,1736.72,0,
CM005766,CL003265,VH001627,,PR000079,,single_vehicle,clear,2024-06-09,True,2,0,2515.5,paid,2509.93,0,
CM008742,CL001520,VH002384,PR000119,PR000197,PR000135,single_vehicle,rain,2025-06-10,False,2,0,4812.99,denied,0.0,1,RING012
CM001971,CL002545,VH001182,PR000148,PR000174,,rear_end_collision,clear,2024-09-15,True,1,2,309.39,paid,308.5,0,
CM003111,CL001314,VH003082,PR000001,PR000128,,multi_vehicle_pileup,clear,2024-06-18,True,1,1,2506.08,paid,2415.67,0,
CM004019,CL000221,VH001309,PR000146,PR000165,,single_vehicle,clear,2025-02-02,True,0,0,2278.26,paid,2181.38,0,
CM002152,CL003501,VH000908,PR000008,PR000151,,parking_lot,snow,2025-11-18,False,0,0,3882.47,paid,3703.81,0,
CM003688,CL001637,VH003607,PR000200,PR000132,,single_vehicle,snow,2024-09-17,True,0,0,2020.81,paid,1881.53,0,
CM004917,CL000877,VH000887,PR000168,PR000121,,parking_lot,clear,2024-11-14,True,0,0,4832.31,paid,4788.6,0,
CM001998,CL003731,VH001972,,PR000143,,sideswipe,snow,2024-01-15,True,0,0,6686.79,paid,6402.44,0,
CM004034,CL002305,VH001108,,,,parking_lot,rain,2023-04-23,True,1,2,4187.84,paid,3939.05,0,
CM004599,CL000182,VH003973,,,,parking_lot,clear,2023-12-13,True,0,2,2858.27,paid,2715.43,0,
CM003055,CL000788,VH001278,,PR000245,,sideswipe,clear,2023-03-20,True,1,0,5110.03,paid,4659.98,0,
CM001249,CL001614,VH002436,PR000006,,,multi_vehicle_pileup,clear,2025-05-23,True,0,0,1732.39,paid,1730.74,0,
CM002193,CL001799,VH002684,PR000158,PR000221,,sideswipe,clear,2024-06-12,True,0,2,3360.75,paid,3305.22,0,
CM002713,CL003613,VH000249,PR000231,PR000163,,multi_vehicle_pileup,rain,2025-05-06,True,0,1,3965.83,paid,3787.3,0,
CM000993,CL000348,VH002837,,PR000203,,single_vehicle,snow,2024-05-12,True,0,0,328.24,paid,303.49,0,
CM002191,CL001236,VH000428,PR000235,PR000011,,parking_lot,rain,2024-03-20,True,0,0,6314.97,under_review,,0,
CM004671,CL002898,VH002744,,PR000161,,parking_lot,snow,2025-05-26,True,0,1,8178.5,paid,8109.08,0,
CM005143,CL003110,VH000698,,,PR000230,sideswipe,rain,2025-03-19,True,1,2,5735.44,paid,5562.23,0,
CM005985,CL000942,VH003207,,PR000062,PR000237,rear_end_collision,clear,2025-06-21,False,0,3,534.01,under_review,,0,
CM006566,CL003760,VH000192,PR000231,PR000111,,multi_vehicle_pileup,clear,2023-09-23,True,1,1,3863.48,paid,3769.46,0,
CM007805,CL001453,VH001012,,,,multi_vehicle_pileup,snow,2023-04-11,True,1,0,1271.04,under_review,,0,
CM003763,CL000845,VH002119,,,,parking_lot,clear,2023-08-09,True,1,0,6973.48,paid,6815.95,0,
CM006944,CL003610,VH001125,,PR000241,,parking_lot,rain,2023-04-15,True,0,0,1724.51,paid,1612.02,0,
CM003598,CL002380,VH000646,,PR000131,,multi_vehicle_pileup,clear,2024-03-24,True,0,1,5299.92,paid,4859.09,0,
CM004712,CL002459,VH000087,,PR000041,,parking_lot,clear,2023-10-17,True,1,0,5682.91,paid,5322.58,0,
CM001319,CL000645,VH003443,PR000004,PR000150,,parking_lot,rain,2025-10-24,True,0,1,2160.06,paid,1989.81,0,
CM001864,CL000244,VH000302,,PR000055,,single_vehicle,clear,2024-03-17,True,1,0,1064.42,paid,1004.31,0,
CM002344,CL003260,VH000593,PR000136,,,parking_lot,clear,2023-11-10,True,0,0,2961.36,under_review,,0,
CM002450,CL000998,VH002416,PR000219,PR000052,,sideswipe,clear,2025-10-24,True,0,0,6946.25,paid,6881.24,0,
CM002137,CL000837,VH000144,PR000073,PR000047,,rear_end_collision,clear,2024-01-09,True,1,1,2931.11,under_review,,0,
CM001066,CL003408,VH003958,PR000023,PR000012,,multi_vehicle_pileup,fog,2023-06-06,True,0,3,3659.35,paid,3654.9,0,
CM005869,CL000407,VH003854,,PR000150,,rear_end_collision,clear,2025-03-05,False,0,0,4538.34,paid,4401.6,0,
CM000601,CL001894,VH003177,,PR000182,PR000177,rear_end_collision,rain,2024-03-31,False,0,0,2093.48,paid,1889.06,0,
CM004228,CL002842,VH003316,PR000063,,,parking_lot,snow,2023-11-13,True,0,0,6409.07,paid,6060.3,0,
CM002622,CL000684,VH000868,PR000153,,,single_vehicle,clear,2024-04-03,True,0,0,738.03,paid,731.64,0,
CM007578,CL001745,VH000182,,PR000042,,sideswipe,clear,2024-08-06,False,0,0,2930.0,under_review,,0,
CM000078,CL003751,VH001831,PR000065,PR000123,,single_vehicle,snow,2025-05-29,True,0,1,4037.68,paid,3828.64,0,
CM007547,CL001710,VH001401,PR000112,PR000105,,single_vehicle,fog,2023-08-06,False,0,0,3540.67,denied,0.0,0,
CM002899,CL000953,VH001582,PR000036,PR000218,,rear_end_collision,clear,2023-08-07,True,0,3,9334.92,paid,9302.47,0,
CM006149,CL003238,VH000581,PR000239,PR000045,,sideswipe,clear,2025-12-05,True,0,0,5085.56,paid,5020.62,0,
CM007333,CL002607,VH001376,PR000119,PR000199,,multi_vehicle_pileup,clear,2025-10-11,False,3,2,2674.83,paid,2581.42,0,
CM004821,CL002721,VH000213,,PR000028,,rear_end_collision,snow,2025-02-16,True,0,2,3901.82,paid,3828.39,0,
CM001315,CL000019,VH000796,PR000048,PR000150,,sideswipe,clear,2023-07-02,True,0,1,4574.94,paid,4335.16,0,
CM008293,CL001176,VH002009,,PR000024,,multi_vehicle_pileup,clear,2025-06-20,False,0,0,3417.97,paid,3244.24,0,
CM005948,CL003499,VH002760,PR000112,,,single_vehicle,clear,2024-05-09,True,1,0,2646.38,paid,2479.69,0,
CM006414,CL001519,VH000074,,PR000121,,sideswipe,clear,2023-10-24,True,0,1,4483.76,paid,4167.59,0,
CM008301,CL001687,VH001603,PR000057,PR000143,,multi_vehicle_pileup,clear,2023-11-27,True,0,2,5171.53,paid,5097.59,0,
CM000873,CL002147,VH003259,PR000056,PR000099,PR000101,sideswipe,rain,2023-03-03,True,2,0,3086.74,paid,3043.5,0,
CM003851,CL003921,VH002589,,PR000245,,parking_lot,clear,2025-08-02,False,1,3,6493.21,paid,6378.4,0,
CM008008,CL000577,VH003167,,PR000179,PR000053,sideswipe,fog,2023-02-19,False,2,1,4323.12,paid,4299.38,0,
CM005469,CL000043,VH000357,PR000200,,PR000237,sideswipe,clear,2024-01-22,True,2,1,3828.93,under_review,,0,
CM005952,CL000194,VH001906,PR000170,PR000055,,single_vehicle,clear,2023-11-05,True,1,0,2539.04,under_review,,0,
CM003644,CL001474,VH000176,,PR000205,,sideswipe,clear,2023-10-14,False,1,0,9057.2,paid,8922.98,0,
CM002966,CL000760,VH003833,,PR000209,,sideswipe,rain,2023-09-10,True,0,1,1431.78,paid,1312.0,0,
CM003392,CL001275,VH001234,,,,rear_end_collision,clear,2025-04-15,True,1,0,6397.43,under_review,,0,
CM005416,CL002445,VH001824,,PR000107,,multi_vehicle_pileup,rain,2023-12-12,True,0,0,3162.97,paid,2971.12,0,
CM002561,CL001951,VH001261,,PR000204,,multi_vehicle_pileup,snow,2024-11-22,False,2,2,5953.34,paid,5501.68,0,
CM001571,CL001832,VH003924,,PR000137,,parking_lot,clear,2023-12-22,True,3,2,4244.47,under_review,,0,
CM002636,CL000683,VH001619,PR000063,PR000071,,rear_end_collision,clear,2025-01-31,True,0,0,2001.59,paid,1877.71,0,
CM005257,CL003728,VH001366,PR000019,,,sideswipe,clear,2023-08-17,True,0,0,6162.12,paid,6016.59,0,
CM003531,CL001678,VH001307,,PR000132,,multi_vehicle_pileup,rain,2024-02-05,True,0,4,1468.3,paid,1354.41,0,
CM000376,CL003047,VH002125,PR000127,PR000011,,parking_lot,fog,2024-12-06,True,0,1,2657.83,paid,2440.64,0,
CM001909,CL000981,VH000611,,,,single_vehicle,clear,2023-05-16,True,0,2,3741.18,paid,3581.43,0,
CM004430,CL002581,VH000844,,PR000131,,sideswipe,clear,2023-03-23,False,0,1,1988.55,paid,1981.88,0,
CM001970,CL003362,VH003505,PR000156,PR000099,,rear_end_collision,clear,2023-03-31,True,0,0,3736.71,paid,3732.02,0,
CM000236,CL002042,VH000652,PR000068,,,rear_end_collision,clear,2025-10-18,True,0,1,3433.53,paid,3158.75,0,
CM004028,CL002462,VH000950,PR000136,,,parking_lot,rain,2025-07-22,True,0,1,956.39,paid,939.88,0,
CM006462,CL000689,VH003954,,,,parking_lot,clear,2023-09-06,True,0,1,4740.17,paid,4678.92,0,
CM001605,CL002086,VH001602,,PR000005,,rear_end_collision,clear,2023-09-01,True,1,0,7941.64,paid,7358.79,0,
CM007985,CL001961,VH002031,,PR000176,,rear_end_collision,clear,2023-11-26,False,0,3,4488.94,paid,4413.63,0,
CM001119,CL003769,VH001920,,PR000133,,parking_lot,snow,2024-08-18,False,1,1,6035.17,paid,6026.49,0,
CM003678,CL002692,VH003233,PR000113,PR000178,,parking_lot,rain,2024-08-19,True,1,1,3215.02,paid,3167.41,0,
CM003491,CL000418,VH003517,PR000168,PR000005,,sideswipe,clear,2023-03-03,True,0,2,3002.96,paid,2870.6,0,
CM002039,CL002615,VH000555,PR000119,PR000038,,rear_end_collision,clear,2023-04-26,True,0,1,2163.22,paid,1956.8,0,
CM007718,CL003806,VH003246,PR000153,PR000150,,single_vehicle,snow,2024-07-03,True,1,1,1083.74,under_review,,0,
CM006040,CL003870,VH002679,,PR000005,,multi_vehicle_pileup,clear,2023-07-31,True,0,1,1359.0,paid,1297.08,0,
CM002959,CL002050,VH002278,PR000073,,,sideswipe,snow,2024-11-17,True,1,2,5862.05,under_review,,0,
CM001995,CL001705,VH002774,PR000035,PR000090,,single_vehicle,clear,2024-10-07,True,0,0,5002.98,paid,4899.56,0,
CM002825,CL003843,VH002131,,PR000128,,multi_vehicle_pileup,clear,2025-05-29,True,0,0,5798.59,paid,5296.8,0,
CM008276,CL002904,VH002506,PR000088,,,parking_lot,clear,2023-08-07,True,0,1,5716.76,paid,5658.42,0,
CM002377,CL003707,VH000442,,PR000027,,sideswipe,clear,2024-01-23,True,0,1,7690.69,paid,7560.37,0,
CM008519,CL000622,VH003388,PR000214,PR000115,PR000147,multi_vehicle_pileup,clear,2023-11-15,False,1,0,778.35,paid,725.34,1,RING004
CM001343,CL002425,VH002089,,,,parking_lot,fog,2023-01-31,True,0,1,6176.25,paid,5808.3,0,
CM000321,CL001156,VH002996,,PR000143,,single_vehicle,fog,2023-04-21,True,1,3,813.99,paid,739.71,0,
CM001620,CL003960,VH001444,,PR000224,,single_vehicle,clear,2025-12-06,True,1,0,3529.65,paid,3227.7,0,
CM003714,CL000721,VH001613,PR000014,PR000246,,multi_vehicle_pileup,clear,2024-07-30,True,1,3,1597.5,under_review,,0,
CM005288,CL003612,VH003735,PR000196,PR000150,,parking_lot,clear,2025-07-24,True,0,0,4321.94,paid,4176.5,0,
CM002061,CL001901,VH001466,PR000014,,,single_vehicle,clear,2023-05-02,True,1,2,4792.95,paid,4715.28,0,
CM008882,CL001559,VH003036,PR000049,PR000045,,single_vehicle,clear,2024-09-09,True,0,2,8065.29,paid,7614.83,1,RING018
CM002220,CL000708,VH003175,PR000187,PR000205,,single_vehicle,clear,2024-07-02,True,0,1,1120.73,paid,1117.36,0,
CM001674,CL003721,VH003990,,PR000150,,multi_vehicle_pileup,clear,2023-08-10,True,1,0,10215.22,paid,10082.64,0,
CM006039,CL002952,VH002410,PR000049,PR000037,,single_vehicle,snow,2023-04-11,True,0,0,1432.06,paid,1304.49,0,
CM000261,CL003635,VH002033,PR000153,PR000243,,multi_vehicle_pileup,snow,2023-03-20,True,0,2,5972.72,paid,5811.22,0,
CM008350,CL001008,VH002713,PR000008,PR000172,,sideswipe,clear,2023-01-17,True,0,0,7349.11,paid,7086.92,0,
CM002040,CL003473,VH001913,PR000217,PR000204,,single_vehicle,clear,2023-12-21,False,0,0,1502.71,paid,1403.54,0,
CM004786,CL002166,VH002998,PR000039,PR000124,,single_vehicle,clear,2024-03-07,False,1,0,4218.74,paid,4092.86,0,
CM000902,CL003579,VH002657,PR000098,PR000205,,multi_vehicle_pileup,fog,2025-01-08,True,0,1,822.54,paid,800.88,0,
CM003745,CL002489,VH000241,PR000070,PR000197,,rear_end_collision,clear,2023-03-04,False,0,2,3534.86,paid,3255.02,0,
CM006403,CL001653,VH002562,PR000152,PR000121,,multi_vehicle_pileup,clear,2024-12-01,True,1,2,7266.97,under_review,,0,
CM002027,CL003367,VH003158,,PR000143,,single_vehicle,rain,2025-07-12,True,0,0,729.79,paid,724.08,0,
CM006989,CL003085,VH002617,,PR000182,,parking_lot,fog,2024-03-05,True,0,1,3115.14,paid,3096.73,0,
CM008036,CL000957,VH000028,,PR000032,,single_vehicle,fog,2024-02-26,True,0,0,4065.4,paid,3873.58,0,
CM007679,CL002705,VH003702,PR000085,PR000174,,multi_vehicle_pileup,rain,2025-03-22,True,0,0,4265.56,paid,4159.63,0,
CM004235,CL003840,VH003824,,,,multi_vehicle_pileup,snow,2024-12-09,True,0,3,4456.86,paid,4308.49,0,
CM001918,CL000204,VH003709,,PR000166,,rear_end_collision,fog,2025-04-01,True,0,0,15297.57,paid,14357.07,0,
CM001829,CL003753,VH001530,PR000249,PR000087,,rear_end_collision,rain,2024-09-11,True,0,1,9080.26,paid,8385.72,0,
CM001574,CL002960,VH003560,,PR000087,,parking_lot,clear,2025-03-28,True,1,3,3141.88,paid,3022.84,0,
CM004416,CL003537,VH000448,PR000231,PR000041,,sideswipe,fog,2025-06-12,True,0,1,991.69,paid,915.29,0,
CM004750,CL002134,VH001479,PR000118,PR000137,,multi_vehicle_pileup,clear,2025-09-30,True,0,2,5410.28,under_review,,0,
CM006234,CL003078,VH000920,PR000164,PR000029,,multi_vehicle_pileup,rain,2025-08-04,True,2,2,2889.19,paid,2684.89,0,
CM008640,CL003660,VH001560,PR000046,PR000201,PR000230,single_vehicle,snow,2024-12-12,True,1,0,12151.89,denied,0.0,1,RING008
CM004655,CL003998,VH003777,,PR000138,,rear_end_collision,rain,2024-07-15,True,1,0,6317.7,paid,6168.07,0,
CM006284,CL003193,VH000603,,PR000105,,single_vehicle,clear,2025-05-27,True,0,0,2694.52,paid,2589.65,0,
CM004209,CL001160,VH000681,,,,multi_vehicle_pileup,fog,2023-03-14,False,0,0,3871.99,paid,3610.65,0,
CM004628,CL002834,VH001966,,PR000121,,multi_vehicle_pileup,clear,2025-08-27,True,0,1,1440.03,paid,1330.08,0,
CM000225,CL002856,VH002965,,PR000140,PR000016,single_vehicle,clear,2023-05-15,True,0,1,2010.26,denied,0.0,0,
CM000724,CL000765,VH002547,,PR000013,,multi_vehicle_pileup,rain,2025-01-08,False,1,1,3701.27,paid,3436.03,0,
CM008418,CL003687,VH002718,PR000114,PR000013,PR000030,sideswipe,clear,2024-04-21,False,1,0,2778.45,denied,0.0,1,RING000
CM006980,CL000813,VH000076,PR000076,,PR000237,multi_vehicle_pileup,clear,2024-08-03,False,0,2,3651.49,paid,3384.44,0,
CM001142,CL002621,VH003181,PR000239,PR000199,,rear_end_collision,clear,2024-05-24,True,1,1,2282.1,paid,2183.86,0,
CM005530,CL000980,VH002055,,PR000172,,sideswipe,fog,2023-05-02,True,1,0,3196.57,paid,2983.01,0,
CM006470,CL000078,VH000190,,PR000109,,rear_end_collision,clear,2024-04-03,False,0,0,1809.5,paid,1634.2,0,
CM005765,CL003414,VH001990,PR000206,PR000220,,parking_lot,clear,2023-04-07,True,0,1,8167.8,paid,7970.03,0,
CM007468,CL003559,VH000372,,,,multi_vehicle_pileup,snow,2024-07-06,False,0,1,6179.62,denied,0.0,0,
CM008395,CL000735,VH000267,PR000158,PR000211,,rear_end_collision,rain,2023-01-29,True,1,1,6175.61,paid,5642.06,0,
CM005555,CL001243,VH000981,,PR000150,PR000101,sideswipe,clear,2023-09-07,True,0,0,2096.41,paid,2046.1,0,
CM007194,CL002308,VH003027,,PR000166,,rear_end_collision,clear,2023-07-03,False,0,1,1805.22,denied,0.0,0,
CM005512,CL002458,VH002981,PR000006,PR000243,,single_vehicle,clear,2025-09-26,True,1,0,2078.8,paid,2012.7,0,
CM002763,CL001107,VH000435,PR000127,,,multi_vehicle_pileup,clear,2024-06-29,True,0,0,6266.32,paid,6083.55,0,
CM000847,CL001388,VH001238,PR000056,PR000055,,parking_lot,rain,2025-11-09,True,1,2,2225.02,paid,2048.45,0,
CM004290,CL003540,VH003109,PR000004,PR000117,,sideswipe,fog,2024-07-21,True,0,0,5630.72,paid,5313.84,0,
CM005561,CL003433,VH003415,PR000158,PR000145,PR000185,parking_lot,snow,2024-02-10,True,1,0,2312.48,paid,2120.86,0,
CM006718,CL003080,VH002248,,PR000090,,rear_end_collision,clear,2023-06-21,True,0,0,622.0,paid,611.83,0,
CM005043,CL003368,VH001338,PR000200,PR000124,,parking_lot,clear,2023-10-26,True,0,1,3088.92,paid,2791.91,0,
CM006118,CL002730,VH002183,PR000233,PR000069,PR000147,sideswipe,clear,2023-03-10,True,0,0,6355.42,under_review,,0,
CM002552,CL003867,VH001434,PR000235,PR000221,,rear_end_collision,clear,2023-09-19,True,0,0,4847.48,under_review,,0,
CM005726,CL001567,VH003013,PR000035,PR000184,,parking_lot,clear,2025-02-04,False,0,0,6764.49,paid,6675.73,0,
CM002929,CL000878,VH001728,,PR000179,,single_vehicle,clear,2024-02-05,True,0,0,2403.34,paid,2173.25,0,
CM000118,CL001300,VH003866,PR000112,PR000097,,single_vehicle,rain,2023-04-20,True,0,0,9435.72,paid,9140.7,0,
CM000646,CL001236,VH003807,PR000190,,,multi_vehicle_pileup,rain,2024-11-19,False,0,0,1779.23,paid,1634.04,0,
CM005967,CL003103,VH003728,PR000023,PR000092,,rear_end_collision,clear,2023-12-03,True,0,0,4808.35,paid,4610.96,0,
CM000004,CL000203,VH000038,,PR000228,,sideswipe,rain,2023-09-18,False,1,0,9533.07,paid,9155.65,0,
CM004171,CL000707,VH000984,PR000168,PR000111,PR000230,rear_end_collision,rain,2023-05-04,True,0,1,383.29,paid,350.5,0,
CM005852,CL003312,VH001691,,,,multi_vehicle_pileup,clear,2025-07-26,True,0,0,6458.32,paid,5945.41,0,
CM000468,CL001072,VH000320,PR000057,PR000131,,multi_vehicle_pileup,clear,2024-02-04,True,0,0,946.77,paid,906.6,0,
CM007490,CL001869,VH000864,,PR000037,,rear_end_collision,fog,2023-08-07,False,0,0,843.18,paid,808.68,0,
CM000006,CL002839,VH000342,,PR000109,,rear_end_collision,clear,2023-10-05,True,0,0,2350.19,paid,2171.91,0,
CM005343,CL001825,VH003390,,PR000182,,rear_end_collision,clear,2023-07-23,True,1,0,3396.28,paid,3178.25,0,
CM000920,CL000800,VH002510,,PR000161,,rear_end_collision,rain,2023-05-14,False,0,0,6982.2,paid,6662.69,0,
CM002596,CL002781,VH003192,,PR000029,,multi_vehicle_pileup,clear,2024-03-24,True,0,1,5355.54,paid,5137.79,0,
CM004325,CL002920,VH002087,,PR000045,,multi_vehicle_pileup,clear,2025-10-22,True,0,0,1500.81,paid,1380.57,0,
CM001064,CL000998,VH003221,PR000098,PR000154,,single_vehicle,clear,2025-07-18,True,1,1,2488.28,paid,2295.86,0,
CM002591,CL003424,VH000653,,PR000140,,rear_end_collision,rain,2025-05-08,False,0,1,2507.93,paid,2411.96,0,
CM000243,CL002362,VH001474,PR000153,PR000084,,sideswipe,clear,2025-08-25,True,1,0,1373.12,paid,1249.79,0,
CM007043,CL001111,VH001694,PR000206,PR000197,,multi_vehicle_pileup,snow,2023-07-15,True,0,0,2691.8,paid,2599.27,0,
CM008286,CL000465,VH003032,PR000014,,,single_vehicle,rain,2024-02-16,True,2,3,8115.59,paid,8017.64,0,
CM001161,CL000195,VH001277,PR000149,PR000166,,parking_lot,clear,2023-03-02,True,0,1,4189.33,under_review,,0,
CM002871,CL003992,VH002206,PR000240,PR000115,,rear_end_collision,clear,2025-02-12,False,0,1,1124.33,paid,1095.49,0,
CM003736,CL001833,VH003855,,PR000028,,parking_lot,clear,2024-05-19,True,0,0,5149.8,paid,5042.51,0,
CM008510,CL001719,VH001068,PR000019,PR000071,PR000102,rear_end_collision,clear,2024-03-16,False,1,0,3047.17,denied,0.0,1,RING003
CM002398,CL003434,VH003488,PR000200,PR000226,,parking_lot,snow,2023-07-30,True,0,1,5486.35,paid,5182.27,0,
CM007998,CL002518,VH001643,,,,sideswipe,clear,2024-10-11,True,0,0,8981.67,paid,8165.72,0,
CM003518,CL000826,VH003607,PR000186,,PR000155,rear_end_collision,clear,2024-09-02,True,0,1,642.25,paid,640.15,0,
CM006987,CL001356,VH001337,,PR000045,,single_vehicle,rain,2024-02-19,True,1,0,11830.95,under_review,,0,
CM003422,CL002343,VH000892,PR000212,,,rear_end_collision,clear,2025-05-25,True,0,0,901.9,paid,884.67,0,
CM002564,CL000292,VH001891,PR000116,,,single_vehicle,clear,2023-04-30,True,0,1,557.27,under_review,,0,
CM006768,CL003123,VH002421,,PR000032,,multi_vehicle_pileup,clear,2023-08-06,True,0,1,6897.96,paid,6521.09,0,
CM005623,CL002025,VH001952,,PR000109,,rear_end_collision,snow,2025-02-26,True,0,3,8222.55,paid,7406.26,0,
CM001606,CL000659,VH001666,,PR000211,,single_vehicle,fog,2023-05-27,True,0,0,2813.12,paid,2600.44,0,
CM001734,CL001603,VH000284,PR000189,,,single_vehicle,rain,2023-10-22,True,1,1,5209.84,denied,0.0,0,
CM002325,CL000306,VH002646,PR000125,PR000202,,parking_lot,clear,2023-12-29,True,0,2,749.87,paid,698.24,0,
CM002710,CL002106,VH003705,PR000238,PR000209,,rear_end_collision,fog,2024-07-21,False,1,1,3129.98,paid,2827.87,0,
CM008329,CL001886,VH002816,PR000152,,,rear_end_collision,clear,2024-03-23,False,2,0,564.23,paid,523.72,0,
CM001313,CL000625,VH003819,,,,single_vehicle,fog,2023-06-01,True,0,0,6602.97,paid,6501.31,0,
CM003449,CL003575,VH001341,,PR000062,,multi_vehicle_pileup,rain,2023-02-09,False,0,0,940.46,paid,890.94,0,
CM003813,CL001661,VH000723,PR000051,PR000132,,parking_lot,rain,2023-04-20,True,0,1,1617.46,paid,1580.22,0,
CM006086,CL000297,VH001052,,,,rear_end_collision,clear,2024-03-08,True,1,0,1715.88,under_review,,0,
CM008583,CL003088,VH001153,PR000064,PR000000,,single_vehicle,rain,2023-05-21,True,2,0,6340.4,denied,0.0,1,RING005
CM002363,CL001158,VH000376,PR000076,PR000218,,single_vehicle,rain,2025-06-16,True,1,1,6030.48,paid,5794.28,0,
CM001976,CL002130,VH001464,PR000096,PR000080,,rear_end_collision,clear,2025-11-08,True,0,0,2438.82,paid,2278.88,0,
CM003515,CL002834,VH003510,PR000031,PR000027,,parking_lot,clear,2023-02-21,False,0,0,5211.2,under_review,,0,
CM001762,CL001530,VH001606,,PR000091,,parking_lot,clear,2024-11-01,True,0,1,4791.01,paid,4569.5,0,
CM007488,CL003303,VH001303,PR000152,PR000132,,parking_lot,clear,2025-10-30,True,0,0,4235.22,paid,3882.55,0,
CM005402,CL000542,VH001121,PR000096,PR000087,,single_vehicle,clear,2023-03-01,True,0,1,4843.46,paid,4360.47,0,
CM002740,CL002755,VH000534,PR000200,PR000092,PR000177,multi_vehicle_pileup,clear,2023-04-25,True,0,3,6905.21,paid,6429.48,0,
CM005638,CL003694,VH001298,,,,single_vehicle,clear,2025-04-27,True,0,1,3619.89,paid,3281.61,0,
CM002661,CL002282,VH002517,,PR000069,,multi_vehicle_pileup,clear,2023-07-28,True,0,0,7198.1,paid,6673.06,0,
CM002473,CL003281,VH003448,PR000088,PR000194,,multi_vehicle_pileup,clear,2024-06-24,True,0,0,9121.33,paid,8844.23,0,
CM008813,CL001096,VH001695,PR000106,PR000203,PR000230,sideswipe,rain,2024-01-30,True,0,0,4029.92,denied,0.0,1,RING015
CM006739,CL001313,VH001102,,PR000225,,rear_end_collision,clear,2024-08-06,True,0,2,3703.37,paid,3480.41,0,
CM006892,CL003881,VH001672,,PR000151,,rear_end_collision,clear,2024-03-15,True,1,0,1396.69,paid,1275.44,0,
CM007537,CL001209,VH000103,PR000114,PR000180,,rear_end_collision,clear,2023-02-17,True,0,2,1217.39,paid,1201.16,0,
CM004008,CL002180,VH001126,PR000070,PR000218,,single_vehicle,clear,2024-02-18,True,0,1,6097.71,under_review,,0,
CM007944,CL002964,VH002181,,PR000027,,multi_vehicle_pileup,snow,2023-05-31,True,0,1,3373.46,paid,3249.3,0,
CM004719,CL002781,VH002116,,PR000201,,rear_end_collision,clear,2025-10-06,False,1,1,2277.66,paid,2078.72,0,
CM006178,CL003343,VH003240,,PR000166,,parking_lot,snow,2023-10-13,True,0,2,1783.42,under_review,,0,
CM001494,CL001905,VH002092,PR000014,PR000245,,rear_end_collision,clear,2023-09-01,True,0,1,4605.18,paid,4232.18,0,
CM004207,CL000500,VH003160,,PR000083,,parking_lot,clear,2025-06-11,True,0,2,3105.19,paid,3017.04,0,
CM006372,CL000411,VH002040,PR000106,PR000140,,single_vehicle,clear,2025-03-14,False,1,1,3899.69,paid,3558.91,0,
CM002159,CL000232,VH000770,,PR000015,,rear_end_collision,clear,2025-11-12,False,0,0,5281.6,paid,4812.88,0,
CM001170,CL003570,VH002685,,,,single_vehicle,clear,2023-06-26,False,0,1,8831.3,paid,8493.18,0,
CM008451,CL001190,VH003622,PR000146,PR000105,,single_vehicle,clear,2024-03-14,False,0,0,4435.5,paid,4036.65,1,RING001
CM000233,CL001122,VH003532,PR000171,PR000224,,multi_vehicle_pileup,clear,2025-10-09,True,0,0,3985.04,denied,0.0,0,
CM007562,CL003244,VH001542,,PR000123,,sideswipe,clear,2024-10-15,True,0,1,8141.36,paid,7410.23,0,
CM006169,CL001161,VH002225,PR000049,,,sideswipe,clear,2023-04-22,False,1,1,5595.08,paid,5247.96,0,
CM003597,CL000180,VH003598,PR000149,,,rear_end_collision,clear,2025-08-11,True,1,0,3373.96,paid,3339.34,0,
CM006289,CL002215,VH000076,,PR000092,,rear_end_collision,snow,2025-05-04,True,0,1,1972.99,paid,1894.94,0,
CM004633,CL003204,VH000698,PR000096,PR000199,,multi_vehicle_pileup,fog,2024-11-13,False,0,2,3449.93,paid,3431.12,0,
CM000126,CL003888,VH003304,PR000148,PR000018,,parking_lot,rain,2024-12-13,True,0,1,2221.37,paid,2218.97,0,
CM007642,CL001537,VH003758,PR000129,PR000095,,single_vehicle,snow,2023-07-25,True,0,0,5038.24,paid,4864.47,0,
CM006230,CL003632,VH001458,PR000057,PR000037,,single_vehicle,snow,2025-03-20,True,0,1,967.86,paid,873.92,0,
CM001297,CL002652,VH002244,,PR000055,PR000030,parking_lot,rain,2023-07-29,True,1,1,1448.71,paid,1314.81,0,
CM001977,CL000459,VH003386,PR000072,PR000032,,parking_lot,clear,2023-06-30,True,0,1,2145.48,paid,1936.91,0,
CM008452,CL001190,VH002134,PR000146,PR000105,,single_vehicle,rain,2024-02-07,True,0,1,2036.95,under_review,,1,RING001
CM005751,CL001894,VH001455,PR000082,PR000038,,single_vehicle,rain,2025-01-02,True,0,2,4417.31,paid,4402.93,0,
CM008153,CL001321,VH001167,PR000214,PR000181,PR000016,single_vehicle,fog,2023-09-16,True,0,1,2231.96,paid,2188.1,0,
CM003087,CL002284,VH003248,,PR000183,,single_vehicle,clear,2023-12-27,True,0,0,1634.4,under_review,,0,
CM008267,CL002631,VH001299,PR000118,PR000069,PR000232,single_vehicle,fog,2023-07-15,True,0,1,1384.49,paid,1343.17,0,
CM006883,CL002937,VH001163,PR000149,PR000181,,multi_vehicle_pileup,clear,2023-11-18,True,0,1,2529.75,paid,2485.1,0,
CM008296,CL002924,VH000081,,,,single_vehicle,clear,2024-02-12,True,0,0,526.0,paid,514.01,0,
CM007674,CL001590,VH002954,PR000171,PR000094,,parking_lot,rain,2023-06-18,False,0,1,3305.51,paid,3076.87,0,
CM003346,CL003656,VH003430,PR000048,,,single_vehicle,clear,2024-07-16,True,0,0,1011.04,paid,998.8,0,
CM008173,CL000855,VH001093,PR000116,PR000172,PR000215,single_vehicle,fog,2024-05-23,True,2,0,5154.55,paid,4970.63,0,
CM008403,CL003042,VH002718,PR000114,PR000013,PR000030,multi_vehicle_pileup,rain,2024-04-16,False,3,0,12501.31,partially_paid,6253.11,1,RING000
CM005871,CL001205,VH001193,PR000081,,,single_vehicle,clear,2024-09-21,True,0,1,388.46,paid,369.43,0,
CM006507,CL003920,VH003406,,PR000210,PR000188,single_vehicle,clear,2024-03-07,False,0,1,1587.83,paid,1442.46,0,
CM002798,CL003028,VH003005,,PR000110,,rear_end_collision,snow,2025-02-26,True,0,0,3743.07,paid,3663.5,0,
CM000919,CL002546,VH001588,,,,multi_vehicle_pileup,clear,2025-07-12,False,1,2,3154.1,paid,2974.96,0,
CM001647,CL001719,VH000819,,PR000047,,multi_vehicle_pileup,fog,2023-09-28,True,0,1,289.86,paid,274.29,0,
CM005123,CL002840,VH003196,,PR000143,,rear_end_collision,clear,2024-07-29,True,0,2,16917.83,paid,15794.15,0,
CM005127,CL000134,VH003790,,PR000243,,multi_vehicle_pileup,clear,2025-11-06,True,1,1,1504.09,paid,1443.17,0,
CM004622,CL002320,VH002106,PR000021,PR000202,,multi_vehicle_pileup,fog,2025-09-26,True,0,0,2840.65,under_review,,0,
CM006810,CL001563,VH001438,PR000019,PR000194,PR000237,parking_lot,rain,2025-12-30,True,0,1,4653.43,paid,4570.86,0,
CM000365,CL000959,VH002850,PR000066,,,rear_end_collision,clear,2023-01-26,True,0,1,2475.28,under_review,,0,
CM002126,CL001752,VH000824,,PR000009,,sideswipe,clear,2024-05-16,True,0,0,8657.23,paid,8220.6,0,
CM008151,CL003705,VH001097,PR000125,PR000243,,parking_lot,clear,2023-07-07,True,0,0,3259.79,under_review,,0,
CM000056,CL001995,VH001199,PR000196,PR000163,,parking_lot,clear,2023-10-14,True,0,1,1957.7,under_review,,0,
CM000639,CL001892,VH003647,PR000187,PR000134,,rear_end_collision,snow,2023-06-28,True,0,1,7291.27,paid,7068.93,0,
CM000303,CL000955,VH003800,PR000063,PR000132,,multi_vehicle_pileup,clear,2025-04-13,True,0,0,6769.66,paid,6221.63,0,
CM005812,CL003934,VH003776,PR000036,PR000145,,rear_end_collision,clear,2024-03-17,False,1,0,5199.19,paid,5136.62,0,
CM001277,CL000354,VH000771,PR000217,PR000205,,parking_lot,clear,2023-03-13,True,1,3,3344.9,under_review,,0,
CM004433,CL003636,VH002196,PR000059,PR000055,,rear_end_collision,clear,2024-12-11,True,0,1,9073.2,denied,0.0,0,
CM003645,CL001934,VH001252,,PR000062,,rear_end_collision,clear,2025-09-14,True,0,0,5155.4,paid,4854.43,0,
CM004144,CL003333,VH000772,,PR000211,,rear_end_collision,clear,2025-02-10,True,0,0,5553.09,under_review,,0,
CM002879,CL003222,VH001677,,PR000024,,multi_vehicle_pileup,clear,2024-06-16,True,0,1,5712.78,paid,5373.6,0,
CM006494,CL002606,VH002175,PR000238,PR000071,,sideswipe,rain,2023-07-08,False,0,1,4359.24,paid,4018.54,0,
CM005241,CL000258,VH000830,PR000004,PR000178,,multi_vehicle_pileup,clear,2025-06-23,True,0,1,2910.33,paid,2669.88,0,
CM008390,CL001126,VH001563,,PR000145,PR000139,multi_vehicle_pileup,rain,2023-10-18,True,1,1,2177.61,paid,2069.03,0,
CM006938,CL001400,VH002475,,PR000201,,sideswipe,clear,2025-10-11,True,0,3,3006.04,paid,2866.61,0,
CM007241,CL002678,VH000995,,PR000067,,sideswipe,clear,2023-05-11,True,0,1,3163.34,paid,3132.25,0,
CM002594,CL000661,VH000826,,PR000128,,sideswipe,clear,2023-05-05,True,0,1,554.55,paid,520.83,0,
CM002394,CL001100,VH002921,PR000063,PR000055,,rear_end_collision,clear,2023-06-23,True,0,2,4241.06,paid,3868.71,0,
CM000524,CL003947,VH001101,PR000004,PR000071,,multi_vehicle_pileup,rain,2024-05-23,True,0,1,3292.6,paid,3211.33,0,
CM006377,CL001956,VH000832,PR000103,,,parking_lot,clear,2025-12-16,True,0,1,11552.66,paid,11185.62,0,
CM006982,CL003270,VH001771,,PR000062,,single_vehicle,clear,2025-12-06,True,0,4,927.59,paid,897.08,0,
CM006678,CL000725,VH003834,,PR000062,,multi_vehicle_pileup,rain,2024-09-13,True,0,1,1761.68,paid,1683.14,0,
CM003901,CL002486,VH003595,,PR000067,,multi_vehicle_pileup,rain,2023-01-23,False,0,0,2112.13,paid,1915.93,0,
CM008593,CL000867,VH002057,PR000025,PR000209,PR000155,rear_end_collision,fog,2025-06-05,True,1,0,15381.09,paid,15107.31,1,RING006
CM005586,CL000985,VH002805,,PR000138,,parking_lot,clear,2023-01-05,True,0,1,2207.65,paid,2145.05,0,
CM008346,CL001223,VH001448,,PR000137,PR000185,sideswipe,clear,2023-06-03,False,0,0,3621.55,paid,3537.56,0,
CM007957,CL002280,VH003399,,,,parking_lot,clear,2023-11-05,True,1,0,1543.52,paid,1507.1,0,
CM007571,CL001857,VH001574,,,,multi_vehicle_pileup,snow,2025-08-07,True,0,1,1146.94,paid,1058.18,0,
CM006778,CL003830,VH003609,PR000206,PR000131,,multi_vehicle_pileup,clear,2025-12-07,True,0,1,5996.27,paid,5904.72,0,
CM000672,CL002127,VH002852,,PR000087,,single_vehicle,rain,2024-07-16,True,0,0,1724.71,paid,1593.4,0,
CM004189,CL003406,VH002911,,PR000166,,single_vehicle,clear,2025-06-10,True,1,1,4675.68,paid,4395.68,0,
CM000667,CL001233,VH003461,,PR000224,,sideswipe,clear,2023-10-29,True,0,2,831.73,under_review,,0,
CM003267,CL000350,VH003343,,,,multi_vehicle_pileup,clear,2025-11-21,True,0,0,5994.95,paid,5845.32,0,
CM001888,CL003789,VH002583,PR000206,PR000067,PR000100,rear_end_collision,clear,2023-01-24,True,1,1,4100.32,paid,3925.78,0,
CM007688,CL000705,VH002809,,PR000038,,parking_lot,clear,2025-02-21,False,0,0,5144.25,paid,4950.73,0,
CM006032,CL000869,VH002437,PR000064,PR000105,,sideswipe,clear,2025-04-16,True,0,0,2068.55,paid,2027.89,0,
CM006091,CL003980,VH000763,PR000096,PR000094,,multi_vehicle_pileup,clear,2023-07-06,False,0,0,7348.06,paid,6667.43,0,
CM006239,CL002517,VH000294,PR000112,PR000181,,multi_vehicle_pileup,rain,2024-02-03,False,1,1,2047.67,paid,2017.24,0,
CM007351,CL003753,VH002237,PR000170,PR000143,PR000215,parking_lot,rain,2024-06-11,True,0,1,6095.51,paid,5704.98,0,
CM007831,CL001110,VH002815,PR000216,,,single_vehicle,rain,2024-08-09,True,0,1,3539.79,paid,3514.15,0,
CM000761,CL003137,VH001044,,PR000028,,parking_lot,clear,2023-06-26,True,0,1,3293.77,paid,3292.72,0,
CM006255,CL000238,VH002334,,PR000173,,sideswipe,clear,2025-06-21,True,0,1,4254.07,paid,4115.99,0,
CM001907,CL000824,VH003170,PR000212,PR000124,,sideswipe,clear,2025-02-04,True,1,1,1352.9,paid,1227.45,0,
CM003819,CL000492,VH002757,,PR000199,PR000237,parking_lot,snow,2023-03-04,True,2,3,1140.3,paid,1029.11,0,
CM006270,CL001028,VH002483,,PR000121,,single_vehicle,rain,2023-11-16,True,1,2,3031.27,under_review,,0,
CM004301,CL001598,VH001105,,PR000080,,single_vehicle,clear,2025-06-30,True,0,1,1782.55,paid,1773.03,0,
CM005570,CL002850,VH003153,,PR000027,,sideswipe,clear,2025-12-10,True,0,1,8880.43,paid,8100.87,0,
CM007942,CL002155,VH003485,PR000017,PR000024,,sideswipe,clear,2023-04-02,True,0,0,7100.13,paid,6780.45,0,
CM004165,CL001499,VH000898,PR000078,PR000115,,rear_end_collision,clear,2023-09-12,True,1,0,7481.83,paid,7172.93,0,
CM005972,CL001290,VH002303,,PR000055,,sideswipe,snow,2024-03-17,True,0,2,4189.03,paid,3832.49,0,
CM003580,CL001338,VH003428,PR000017,,,single_vehicle,fog,2023-09-24,False,0,0,1124.86,paid,1113.75,0,
CM002833,CL000271,VH000171,,PR000160,,parking_lot,rain,2025-08-20,True,0,2,979.03,paid,932.71,0,
CM005450,CL001282,VH000602,PR000093,PR000041,,single_vehicle,snow,2025-10-30,True,0,2,9608.22,paid,9312.44,0,
CM003473,CL001998,VH001730,PR000066,,PR000141,multi_vehicle_pileup,clear,2024-08-02,True,0,0,3953.53,paid,3631.65,0,
CM006328,CL000598,VH001730,,PR000242,,multi_vehicle_pileup,clear,2024-03-01,True,0,1,2064.76,under_review,,0,
CM000138,CL003396,VH002606,PR000240,PR000203,,single_vehicle,clear,2025-02-19,False,2,2,1597.2,paid,1469.51,0,
CM007044,CL003931,VH003922,,PR000027,,sideswipe,snow,2025-02-23,True,0,3,679.77,under_review,,0,
CM004893,CL001644,VH002187,PR000023,PR000166,,multi_vehicle_pileup,clear,2024-06-06,False,0,0,4235.74,under_review,,0,
CM002181,CL001822,VH002931,,,,sideswipe,rain,2023-09-23,True,1,0,4535.94,paid,4212.15,0,
CM007731,CL000783,VH002153,PR000112,PR000091,,parking_lot,clear,2025-01-06,True,0,2,6453.91,paid,6293.42,0,
CM003178,CL003636,VH001046,,PR000150,,parking_lot,clear,2024-01-19,True,0,1,1296.67,paid,1216.57,0,
CM004855,CL001883,VH002324,,,,sideswipe,rain,2024-12-01,True,1,0,13476.38,under_review,,0,
CM004638,CL002513,VH000972,,PR000040,,multi_vehicle_pileup,clear,2025-03-11,True,0,1,7775.35,paid,7668.06,0,
CM005116,CL002985,VH001037,,PR000180,,single_vehicle,clear,2023-12-09,False,0,1,1782.31,paid,1648.79,0,
CM007649,CL001816,VH002301,PR000240,PR000052,,rear_end_collision,clear,2023-04-17,True,1,1,6430.53,paid,6158.59,0,
CM004262,CL002857,VH000457,PR000081,PR000111,,multi_vehicle_pileup,snow,2025-05-05,False,2,0,4156.48,paid,3860.42,0,
CM001332,CL001794,VH002592,PR000231,,,sideswipe,clear,2025-04-20,True,0,0,4542.31,paid,4141.74,0,
CM007003,CL001908,VH003168,,PR000182,,rear_end_collision,snow,2023-02-06,False,0,0,3184.16,paid,2988.89,0,
CM006942,CL000940,VH003945,PR000106,PR000038,,single_vehicle,rain,2023-08-26,True,2,0,1118.8,paid,1023.82,0,
CM008018,CL002376,VH002765,PR000212,PR000128,,sideswipe,clear,2023-12-17,True,1,3,1459.86,paid,1318.37,0,
CM006242,CL002571,VH001397,,PR000000,,multi_vehicle_pileup,clear,2023-01-08,True,0,0,5908.91,paid,5723.25,0,
CM008912,CL000002,VH002249,PR000059,PR000180,,rear_end_collision,clear,2024-07-18,False,1,1,3879.43,paid,3819.68,1,RING020
CM006882,CL001221,VH002619,PR000098,PR000029,,single_vehicle,fog,2024-04-16,True,0,0,2222.94,paid,2058.32,0,
CM004531,CL003779,VH003488,,PR000042,,single_vehicle,snow,2024-06-15,True,0,1,1108.85,paid,1016.62,0,
CM004674,CL000385,VH002172,PR000238,PR000183,,rear_end_collision,clear,2024-08-27,True,0,3,4819.33,paid,4380.75,0,
CM006997,CL002729,VH000565,,PR000143,,parking_lot,clear,2023-03-03,True,0,2,5529.5,paid,4980.77,0,
CM001253,CL003375,VH002613,PR000063,PR000011,,sideswipe,snow,2025-02-12,True,1,0,2734.59,paid,2601.09,0,
CM003375,CL003245,VH000881,,,,sideswipe,rain,2024-10-24,True,0,0,17464.08,paid,16077.98,0,
CM002815,CL003894,VH002566,,PR000015,PR000175,rear_end_collision,clear,2024-12-02,True,1,3,842.82,paid,779.69,0,
CM004720,CL002180,VH001124,PR000103,PR000202,,sideswipe,clear,2025-12-09,True,0,1,6297.57,paid,5957.13,0,
CM006545,CL003885,VH000045,PR000171,PR000194,,single_vehicle,fog,2024-10-09,True,0,0,5869.55,paid,5701.86,0,
CM004859,CL002595,VH002230,PR000082,PR000013,,multi_vehicle_pileup,clear,2024-02-01,True,0,0,1827.72,paid,1827.27,0,
CM007902,CL003943,VH003178,,PR000041,,rear_end_collision,clear,2024-01-01,False,0,0,2158.13,paid,2036.31,0,
CM001078,CL003458,VH001277,,PR000131,,rear_end_collision,clear,2023-05-24,True,0,1,3401.77,under_review,,0,
CM004364,CL001910,VH000834,PR000077,PR000018,,single_vehicle,snow,2025-01-15,False,1,1,2774.73,under_review,,0,
CM000771,CL002824,VH003151,PR000149,PR000242,,parking_lot,clear,2025-11-26,True,2,0,1613.21,paid,1489.14,0,
CM000250,CL001096,VH003311,PR000208,PR000107,,single_vehicle,clear,2024-08-09,False,1,1,640.08,paid,625.18,0,
CM007240,CL000785,VH003119,,PR000225,,single_vehicle,rain,2025-07-28,True,0,0,10246.12,paid,10062.47,0,
CM003420,CL001947,VH001598,,PR000012,,sideswipe,clear,2024-09-30,True,0,0,11360.43,under_review,,0,
CM004977,CL003248,VH002553,,PR000133,,rear_end_collision,clear,2025-03-26,True,0,0,8295.65,under_review,,0,
CM004545,CL001747,VH001791,,PR000079,,single_vehicle,rain,2024-09-07,True,0,2,2029.72,paid,1963.82,0,
CM005566,CL002026,VH003647,,PR000087,,rear_end_collision,clear,2025-02-04,True,1,0,5413.64,paid,4981.39,0,
CM007940,CL002243,VH003926,,PR000201,,rear_end_collision,clear,2024-10-23,True,0,1,1941.2,paid,1760.28,0,
CM000717,CL000913,VH003245,PR000034,PR000015,,sideswipe,clear,2025-01-04,True,0,1,4202.52,paid,4198.46,0,
CM008609,CL003357,VH002626,PR000112,PR000060,PR000139,multi_vehicle_pileup,clear,2023-09-11,True,0,1,4259.54,denied,0.0,1,RING007
CM002049,CL001979,VH002405,PR000026,,,sideswipe,clear,2025-02-26,True,0,2,1491.95,paid,1343.83,0,
CM005998,CL001874,VH001613,PR000186,PR000097,,sideswipe,clear,2023-03-22,True,0,2,1558.23,paid,1501.33,0,
CM006601,CL003253,VH003653,,,,sideswipe,clear,2024-12-18,True,1,2,1229.46,paid,1200.49,0,
CM007246,CL000191,VH003196,,PR000205,PR000162,parking_lot,snow,2023-07-13,True,1,0,6743.54,paid,6211.86,0,
CM004179,CL000619,VH003794,PR000085,PR000018,,sideswipe,clear,2023-11-02,True,1,2,2072.22,under_review,,0,
CM004810,CL003394,VH002039,PR000192,PR000163,,rear_end_collision,clear,2025-06-26,True,0,1,1757.69,under_review,,0,
CM008454,CL000739,VH002134,PR000146,PR000105,,multi_vehicle_pileup,clear,2024-01-15,False,0,0,8001.04,partially_paid,4012.34,1,RING001
CM007141,CL003981,VH003476,,,,multi_vehicle_pileup,snow,2024-12-16,False,1,1,1910.61,paid,1766.03,0,
CM007191,CL001521,VH002979,PR000116,,,multi_vehicle_pileup,snow,2023-11-14,True,1,1,8567.21,paid,8403.58,0,
CM001461,CL000531,VH002364,PR000244,PR000163,,single_vehicle,clear,2023-06-28,True,1,2,863.08,paid,791.36,0,
CM005990,CL000712,VH000468,PR000222,PR000067,,rear_end_collision,clear,2025-06-19,True,1,4,5663.23,paid,5274.46,0,
CM002001,CL003498,VH002838,,PR000027,,multi_vehicle_pileup,clear,2023-03-18,False,0,2,2638.25,paid,2450.68,0,
CM008176,CL001247,VH001616,PR000118,PR000110,,parking_lot,fog,2025-05-24,True,0,0,4244.4,denied,0.0,0,
CM000405,CL000014,VH003669,PR000103,PR000154,PR000232,multi_vehicle_pileup,rain,2025-07-31,False,0,1,5298.43,paid,5071.61,0,
CM000385,CL000643,VH001017,,,,rear_end_collision,clear,2024-02-24,True,0,1,3583.22,paid,3484.43,0,
CM008459,CL003799,VH001602,PR000146,PR000105,,parking_lot,fog,2024-02-06,True,0,0,3069.36,paid,3059.2,1,RING001
CM001634,CL001407,VH002276,PR000112,PR000210,,single_vehicle,clear,2025-05-08,True,0,0,5365.48,paid,5235.44,0,
CM008522,CL001655,VH003388,PR000214,PR000115,PR000147,parking_lot,clear,2023-12-29,True,0,0,2403.32,paid,2187.19,1,RING004
CM004785,CL001460,VH000752,,PR000011,PR000054,multi_vehicle_pileup,rain,2025-08-20,False,0,1,8788.29,under_review,,0,
CM008430,CL002419,VH003622,PR000146,PR000105,,sideswipe,clear,2024-01-12,True,2,0,3371.56,paid,3371.08,1,RING001
CM006971,CL000300,VH000409,PR000119,,,parking_lot,fog,2025-03-13,True,0,0,6369.3,paid,5910.54,0,
CM003926,CL003145,VH002453,,PR000228,,parking_lot,clear,2024-09-25,True,0,1,4191.87,denied,0.0,0,
CM004159,CL002050,VH001154,,PR000109,,rear_end_collision,clear,2025-07-14,True,0,0,2945.07,paid,2702.59,0,
CM007450,CL001511,VH001882,PR000196,,,parking_lot,clear,2023-11-27,False,0,0,3413.99,paid,3199.09,0,
CM002194,CL003931,VH001141,PR000066,PR000099,PR000130,single_vehicle,clear,2025-08-03,True,1,0,13366.95,paid,13279.49,0,
CM001016,CL000006,VH003259,PR000043,,,sideswipe,clear,2024-02-21,True,0,2,4101.55,under_review,,0,
CM005125,CL002286,VH003703,,PR000210,,multi_vehicle_pileup,clear,2023-01-03,True,0,2,602.13,paid,589.36,0,
CM007419,CL002660,VH000030,PR000168,PR000169,,single_vehicle,snow,2025-11-29,False,0,3,3796.69,paid,3539.06,0,
CM007410,CL001622,VH002917,,PR000075,PR000188,multi_vehicle_pileup,rain,2025-03-16,False,0,1,10420.66,paid,9752.8,0,
CM002872,CL002463,VH003480,PR000212,PR000052,,single_vehicle,clear,2024-06-10,False,0,0,3703.84,paid,3550.65,0,
CM000010,CL001436,VH000794,PR000187,PR000110,,sideswipe,clear,2025-04-19,True,1,1,4994.02,paid,4977.31,0,
CM001839,CL003099,VH003749,,PR000143,,sideswipe,clear,2023-07-09,True,0,0,4757.47,paid,4511.45,0,
CM004805,CL000692,VH000945,,PR000184,,rear_end_collision,clear,2024-12-26,True,0,1,1507.49,paid,1364.86,0,
CM000256,CL000770,VH001999,PR000093,PR000245,,multi_vehicle_pileup,clear,2023-10-23,True,0,0,8135.15,paid,8006.88,0,
CM007027,CL001388,VH001155,PR000034,PR000037,,rear_end_collision,fog,2024-06-14,True,0,0,9978.85,paid,9242.62,0,
CM005714,CL003508,VH002376,PR000065,PR000228,,sideswipe,clear,2023-02-22,False,0,1,3904.47,paid,3554.54,0,
CM003325,CL001943,VH002615,PR000093,PR000154,,parking_lot,clear,2023-01-24,True,0,0,2124.44,under_review,,0,
CM007715,CL003151,VH002576,PR000063,PR000124,,parking_lot,clear,2024-08-22,True,0,1,8506.35,paid,8501.2,0,
CM001582,CL001590,VH003018,PR000093,,,sideswipe,clear,2025-02-10,False,0,0,4449.12,paid,4375.64,0,
CM000925,CL002773,VH001673,,PR000108,,parking_lot,rain,2023-04-26,True,0,0,5752.52,paid,5434.01,0,
CM002780,CL002874,VH002029,,PR000009,,parking_lot,rain,2024-07-13,True,0,1,3028.39,under_review,,0,
CM007892,CL003321,VH002844,,,,multi_vehicle_pileup,fog,2023-10-20,False,1,1,2920.08,paid,2762.38,0,
CM006133,CL000078,VH000299,,PR000132,,multi_vehicle_pileup,snow,2025-12-05,True,0,2,727.46,denied,0.0,0,
CM005321,CL003326,VH000069,,PR000183,,multi_vehicle_pileup,clear,2025-09-28,True,0,0,4647.9,paid,4622.93,0,
CM007313,CL003606,VH003477,PR000093,PR000041,,parking_lot,clear,2023-12-10,True,1,1,2662.2,paid,2617.43,0,
CM007103,CL000742,VH000271,,PR000075,,sideswipe,rain,2025-05-11,False,0,0,3265.98,under_review,,0,
CM006043,CL000201,VH003226,PR000200,PR000163,,parking_lot,clear,2023-04-10,False,1,0,1560.93,paid,1483.61,0,
CM003776,CL002144,VH002384,PR000113,PR000241,,parking_lot,rain,2024-10-23,True,0,0,8343.77,paid,8143.1,0,
CM004836,CL003984,VH001464,,,,multi_vehicle_pileup,clear,2025-05-12,True,1,1,4429.3,paid,4173.23,0,
CM004965,CL002144,VH000258,,,,multi_vehicle_pileup,snow,2025-06-24,True,3,2,11125.52,paid,10309.91,0,
CM000540,CL003967,VH003623,,PR000199,,rear_end_collision,rain,2023-10-11,True,0,1,11449.18,paid,10318.33,0,
CM007484,CL000755,VH002271,PR000081,PR000075,,sideswipe,rain,2024-08-24,True,0,2,4430.68,paid,4290.34,0,
CM002746,CL002182,VH000727,,PR000242,,parking_lot,clear,2025-10-20,True,1,2,5795.97,under_review,,0,
CM003720,CL002945,VH001042,,PR000134,,parking_lot,clear,2024-05-15,False,0,1,9609.69,paid,8935.77,0,
CM006820,CL002321,VH001842,PR000190,PR000165,,parking_lot,fog,2023-05-28,True,0,0,2631.49,paid,2397.39,0,
CM004469,CL000893,VH001096,PR000223,PR000084,,parking_lot,clear,2024-10-26,False,0,1,4592.77,paid,4426.86,0,
CM000668,CL003752,VH003507,,PR000161,,sideswipe,rain,2023-09-05,False,0,0,704.24,paid,685.22,0,
CM007576,CL003035,VH002681,PR000192,PR000086,,multi_vehicle_pileup,rain,2024-11-05,True,0,1,5065.24,under_review,,0,
CM005064,CL003278,VH002601,PR000064,PR000211,,single_vehicle,rain,2023-12-10,True,0,1,7175.68,under_review,,0,
CM001354,CL000432,VH002096,PR000077,PR000229,,single_vehicle,rain,2025-12-30,True,0,0,5583.84,paid,5448.38,0,
CM007115,CL002946,VH000140,,PR000229,,sideswipe,rain,2023-07-23,True,0,1,1476.66,under_review,,0,
CM008718,CL000698,VH002009,PR000171,PR000087,,sideswipe,clear,2023-02-20,True,0,0,4231.06,paid,4054.52,1,RING011
CM002704,CL001419,VH003996,PR000025,PR000058,,multi_vehicle_pileup,clear,2025-12-05,True,1,0,865.54,paid,791.96,0,
CM003331,CL002287,VH003284,PR000066,PR000173,,multi_vehicle_pileup,clear,2024-03-15,True,0,4,1943.55,denied,0.0,0,
CM008054,CL000118,VH002807,PR000021,,,single_vehicle,fog,2024-10-07,True,0,0,4301.96,paid,4021.94,0,
CM003585,CL003599,VH000262,,PR000157,,parking_lot,clear,2024-06-12,True,1,1,3837.17,paid,3794.52,0,
CM008419,CL003687,VH001220,PR000114,PR000013,PR000030,parking_lot,clear,2024-05-14,False,2,0,1739.1,denied,0.0,1,RING000
CM005646,CL002028,VH003086,PR000189,PR000143,,parking_lot,clear,2023-04-14,False,1,3,3886.34,denied,0.0,0,
CM003377,CL000171,VH003436,PR000236,,PR000100,multi_vehicle_pileup,rain,2024-07-01,True,1,3,2429.46,paid,2227.77,0,
CM001257,CL002517,VH003315,PR000096,PR000191,,single_vehicle,clear,2025-06-08,True,0,1,6408.71,paid,5867.31,0,
CM006191,CL000828,VH002810,PR000192,PR000062,,sideswipe,clear,2023-05-20,True,0,0,6819.52,paid,6377.07,0,
CM005349,CL002012,VH003559,PR000074,PR000086,,sideswipe,snow,2025-09-12,True,2,0,3455.26,paid,3318.01,0,
CM004176,CL001772,VH000363,,PR000040,PR000147,multi_vehicle_pileup,clear,2024-11-26,True,2,1,7981.47,paid,7340.14,0,
CM004911,CL003798,VH000438,,PR000211,,multi_vehicle_pileup,rain,2023-01-02,True,0,0,1253.09,paid,1240.37,0,
CM001853,CL001798,VH001532,PR000200,PR000028,PR000020,rear_end_collision,clear,2023-05-21,True,0,1,1142.9,paid,1132.52,0,
CM006317,CL002051,VH002746,PR000001,PR000121,,sideswipe,clear,2024-07-13,True,0,1,12970.4,paid,11880.7,0,
CM008791,CL002249,VH001804,PR000106,PR000203,PR000230,sideswipe,clear,2024-01-13,True,3,0,5109.78,paid,4755.91,1,RING015
CM002106,CL001196,VH002689,PR000219,PR000157,,parking_lot,clear,2023-07-20,True,0,1,1527.49,paid,1450.06,0,
CM000134,CL003735,VH000338,PR000001,PR000069,,multi_vehicle_pileup,clear,2023-08-25,True,1,0,2134.97,paid,1972.44,0,
CM005030,CL003306,VH000774,PR000085,PR000243,,multi_vehicle_pileup,rain,2025-09-11,True,0,1,3039.74,paid,2997.52,0,
CM000929,CL000474,VH003327,PR000106,PR000143,PR000135,sideswipe,fog,2025-06-14,True,0,4,4503.56,paid,4269.84,0,
CM000824,CL001562,VH003381,,PR000124,,single_vehicle,rain,2024-11-21,False,0,1,8304.04,denied,0.0,0,
CM007577,CL001011,VH000690,,PR000224,,parking_lot,clear,2023-01-11,True,0,0,660.55,paid,612.78,0,
CM001532,CL003162,VH001970,,PR000181,PR000061,rear_end_collision,rain,2025-12-29,True,0,0,7296.39,paid,7008.92,0,
CM001215,CL003513,VH000112,PR000006,PR000111,,single_vehicle,fog,2023-04-07,True,0,2,7685.01,under_review,,0,
CM000505,CL003865,VH000882,PR000003,PR000197,,rear_end_collision,rain,2023-05-24,True,1,1,2486.26,paid,2433.39,0,
CM006531,CL002444,VH003904,,PR000107,,multi_vehicle_pileup,clear,2024-09-03,True,0,0,5507.83,denied,0.0,0,
CM003073,CL001713,VH001140,PR000249,PR000060,PR000188,single_vehicle,fog,2024-01-20,True,1,2,2009.53,paid,1881.26,0,
CM006620,CL002071,VH003341,PR000187,PR000140,PR000215,rear_end_collision,clear,2024-07-10,True,0,0,6953.27,paid,6420.86,0,
CM003710,CL000007,VH003564,,PR000140,,sideswipe,clear,2024-10-04,True,0,0,4538.81,paid,4421.48,0,
CM004850,CL002100,VH002999,,PR000115,PR000044,parking_lot,clear,2025-12-31,False,0,2,1812.9,paid,1647.99,0,
CM004749,CL001914,VH002578,,PR000018,,multi_vehicle_pileup,clear,2024-03-10,True,1,0,1982.2,paid,1870.41,0,
CM004269,CL000779,VH002019,,PR000181,,sideswipe,clear,2025-02-06,True,0,2,7227.16,paid,6846.42,0,
CM008814,CL001096,VH001804,PR000106,PR000203,PR000230,rear_end_collision,clear,2024-02-17,False,0,0,11767.4,paid,11134.02,1,RING015
CM004187,CL002280,VH001238,,PR000163,,sideswipe,rain,2023-03-02,True,0,0,5939.95,paid,5581.58,0,
CM005302,CL003373,VH001631,,,,parking_lot,clear,2024-11-09,True,0,1,2596.21,paid,2595.13,0,
CM002924,CL001000,VH002737,,PR000207,,sideswipe,clear,2024-04-25,True,0,1,5371.9,paid,4979.2,0,
CM006589,CL003706,VH002719,PR000035,PR000172,,single_vehicle,rain,2025-08-30,True,0,1,2870.28,paid,2805.33,0,
CM001811,CL001564,VH001279,PR000235,,,single_vehicle,clear,2025-09-21,True,0,0,3554.03,paid,3355.05,0,
CM003487,CL003973,VH001743,PR000216,PR000123,,parking_lot,rain,2024-04-18,False,0,2,7487.42,paid,7341.95,0,
CM007420,CL002840,VH000274,PR000048,PR000150,,parking_lot,clear,2024-10-14,True,0,3,923.69,paid,843.35,0,
CM003142,CL002121,VH003984,,PR000012,PR000232,multi_vehicle_pileup,clear,2023-10-31,False,0,0,2512.39,denied,0.0,0,
CM001325,CL002767,VH002528,PR000158,PR000071,,rear_end_collision,fog,2025-01-05,True,0,0,2604.08,paid,2380.28,0,
CM004313,CL003431,VH003331,PR000098,PR000091,,multi_vehicle_pileup,clear,2025-09-23,True,0,1,5526.37,paid,5109.31,0,
CM007495,CL002087,VH002294,,PR000184,PR000155,multi_vehicle_pileup,rain,2025-07-07,True,1,0,4551.22,paid,4132.62,0,
CM008475,CL001443,VH001725,PR000248,PR000124,PR000020,parking_lot,clear,2025-06-15,True,2,0,10833.27,paid,10488.56,1,RING002
CM005542,CL000007,VH000931,PR000104,PR000242,,single_vehicle,rain,2024-05-12,True,0,2,2950.71,denied,0.0,0,
CM006173,CL000935,VH000634,PR000001,,,single_vehicle,clear,2025-06-08,True,0,0,7864.79,paid,7651.85,0,
CM001541,CL000896,VH000772,,PR000015,,parking_lot,rain,2025-04-02,True,0,1,6581.88,paid,6518.49,0,
CM002682,CL000840,VH002446,PR000070,,PR000175,single_vehicle,clear,2024-11-28,True,1,2,3296.27,paid,3020.54,0,
CM008818,CL000600,VH003336,PR000198,PR000086,,multi_vehicle_pileup,clear,2024-08-30,False,1,0,4380.61,paid,4150.48,1,RING016
CM006314,CL003271,VH002074,PR000074,PR000108,,rear_end_collision,clear,2025-06-01,True,1,1,2666.13,paid,2426.89,0,
CM001192,CL001674,VH003374,PR000153,PR000174,PR000147,sideswipe,clear,2025-03-16,True,0,1,8286.59,paid,7852.73,0,
CM005294,CL003287,VH000716,PR000118,,,sideswipe,clear,2024-05-13,False,1,2,3896.46,paid,3595.75,0,
CM001543,CL002697,VH000451,,PR000080,,multi_vehicle_pileup,clear,2024-07-11,True,0,0,2566.58,paid,2500.99,0,
CM007057,CL000370,VH000823,PR000168,PR000110,,single_vehicle,rain,2023-08-17,True,0,0,9710.12,under_review,,0,
CM002540,CL003235,VH003458,,PR000157,,rear_end_collision,clear,2025-08-03,True,0,1,3034.45,denied,0.0,0,
CM000954,CL003894,VH002360,,PR000176,,single_vehicle,clear,2023-07-03,True,0,2,6829.64,paid,6799.31,0,
CM007242,CL002245,VH002094,,,,parking_lot,clear,2024-10-24,True,0,1,2108.85,paid,1898.88,0,
CM006732,CL003974,VH000466,PR000036,PR000050,,multi_vehicle_pileup,clear,2025-11-05,True,1,0,2408.3,paid,2346.78,0,
CM004847,CL000648,VH002427,PR000003,PR000094,,parking_lot,clear,2023-01-30,True,1,1,4011.03,paid,3803.39,0,
CM006802,CL002076,VH002814,,PR000052,,sideswipe,snow,2025-08-15,False,0,1,4639.25,paid,4638.12,0,
CM008011,CL002452,VH001512,PR000144,PR000084,,single_vehicle,rain,2023-11-18,True,0,0,3994.37,under_review,,0,
CM004331,CL000018,VH002707,PR000066,PR000157,,rear_end_collision,clear,2023-08-25,True,0,0,2683.46,paid,2576.52,0,
CM005335,CL000978,VH003727,PR000189,,,parking_lot,snow,2023-07-20,True,0,1,5166.89,paid,4791.81,0,
CM007331,CL001057,VH003896,PR000148,,,rear_end_collision,clear,2023-04-21,True,0,0,4345.53,under_review,,0,
CM004730,CL002265,VH001938,PR000119,PR000000,,sideswipe,snow,2023-08-25,True,0,1,2648.86,paid,2496.44,0,
CM006542,CL001049,VH002959,,PR000009,PR000126,single_vehicle,clear,2024-11-19,True,0,1,6192.69,paid,5787.87,0,
CM005306,CL003943,VH000386,PR000168,PR000137,,single_vehicle,snow,2023-09-25,False,0,1,2489.03,under_review,,0,
CM005162,CL003529,VH001125,PR000129,PR000079,,multi_vehicle_pileup,rain,2024-03-31,True,0,2,7512.92,paid,6993.82,0,
CM007861,CL003044,VH000216,,PR000000,,sideswipe,clear,2023-03-17,True,1,0,6409.85,under_review,,0,
CM002157,CL002909,VH001346,PR000096,PR000080,,parking_lot,clear,2023-12-05,False,1,0,4615.47,paid,4193.12,0,
CM001063,CL002103,VH000258,PR000010,PR000197,,single_vehicle,clear,2024-03-17,False,1,1,6682.76,paid,6625.36,0,
CM001168,CL002176,VH002826,PR000129,PR000128,,single_vehicle,clear,2025-06-06,True,1,2,3955.82,paid,3586.24,0,
CM003637,CL000285,VH003594,PR000049,PR000032,,single_vehicle,snow,2024-01-24,True,1,0,5911.75,paid,5529.63,0,
CM007652,CL000876,VH001872,,PR000091,,parking_lot,clear,2023-09-12,False,0,1,11238.9,paid,11182.51,0,
CM005589,CL003688,VH000213,,PR000087,,single_vehicle,clear,2025-02-18,True,0,0,2801.56,paid,2655.63,0,
CM007193,CL000468,VH001144,PR000200,PR000220,,sideswipe,fog,2023-05-02,True,0,2,7508.11,paid,7414.99,0,
CM004492,CL003631,VH000250,,PR000225,,single_vehicle,snow,2025-12-31,True,2,1,4340.64,paid,4048.93,0,
CM007267,CL002819,VH000346,PR000026,,,multi_vehicle_pileup,fog,2025-11-07,True,1,1,13029.59,denied,0.0,0,
CM004981,CL002375,VH000301,PR000231,PR000055,,rear_end_collision,clear,2023-05-24,False,0,0,7097.46,paid,6938.4,0,
CM008336,CL000869,VH000497,PR000146,PR000075,,sideswipe,clear,2025-11-21,False,0,0,8347.56,paid,8291.16,0,
CM008880,CL002657,VH003129,PR000049,PR000045,,parking_lot,fog,2024-08-30,True,3,0,5612.46,paid,5120.8,1,RING018
CM004947,CL000162,VH003045,PR000164,PR000173,,rear_end_collision,clear,2025-10-01,True,0,0,1381.87,paid,1269.87,0,
CM002783,CL002419,VH000324,PR000051,PR000091,,single_vehicle,clear,2023-06-02,True,0,0,3807.43,paid,3580.29,0,
CM000718,CL001019,VH002751,,PR000055,PR000053,single_vehicle,rain,2025-06-04,True,0,0,1627.54,paid,1560.39,0,
CM002503,CL000112,VH001832,,PR000191,,rear_end_collision,clear,2023-03-14,False,0,1,7217.31,paid,7193.32,0,
CM004361,CL002194,VH001425,,PR000137,,parking_lot,rain,2023-01-11,False,0,2,841.39,under_review,,0,
CM004172,CL001940,VH000873,,PR000005,,rear_end_collision,fog,2025-05-12,True,0,1,3134.24,paid,2932.99,0,
CM008083,CL001792,VH000107,,PR000013,,multi_vehicle_pileup,clear,2025-07-30,True,0,3,2824.38,under_review,,0,
CM008707,CL002612,VH002525,PR000104,PR000075,PR000188,parking_lot,clear,2025-10-24,False,0,0,3348.35,partially_paid,1915.2,1,RING010
CM000396,CL003206,VH002681,,PR000055,,multi_vehicle_pileup,clear,2024-04-01,False,0,1,1491.48,denied,0.0,0,
CM007187,CL003994,VH000081,PR000127,PR000166,,parking_lot,rain,2025-03-29,True,0,1,5644.87,paid,5085.45,0,
CM008763,CL003722,VH002384,PR000119,PR000197,PR000135,single_vehicle,clear,2025-05-14,False,1,0,1809.78,paid,1663.21,1,RING012
CM004493,CL000257,VH002103,,PR000143,,sideswipe,clear,2024-09-19,True,0,2,6923.47,paid,6255.88,0,
CM001366,CL003112,VH002753,PR000010,PR000124,PR000130,sideswipe,rain,2025-11-23,False,0,1,4794.12,paid,4366.01,0,
CM008496,CL001695,VH000767,PR000019,PR000071,PR000102,multi_vehicle_pileup,snow,2024-05-16,False,0,0,7699.02,partially_paid,3565.0,1,RING003
CM005918,CL003125,VH002817,PR000192,PR000160,,multi_vehicle_pileup,clear,2025-07-23,True,0,1,7642.58,denied,0.0,0,
CM004969,CL001930,VH003109,,PR000173,,sideswipe,clear,2025-04-25,True,0,0,8473.61,paid,7641.3,0,
CM002915,CL003426,VH003492,PR000200,PR000038,,parking_lot,clear,2023-01-16,True,1,0,7514.02,paid,6972.79,0,
CM005645,CL002953,VH000463,PR000146,PR000183,PR000147,rear_end_collision,rain,2023-12-12,True,0,1,1193.66,paid,1122.2,0,
CM003767,CL003608,VH001381,PR000003,PR000012,,rear_end_collision,rain,2025-09-23,True,0,1,281.84,under_review,,0,
CM003441,CL001085,VH000995,PR000196,PR000166,,sideswipe,snow,2023-06-13,True,1,3,3897.02,paid,3760.95,0,
CM007358,CL003410,VH003544,,PR000091,,sideswipe,clear,2025-02-02,True,0,0,403.41,paid,403.02,0,
CM006807,CL002559,VH000715,,,,multi_vehicle_pileup,snow,2025-07-15,True,0,0,7141.2,paid,7136.81,0,
CM002144,CL001054,VH003912,PR000103,PR000067,,multi_vehicle_pileup,clear,2024-01-28,True,0,0,1150.72,under_review,,0,
CM005105,CL003807,VH001349,PR000010,PR000142,,sideswipe,clear,2025-12-01,False,0,1,2656.82,paid,2508.4,0,
CM005074,CL002430,VH003860,,PR000117,,rear_end_collision,clear,2025-08-04,True,1,4,4529.83,paid,4313.96,0,
CM001572,CL003252,VH002685,,PR000131,PR000102,single_vehicle,fog,2024-06-16,False,0,0,3794.24,under_review,,0,
CM004080,CL003819,VH003502,,PR000132,,multi_vehicle_pileup,rain,2024-02-22,False,1,2,2158.84,paid,1967.9,0,
CM001123,CL002915,VH001478,PR000195,PR000009,,rear_end_collision,clear,2023-10-31,True,0,2,4588.88,paid,4210.49,0,
CM002787,CL000315,VH002834,,PR000228,,single_vehicle,clear,2024-03-31,True,0,0,2554.81,paid,2436.5,0,
CM002968,CL000237,VH000124,PR000048,,,single_vehicle,snow,2024-12-22,True,0,0,2352.5,paid,2260.06,0,
CM002505,CL000155,VH003759,PR000036,PR000047,,parking_lot,clear,2025-05-18,False,0,0,3750.6,paid,3501.46,0,
CM005989,CL002032,VH000980,,PR000173,,sideswipe,clear,2023-07-29,True,1,0,5094.97,paid,4975.82,0,
CM007165,CL002351,VH002326,PR000187,PR000161,,single_vehicle,clear,2023-08-22,True,0,1,4375.4,paid,3979.73,0,
CM000729,CL000771,VH001143,PR000212,,,sideswipe,rain,2025-10-08,True,0,0,8110.47,paid,7923.8,0,
CM007588,CL000243,VH000786,PR000043,PR000173,PR000100,sideswipe,clear,2023-06-07,False,0,2,1697.79,paid,1538.14,0,
CM007544,CL002996,VH002285,PR000192,,,rear_end_collision,snow,2023-09-13,True,0,0,3589.0,paid,3361.28,0,
CM000413,CL000575,VH003558,,PR000055,,multi_vehicle_pileup,clear,2025-10-08,True,1,0,3558.95,under_review,,0,
CM005746,CL000635,VH002958,PR000116,PR000169,,parking_lot,clear,2023-12-20,True,0,1,4903.61,paid,4732.14,0,
CM007669,CL003921,VH002526,PR000098,PR000095,,single_vehicle,rain,2023-01-02,True,1,0,991.44,paid,989.13,0,
CM000826,CL002713,VH001080,,PR000145,PR000139,sideswipe,clear,2023-04-25,False,0,0,3198.51,paid,2972.49,0,
CM003268,CL000288,VH001408,PR000036,PR000194,,single_vehicle,clear,2025-03-21,True,1,2,3112.28,paid,2969.91,0,
CM003975,CL000220,VH003736,,PR000166,,single_vehicle,fog,2024-07-01,True,0,0,2413.85,paid,2356.99,0,
CM008307,CL001724,VH003285,,PR000224,,parking_lot,fog,2025-03-28,True,0,1,6401.62,paid,6227.87,0,
CM000418,CL003342,VH000967,,PR000115,PR000185,single_vehicle,clear,2025-04-05,False,0,1,5618.99,paid,5518.07,0,
CM006749,CL000062,VH002770,PR000082,PR000134,PR000020,rear_end_collision,clear,2023-12-31,True,0,0,5052.73,paid,4593.54,0,
CM002083,CL000814,VH003737,,PR000228,,single_vehicle,clear,2023-02-20,True,1,0,2715.93,paid,2515.52,0,
CM003374,CL003979,VH002975,PR000153,PR000221,,sideswipe,clear,2024-04-10,True,0,2,14811.83,paid,14219.73,0,
CM005727,CL000919,VH001250,,PR000137,,sideswipe,fog,2023-04-21,True,0,0,1232.13,paid,1148.93,0,
CM004108,CL003021,VH000795,PR000127,,,rear_end_collision,clear,2023-12-24,True,0,2,2261.82,paid,2179.76,0,
CM004381,CL001426,VH001569,PR000195,PR000172,,sideswipe,clear,2025-01-11,True,0,0,2146.74,paid,2035.69,0,
CM007724,CL003973,VH000940,PR000125,PR000029,PR000030,rear_end_collision,clear,2023-01-20,False,0,2,2906.09,paid,2640.17,0,
CM001067,CL003206,VH000021,,PR000203,,single_vehicle,rain,2025-02-21,False,0,0,1888.55,under_review,,0,
CM003914,CL003736,VH002784,PR000120,,,parking_lot,clear,2024-04-28,True,0,1,2699.6,denied,0.0,0,
CM005537,CL002210,VH000000,PR000068,PR000197,,rear_end_collision,rain,2024-12-03,True,0,1,5773.49,paid,5514.88,0,
CM008003,CL003281,VH000010,,PR000018,PR000215,multi_vehicle_pileup,clear,2023-11-01,True,1,0,2507.83,paid,2374.6,0,
CM005388,CL001603,VH000872,PR000129,,,multi_vehicle_pileup,clear,2023-10-17,True,1,2,365.13,paid,340.46,0,
CM005733,CL003017,VH000284,PR000235,PR000228,,parking_lot,clear,2024-09-04,True,1,0,3426.87,paid,3118.3,0,
CM002739,CL002520,VH000796,,PR000207,,parking_lot,fog,2025-06-20,True,0,1,6877.51,paid,6827.95,0,
CM005053,CL001870,VH001304,PR000073,PR000087,PR000101,sideswipe,clear,2025-01-24,True,0,1,1292.0,paid,1173.5,0,
CM004001,CL001148,VH000032,,PR000211,,sideswipe,clear,2023-10-17,True,1,1,2158.31,paid,2086.39,0,
CM002428,CL002337,VH001882,PR000021,PR000166,,multi_vehicle_pileup,snow,2025-03-10,True,0,2,2098.21,paid,2022.88,0,
CM006834,CL000395,VH001024,PR000189,PR000045,,sideswipe,clear,2024-04-30,False,0,1,6150.55,paid,6021.21,0,
CM001688,CL003387,VH003097,,PR000009,,multi_vehicle_pileup,fog,2023-01-05,True,0,0,2992.75,under_review,,0,
CM000852,CL002640,VH001804,PR000017,PR000205,,single_vehicle,clear,2024-03-27,True,1,1,5182.84,paid,4868.23,0,
CM006304,CL001226,VH003165,,PR000071,,rear_end_collision,clear,2025-08-10,True,0,1,1614.43,paid,1585.76,0,
CM005879,CL003225,VH002808,,PR000142,,parking_lot,clear,2023-02-13,True,1,1,3189.58,paid,3020.88,0,
CM008528,CL000540,VH002339,PR000214,PR000115,PR000147,rear_end_collision,clear,2023-11-19,False,0,1,5526.59,paid,5510.76,1,RING004
CM002840,CL002414,VH002341,,PR000145,,multi_vehicle_pileup,clear,2023-07-21,False,0,2,6089.79,paid,5662.49,0,
CM004612,CL001962,VH001172,PR000238,PR000204,,multi_vehicle_pileup,fog,2024-05-10,True,0,1,4537.32,paid,4505.8,0,
CM002490,CL000527,VH000751,,PR000142,,single_vehicle,fog,2024-07-12,False,0,2,1678.36,paid,1516.54,0,
CM006906,CL000820,VH000982,,PR000218,PR000135,sideswipe,clear,2025-03-07,True,0,2,2692.3,paid,2629.71,0,
CM007391,CL000757,VH003790,,PR000134,PR000135,rear_end_collision,clear,2023-04-09,True,0,1,11539.5,paid,10832.91,0,
CM002850,CL000615,VH000869,PR000149,PR000109,PR000232,rear_end_collision,clear,2025-01-24,True,0,0,2077.58,paid,2066.92,0,
CM006666,CL000872,VH001744,,PR000243,,rear_end_collision,rain,2023-06-10,True,0,0,3830.5,paid,3623.96,0,
CM005882,CL000206,VH001470,PR000023,PR000203,,single_vehicle,clear,2024-03-01,True,0,0,3646.42,paid,3365.15,0,
CM004453,CL003509,VH002829,PR000048,PR000201,PR000044,single_vehicle,clear,2024-08-15,False,1,0,4720.41,denied,0.0,0,
CM007422,CL000177,VH000340,PR000167,PR000037,,single_vehicle,snow,2024-05-23,True,0,0,3538.17,paid,3274.78,0,
CM006485,CL003701,VH001274,PR000014,,PR000135,multi_vehicle_pileup,fog,2025-11-18,False,0,1,3880.87,paid,3813.69,0,
CM002480,CL000440,VH002377,,PR000058,,multi_vehicle_pileup,clear,2024-08-10,True,0,0,3601.25,paid,3269.61,0,
CM006618,CL001153,VH003510,,PR000124,PR000193,sideswipe,snow,2023-08-27,False,0,0,3393.68,paid,3245.01,0,
CM002142,CL001059,VH001952,PR000025,PR000097,,single_vehicle,clear,2025-12-13,True,1,2,4053.65,paid,4004.5,0,
CM005189,CL001321,VH001586,PR000014,PR000099,,rear_end_collision,clear,2025-09-11,True,0,0,4743.47,paid,4516.15,0,
CM002745,CL002399,VH002653,,PR000161,,rear_end_collision,rain,2023-10-07,True,0,0,4523.18,paid,4257.55,0,
CM007254,CL003516,VH003094,PR000244,PR000055,,rear_end_collision,snow,2023-07-17,False,0,1,8332.39,paid,7986.41,0,
CM003507,CL002768,VH002766,,PR000055,,single_vehicle,clear,2023-11-02,False,0,0,4403.1,paid,4050.26,0,
CM001680,CL001881,VH003636,PR000043,PR000055,,rear_end_collision,fog,2024-04-13,True,0,1,979.23,paid,917.51,0,
CM004250,CL002458,VH001058,,PR000080,,parking_lot,rain,2024-04-08,False,1,2,8244.39,under_review,,0,
CM003148,CL002874,VH002396,PR000235,,,multi_vehicle_pileup,rain,2023-08-22,True,0,0,2302.83,paid,2211.18,0,
CM008131,CL002582,VH002068,,PR000042,,sideswipe,snow,2023-05-07,True,1,1,4712.81,under_review,,0,
CM007005,CL002827,VH002176,,PR000221,,sideswipe,clear,2024-03-22,True,1,0,3221.34,paid,2974.87,0,
CM000581,CL003990,VH000659,PR000190,,PR000188,rear_end_collision,clear,2024-05-25,True,0,0,2778.84,paid,2697.74,0,
CM004071,CL003980,VH002881,,PR000040,,sideswipe,snow,2023-08-12,True,1,1,1091.43,paid,1001.02,0,
CM003344,CL001389,VH003008,,PR000220,,sideswipe,clear,2023-05-09,True,0,2,1487.25,under_review,,0,
CM007405,CL002917,VH001013,,PR000117,,parking_lot,clear,2024-02-19,True,0,0,987.12,paid,897.28,0,
CM003673,CL002811,VH002202,PR000046,PR000166,,rear_end_collision,clear,2023-01-22,False,0,0,3607.5,paid,3540.69,0,
CM000560,CL002668,VH000046,,,,single_vehicle,clear,2023-01-11,False,1,0,2086.78,paid,1935.58,0,
CM005238,CL003322,VH001262,,PR000107,,rear_end_collision,rain,2025-12-11,True,1,1,1374.9,under_review,,0,
CM007806,CL002667,VH001275,PR000022,PR000201,,parking_lot,clear,2024-10-30,True,0,1,5296.93,paid,5104.37,0,
CM000513,CL000033,VH003570,PR000249,PR000169,,multi_vehicle_pileup,clear,2025-11-29,True,0,3,2435.67,paid,2228.5,0,
CM001082,CL003097,VH001052,,PR000128,,sideswipe,clear,2025-12-30,True,0,2,1679.16,paid,1625.42,0,
CM001665,CL003024,VH003846,PR000233,PR000176,,rear_end_collision,clear,2025-12-10,True,1,1,1417.24,paid,1314.46,0,
CM001932,CL000823,VH002170,PR000010,PR000069,,sideswipe,clear,2024-02-08,False,1,0,5684.89,paid,5281.27,0,
CM008622,CL003282,VH003064,PR000046,PR000201,PR000230,single_vehicle,clear,2025-02-17,False,0,0,4431.18,partially_paid,2262.0,1,RING008
CM001151,CL003850,VH003718,,PR000111,,multi_vehicle_pileup,snow,2023-12-29,True,0,0,7008.3,paid,6811.17,0,
CM002839,CL000550,VH001657,PR000089,,,parking_lot,clear,2025-03-09,False,0,1,4448.48,paid,4023.05,0,
CM005950,CL000421,VH003546,PR000116,PR000140,,parking_lot,rain,2025-03-01,True,0,1,1595.47,paid,1585.7,0,
CM008309,CL001070,VH001209,PR000248,,,rear_end_collision,rain,2025-12-18,True,0,0,7373.72,paid,6911.88,0,
CM005178,CL003235,VH001498,,PR000000,,sideswipe,clear,2023-11-12,True,0,1,5902.24,paid,5355.3,0,
CM000831,CL001300,VH002567,,PR000128,,single_vehicle,clear,2023-10-15,True,0,0,6001.47,paid,5772.4,0,
CM008312,CL001929,VH002698,PR000168,PR000142,,sideswipe,clear,2024-01-20,True,1,0,2383.64,paid,2376.11,0,
CM004753,CL000022,VH002530,,PR000157,,parking_lot,rain,2025-08-14,True,0,0,3822.79,paid,3658.17,0,
CM008672,CL002331,VH002386,PR000114,PR000243,,single_vehicle,clear,2025-01-20,False,0,0,3336.23,paid,3320.63,1,RING009
CM000636,CL001579,VH003052,,PR000012,,single_vehicle,clear,2024-03-10,True,0,0,1764.55,paid,1652.24,0,
CM004466,CL000966,VH001777,,PR000228,,rear_end_collision,clear,2024-09-02,True,0,1,1653.92,paid,1602.29,0,
CM006800,CL000100,VH001977,PR000216,PR000245,,rear_end_collision,clear,2023-01-23,False,0,1,5556.44,paid,5490.99,0,
CM007988,CL002119,VH001256,PR000025,PR000160,,multi_vehicle_pileup,snow,2025-01-28,False,0,0,6718.74,paid,6441.92,0,
CM007080,CL002045,VH002402,PR000073,PR000180,,rear_end_collision,clear,2024-09-08,True,0,3,3708.01,paid,3692.11,0,
CM006967,CL003764,VH000492,PR000170,PR000067,,single_vehicle,rain,2024-11-03,True,1,1,5632.5,paid,5622.53,0,
CM004143,CL003886,VH000177,,PR000079,,multi_vehicle_pileup,clear,2024-03-31,True,0,1,1871.61,paid,1844.83,0,
CM007028,CL000892,VH002573,PR000238,PR000000,,single_vehicle,clear,2024-09-26,False,0,1,3861.11,paid,3645.54,0,
CM000877,CL001079,VH001502,,PR000210,,rear_end_collision,rain,2024-08-24,True,0,1,6453.89,paid,5961.72,0,
CM004870,CL000340,VH000955,PR000082,,,rear_end_collision,rain,2024-07-19,True,0,0,3436.7,paid,3195.35,0,
CM005316,CL000630,VH003133,,PR000087,,sideswipe,clear,2025-07-10,True,0,1,1316.53,paid,1302.71,0,
CM005223,CL002748,VH001775,PR000129,PR000040,,rear_end_collision,clear,2025-11-17,True,0,0,3278.09,paid,3238.46,0,
CM000005,CL001072,VH003339,PR000033,PR000166,,rear_end_collision,clear,2025-05-11,True,0,1,3480.43,paid,3267.93,0,
CM003052,CL003047,VH003736,PR000114,PR000110,,rear_end_collision,rain,2023-08-14,True,2,0,5157.42,paid,4861.88,0,
CM005692,CL003416,VH002034,PR000164,PR000084,,rear_end_collision,rain,2023-07-06,True,0,1,2508.36,paid,2262.42,0,
CM003125,CL001667,VH001185,,PR000220,,single_vehicle,rain,2023-05-23,True,0,0,7137.56,paid,7032.73,0,
CM002492,CL001809,VH003715,PR000017,PR000027,PR000177,rear_end_collision,clear,2025-06-23,True,0,1,2865.43,paid,2794.47,0,
CM003855,CL000649,VH003938,PR000198,PR000241,,multi_vehicle_pileup,rain,2023-07-30,True,0,0,3318.07,paid,3124.47,0,
CM004778,CL003705,VH002391,,,,parking_lot,rain,2024-03-17,True,0,1,2206.83,paid,2090.15,0,
CM007510,CL001969,VH001185,PR000001,PR000183,,multi_vehicle_pileup,clear,2023-12-15,True,0,0,4332.07,under_review,,0,
CM006458,CL000958,VH002353,PR000248,PR000133,,multi_vehicle_pileup,clear,2025-11-22,True,0,0,1453.62,paid,1310.48,0,
CM006294,CL001820,VH001996,PR000031,PR000109,,sideswipe,clear,2025-09-20,True,0,1,2037.29,paid,1995.98,0,
CM001149,CL001247,VH002097,,PR000137,,single_vehicle,rain,2024-12-17,False,1,1,2163.21,under_review,,0,
CM000575,CL003395,VH002791,PR000076,PR000075,PR000102,sideswipe,clear,2025-08-09,True,0,1,5150.91,under_review,,0,
CM003770,CL002279,VH002406,,PR000134,PR000213,single_vehicle,rain,2023-03-04,True,1,0,4294.3,paid,4220.96,0,
CM004147,CL002964,VH002161,PR000039,PR000038,,parking_lot,clear,2025-05-06,True,0,3,4883.1,paid,4779.34,0,
CM000854,CL001339,VH002029,,PR000151,PR000130,sideswipe,rain,2024-08-06,True,0,0,3036.16,paid,3011.64,0,
CM005920,CL000748,VH002506,PR000127,,,multi_vehicle_pileup,clear,2023-11-05,True,1,0,2089.18,under_review,,0,
CM006615,CL002894,VH000246,PR000008,PR000172,PR000122,single_vehicle,snow,2023-01-05,True,0,1,9723.37,under_review,,0,
CM006003,CL002539,VH002873,PR000249,PR000225,,sideswipe,snow,2025-08-18,True,0,1,2437.32,paid,2270.46,0,
CM004496,CL002827,VH000753,PR000235,PR000211,,rear_end_collision,clear,2024-07-11,True,0,0,7429.7,paid,7428.84,0,
CM008174,CL001264,VH000405,,PR000067,,multi_vehicle_pileup,rain,2023-04-28,True,0,1,462.53,paid,427.12,0,
CM006656,CL000714,VH002861,,PR000183,,multi_vehicle_pileup,rain,2024-05-17,True,2,1,2893.66,paid,2682.62,0,
CM002369,CL003838,VH001107,PR000208,PR000037,,single_vehicle,clear,2023-11-24,True,0,1,2472.75,under_review,,0,
CM004781,CL003952,VH003608,,PR000176,,rear_end_collision,clear,2024-09-02,True,1,3,3751.81,paid,3708.66,0,
CM007993,CL001035,VH002819,,PR000205,,parking_lot,clear,2023-06-27,False,1,0,7748.55,paid,7646.35,0,
CM002951,CL003372,VH002784,PR000003,PR000205,,rear_end_collision,snow,2025-06-25,True,0,0,2705.11,paid,2594.23,0,
CM005626,CL002842,VH003925,PR000171,PR000226,,parking_lot,clear,2023-12-29,True,0,0,9411.8,paid,9374.18,0,
CM006972,CL002438,VH003119,,,,single_vehicle,clear,2023-12-30,False,0,1,2189.24,paid,2008.98,0,
CM001842,CL002262,VH002711,PR000127,,,single_vehicle,rain,2024-10-21,True,0,1,1512.87,paid,1444.22,0,
CM005987,CL001827,VH001201,,PR000225,,rear_end_collision,snow,2024-01-27,True,0,1,2918.69,paid,2871.11,0,
CM000538,CL003422,VH000346,,PR000197,,multi_vehicle_pileup,clear,2024-05-23,True,2,1,2749.36,paid,2509.34,0,
CM002807,CL003471,VH001673,PR000208,PR000124,,parking_lot,clear,2023-05-09,False,0,0,4847.76,paid,4593.77,0,
CM005802,CL003899,VH000447,,PR000087,,multi_vehicle_pileup,clear,2023-10-14,True,0,0,1075.59,paid,989.27,0,
CM005597,CL002931,VH000448,PR000167,,,single_vehicle,clear,2024-09-21,True,0,3,1224.51,paid,1214.55,0,
CM007207,CL002739,VH000460,,PR000142,,single_vehicle,clear,2025-06-13,False,0,0,2782.58,paid,2763.66,0,
CM007344,CL002865,VH002567,PR000002,PR000133,,sideswipe,clear,2023-05-31,True,0,0,1813.13,paid,1778.98,0,
CM007561,CL000610,VH000092,,PR000011,,multi_vehicle_pileup,clear,2024-06-29,True,0,0,10847.47,paid,9923.69,0,
CM008097,CL001569,VH002198,PR000144,PR000121,,multi_vehicle_pileup,clear,2024-02-10,True,1,2,3917.94,paid,3701.35,0,
CM000785,CL002733,VH003994,PR000004,PR000138,,rear_end_collision,clear,2024-02-09,False,0,1,8676.01,paid,7867.03,0,
CM001410,CL000130,VH000210,PR000035,PR000087,,parking_lot,snow,2025-12-28,True,0,1,6434.76,paid,6380.68,0,
CM000155,CL002230,VH002451,,PR000092,,sideswipe,clear,2024-05-19,True,0,1,10682.6,paid,10229.63,0,
CM007807,CL003409,VH003303,,,PR000177,rear_end_collision,snow,2025-05-08,True,1,1,2532.98,under_review,,0,
CM003010,CL003992,VH001838,,PR000042,,parking_lot,clear,2023-02-14,True,0,1,1879.33,paid,1735.94,0,
CM001687,CL001640,VH003099,,PR000128,,multi_vehicle_pileup,clear,2023-11-21,True,0,2,5865.57,paid,5646.18,0,
CM004015,CL000638,VH002637,PR000072,PR000047,PR000232,single_vehicle,rain,2025-05-08,True,0,0,1641.17,under_review,,0,
CM007456,CL002748,VH002135,PR000118,PR000084,,single_vehicle,clear,2024-02-15,True,0,1,1675.01,paid,1508.51,0,
CM003864,CL003267,VH001736,PR000112,PR000197,,multi_vehicle_pileup,fog,2024-04-23,True,1,0,2354.67,paid,2312.36,0,
CM002734,CL001752,VH003547,PR000008,,,sideswipe,clear,2025-06-27,True,0,0,3285.76,paid,3087.01,0,
CM001896,CL001555,VH000655,,PR000197,,parking_lot,rain,2024-12-23,True,0,1,3576.87,paid,3345.29,0,
CM005443,CL002867,VH002776,PR000190,PR000178,,parking_lot,clear,2025-12-12,False,0,1,6550.38,paid,6356.25,0,
CM000570,CL001080,VH000101,PR000249,PR000084,,single_vehicle,snow,2023-12-23,True,0,2,1639.4,paid,1592.79,0,
CM006710,CL001605,VH003316,,PR000184,,single_vehicle,clear,2025-04-14,True,0,0,2480.9,paid,2395.23,0,
CM005855,CL002308,VH003484,,PR000108,,parking_lot,clear,2024-02-05,True,0,0,4353.92,paid,4322.45,0,
CM001817,CL000316,VH001113,,PR000226,PR000193,multi_vehicle_pileup,clear,2023-05-13,True,1,1,1638.63,paid,1562.37,0,
CM008320,CL003153,VH003652,,PR000111,PR000175,sideswipe,clear,2025-04-10,True,0,0,3100.64,paid,3015.89,0,
CM003395,CL002802,VH002377,PR000156,PR000202,,rear_end_collision,clear,2024-07-14,True,0,1,2108.69,paid,2035.39,0,
CM003328,CL002583,VH001862,PR000222,PR000041,,sideswipe,fog,2024-01-28,True,0,0,2414.8,paid,2403.27,0,
CM008907,CL000479,VH002175,PR000235,PR000097,PR000130,rear_end_collision,clear,2023-02-21,True,1,1,5822.91,paid,5653.98,1,RING019
CM006103,CL001133,VH001148,PR000033,PR000047,,multi_vehicle_pileup,rain,2025-12-13,True,0,1,3002.19,paid,2788.31,0,
CM002976,CL000953,VH002435,PR000127,PR000080,,single_vehicle,rain,2023-05-26,True,0,1,5317.86,paid,5033.55,0,
CM000981,CL001154,VH000011,,PR000246,PR000177,single_vehicle,rain,2024-10-21,True,0,1,3587.03,paid,3551.06,0,
CM000191,CL000234,VH003086,PR000120,PR000197,,multi_vehicle_pileup,clear,2023-06-17,True,1,0,1553.39,paid,1522.65,0,
CM005089,CL003625,VH000184,,PR000142,,sideswipe,clear,2023-07-08,True,0,2,3501.63,paid,3314.73,0,
CM000700,CL000292,VH002816,,PR000052,,sideswipe,fog,2024-08-23,True,0,0,1168.36,under_review,,0,
CM008706,CL003450,VH002525,PR000104,PR000075,PR000188,single_vehicle,snow,2025-10-26,False,1,0,2591.73,denied,0.0,1,RING010
CM000607,CL002149,VH000530,PR000113,PR000163,,sideswipe,clear,2023-01-30,True,0,3,2296.31,under_review,,0,
CM000302,CL001111,VH002522,PR000034,,,rear_end_collision,clear,2023-03-31,False,0,2,4944.86,paid,4911.32,0,
CM003421,CL003767,VH001567,,PR000095,,sideswipe,fog,2024-01-18,True,0,0,6450.23,paid,6316.04,0,
CM008746,CL002930,VH002586,PR000119,PR000197,PR000135,multi_vehicle_pileup,snow,2025-05-26,False,1,0,12617.95,paid,11901.89,1,RING012
CM001061,CL003977,VH000885,,PR000199,,multi_vehicle_pileup,rain,2023-08-05,True,0,0,3649.92,denied,0.0,0,
CM003445,CL002116,VH000460,,PR000199,,sideswipe,snow,2023-03-03,True,0,0,5312.24,paid,5244.02,0,
CM001070,CL001037,VH001338,PR000136,PR000220,,multi_vehicle_pileup,clear,2024-09-09,True,1,1,2813.78,paid,2755.0,0,
CM002206,CL002847,VH001288,PR000200,PR000041,,rear_end_collision,clear,2025-06-30,False,0,0,3064.69,paid,2794.92,0,
CM007340,CL001691,VH001923,PR000198,PR000105,,parking_lot,clear,2023-04-24,True,0,0,4565.51,paid,4531.36,0,
CM008209,CL001538,VH000606,,PR000060,,single_vehicle,clear,2024-02-16,False,0,0,4456.14,paid,4163.37,0,
CM007680,CL002660,VH003647,,PR000071,,multi_vehicle_pileup,clear,2023-12-22,True,2,1,1673.02,paid,1555.66,0,
CM004643,CL001247,VH002062,PR000170,PR000000,,parking_lot,clear,2024-03-05,True,1,1,1122.33,paid,1082.06,0,
CM007684,CL001053,VH000480,PR000120,PR000229,,sideswipe,clear,2023-01-04,True,0,1,2734.81,under_review,,0,
CM007997,CL001134,VH002924,PR000006,PR000029,,single_vehicle,rain,2025-10-30,False,1,1,4491.81,paid,4363.43,0,
CM005601,CL001833,VH000441,PR000073,PR000015,PR000007,single_vehicle,snow,2025-07-14,False,0,1,2033.52,paid,1921.26,0,
CM007023,CL002789,VH000401,,PR000183,,parking_lot,clear,2023-12-28,True,0,0,1708.55,paid,1698.23,0,
CM004894,CL000226,VH003794,PR000081,PR000005,,parking_lot,snow,2025-09-16,True,0,1,8268.64,paid,7743.17,0,
CM000226,CL002046,VH003284,,PR000124,,rear_end_collision,rain,2024-04-22,True,1,0,1472.79,paid,1445.7,0,
CM003355,CL000493,VH003223,PR000057,PR000087,,sideswipe,clear,2025-07-28,True,1,0,1107.29,paid,1094.83,0,
CM005896,CL003855,VH002461,,PR000060,,parking_lot,clear,2024-11-16,True,0,1,3011.81,paid,2994.81,0,
CM003437,CL002862,VH001490,PR000076,PR000154,,rear_end_collision,rain,2024-07-03,True,0,0,3166.42,paid,3154.71,0,
CM001694,CL000023,VH003552,PR000164,PR000207,,single_vehicle,clear,2025-02-08,False,0,1,2224.36,paid,2050.47,0,
CM006894,CL000160,VH000849,,PR000095,,rear_end_collision,clear,2023-08-23,True,1,0,5094.75,paid,4944.06,0,
CM001046,CL003163,VH000392,,PR000058,,sideswipe,clear,2024-10-13,True,0,1,2584.76,paid,2347.08,0,
CM003447,CL001881,VH001916,PR000153,PR000178,,parking_lot,clear,2025-01-10,True,0,0,3149.76,paid,3119.76,0,
CM008051,CL003222,VH000303,PR000031,PR000109,,sideswipe,rain,2025-02-11,True,0,2,4363.99,paid,4013.59,0,
CM008906,CL001733,VH002175,PR000235,PR000097,PR000130,rear_end_collision,snow,2023-02-18,False,1,0,3735.3,denied,0.0,1,RING019
CM004736,CL001104,VH002107,,PR000109,,multi_vehicle_pileup,clear,2023-05-07,True,1,1,3384.17,paid,3068.76,0,
CM004497,CL000828,VH003601,,PR000041,,multi_vehicle_pileup,clear,2024-05-05,True,1,1,13059.32,paid,12903.21,0,
CM001219,CL000924,VH001091,,,,multi_vehicle_pileup,snow,2025-08-03,True,0,0,3539.82,paid,3283.57,0,
CM006016,CL000090,VH003636,,PR000173,,multi_vehicle_pileup,fog,2025-04-25,True,0,1,4892.74,under_review,,0,
CM003988,CL003066,VH002610,,PR000169,,rear_end_collision,clear,2025-10-30,False,0,0,3547.27,under_review,,0,
CM004912,CL000933,VH001936,,PR000134,,single_vehicle,clear,2025-03-28,True,1,0,3127.39,paid,2884.16,0,
CM004494,CL003329,VH001178,PR000223,PR000179,PR000139,rear_end_collision,rain,2024-09-19,True,2,0,3894.01,paid,3555.7,0,
CM006945,CL001159,VH000450,,PR000128,,single_vehicle,snow,2025-01-20,True,0,1,7125.38,paid,6961.56,0,
CM005700,CL000547,VH001894,PR000088,PR000015,,parking_lot,fog,2024-03-21,True,0,0,4230.42,paid,4023.0,0,
CM008353,CL001880,VH000324,PR000073,PR000205,,rear_end_collision,clear,2025-12-28,False,0,0,6802.92,paid,6165.97,0,
CM000957,CL002836,VH003700,PR000026,,,parking_lot,rain,2025-01-15,True,0,0,5499.05,paid,5426.7,0,
CM002870,CL000669,VH001128,PR000063,PR000040,,sideswipe,rain,2025-04-12,True,0,0,1943.67,paid,1860.45,0,
CM004434,CL002642,VH001435,,,,rear_end_collision,clear,2024-11-12,True,1,1,4502.91,paid,4213.81,0,
CM004974,CL002983,VH001493,PR000189,PR000024,,single_vehicle,clear,2024-06-11,False,0,0,4198.85,paid,4022.38,0,
CM002962,CL000815,VH003660,PR000233,PR000221,,multi_vehicle_pileup,clear,2025-09-22,True,0,1,1128.45,paid,1090.47,0,
CM002201,CL000151,VH002010,PR000056,PR000245,,parking_lot,clear,2025-06-08,True,0,0,2347.74,under_review,,0,
CM000099,CL002801,VH002255,PR000074,PR000243,,parking_lot,clear,2024-08-28,True,0,2,9014.57,paid,8821.63,0,
CM008788,CL002742,VH003274,PR000156,PR000174,PR000122,rear_end_collision,clear,2023-06-28,False,1,0,3942.64,partially_paid,2262.55,1,RING014
CM002558,CL001562,VH001047,PR000022,PR000110,PR000030,rear_end_collision,rain,2025-10-24,True,0,1,4311.96,paid,4153.17,0,
CM008446,CL003475,VH001732,PR000146,PR000105,,single_vehicle,rain,2024-02-05,True,2,0,8499.91,paid,7722.55,1,RING001
CM004200,CL001535,VH001347,PR000025,PR000157,,parking_lot,rain,2023-10-11,True,0,1,4009.13,paid,3895.67,0,
CM005540,CL001579,VH002243,,,,single_vehicle,clear,2023-08-21,True,3,2,8680.24,paid,8103.92,0,
CM001649,CL000073,VH002613,PR000136,PR000052,,multi_vehicle_pileup,rain,2025-06-02,False,0,0,2098.0,paid,1906.04,0,
CM006198,CL003732,VH002980,PR000195,,,rear_end_collision,fog,2024-02-11,True,0,0,2992.73,paid,2888.82,0,
CM006296,CL000636,VH002723,,PR000199,,multi_vehicle_pileup,rain,2023-08-05,True,0,1,2681.61,paid,2617.53,0,
CM004500,CL000038,VH001706,,PR000060,,rear_end_collision,clear,2024-11-14,True,0,1,1118.23,paid,1027.65,0,
CM001155,CL003303,VH000389,PR000222,PR000123,,sideswipe,snow,2024-04-01,True,0,0,2225.76,paid,2077.82,0,
CM002256,CL002438,VH001487,PR000164,PR000075,,multi_vehicle_pileup,fog,2023-05-10,True,0,1,4138.99,paid,3968.71,0,
CM003171,CL000748,VH002630,PR000001,PR000246,,single_vehicle,clear,2023-02-24,True,0,1,1289.69,paid,1251.95,0,
CM007401,CL002138,VH003839,PR000046,PR000228,,sideswipe,clear,2025-02-27,False,0,1,2048.51,under_review,,0,
CM007159,CL002759,VH001141,,PR000229,,parking_lot,clear,2025-06-13,True,0,1,6716.51,paid,6420.69,0,
CM003109,CL001308,VH001678,,PR000178,,sideswipe,clear,2025-08-22,True,0,1,1745.32,paid,1674.47,0,
CM004549,CL003580,VH001921,,PR000000,,rear_end_collision,clear,2025-09-17,False,0,0,2116.42,paid,1982.7,0,
CM005424,CL002573,VH003859,,PR000224,,single_vehicle,clear,2025-02-17,True,0,0,7932.76,paid,7609.55,0,
CM002050,CL000614,VH001882,PR000240,PR000000,,rear_end_collision,snow,2025-02-14,True,0,0,3058.95,paid,2779.2,0,
CM008739,CL002920,VH002009,PR000171,PR000087,,rear_end_collision,clear,2023-02-16,True,1,0,5190.45,denied,0.0,1,RING011
CM000263,CL000096,VH002363,PR000127,PR000142,,single_vehicle,clear,2023-11-24,True,0,0,2154.03,under_review,,0,
CM004062,CL003646,VH001406,PR000056,PR000181,PR000185,parking_lot,rain,2023-06-24,True,0,0,2148.24,paid,2085.46,0,
CM005535,CL000836,VH001885,PR000078,PR000124,,single_vehicle,clear,2024-06-12,True,0,1,2067.83,under_review,,0,
CM006617,CL001117,VH002952,,PR000040,,sideswipe,snow,2023-01-17,True,1,2,4643.79,paid,4604.07,0,
CM008121,CL003104,VH002779,,PR000151,,single_vehicle,clear,2025-04-20,True,0,0,2555.49,denied,0.0,0,
CM008156,CL000322,VH002957,,PR000042,,rear_end_collision,clear,2025-03-17,True,0,0,2253.2,paid,2189.48,0,
CM001803,CL000856,VH002218,PR000078,PR000246,,multi_vehicle_pileup,clear,2023-07-01,True,0,0,3417.42,paid,3367.99,0,
CM004737,CL000189,VH003494,PR000023,PR000037,,sideswipe,clear,2025-08-10,True,0,0,3897.63,paid,3582.26,0,
CM002386,CL002670,VH002031,PR000046,,,rear_end_collision,clear,2023-03-14,False,1,0,3850.66,paid,3841.49,0,
CM006695,CL002044,VH001505,,,,multi_vehicle_pileup,rain,2025-08-09,False,0,0,1509.2,paid,1502.37,0,
CM005760,CL000819,VH001461,,PR000012,,rear_end_collision,rain,2024-06-01,True,0,2,3056.23,paid,2770.96,0,
CM001960,CL003730,VH000224,,PR000229,,multi_vehicle_pileup,clear,2023-09-27,True,0,1,4897.32,paid,4412.26,0,
CM002977,CL002161,VH001734,,PR000097,,sideswipe,clear,2025-11-29,True,0,1,5671.66,paid,5418.48,0,
CM008681,CL002440,VH000717,PR000104,PR000075,PR000188,parking_lot,clear,2025-08-28,False,0,0,7488.29,denied,0.0,1,RING010
CM001844,CL000918,VH002297,,PR000045,,rear_end_collision,rain,2023-06-29,True,1,0,5855.86,paid,5776.26,0,
CM001735,CL001451,VH000662,PR000222,PR000091,,sideswipe,clear,2023-05-08,False,0,0,4275.29,paid,3866.3,0,
CM002912,CL001579,VH003667,,PR000225,,single_vehicle,rain,2025-03-30,True,0,0,1273.18,paid,1183.47,0,
CM008339,CL000200,VH001250,PR000223,PR000024,,parking_lot,clear,2024-06-13,True,1,1,2034.56,paid,2020.46,0,
CM001987,CL003365,VH002856,PR000014,PR000201,,sideswipe,clear,2024-04-12,True,0,1,1255.07,under_review,,0,
CM006547,CL001318,VH002047,PR000106,PR000218,,multi_vehicle_pileup,clear,2025-06-26,True,0,0,12350.56,paid,12105.51,0,
CM007099,CL002057,VH002610,PR000244,PR000107,,sideswipe,clear,2023-10-01,True,0,1,3111.63,paid,2940.37,0,
CM002812,CL003847,VH001740,,,,multi_vehicle_pileup,clear,2024-08-24,False,0,1,2467.41,paid,2250.01,0,
CM000660,CL003616,VH001067,,PR000211,,single_vehicle,clear,2024-03-05,False,3,1,2341.91,paid,2196.26,0,
CM002512,CL000434,VH003119,PR000106,,,rear_end_collision,clear,2023-01-20,True,0,0,999.18,denied,0.0,0,
CM004283,CL003764,VH002654,PR000239,PR000178,,multi_vehicle_pileup,clear,2025-02-23,True,0,1,2385.68,paid,2363.96,0,
CM006288,CL001259,VH003270,,PR000084,,sideswipe,clear,2024-07-01,True,0,0,3403.25,paid,3092.26,0,
CM001931,CL001472,VH003389,,PR000029,,sideswipe,snow,2025-06-05,True,0,2,1729.39,paid,1616.4,0,
CM007126,CL003135,VH002237,PR000089,,,multi_vehicle_pileup,clear,2023-03-15,True,0,0,2538.35,paid,2487.84,0,
CM000198,CL002251,VH003056,PR000068,,,parking_lot,rain,2024-07-05,True,1,0,3156.32,paid,3124.19,0,
CM007778,CL003757,VH000345,PR000074,PR000094,,parking_lot,clear,2024-10-28,True,0,0,1655.39,under_review,,0,
CM002932,CL000408,VH000886,PR000168,,,sideswipe,clear,2023-02-11,True,0,1,3806.35,paid,3461.47,0,
CM008005,CL000913,VH001609,PR000068,PR000133,,sideswipe,rain,2025-11-10,True,0,1,4558.15,paid,4238.96,0,
CM002328,CL002414,VH002071,PR000064,PR000226,,parking_lot,fog,2025-06-28,True,2,1,973.94,paid,965.28,0,
CM004390,CL000084,VH001857,PR000039,PR000207,,multi_vehicle_pileup,fog,2024-05-12,True,0,2,2363.85,paid,2185.98,0,
CM004219,CL002856,VH001912,,PR000138,,rear_end_collision,fog,2023-07-15,True,0,1,7907.63,paid,7765.13,0,
CM000203,CL001254,VH003584,,PR000137,,multi_vehicle_pileup,fog,2024-06-25,False,0,1,5236.3,paid,4910.5,0,
CM003511,CL001900,VH002806,,PR000243,,sideswipe,clear,2025-06-01,True,0,0,5711.42,paid,5429.41,0,
CM004932,CL003005,VH003444,,,,multi_vehicle_pileup,rain,2024-08-06,True,0,1,3078.34,paid,2878.31,0,
CM005536,CL001201,VH003564,,PR000225,PR000232,parking_lot,clear,2024-03-26,True,0,1,1898.43,paid,1711.46,0,
CM005792,CL003522,VH002330,PR000222,PR000224,,single_vehicle,clear,2024-10-24,True,0,0,3209.29,under_review,,0,
CM001708,CL003927,VH000756,,PR000050,,parking_lot,snow,2025-08-30,True,0,1,1687.62,paid,1609.66,0,
CM005173,CL003057,VH002636,PR000235,,,parking_lot,clear,2024-10-10,False,0,0,5505.89,denied,0.0,0,
CM005250,CL001230,VH003027,PR000017,,,rear_end_collision,rain,2023-03-13,True,0,2,8535.73,paid,7864.38,0,
CM006529,CL003418,VH001819,,,PR000147,parking_lot,clear,2023-03-06,True,0,0,1223.16,under_review,,0,
CM008787,CL003786,VH002962,PR000156,PR000174,PR000122,multi_vehicle_pileup,clear,2023-08-06,True,0,1,4360.83,denied,0.0,1,RING014
CM005856,CL003335,VH000359,PR000103,PR000107,,parking_lot,rain,2024-04-30,True,0,2,5500.6,paid,5188.0,0,
CM008165,CL003445,VH002899,PR000158,PR000173,,parking_lot,rain,2024-02-27,False,0,2,5387.69,paid,5292.72,0,
CM000855,CL001870,VH002446,,PR000105,,multi_vehicle_pileup,rain,2023-03-03,True,1,1,1913.63,paid,1906.23,0,
CM004738,CL000131,VH003944,,PR000092,,multi_vehicle_pileup,clear,2024-08-21,True,1,0,1031.81,paid,945.26,0,
CM000699,CL000104,VH000080,,PR000202,,rear_end_collision,snow,2024-07-26,True,0,1,10029.04,paid,9438.94,0,
CM003697,CL000694,VH003953,PR000120,PR000174,PR000230,sideswipe,clear,2023-02-01,True,0,0,5109.15,under_review,,0,
CM001637,CL003784,VH002695,PR000022,PR000243,PR000053,rear_end_collision,rain,2025-12-07,True,0,3,5348.39,paid,5054.16,0,
CM007281,CL000700,VH002449,PR000004,PR000218,,sideswipe,clear,2024-06-25,False,0,0,2388.72,paid,2272.8,0,
CM007555,CL003774,VH002771,PR000104,PR000115,,single_vehicle,rain,2024-02-11,True,0,1,3899.99,paid,3608.75,0,
CM003582,CL003446,VH001859,,PR000040,,rear_end_collision,rain,2025-09-10,False,1,1,2335.9,paid,2161.54,0,
CM001292,CL003225,VH001467,,PR000037,,rear_end_collision,rain,2023-05-03,True,0,0,2391.08,paid,2387.27,0,
CM006586,CL001964,VH003624,,PR000138,,single_vehicle,clear,2025-06-20,True,0,0,2018.47,paid,2000.64,0,
CM001854,CL003803,VH000716,,PR000166,,rear_end_collision,clear,2024-05-06,True,0,0,2324.61,denied,0.0,0,
CM005233,CL003587,VH003244,PR000093,PR000172,,single_vehicle,clear,2025-03-28,True,0,0,6965.27,paid,6898.22,0,
CM003764,CL003425,VH002056,PR000119,PR000173,,single_vehicle,rain,2023-12-23,True,0,0,1315.5,paid,1186.08,0,
CM003305,CL001841,VH000799,PR000167,PR000121,,rear_end_collision,clear,2023-03-08,True,0,0,482.58,under_review,,0,
CM001496,CL002653,VH002386,PR000046,PR000037,,rear_end_collision,clear,2025-03-25,True,0,1,4743.99,paid,4524.31,0,
CM007995,CL003482,VH001415,,PR000029,,parking_lot,rain,2024-09-14,True,1,2,1318.37,denied,0.0,0,
CM001999,CL002013,VH002732,PR000236,PR000055,,rear_end_collision,clear,2025-04-24,True,0,0,1029.42,paid,984.71,0,
CM000664,CL003822,VH002190,,PR000181,,single_vehicle,snow,2025-03-23,True,0,2,3956.34,under_review,,0,
CM003749,CL001123,VH001086,PR000144,PR000083,,sideswipe,clear,2023-05-15,True,0,2,3052.59,paid,2884.87,0,
CM004414,CL002675,VH001377,PR000192,PR000111,,parking_lot,clear,2024-11-30,False,0,0,1686.51,paid,1655.52,0,
CM005531,CL002727,VH001262,,PR000052,,parking_lot,clear,2024-04-05,True,1,2,2822.62,paid,2614.88,0,
CM005576,CL000812,VH002374,PR000063,PR000105,,single_vehicle,clear,2024-06-21,True,0,1,1010.48,paid,972.57,0,
CM007527,CL002648,VH002638,PR000039,PR000071,,sideswipe,clear,2024-03-09,True,0,3,3504.25,paid,3268.84,0,
CM005865,CL000012,VH003543,PR000022,PR000060,,single_vehicle,clear,2024-09-15,True,0,1,2438.37,under_review,,0,
CM006777,CL003383,VH000775,,,,single_vehicle,fog,2023-08-12,True,1,2,3136.7,paid,2919.09,0,
CM001307,CL002109,VH000752,PR000021,PR000092,,parking_lot,rain,2023-10-05,False,1,2,5133.81,paid,4790.8,0,
CM007393,CL000386,VH002626,,PR000050,PR000053,rear_end_collision,clear,2024-12-22,True,0,1,201.6,paid,182.31,0,
CM005593,CL000637,VH001740,,PR000124,,multi_vehicle_pileup,clear,2024-08-28,True,0,0,1633.88,paid,1611.6,0,
CM001664,CL001192,VH003935,PR000065,PR000207,,multi_vehicle_pileup,rain,2023-04-25,True,0,0,1320.46,paid,1257.98,0,
CM005451,CL002494,VH000478,,PR000133,,parking_lot,fog,2025-01-23,True,1,1,3752.78,paid,3510.75,0,
CM003628,CL003807,VH003584,PR000114,PR000203,,multi_vehicle_pileup,clear,2024-12-05,False,2,0,365.62,paid,349.99,0,
CM002694,CL001033,VH002406,PR000231,PR000142,,multi_vehicle_pileup,fog,2023-07-15,True,0,1,5243.7,paid,4730.91,0,
CM005916,CL001513,VH001308,,PR000160,,rear_end_collision,clear,2024-01-31,True,0,0,1948.25,denied,0.0,0,
CM003158,CL001998,VH002287,,PR000225,,single_vehicle,clear,2025-05-08,True,0,1,8266.1,paid,7547.59,0,
CM006669,CL003642,VH002527,,PR000084,,single_vehicle,fog,2025-01-15,False,0,0,5282.74,paid,5099.06,0,
CM001060,CL001883,VH002535,,PR000201,,single_vehicle,snow,2023-07-27,True,2,1,677.06,paid,618.01,0,
CM004637,CL001982,VH001053,PR000148,PR000084,,multi_vehicle_pileup,clear,2025-03-31,True,2,1,4580.79,under_review,,0,
CM003243,CL000763,VH002929,PR000216,PR000204,,parking_lot,snow,2024-07-26,True,0,2,1699.83,paid,1594.33,0,
CM001679,CL001122,VH003380,,PR000226,,parking_lot,clear,2023-05-12,True,0,0,1765.54,paid,1685.7,0,
CM006893,CL002081,VH001764,,PR000083,,sideswipe,clear,2023-12-13,True,0,2,6619.72,paid,6307.6,0,
CM006375,CL002128,VH003687,,PR000107,,sideswipe,rain,2025-07-20,True,1,1,1852.72,paid,1766.85,0,
CM007575,CL002589,VH003382,PR000136,PR000176,,parking_lot,clear,2023-01-02,True,0,4,3006.72,under_review,,0,
CM001758,CL003189,VH003798,,PR000128,,rear_end_collision,rain,2023-03-03,False,0,2,5159.97,paid,4854.63,0,
CM006020,CL001600,VH001458,,,,sideswipe,fog,2023-08-15,True,1,1,4426.77,paid,4308.65,0,
CM005117,CL003317,VH003776,,PR000220,,sideswipe,rain,2025-08-14,True,0,0,4093.22,paid,3827.66,0,
CM008756,CL003128,VH002384,PR000119,PR000197,PR000135,sideswipe,clear,2025-05-18,True,0,0,5844.28,paid,5570.31,1,RING012
CM007409,CL000292,VH001272,PR000119,,,single_vehicle,clear,2023-02-20,True,0,2,8826.18,under_review,,0,
CM002791,CL000748,VH002977,,,,multi_vehicle_pileup,snow,2023-05-11,True,1,1,2323.39,paid,2299.16,0,
CM000864,CL001375,VH003145,,PR000179,PR000188,parking_lot,clear,2025-11-30,True,0,0,4462.66,paid,4382.47,0,
CM007859,CL002016,VH000812,,PR000109,,parking_lot,rain,2023-02-05,True,1,0,4395.41,paid,4335.13,0,
CM001485,CL000860,VH003845,PR000021,,,sideswipe,clear,2023-10-05,True,0,1,3150.41,paid,3098.26,0,
CM007036,CL001158,VH001115,,PR000204,,rear_end_collision,snow,2025-08-28,True,1,1,1741.42,under_review,,0,
CM007722,CL001422,VH000399,PR000066,PR000140,,parking_lot,clear,2023-04-01,True,0,0,1821.04,paid,1652.18,0,
CM005978,CL000263,VH000740,,PR000201,,multi_vehicle_pileup,clear,2025-06-16,True,0,0,2515.39,paid,2365.4,0,
CM005135,CL003126,VH001519,,PR000075,,multi_vehicle_pileup,clear,2023-03-21,True,0,1,590.03,paid,581.38,0,
CM000207,CL000253,VH002171,PR000186,PR000128,,sideswipe,clear,2025-09-10,True,1,2,6962.36,paid,6630.62,0,
CM004489,CL003160,VH000327,PR000187,PR000203,PR000213,single_vehicle,clear,2023-01-01,False,0,0,1891.36,paid,1722.23,0,
CM006939,CL001702,VH003200,,PR000142,,sideswipe,clear,2023-01-27,True,0,0,2365.11,paid,2358.47,0,
CM006911,CL002016,VH001379,,PR000197,,single_vehicle,clear,2023-06-02,True,0,0,2684.99,paid,2554.02,0,
CM000503,CL001716,VH000790,PR000006,PR000091,,multi_vehicle_pileup,clear,2024-04-01,True,0,0,10344.24,under_review,,0,
CM007386,CL000062,VH003233,PR000073,PR000109,,sideswipe,clear,2025-03-18,False,0,1,2978.71,paid,2732.76,0,
CM001029,CL000456,VH003487,PR000171,,PR000101,sideswipe,clear,2025-10-27,True,0,0,1334.88,under_review,,0,
CM003841,CL002426,VH002477,PR000059,PR000221,,single_vehicle,clear,2024-10-10,True,0,2,2025.67,paid,2013.81,0,
CM008111,CL003049,VH003674,PR000064,PR000203,,rear_end_collision,clear,2024-08-02,True,1,1,3986.46,paid,3904.38,0,
CM005057,CL002073,VH001700,,PR000243,,sideswipe,clear,2024-06-17,True,0,0,4538.61,denied,0.0,0,
CM008155,CL001228,VH002540,,PR000005,,parking_lot,clear,2024-07-13,True,0,0,2014.27,paid,1975.59,0,
CM002732,CL003597,VH002027,,PR000204,,single_vehicle,clear,2024-04-08,True,1,0,5201.99,paid,5157.64,0,
CM002455,CL003792,VH003089,,,,multi_vehicle_pileup,snow,2024-02-11,True,0,2,11439.94,denied,0.0,0,
CM007216,CL000065,VH002568,PR000114,PR000115,,rear_end_collision,fog,2023-03-24,False,0,0,9118.28,paid,8231.14,0,
CM003105,CL000494,VH002989,PR000119,PR000183,,sideswipe,rain,2024-06-08,False,1,0,3947.13,paid,3845.81,0,
CM008393,CL003260,VH001746,PR000059,PR000202,,multi_vehicle_pileup,clear,2025-10-08,True,0,0,3444.75,paid,3363.81,0,
CM006279,CL001932,VH003013,,,,single_vehicle,rain,2024-05-25,False,0,0,2236.4,paid,2217.66,0,
CM003100,CL001008,VH001553,,PR000080,,sideswipe,fog,2025-11-27,True,0,0,2029.08,paid,1871.91,0,
CM006185,CL000499,VH002448,PR000167,PR000124,,single_vehicle,snow,2025-11-28,True,1,0,995.95,paid,904.37,0,
CM003562,CL001753,VH001989,PR000153,,,parking_lot,fog,2024-12-13,True,0,0,4560.65,paid,4282.36,0,
CM005893,CL001380,VH003804,PR000212,PR000107,PR000100,single_vehicle,rain,2024-02-23,True,0,0,1281.02,paid,1171.83,0,
CM000392,CL003478,VH001528,,PR000123,,parking_lot,clear,2023-02-11,True,1,1,2787.0,paid,2644.35,0,
CM006737,CL002630,VH001676,,PR000009,,rear_end_collision,rain,2024-02-11,True,1,1,6667.74,paid,6266.73,0,
CM005619,CL001531,VH002877,PR000158,PR000075,,multi_vehicle_pileup,clear,2025-12-14,True,0,1,4981.29,under_review,,0,
CM005259,CL001472,VH002061,PR000114,PR000042,,parking_lot,rain,2024-05-22,True,0,1,3431.86,paid,3102.87,0,
CM002696,CL002394,VH002252,,PR000045,,single_vehicle,clear,2025-06-15,True,0,0,3767.4,paid,3491.16,0,
CM002028,CL003236,VH002184,,PR000243,,single_vehicle,clear,2023-06-14,True,0,0,6898.78,paid,6370.74,0,
CM005464,CL002499,VH001480,PR000240,,PR000232,sideswipe,clear,2024-03-31,True,0,0,709.05,paid,694.95,0,
CM002569,CL000440,VH002139,PR000057,PR000107,PR000185,sideswipe,clear,2024-04-12,False,0,1,7848.77,paid,7719.87,0,
CM008007,CL001129,VH000640,,PR000117,,rear_end_collision,rain,2025-05-02,True,0,1,7614.47,paid,7370.85,0,
CM000065,CL003243,VH002040,,PR000169,,parking_lot,clear,2024-09-24,True,0,0,3369.13,paid,3283.12,0,
CM002063,CL003620,VH003097,PR000116,PR000207,,rear_end_collision,rain,2023-05-28,True,0,2,1546.66,under_review,,0,
CM005277,CL001119,VH000818,,PR000194,,rear_end_collision,clear,2025-10-24,True,1,0,2555.78,paid,2350.6,0,
CM007209,CL003033,VH000529,,PR000182,,single_vehicle,rain,2024-10-18,True,2,2,5792.19,paid,5502.26,0,
CM008685,CL002811,VH001966,PR000104,PR000075,PR000188,sideswipe,fog,2025-09-09,True,0,0,3756.52,denied,0.0,1,RING010
CM008572,CL000862,VH001660,PR000064,PR000000,,single_vehicle,clear,2023-07-25,False,1,0,1816.3,denied,0.0,1,RING005
CM006332,CL002599,VH002171,PR000021,PR000243,PR000188,parking_lot,clear,2025-10-02,True,0,1,2990.81,paid,2736.11,0,
CM004860,CL001272,VH001156,,PR000178,,sideswipe,clear,2024-06-16,True,0,1,5123.78,paid,4790.07,0,
CM004888,CL000269,VH001497,PR000195,PR000105,,rear_end_collision,fog,2023-04-01,True,0,1,2309.74,paid,2135.01,0,
CM000879,CL001123,VH003084,,PR000133,,parking_lot,fog,2025-03-24,False,1,1,2431.42,paid,2399.15,0,
CM008530,CL000340,VH002339,PR000214,PR000115,PR000147,rear_end_collision,clear,2023-12-01,False,1,0,8209.77,paid,7522.52,1,RING004
CM007917,CL000614,VH000816,PR000167,,,sideswipe,rain,2023-03-31,True,0,2,7177.94,paid,6753.76,0,
CM006864,CL003735,VH003125,PR000119,PR000241,,multi_vehicle_pileup,clear,2023-11-03,True,0,1,1266.2,paid,1155.81,0,
CM007893,CL001526,VH000051,PR000216,PR000229,,single_vehicle,clear,2023-11-07,True,0,0,2273.57,paid,2096.06,0,
CM006440,CL003236,VH001791,,PR000037,,single_vehicle,snow,2025-07-11,False,0,1,1366.95,paid,1361.13,0,
CM007870,CL003272,VH003810,,PR000047,,parking_lot,clear,2025-04-23,True,0,3,2250.9,paid,2209.82,0,
CM001017,CL000598,VH003742,PR000034,PR000245,,rear_end_collision,clear,2023-03-31,True,0,1,9525.57,paid,9299.4,0,
CM007630,CL002237,VH003300,,PR000108,,sideswipe,rain,2023-10-25,True,1,0,3138.19,paid,2910.96,0,
CM000996,CL002005,VH000592,,,,multi_vehicle_pileup,clear,2025-10-27,True,1,1,7005.45,paid,6759.76,0,
CM004298,CL002663,VH003525,,PR000094,,multi_vehicle_pileup,clear,2023-05-30,False,2,0,1741.4,paid,1584.25,0,
CM000162,CL002859,VH002713,PR000208,,PR000232,sideswipe,clear,2025-04-02,True,0,2,4198.0,paid,4080.99,0,
CM005676,CL001558,VH000577,PR000088,PR000229,,rear_end_collision,clear,2023-07-16,True,1,1,2630.1,paid,2400.7,0,
CM006874,CL003554,VH002691,PR000190,PR000092,,single_vehicle,rain,2024-09-21,True,1,1,3305.41,under_review,,0,
CM007990,CL001785,VH000596,PR000089,PR000047,,multi_vehicle_pileup,clear,2025-01-05,True,2,0,4174.87,paid,4045.89,0,
CM003844,CL000896,VH003531,PR000033,PR000180,,sideswipe,snow,2024-08-01,True,1,2,3077.91,paid,2928.66,0,
CM001022,CL000501,VH002161,,PR000201,,multi_vehicle_pileup,rain,2023-07-24,True,0,0,4412.58,paid,4217.32,0,
CM003074,CL003363,VH001167,,PR000131,,single_vehicle,rain,2024-07-18,True,1,0,9028.5,under_review,,0,
CM007556,CL003467,VH000317,PR000136,PR000069,,rear_end_collision,fog,2023-06-25,True,0,0,1860.89,paid,1707.71,0,
CM003944,CL000715,VH003268,PR000064,,,parking_lot,rain,2024-04-11,True,1,0,3394.85,paid,3068.07,0,
CM001586,CL002540,VH002550,,,,sideswipe,fog,2025-07-13,True,0,3,6542.26,paid,5944.87,0,
CM003153,CL002481,VH002414,,PR000097,,sideswipe,clear,2024-06-23,True,0,0,1873.03,paid,1848.78,0,
CM008227,CL001048,VH001407,,,,rear_end_collision,rain,2025-07-18,True,0,1,3100.92,paid,2843.39,0,
CM000776,CL000502,VH001665,PR000129,PR000157,PR000232,single_vehicle,clear,2025-04-06,False,0,0,10860.96,paid,10789.06,0,
CM007100,CL001009,VH000018,PR000106,PR000038,,single_vehicle,clear,2024-05-02,True,0,1,2357.35,paid,2128.15,0,
CM005487,CL002290,VH001171,PR000074,PR000128,,sideswipe,clear,2025-07-05,True,0,0,4093.85,paid,3759.96,0,
CM006236,CL003903,VH003955,PR000219,PR000094,,single_vehicle,clear,2024-01-13,True,1,2,3100.66,paid,2957.13,0,
CM007042,CL002818,VH003930,PR000085,PR000024,,multi_vehicle_pileup,clear,2024-04-06,True,0,0,1274.57,paid,1176.93,0,
CM002613,CL000479,VH003855,,PR000145,,parking_lot,clear,2024-09-26,True,0,0,2247.8,paid,2068.06,0,
CM007514,CL003674,VH000923,,PR000121,,parking_lot,rain,2024-06-12,True,0,1,5333.0,paid,5191.22,0,
CM008434,CL003305,VH002134,PR000146,PR000105,,single_vehicle,clear,2024-01-09,False,1,0,2436.89,partially_paid,1431.0,1,RING001
CM008793,CL002226,VH001695,PR000106,PR000203,PR000230,sideswipe,rain,2023-12-31,True,0,0,5676.26,partially_paid,2340.95,1,RING015
CM005394,CL002772,VH000486,PR000014,PR000067,,single_vehicle,clear,2024-06-01,False,0,1,1485.64,under_review,,0,
CM008839,CL003485,VH001876,PR000244,PR000083,,sideswipe,fog,2024-02-10,False,0,1,6445.9,denied,0.0,1,RING017
CM003891,CL001889,VH003578,,PR000055,,sideswipe,clear,2024-04-21,False,1,0,5953.17,paid,5654.45,0,
CM003557,CL003073,VH000675,,PR000000,,rear_end_collision,fog,2024-01-05,True,0,0,5660.18,paid,5543.32,0,
CM001529,CL002754,VH003257,PR000168,PR000095,PR000007,multi_vehicle_pileup,clear,2023-12-10,False,0,1,814.19,paid,737.22,0,
CM001268,CL001399,VH003843,PR000073,PR000178,,parking_lot,clear,2024-05-24,True,1,2,692.6,under_review,,0,
CM007735,CL002004,VH001649,,PR000079,,rear_end_collision,rain,2023-08-17,False,1,0,1227.69,paid,1203.27,0,
CM001900,CL000826,VH002957,,,,rear_end_collision,clear,2023-10-23,False,1,0,8426.83,paid,7860.12,0,
CM004659,CL002851,VH001042,PR000046,PR000131,,parking_lot,clear,2023-05-20,False,0,0,1224.64,paid,1198.07,0,
CM003006,CL002495,VH002515,PR000002,PR000209,,parking_lot,clear,2024-02-08,True,1,2,3032.24,paid,3018.65,0,
CM002735,CL001432,VH001527,PR000149,PR000024,,single_vehicle,clear,2023-09-27,False,0,1,10144.63,paid,9553.79,0,
CM000190,CL000502,VH001861,PR000035,PR000165,PR000147,multi_vehicle_pileup,clear,2025-05-17,True,0,0,1900.61,paid,1783.07,0,
CM002748,CL001309,VH001122,,PR000163,,parking_lot,clear,2025-04-15,True,1,1,3050.9,paid,2868.38,0,
CM002048,CL000911,VH000358,,PR000173,,sideswipe,clear,2023-12-15,True,1,2,14096.8,denied,0.0,0,
CM007850,CL002312,VH000480,,,,single_vehicle,snow,2023-09-22,True,0,1,296.37,paid,283.65,0,
CM002559,CL001211,VH003970,PR000008,PR000163,,multi_vehicle_pileup,clear,2024-05-05,True,0,0,3983.81,paid,3964.04,0,
CM008667,CL000655,VH002948,PR000114,PR000243,,rear_end_collision,rain,2025-01-13,False,1,0,9190.2,partially_paid,4337.73,1,RING009
CM006397,CL002799,VH003662,PR000048,PR000086,,parking_lot,clear,2024-02-23,True,0,0,2536.94,paid,2292.62,0,
CM003386,CL002722,VH000676,PR000231,,PR000185,parking_lot,clear,2024-12-28,True,0,2,1976.24,paid,1948.11,0,
CM004556,CL001781,VH003827,,,,single_vehicle,clear,2025-05-10,False,0,0,7484.53,paid,7332.2,0,
CM001185,CL002911,VH003415,PR000006,PR000228,,single_vehicle,clear,2024-04-27,True,0,2,1896.72,paid,1802.69,0,
CM006421,CL001206,VH003750,PR000198,PR000110,PR000155,parking_lot,snow,2025-09-06,True,0,1,2849.76,paid,2810.57,0,
CM005052,CL001391,VH000032,,PR000221,,rear_end_collision,rain,2024-10-16,True,0,2,4376.12,paid,4012.91,0,
CM005312,CL003051,VH002082,PR000234,,,parking_lot,clear,2023-05-25,True,0,0,5785.85,paid,5251.41,0,
CM002434,CL003505,VH001519,PR000001,,,parking_lot,clear,2025-07-14,False,0,2,3528.5,under_review,,0,
CM006950,CL001885,VH001929,,PR000005,,rear_end_collision,snow,2025-01-19,True,1,0,2050.52,paid,1933.39,0,
CM000770,CL000255,VH001827,,,,multi_vehicle_pileup,clear,2024-07-12,False,0,1,4569.69,under_review,,0,
CM001686,CL000951,VH002204,,PR000176,,multi_vehicle_pileup,fog,2024-06-15,False,1,4,5975.7,paid,5677.65,0,
CM008323,CL003668,VH000249,PR000159,,PR000100,single_vehicle,rain,2023-05-06,True,0,2,3256.12,paid,2975.07,0,
CM005579,CL001962,VH001369,,PR000009,,multi_vehicle_pileup,clear,2023-05-12,True,0,1,8086.71,paid,7611.62,0,
CM004427,CL003584,VH000131,,PR000087,PR000188,single_vehicle,snow,2025-10-03,True,0,0,2843.9,paid,2828.67,0,
CM000467,CL000268,VH001770,,PR000154,,single_vehicle,clear,2025-08-15,False,0,0,1333.82,paid,1231.89,0,
CM006266,CL002222,VH003187,,PR000242,,rear_end_collision,clear,2023-09-29,True,0,1,4588.42,paid,4225.58,0,
CM005735,CL000820,VH002751,,PR000080,,multi_vehicle_pileup,rain,2024-12-02,True,0,1,1198.48,paid,1148.26,0,
CM005192,CL003615,VH001245,PR000004,PR000099,,single_vehicle,clear,2025-11-29,True,0,1,2597.93,paid,2507.17,0,
CM005391,CL001935,VH002300,PR000187,PR000133,,parking_lot,clear,2024-04-10,True,0,1,1856.03,paid,1770.64,0,
CM000861,CL000640,VH001394,,PR000134,,rear_end_collision,rain,2023-05-07,True,0,0,4514.63,denied,0.0,0,
CM007271,CL002000,VH001106,,PR000137,,parking_lot,snow,2023-09-11,True,0,0,7413.52,paid,6924.6,0,
