claimant_id,name,gender,age,marital_status,occupation,annual_income,credit_score,state,address,phone,bank_account_hash,policy_type,policy_tenure_years,prior_claims_count
CL000000,Debbie Rivas,Female,56,single,Sales Representative,44050.02,715,FL,"4235 Olson Plain Apt. 659, Morrowside, WY 78767",919.492.5502,GB57PKDZ64807279103368,full_coverage,5.3,0
CL000001,Lindsay Robinson,Male,75,single,Police Officer,66683.91,757,CA,"905 Smith Inlet, Lake Victormouth, MT 54291",(458)868-5127x652,GB36MJVW64911110961798,liability_only,4.3,0
CL000002,Jeremy Perkins,Male,19,single,Construction Worker,65169.44,690,NC,"3378 Wilson Walks Suite 157, Odonnellfurt, AL 49606",884.244.4630,GB92AAEZ58955296386396,full_coverage,0.0,1
CL000003,Rebecca Lane,Female,75,divorced,Accountant,15707.97,740,OH,"265 Samuel Courts Apt. 819, Cameronview, MP 72971",(453)211-0609,GB06TWRC96027523343836,full_coverage,1.2,0
CL000004,Mary Hill,Male,59,single,Software Engineer,51158.11,665,OH,"USS Little, FPO AP 14056",379-311-2442,GB77PLGM17061713665722,liability_only,3.4,0
CL000005,Steven Keller,Male,69,divorced,Freelancer,44179.09,684,NC,"55799 Eric Streets, Saraborough, PA 04374",+1-208-782-3513,GB58EHCX24473158477686,liability_only,3.3,0
CL000006,Danielle Gonzalez,Female,56,single,Warehouse Worker,21053.84,754,IL,"1994 Laura Stravenue Suite 676, Lisaville, PA 50707",(739)855-1720x84964,GB14ADFZ56253135525105,full_coverage,0.1,0
CL000007,Michelle Lewis,Female,45,single,Administrative Assistant,34801.72,662,TX,"107 James Rapid Apt. 869, Villaland, MI 16652",250-339-2175,GB03DSZA21287809280414,comprehensive,2.4,0
CL000008,Amanda Newman,Female,31,married,Mechanic,31940.15,642,FL,"4455 Miller Trail, Troyton, MO 39618",001-377-715-9103x002,GB55WXNH21358004010414,full_coverage,4.9,0
CL000009,Lonnie Burnett,Female,71,divorced,Software Engineer,29854.93,687,MI,"97125 Karen Vista, Walshville, NC 69653",697.674.5731,GB84WCLR33117030376371,full_coverage,12.2,2
CL000010,Robert Gill,Female,31,married,Manager,36849.78,763,NC,"7281 Jeffery Lakes Suite 798, Port Ricardo, CA 36917",(224)991-2711x30724,GB63VQOL41815632686850,liability_only,3.0,0
CL000011,Jacob Williams,Male,79,single,Nurse,35019.34,555,IL,"43629 Moreno Park Suite 103, East Dariuston, OK 35389",818.314.3966,GB89HXWI73235494012897,full_coverage,1.1,1
CL000012,Sarah Watts,Male,77,married,Electrician,27261.2,726,NY,"856 Krystal Spurs Apt. 850, South Jesseland, MA 79821",233-950-4888x9921,GB74GOTK02097002687681,comprehensive,1.2,0
CL000013,Michael Jackson,Female,42,single,Business Owner,77595.11,751,NC,"07650 Terri Club Apt. 095, Aguilarfort, VI 32942",610.709.4388x2211,GB94OPXL84745705458971,liability_only,4.6,1
CL000014,Joseph Bowman,Male,56,married,Sales Representative,80768.36,703,FL,"784 Danielle Inlet, Lake Stevenmouth, KY 86156",393-436-1330,GB32VSVE42806589175260,full_coverage,6.6,0
CL000015,Mr. Edward Chavez,Female,50,single,Accountant,53068.15,647,OH,"74065 Brendan Dam, Natashahaven, TN 73999",(514)223-6914,GB64PLHZ66614494296592,full_coverage,1.4,1
CL000016,Christina Taylor,Male,44,married,Manager,20868.3,750,NC,"1497 Nicholas Wells Suite 128, Bensonhaven, TX 93902",(375)467-6670x806,GB55TJZH98529894062607,comprehensive,12.5,1
CL000017,Shelly Stevens,Male,72,married,Business Owner,56970.29,797,PA,"19656 Moody Gateway, Deannabury, OH 79275",001-681-779-4695,GB83EPWO28813770285196,liability_only,2.6,0
CL000018,Anthony Gallegos,Female,59,widowed,Manager,29080.98,651,NC,"765 Chavez Springs, Whitechester, MH 26999",423.324.4079x3110,GB69QDHG17087601467238,comprehensive,7.9,0
CL000019,Lonnie Gonzales,Female,78,married,Student,91122.91,689,MI,"2022 George Streets, South Timothy, LA 87996",897-854-6617,GB71TWOY51811698173748,liability_only,1.0,0
CL000020,William Howard,Female,60,widowed,Student,130569.19,759,CA,"8681 Diana Knoll, Stephenberg, KY 86804",761-776-7929x8842,GB79STMC00231177533126,full_coverage,7.4,0
CL000021,Jennifer Brown,Female,79,married,Administrative Assistant,91665.32,713,NY,"17590 Manuel Square, Grayshire, OH 26680",547.374.3326,GB37SAUV13020569815287,liability_only,5.7,0
CL000022,Daniel Carey,Male,47,single,Retired,48832.83,734,TX,"821 Patterson Lane Apt. 912, Craigfort, IN 07248",+1-385-503-4465x124,GB75QTQJ69081974005643,comprehensive,0.5,0
CL000023,Phillip Taylor,Female,79,married,Business Owner,51015.42,650,FL,"037 Linda Port Apt. 516, New Timothyberg, KY 95309",6105783567,GB64ABAY38960870662668,liability_only,1.9,2
CL000024,Jeffrey Prince,Female,25,single,Business Owner,30128.38,850,NY,"Unit 5535 Box 6033, DPO AE 77652",3362890030,GB23EOFJ05593429671114,full_coverage,4.1,0
CL000025,Christine Thornton,Male,41,married,Student,53506.34,709,GA,"4584 Alison Grove, Heidihaven, CT 07578",(569)374-1328x348,GB08LXZE03771070449641,liability_only,2.6,1
CL000026,Scott Cruz,Female,66,married,Sales Representative,37994.24,613,MI,"7033 Lopez Meadows Apt. 408, Sharonmouth, MP 34911",001-993-805-9660x18648,GB55SXSY84267320441384,liability_only,4.2,1
CL000027,James Gilbert,Male,73,single,Nurse,61045.34,648,IL,"2784 Elizabeth Plaza Suite 124, North Juliaberg, KY 37431",883-420-6799x81364,GB11IFHY61032664214764,liability_only,2.4,0
CL000028,Matthew Patton,Male,54,married,Consultant,107657.09,585,MI,"49542 Ford Mill, South Benjaminstad, NJ 84091",+1-736-309-1498,GB20OFIY44723229031028,full_coverage,4.0,0
CL000029,Lauren Williams,Male,43,single,Retail Worker,102704.34,747,OH,"440 Fernandez Cape, West Daniel, NY 58672",381-833-5956,GB82JEAK95565749025042,full_coverage,0.9,1
CL000030,Allison Lynch,Male,69,single,Retail Worker,56698.16,695,CA,"69026 Stephanie Fork Suite 818, New Thomashaven, NC 58306",943-894-3535x37513,GB60LCLR81579376392836,full_coverage,5.9,1
CL000031,Mary Jacobs,Male,76,single,Construction Worker,136148.4,765,NC,"1166 Barbara Roads Apt. 270, North Robert, WV 73190",001-871-820-6021x288,GB76LEMW83415599910157,full_coverage,0.1,0
CL000032,Lynn Yang,Female,36,single,Software Engineer,40459.2,655,GA,"229 Edwin Avenue Suite 765, Thompsonshire, KY 13201",847.650.9889,GB31KMKY22036849951542,comprehensive,9.9,0
CL000033,Donald Gonzales,Female,56,married,Business Owner,39205.47,651,CA,"9134 Cody Plaza Apt. 090, North Tracy, GU 03879",(934)896-7827x411,GB93PICE41513152854781,comprehensive,9.1,1
CL000034,Emily Middleton,Male,77,single,Retired,24659.89,680,GA,"80032 Wiggins Forges Apt. 472, Cervantesfort, LA 17775",518.430.6178,GB03BNWI96935782434776,liability_only,19.6,1
CL000035,Kimberly Phillips,Female,49,married,Chef,28231.05,761,PA,"7536 Gregory Island Apt. 562, Larsenfort, PA 54503",250-339-4409,GB03DSZA21287809280414,comprehensive,1.5,1
CL000036,Lisa Rivera,Female,41,married,Business Owner,91906.92,671,GA,"061 Barr Trafficway, Lake Brandonborough, MN 70686",828.563.4255,GB56RXHA00818670244033,liability_only,6.7,2
CL000037,Paul Hess,Other,79,married,Business Owner,63298.37,590,CA,"41118 Smith Summit Apt. 196, Port Catherine, ME 42932",(380)544-7314x97646,GB10NRIP48836076581739,full_coverage,4.1,0
CL000038,Jennifer Hall,Male,58,married,Student,29826.76,671,FL,"26064 Mitchell Square Suite 234, North Beth, ND 08490",001-755-466-1390x60480,GB93DSYA83342801387592,comprehensive,1.6,1
CL000039,Justin Day,Female,81,divorced,Chef,37585.66,685,TX,"327 Lauren Bypass Suite 054, North Matthewfurt, GA 96443",+1-881-625-2056,GB29ONCZ74224386490810,full_coverage,1.6,0
CL000040,Robert Daugherty,Female,63,married,Consultant,67923.93,686,NC,"15921 Joshua Roads Suite 698, Shawnchester, CT 92484",(738)804-6827,GB87XTIV16800610277697,liability_only,2.3,1
CL000041,Christopher Hancock,Female,38,married,Administrative Assistant,227614.66,729,GA,"26978 Brian Park, Robertmouth, MP 20242",9599960438,GB27KUHK77881161620281,full_coverage,2.4,0
CL000042,Jeffrey Stanton,Female,78,married,Consultant,233320.26,721,TX,"2872 Ross Hill Apt. 644, Christinastad, OK 85726",(624)983-9589,GB69OGKX22870562271043,liability_only,5.1,0
CL000043,Brandon Ellis,Female,61,divorced,Software Engineer,51868.5,732,NY,"215 Michael Bridge Apt. 446, Michaelfurt, KS 74047",+1-631-392-1342,GB29EZQS65999497320331,full_coverage,0.1,1
CL000044,Lisa Thomas,Male,70,married,Warehouse Worker,68624.0,686,NC,"1028 Coleman Mountains, Kevinville, IA 73920",(666)475-4858x1932,GB59NROP41865205756398,liability_only,0.3,0
CL000045,Tammie Lee,Female,49,married,Truck Driver,46394.71,741,PA,"75830 Murphy Land, Wesleytown, PA 36287",2479604409,GB90ITKC92798990816686,liability_only,0.7,0
CL000046,Mark Brown,Male,48,single,Warehouse Worker,32674.11,777,NY,"90552 Black Shores Suite 601, Port Kathleen, FL 96046",612-670-4938x620,GB28RLDK79197111212590,full_coverage,1.0,0
CL000047,Rachel Robinson,Male,43,single,Retired,89717.57,767,PA,"343 Lance Light, Gregoryberg, OK 41859",(733)743-2447x41759,GB51YUQO20962893654358,comprehensive,4.2,0
CL000048,Natalie Adams,Female,46,married,Manager,41553.07,549,CA,"3740 Zachary Roads, South Donald, OR 42836",(796)790-5150x267,GB11UDFL42782079799667,liability_only,1.0,0
CL000049,Dawn Brooks,Male,77,single,Freelancer,75035.91,850,NC,"0381 Simmons Grove Suite 902, West Olivia, UT 69193",792.925.0142,GB30MFOA23244123361328,full_coverage,5.6,0
CL000050,Jacqueline Woods,Female,81,divorced,Truck Driver,43924.43,666,NC,"637 Guerra Squares Apt. 162, Kathrynberg, MO 43376",569-768-1579x0392,GB72LKQA99613273034615,liability_only,7.6,0
CL000051,Christopher Hernandez,Male,51,married,Nurse,62988.64,617,PA,"46226 Steven Corner Suite 160, West David, NY 50831",+1-770-976-6046x41978,GB13WKRL12686120594389,full_coverage,0.1,0
CL000052,Jordan Williams,Other,80,single,Mechanic,47184.35,721,NY,"7509 King Junction, Katietown, ND 35528",(345)760-7540,GB54XBRX63218122764579,full_coverage,0.1,0
CL000053,Roger Conley,Female,60,married,Police Officer,59894.4,599,MI,"15502 Patrick Stream Apt. 546, Johnsonview, VA 86077",001-716-913-9449x8830,GB82GYNI24809624406306,full_coverage,5.1,0
CL000054,Denise Ford,Female,22,single,Accountant,106233.8,680,OH,"038 Thomas Fields Suite 728, Mathisport, WI 50551",255-357-2773x82646,GB62UPRL13854457702992,liability_only,0.8,0
CL000055,Krystal Perry,Female,52,divorced,Sales Representative,114681.73,756,PA,"736 Nicholas Vista Apt. 163, North Ashley, HI 21356",001-868-565-3694x55158,GB18MPYO47226408572169,liability_only,13.0,0
CL000056,Valerie Jenkins,Female,47,single,Retired,54973.2,642,NY,"784 Danielle Inlet, Lake Stevenmouth, KY 86156",393-436-7306,GB32VSVE42806589175260,liability_only,2.0,1
CL000057,Valerie Porter,Female,43,divorced,Sales Representative,39430.26,799,NY,"92711 Graves Fords, South James, GA 64684",783-557-6891,GB70WEFH40140822815775,liability_only,0.7,0
CL000058,Katherine Sanchez,Female,51,divorced,Manager,49440.28,662,IL,"757 Carroll Ranch Apt. 228, Anthonystad, OK 48043",001-644-829-4774x222,GB31IUHA39429045886792,full_coverage,0.7,1
CL000059,Maria Matthews,Other,78,married,Teacher,70041.73,806,TX,"7287 Timothy Light Apt. 153, Jamieberg, KY 80276",001-313-757-7908x33506,GB85QCIR88107983342337,comprehensive,3.3,0
CL000060,William Baker,Male,29,widowed,Nurse,32093.59,690,TX,"128 Brown Forks, New Kathleen, NJ 61353",380-951-3717,GB09GDRS39749096173997,full_coverage,0.4,0
CL000061,Darlene Russell MD,Male,45,married,Student,72410.6,741,TX,"784 Baker Place Apt. 548, Connieville, WV 24379",705.487.7221x6417,GB11GYDY33484587149392,full_coverage,2.2,0
CL000062,Corey Foster,Female,65,married,Teacher,44071.64,758,NC,"258 Valdez Turnpike, Chanview, IN 34953",845.224.5557x4696,GB69YMBN52740334450566,comprehensive,2.2,0
CL000063,Justin Gonzalez,Male,75,married,Construction Worker,125458.73,796,IL,"1132 Sharp Stravenue Suite 067, West Valerie, OR 49655",3109548574,GB17EXCK62294938173598,full_coverage,0.2,0
CL000064,Debbie Schmidt,Male,75,married,Retail Worker,58052.62,736,PA,"15573 Manuel Forks, Coxborough, TX 92783",249-702-1666x708,GB81ASNB85874951191818,full_coverage,2.7,1
CL000065,Jose York,Female,33,married,Business Owner,52416.12,683,FL,"316 Owens Streets Apt. 512, Shawnchester, FM 03316",(594)709-6003x5624,GB66ROUV39592323421089,liability_only,3.1,1
CL000066,Amanda Anderson,Female,67,married,Accountant,34578.84,689,MI,"5333 Martin Groves, East Kelsey, AK 18498",516.807.3607x763,GB10SDCF89812317955633,full_coverage,5.8,1
CL000067,Dr. Heather Scott,Male,18,single,Construction Worker,66748.98,635,OH,"06661 Ward Inlet Apt. 643, Lake Dawnfurt, FM 62283",4454023290,GB09EWPY00934596262282,comprehensive,0.3,0
CL000068,Rita White,Female,43,married,Construction Worker,33048.2,769,NC,"07346 Stout Greens, Anthonytown, MA 04236",702.560.8698x2210,GB34CNCD77687290477425,full_coverage,1.1,0
CL000069,Holly Austin,Male,75,single,Software Engineer,93358.65,797,PA,"9323 Linda Divide Apt. 116, Oliviaville, IA 30152",824-757-9889x425,GB77VESX06032020326509,full_coverage,7.3,1
CL000070,Dr. Cody Kane,Female,74,divorced,Sales Representative,19145.4,774,PA,"Unit 6737 Box 9487, DPO AE 98144",685-352-4578x715,GB21ZLNU08213711842547,liability_only,2.9,0
CL000071,William Miller,Female,52,single,Retired,23726.85,579,MI,"8323 James Summit, Aliciaberg, OK 70042",408.858.3825x21293,GB42GIBM46867752401484,comprehensive,5.2,0
CL000072,Nicholas Wheeler,Female,79,married,Construction Worker,26934.57,699,OH,"80981 Sanchez Meadows Suite 203, Brookeville, MT 40768",419-678-2199,GB06XMSM74930919249034,liability_only,4.0,1
CL000073,Paul Taylor,Male,47,divorced,Retail Worker,58353.32,749,OH,"62669 John Keys, East Tabithaview, DC 53118",392-637-2450,GB51QDYU97374189721540,liability_only,6.1,0
CL000074,Steven Rodriguez,Male,76,married,Business Owner,70560.04,673,NY,"743 Christopher Street, Johnfort, MP 92460",(360)914-4485x64510,GB73HSPH96417899698609,comprehensive,4.0,0
CL000075,Ryan Day,Female,75,married,Student,38525.97,832,NC,"35996 Higgins Canyon, Deborahmouth, PR 60891",001-280-766-0392,GB64DJNZ07455534705742,full_coverage,1.2,0
CL000076,Randy Kelley,Male,76,married,Student,48869.26,696,OH,"2715 Jensen Streets Apt. 541, Lake Richardfort, SC 24905",001-563-647-5575x22501,GB79QWUR48826913119642,comprehensive,9.4,2
CL000077,Kim Sanders,Male,52,married,Retired,49694.62,738,GA,"33230 Villanueva Cliffs, West David, MS 75175",+1-924-507-3333,GB88UJNM53335038363358,liability_only,0.4,0
CL000078,Stacy Werner,Male,27,married,Student,60671.82,686,GA,"6553 Fernandez Club Apt. 538, North Tina, WY 67013",001-278-951-9358x374,GB77TOPS61208780572151,full_coverage,6.4,0
CL000079,Desiree King,Female,57,single,Manager,45829.31,694,IL,"107 James Rapid Apt. 869, Villaland, MI 16652",001-245-739-8628x950,GB03DSZA21287809280414,full_coverage,0.3,1
CL000080,Tracy Berry,Female,18,single,Truck Driver,49489.41,712,NY,"USCGC Ballard, FPO AA 91781",625.821.4526x4712,GB68GHLU15718409080512,liability_only,8.3,0
CL000081,William Smith,Male,53,married,Construction Worker,40496.72,659,OH,"99512 Dana Parks Apt. 835, Port Feliciaberg, PA 49543",001-227-328-2709,GB64ZJJD52982173929578,full_coverage,5.3,0
CL000082,Rachel Raymond,Male,44,single,Consultant,39039.85,587,OH,"3523 Lopez Lodge, West Brianfort, AS 86963",001-591-681-5899x886,GB69KEOY34666617071587,full_coverage,2.0,0
CL000083,Elizabeth Gay,Female,67,married,Police Officer,41234.35,672,NC,"031 Mcclain Summit, Lake Lee, AR 70531",4047635806,GB87VWBG17235137399006,full_coverage,0.4,0
CL000084,Michael Glass,Male,58,single,Sales Representative,88281.32,772,PA,"526 Nathan Villages, Williamsberg, PA 32767",+1-646-594-3460x666,GB16YPIT06072311127128,full_coverage,0.9,0
CL000085,Tony Scott,Female,77,married,Chef,81901.31,655,FL,"29667 Patrick Meadow Apt. 532, Joshuaberg, AZ 80993",318-363-8782x94565,GB15OLQT55168740903802,liability_only,0.9,1
CL000086,Tara Sanders,Female,49,married,Consultant,22467.49,716,CA,"411 Carson Flats Apt. 873, New Wendy, NJ 63260",813-706-2113,GB85OXEO90833509025425,liability_only,0.2,2
CL000087,Steven Brown,Male,36,single,Manager,58715.17,717,OH,"132 Matthew Stravenue Suite 071, New Allison, OH 21616",(285)401-1688,GB63XKLB21306090691309,full_coverage,3.5,1
CL000088,Alicia Holloway,Female,70,divorced,Manager,37033.57,789,OH,"9673 Salazar Key Suite 727, Jeffreyport, SC 96311",(264)925-0642,GB80NWRH62536667776755,liability_only,4.7,2
CL000089,James Cummings,Female,55,married,Mechanic,173355.51,648,NY,"393 Mccullough Plaza, Brooksport, IL 51989",(571)587-4960,GB26KRFV68627036924926,full_coverage,1.1,0
CL000090,Rebecca Hernandez,Male,43,married,Sales Representative,29494.91,630,NY,"275 Erica Turnpike, North Andrewton, MA 12290",453-623-4159x59775,GB81JDZR22261896288743,comprehensive,1.1,0
CL000091,Mary Thomas,Female,53,married,Retail Worker,22288.92,698,MI,"67672 Brenda Viaduct, Sarahshire, OK 24334",607.895.5151x229,GB83EDZV35415970996254,comprehensive,5.9,1
CL000092,Douglas Meyer,Female,63,married,Warehouse Worker,134664.36,569,MI,"PSC 7520, Box 3447, APO AA 44740",2472158029,GB82JMGP66046558665254,comprehensive,8.8,0
CL000093,Katherine Adams,Male,47,single,Administrative Assistant,55904.08,658,TX,"PSC 1581, Box 0213, APO AE 23714",(412)993-1100x591,GB44UKZV19102312110633,full_coverage,5.8,1
CL000094,Bobby Flores,Male,38,divorced,Chef,42629.65,783,OH,"79274 Scott Parkways Apt. 123, Douglasside, OK 25318",001-811-632-5326x949,GB25GNIL38044210175096,comprehensive,6.2,0
CL000095,Phillip Moran,Male,50,divorced,Sales Representative,17018.67,602,TX,"9591 Acosta Island, Howardfort, MN 65997",775-883-3920x5677,GB43OOOE26602562650622,full_coverage,1.1,0
CL000096,Catherine Davis,Male,23,divorced,Consultant,68832.19,826,CA,"5307 Moore Village, Jeremyfort, PA 95361",466.527.0511x5794,GB02QPZG67042549691928,full_coverage,4.9,1
CL000097,Nathaniel Roman,Female,70,married,Electrician,49597.04,557,CA,"710 Wood Gateway Apt. 535, Buchananside, MA 76158",732-359-3993x37970,GB96MYET51877941763425,comprehensive,0.5,1
CL000098,Amy Wright,Female,79,widowed,Freelancer,68608.57,719,FL,"9782 Frye Oval Suite 983, New Cassie, LA 96631",6386843660,GB58GEJA06157276829751,full_coverage,0.2,0
CL000099,Joy Gonzalez,Other,56,single,Business Owner,65471.17,835,GA,"92501 Mindy Plaza Suite 525, Piercechester, SD 42953",(925)390-4599x0802,GB76CEED82315551651768,full_coverage,5.2,0
CL000100,Jason Clarke,Male,29,single,Sales Representative,43764.09,850,TX,"72143 Brian Springs, North Dawnbury, NJ 06057",8332228556,GB49QYJP06810390339705,liability_only,1.9,1
CL000101,Lauren Richardson,Male,28,married,Chef,46694.1,651,IL,"PSC 2632, Box 8094, APO AA 73411",(386)623-9453x546,GB47OAOT86321061339439,liability_only,0.1,0
CL000102,Heather Brown,Female,51,single,Manager,87542.05,841,IL,"80403 Michelle Ford Suite 657, Guzmanburgh, PW 64946",689.243.1910x0900,GB43JOMX92105336514604,liability_only,0.3,1
CL000103,Stephanie Turner,Male,50,married,Student,45471.5,776,NY,"07201 Jenny Motorway, Josephshire, NJ 08795",001-223-216-6007x6762,GB81VCYI47340433700968,liability_only,3.4,2
CL000104,Katherine Hall,Male,73,married,Retired,73025.71,727,GA,"5195 Hoover Plains, West Donna, MN 95685",+1-782-955-6296,GB89LYJE78656194255778,full_coverage,0.2,0
CL000105,Carly Williams,Female,23,married,Sales Representative,20629.5,663,PA,"2655 Christopher Inlet, Wardview, CT 17868",(577)522-3306x0463,GB24KMIC11824224124620,full_coverage,3.5,0
CL000106,Shannon Weber,Female,68,married,Electrician,19550.52,822,IL,"236 Madeline Creek, New Daletown, KS 72649",+1-723-857-1558x68639,GB79WYDH72308172143643,full_coverage,3.1,0
CL000107,Anne Olsen,Female,33,single,Construction Worker,33442.15,710,IL,"1321 Jon Crest, Duffyfurt, AL 91965",+1-245-965-3469x979,GB16BPKL04768169957060,liability_only,1.5,1
CL000108,Olivia Miller,Male,46,single,Construction Worker,60247.86,707,GA,"31765 Cassandra Mountains, West Kylemouth, IL 80942",(810)229-0871x82749,GB47ISDW87274204956121,liability_only,0.9,1
CL000109,John Smith,Male,59,married,Retail Worker,54977.71,601,NY,"0423 Glenn Prairie, Perezmouth, AS 92353",912-722-9907,GB02ZWNA85816704686111,liability_only,0.8,0
CL000110,Travis Howard,Female,31,married,Truck Driver,31538.16,586,PA,"10219 Elizabeth Mission, Angelafort, CA 86518",(696)418-0332,GB35XWMA50801849804253,liability_only,0.3,0
CL000111,Rebecca Lopez,Female,39,divorced,Retired,88776.34,641,TX,"5226 Banks Extensions Suite 392, Parkerport, DC 23793",(541)540-6029,GB12UXHQ90309143639102,liability_only,4.8,0
CL000112,John Garcia,Female,32,widowed,Manager,86512.47,692,GA,"28217 Ashlee Gateway, Francostad, IN 34903",(906)805-6035x67932,GB05UYUF39847169061812,liability_only,0.9,1
CL000113,Amanda Ramirez,Male,19,married,Nurse,88778.46,613,FL,"5564 King Common, Smithside, AR 46371",(971)628-6391,GB33HCVI95013649718924,comprehensive,7.9,0
CL000114,Matthew Hatfield,Female,64,married,Police Officer,32315.88,549,MI,"44474 Caroline Mountain Suite 252, New Ericaburgh, NJ 80936",+1-883-655-3935x435,GB56ITNV39243588537982,full_coverage,0.4,1
CL000115,Nathan Carter,Male,56,married,Freelancer,34117.54,624,PA,"75367 Randolph Mount Suite 249, West Davidfurt, GU 72680",(501)634-7789x4896,GB90BNUP91766512215001,comprehensive,1.4,0
CL000116,Joshua Adams,Female,34,married,Warehouse Worker,48693.77,519,TX,"09001 Davila Stravenue Suite 463, East Christine, OK 99031",585-232-0895x326,GB91FCSX94711363379223,comprehensive,1.5,0
CL000117,Aaron Lambert,Female,35,married,Accountant,60287.64,615,NY,"3311 Marquez Mills Apt. 696, New Kathyborough, FM 88753",768.455.0789x6793,GB14WCTW62633556434369,liability_only,3.1,1
CL000118,Toni Parks,Female,36,married,Warehouse Worker,27082.96,587,GA,"640 Robinson Mills Apt. 515, Bruceview, ID 16512",+1-974-746-6609x9353,GB42BUTO59230450189616,liability_only,8.0,0
CL000119,Maria Brown,Male,76,single,Sales Representative,28822.58,714,PA,"9556 Travis Stream, Blankenshipland, NE 33914",(534)254-7223x989,GB97MLBY31219804184724,comprehensive,0.4,0
CL000120,Jeffrey Pitts,Male,72,divorced,Police Officer,105092.77,688,TX,"2813 Christine Ports Apt. 487, Jacobsonbury, AK 26110",+1-411-414-2817x852,GB63HZAK24808806220722,full_coverage,0.3,1
CL000121,Lee Richardson,Male,26,divorced,Software Engineer,59424.34,618,CA,"72132 Carlos Lane Apt. 047, Byrdfurt, OH 71472",001-968-478-5996x4862,GB26ZBGC95419666450573,liability_only,1.8,1
CL000122,Cindy Hampton,Male,19,married,Administrative Assistant,86417.06,697,GA,"246 Douglas Forks Suite 476, Marquezstad, FM 27330",826.803.2145x057,GB65CTJL88707155348201,liability_only,0.0,1
CL000123,Michael Nelson,Male,55,divorced,Student,75535.39,699,NC,"850 Powell Union, Reedmouth, LA 48731",3894177680,GB81MKVW74223196463004,full_coverage,2.8,0
CL000124,Casey Barnes,Female,68,married,Electrician,46760.87,714,MI,"8943 Vickie Estates, West Jessicaland, IN 61882",(671)717-5957,GB51UVKQ29849330674584,liability_only,12.0,1
CL000125,Dr. Jared Crane MD,Other,37,divorced,Consultant,46114.77,654,MI,"83337 Sara Square, Robertfurt, MT 74762",841-932-9715x06662,GB06AKLD43776936634392,comprehensive,3.3,0
CL000126,Kyle Watkins,Male,54,single,Nurse,84993.02,687,FL,"10286 Mosley Underpass, North Aaron, HI 04785",(745)359-1024,GB18BSCB90326714949819,full_coverage,1.4,0
CL000127,Austin Obrien,Male,23,single,Consultant,37721.73,646,OH,"9340 Phelps Shores, Lake Thomas, NV 47523",344.266.3453x37220,GB48SDED72214559376618,full_coverage,0.2,1
CL000128,Elizabeth Fletcher,Female,19,single,Electrician,191594.69,668,IL,"PSC 0526, Box 3510, APO AE 33554",(227)476-5725x6592,GB54INCP52023897432600,full_coverage,5.5,0
CL000129,Michelle Mcbride,Female,22,married,Administrative Assistant,69826.66,637,OH,"78332 Becker Walks, Alyssahaven, OR 80777",+1-736-207-9848x704,GB63NSUZ17679935937440,comprehensive,9.8,0
CL000130,Mary Riley,Female,52,single,Electrician,63573.64,707,TX,"303 Allen Alley, Williamsland, AS 36366",+1-586-608-4907,GB04YDHM85283061537012,comprehensive,0.2,1
CL000131,Monique Jackson,Male,54,widowed,Business Owner,45451.23,644,GA,"2632 Davis Heights Suite 881, East Morgantown, IA 09149",001-642-317-5188x78179,GB85LZCL26384091122528,full_coverage,0.6,1
CL000132,Kimberly Mendoza,Female,43,married,Freelancer,50573.15,723,CA,"44474 Caroline Mountain Suite 252, New Ericaburgh, NJ 80936",897.791.3787,GB23POVR71667417132231,liability_only,3.1,1
CL000133,Brendan Meyer,Male,57,married,Retired,41356.79,508,TX,"7885 Colleen Bypass, Johnside, GU 56290",111-556-7927,GB22AHJM07791570814843,liability_only,1.3,1
CL000134,Dennis Cook,Male,42,married,Administrative Assistant,31664.38,552,NC,"391 Brandon Inlet, Port Jennifershire, VI 91003",+1-348-741-6046,GB40IXBE11901707568142,liability_only,2.7,0
CL000135,Kristina Bauer,Female,57,divorced,Retail Worker,37264.27,696,GA,"46001 Matthew Flat Apt. 306, Simmonston, WV 73361",807-416-7491,GB19QJLE69694439164970,comprehensive,9.8,0
CL000136,Jennifer Lee,Female,25,divorced,Administrative Assistant,37319.04,713,NC,"291 David Canyon, East Julie, VA 09964",+1-562-934-1903x10615,GB86EEXU15566847323653,full_coverage,7.4,0
CL000137,Shannon Bates,Male,47,married,Freelancer,63521.35,699,NC,"0406 Moore Tunnel Apt. 784, South Daniel, LA 18942",942-560-7819x7543,GB98WIPM42737203763882,liability_only,0.6,0
CL000138,Nathan Boyd,Male,54,married,Truck Driver,45241.44,705,TX,"846 Bryan Coves Apt. 443, Lake Tyler, NC 00942",(505)486-9507,GB68DXJX64493699951679,liability_only,0.8,1
CL000139,David Williams,Female,27,divorced,Student,97437.68,651,PA,"85736 Hannah Cove Apt. 360, South Robert, WA 10017",287-623-3351,GB13ASND49731539114983,comprehensive,0.4,1
CL000140,Michael Weaver,Female,73,married,Retired,283628.16,750,FL,"3651 William Forks, Aaronstad, MI 99241",282.401.9043x223,GB06XMSM74930919249034,full_coverage,2.3,0
CL000141,Sandra Moore,Female,62,married,Chef,89590.2,789,GA,"0826 Christopher Estate, North Eric, CT 57467",924.488.8995,GB37TRVS37629745493036,comprehensive,4.1,0
CL000142,Raymond Marshall,Other,60,single,Chef,104734.65,718,NY,"203 Ann Locks, North April, ND 30883",(330)789-8138,GB31QRCI45822067323182,comprehensive,11.2,0
CL000143,Andrea Le,Female,23,married,Chef,37152.14,500,OH,"2450 Kathy Tunnel Apt. 001, Frederickshire, CO 11331",001-737-817-8509x025,GB61VDZQ44421829987478,comprehensive,10.3,0
CL000144,Angela Thompson,Male,30,single,Nurse,89511.54,617,FL,"6708 Mcdonald Cape, North Ebonybury, MS 45766",+1-851-458-4826x6913,GB91ZIQH55054296080706,full_coverage,3.1,0
CL000145,Jason Chase,Male,65,divorced,Freelancer,73769.67,700,TX,"98221 Joseph Causeway Apt. 648, New Rosetown, KS 82496",001-842-687-7383x6381,GB16HEVC26942894642036,full_coverage,4.3,0
CL000146,Bianca Bowen,Male,45,married,Truck Driver,42330.47,662,TX,"14417 Lynn Highway Suite 255, Michelleton, HI 53359",955.882.4301,GB30JNZI48988031538882,full_coverage,0.3,0
CL000147,Desiree Swanson,Female,58,married,Software Engineer,55441.54,737,IL,"504 Victoria Highway, East Sabrina, IL 47039",384.395.1632,GB70DWTO87180933913732,comprehensive,0.4,2
CL000148,Frank Perez,Female,74,single,Retired,31279.75,590,NC,"119 Chang Islands, Davishaven, PR 53873",001-488-200-2300x91561,GB16HWMK77449160936595,liability_only,0.9,0
CL000149,Anthony Collins,Male,64,divorced,Sales Representative,53594.1,646,TX,"520 Payne Via, Port Kimberly, NH 91647",366-474-6762,GB23NDPA24376545628417,full_coverage,5.7,0
CL000150,Bryce Fox,Female,58,married,Teacher,52218.39,607,CA,"84336 Cooper Burg Apt. 632, East Catherine, NY 19884",637-245-5611,GB16WXXJ28860505376660,full_coverage,7.0,1
CL000151,Anne Francis,Female,44,married,Sales Representative,49035.8,802,NC,"814 Kathryn Groves, Whiteheadberg, MP 57841",+1-729-383-2482x6292,GB44VZEM62015720185962,comprehensive,0.9,0
CL000152,Ryan Mcmillan,Female,68,divorced,Warehouse Worker,73426.66,569,NY,"USS Meyer, FPO AE 47860",(569)610-6271x5312,GB48KLBN88269177682938,full_coverage,0.6,0
CL000153,Donna Mccarty,Female,50,married,Freelancer,99551.29,552,PA,"087 Matthew Freeway Suite 882, Williamsbury, SD 49561",+1-310-615-7090x859,GB25JSFA74926999699648,full_coverage,3.5,0
CL000154,Olivia Reese,Female,38,single,Business Owner,72467.81,684,FL,"33230 Villanueva Cliffs, West David, MS 75175",468-245-3817,GB88UJNM53335038363358,liability_only,2.2,0
CL000155,Tommy Ramsey,Other,39,single,Police Officer,210003.23,722,PA,"9538 Diane Points, Port Loriport, GU 00903",(761)429-9650x826,GB76NVIC86965613087612,full_coverage,0.2,1
CL000156,Renee Edwards,Other,36,divorced,Retail Worker,46359.65,517,NY,"3468 John Underpass, Melissaview, SC 05817",8278300869,GB97CBDY68311395001680,full_coverage,3.4,0
CL000157,Diana Carter,Female,33,married,Teacher,40610.23,683,OH,"76283 May Road Apt. 053, Josephfort, NV 58525",+1-746-220-7266x292,GB43RZCX77602991406884,liability_only,5.2,0
CL000158,Cory Harris,Male,19,married,Nurse,26926.31,850,MI,"5235 Rodriguez Plains, South Alexburgh, TX 13825",792-406-1363,GB26OPRS56133718444902,full_coverage,2.4,1
CL000159,Erica Thomas,Male,25,married,Sales Representative,28693.97,614,MI,"64403 Harris Glen, South Thomasville, FL 61214",001-378-522-1021x7982,GB29IQNF98579736383182,comprehensive,3.6,0
CL000160,Whitney Ortiz,Female,40,single,Truck Driver,51010.65,755,TX,"079 Powell Crest Suite 706, Youngfurt, NC 19708",5507682122,GB12KVFC65058714692182,comprehensive,2.8,0
CL000161,Kenneth Murphy,Female,40,married,Consultant,60935.5,670,IL,"089 Young Road Suite 802, North Melissa, AS 04945",+1-338-369-4842x495,GB23JLOU88707152386767,full_coverage,0.7,0
CL000162,Randy Douglas,Female,64,married,Accountant,89248.58,734,NY,"6191 Simpson Place Suite 682, Wagnerberg, MP 17473",289-637-0858x06235,GB46AVLY66957900124825,liability_only,15.7,0
CL000163,Debra White,Other,63,married,Manager,48422.27,764,FL,"632 Serrano Ridge Suite 232, Kristinebury, VI 26003",+1-491-756-2415,GB72XPFK62926933589513,liability_only,3.9,0
CL000164,Teresa Rodriguez,Male,48,divorced,Electrician,42893.7,656,TX,"0784 Herring Points Suite 095, Mejiaport, GU 34803",303.949.1891,GB37TPFB38593401536415,full_coverage,3.5,1
CL000165,Brian Carey,Male,65,single,Chef,68272.67,588,NC,"127 Webster Trace, Maldonadoshire, SD 83770",247-201-2045x5611,GB54NFIP55411082555989,full_coverage,1.9,2
CL000166,Daniel Thompson,Female,59,married,Manager,46117.25,758,MI,"7813 West Island, North Susanview, PR 20120",001-914-210-5276x981,GB60TXEY70452388856225,full_coverage,0.1,1
CL000167,Susan Parsons,Female,81,married,Retired,20480.6,797,CA,"867 Ramirez Wall Apt. 275, Tonyaview, ND 83361",896-755-9428x24911,GB52AEAB02453931321551,full_coverage,1.2,2
CL000168,Fred Castillo,Female,27,married,Software Engineer,66865.24,685,GA,"214 Mitchell Pike Suite 699, Thomasbury, NE 59352",+1-374-562-0258x2543,GB33ZFWR12312392049106,comprehensive,2.2,0
CL000169,Stacey Stone,Female,67,single,Nurse,170385.37,758,PA,"38750 Katie Lodge Apt. 722, Timothymouth, KS 98389",(384)972-6290x529,GB25MVRH16082717217337,comprehensive,1.0,0
CL000170,Monica Frost,Female,60,married,Chef,34404.78,657,GA,"52229 Joyce Extension, Lake Ronaldmouth, TN 77201",743-588-2325,GB42ZSRG58446177732643,full_coverage,8.1,1
CL000171,Laura Green,Male,23,married,Consultant,25678.31,713,FL,"127 Smith Ports Apt. 712, West Johnmouth, WV 69575",313.475.2988x3220,GB18ZLMX08320048797888,comprehensive,2.8,0
CL000172,Jessica Sutton,Male,75,married,Manager,43805.51,700,CA,"852 Dana Lock Apt. 030, Tiffanybury, MS 85095",599-351-7152,GB46AYEU92950143748309,full_coverage,0.5,0
CL000173,Susan Ray,Female,48,single,Mechanic,65921.05,755,TX,"Unit 1397 Box 1912, DPO AA 06847",+1-322-313-2176x7201,GB33DMMD22019072587339,comprehensive,3.2,0
CL000174,Cindy Carter,Male,24,married,Nurse,104955.04,711,OH,"3802 Curtis Shores Suite 812, Gregoryland, LA 03477",+1-468-625-0952,GB50MEAS35561039952970,liability_only,1.8,1
CL000175,Crystal Chavez,Male,19,divorced,Software Engineer,75133.95,629,NY,"5858 Hughes Track, East Meghan, KS 10324",001-920-627-0615x9273,GB56BFTT07166906322481,full_coverage,0.3,0
CL000176,Dean Shields,Female,43,married,Sales Representative,87588.59,678,FL,"40301 Christina Lodge, Elliottmouth, MN 55969",991-357-9554x6234,GB47EZIO60108018103068,comprehensive,4.5,0
CL000177,Jerry Hill,Male,71,married,Consultant,164202.49,683,NY,"USCGC Martin, FPO AP 06087",+1-208-315-7129,GB23KWBO13806713073510,comprehensive,9.7,1
CL000178,Donna Booker,Male,53,married,Warehouse Worker,31326.49,684,CA,"92711 Graves Fords, South James, GA 64684",783-557-2707,GB52NWNT47031805339627,liability_only,6.4,2
CL000179,Sara Preston,Other,26,married,Accountant,48635.64,695,TX,"59183 Holly Mountains, North Brianview, MO 54870",(614)259-0110x79771,GB09AXUI93881949053152,full_coverage,0.3,1
CL000180,Leroy Shaw,Female,60,married,Sales Representative,36165.21,847,MI,"11161 Cain Point Apt. 988, Elizabethchester, MI 87708",+1-533-646-8007x2290,GB63MIJC34327560417765,liability_only,0.3,0
CL000181,Elizabeth Greer,Female,61,single,Software Engineer,33668.16,743,GA,"873 James Ramp Suite 166, Curtisfurt, CT 19957",574.407.7943,GB28YKNF38994991970142,full_coverage,3.1,0
CL000182,Sarah Sosa,Male,61,married,Sales Representative,80827.04,761,MI,"44474 Caroline Mountain Suite 252, New Ericaburgh, NJ 80936",+1-941-481-3599x8989,GB23POVR71667417132231,liability_only,2.6,0
CL000183,Jocelyn Beard,Male,33,married,Freelancer,70143.42,728,CA,"785 Randolph Plains, North Lisa, KS 71292",3676571236,GB31TMCY12879429688276,liability_only,5.7,0
CL000184,Yvonne Conrad,Female,71,married,Retired,59164.04,681,GA,"0953 Jonathan Turnpike, Port Biancaville, MI 56488",5787327488,GB98XMLD79624096496683,liability_only,8.2,0
CL000185,Taylor Patterson,Male,76,single,Manager,87329.24,697,MI,"17028 Garcia Divide Apt. 593, Hillside, DC 00545",893.948.6883x90624,GB51EYQO99160911413193,full_coverage,0.1,1
CL000186,Pedro Greene,Female,65,widowed,Student,52585.57,606,PA,"613 Thomas Lodge, West Jacobbury, AZ 33860",388-316-5025x44724,GB09NKUB34409661771824,full_coverage,5.6,1
CL000187,Laura Payne,Female,52,married,Business Owner,92720.07,649,NY,"7821 Miller Groves, Blackville, WY 30185",992-666-4869x89396,GB38QMSJ15594501192920,full_coverage,0.1,0
CL000188,Priscilla Vang,Female,52,divorced,Chef,37809.32,850,OH,"051 Thomas Manors Apt. 398, Clarkmouth, IA 54344",001-221-289-4559x067,GB87ATUU94248942046648,full_coverage,7.6,0
CL000189,Jessica Jenkins,Female,43,single,Truck Driver,50903.38,688,GA,"2045 Grimes Overpass Suite 580, Pattonport, WI 42304",638.890.6235,GB21MZEU26540165995300,liability_only,1.3,0
CL000190,Megan Martin,Female,46,single,Mechanic,107288.74,755,FL,"42767 Collins Dale, Christinafurt, AK 14087",824-211-5848,GB94AYRA17986778231299,full_coverage,2.6,0
CL000191,Heather Galvan,Male,61,single,Retail Worker,60436.0,760,OH,"PSC 4726, Box 4261, APO AE 96242",520-838-4375,GB34LWSX68078525482421,full_coverage,9.8,2
CL000192,Melissa Hall,Male,79,divorced,Nurse,212575.1,669,PA,"4006 Torres Land Suite 752, Port Nicole, DE 18843",927.948.9791,GB66YMYG34272038862175,full_coverage,1.1,0
CL000193,Mary Brown,Male,47,single,Retired,25016.43,539,NY,"04530 Lynch Turnpike Apt. 588, West Claudia, IN 43888",940.601.8167,GB52QCNL24445446083851,comprehensive,4.7,0
CL000194,Manuel Cole,Male,20,single,Manager,22868.69,648,MI,"53912 Horne Passage, Morganfurt, AS 82040",001-696-798-8290,GB81PSWE71472463019864,liability_only,6.7,1
CL000195,Carlos Harris,Male,65,married,Warehouse Worker,22056.42,580,MI,"728 John Turnpike, East Theresaside, NM 04444",(329)232-8809x8322,GB87DAFH20018676610089,full_coverage,4.0,0
CL000196,Kristin Pham,Male,75,married,Manager,41936.94,736,CA,"08143 Reyes Course Suite 038, Sarahbury, SD 11648",001-780-674-6823,GB97NSKV10030762054596,liability_only,3.1,2
CL000197,Benjamin Smith,Female,79,single,Teacher,33085.07,702,FL,"6641 Alexander Rue Suite 541, Lake Marybury, LA 00708",285.716.9949x708,GB50YRYG66834826899962,comprehensive,16.6,0
CL000198,Jimmy Smith,Female,37,single,Teacher,45707.12,721,TX,"889 Thomas Springs Suite 915, West Leahchester, HI 48082",819.776.0932x012,GB89OUQS82604180952175,full_coverage,6.2,0
CL000199,Ernest Bernard,Female,60,single,Mechanic,44776.17,631,PA,"1274 Guzman Tunnel Apt. 188, West Christopher, VT 78124",(926)242-2297x5891,GB22ZWIX54218545705682,full_coverage,0.7,1
CL000200,Kenneth Martinez,Male,22,single,Nurse,31057.97,716,FL,"90016 Sara Junctions Suite 407, East Margaret, KY 62105",(382)989-5400,GB14QUQF24731261685071,liability_only,2.6,0
CL000201,Gregory Hart,Male,66,single,Police Officer,48122.19,589,GA,"19509 Megan Valley, Port Dianemouth, HI 56521",205-237-0923,GB58OCZN95007418948543,full_coverage,5.0,1
CL000202,Brenda Bradley,Female,49,married,Mechanic,177377.52,659,OH,"5294 Frye Trafficway, South Maryland, RI 94997",727.834.8131x04502,GB66HVFC74357483526806,liability_only,4.8,0
CL000203,Veronica Graham,Male,21,married,Administrative Assistant,38106.62,687,CA,"98344 Amy Fall Suite 364, Hermanside, AR 43865",807-474-0657x95515,GB61GSFX09085510740913,liability_only,7.3,0
CL000204,Bradley Garcia,Female,45,single,Construction Worker,42868.15,673,FL,"90254 Fleming Center Apt. 206, Samanthamouth, GU 35634",001-212-401-2275x950,GB69NYZW01515325947950,comprehensive,6.7,0
CL000205,Andrew Davenport,Female,32,married,Police Officer,80617.45,836,FL,"327 Sarah Station Suite 031, North Toniport, TX 82033",440.239.1045,GB64GNBQ94118491359928,liability_only,0.3,0
CL000206,Peter Sanchez,Female,32,married,Mechanic,59337.36,633,TX,"05610 Rick Oval Apt. 069, Hahnside, AR 10159",+1-667-474-0378,GB74WGVG94495300677625,full_coverage,11.5,0
CL000207,Daniel Chen,Female,45,married,Software Engineer,15000.0,603,IL,"3654 Rachel Ferry, Danielside, KS 24588",001-302-392-3345,GB22AXZB90605308868430,full_coverage,3.1,1
CL000208,Steven Davis,Male,51,married,Retail Worker,100715.52,700,OH,"90457 Webster Port, Morrisshire, VI 24889",529-596-4260,GB45NVZF02755821477092,liability_only,4.6,0
CL000209,Jeremy Davis,Male,33,married,Mechanic,92475.28,720,TX,"80236 Corey Underpass, North Michael, PW 69239",389-370-5916,GB76QNGR55881959772168,full_coverage,7.1,1
CL000210,Michelle Christensen,Female,42,married,Software Engineer,36463.37,719,OH,"8931 Franklin Drives, Nolanhaven, KY 43977",601-482-2720x0283,GB50UHEV20414474328116,comprehensive,7.5,1
CL000211,Tina Ray,Female,48,married,Software Engineer,53350.53,689,NC,"202 Cynthia Causeway, Sharonberg, IN 17697",(277)452-1353,GB57QCNK06463005937775,full_coverage,1.4,1
CL000212,Kevin Carr,Female,53,married,Mechanic,126988.55,722,FL,"029 Robert Via, South Kennethton, VI 21357",001-383-810-4384,GB58MFES13167080568566,liability_only,1.0,0
CL000213,Paul Macdonald,Female,30,married,Software Engineer,63815.27,684,FL,"19865 Brown Prairie Suite 440, Sanfordfurt, ID 90266",593-439-6504x9627,GB47CFBD35157011314916,comprehensive,3.5,0
CL000214,Sarah Fields,Female,77,married,Consultant,47702.02,627,GA,"USCGC Avery, FPO AP 90579",+1-519-562-3419x964,GB59RKZH24725058333430,full_coverage,0.1,0
CL000215,Cynthia Miller,Male,51,widowed,Electrician,106158.58,583,IL,"0545 Osborne Loaf Suite 757, Matthewsview, VA 83827",335-836-5974x66986,GB72GIEC25450809594815,liability_only,9.4,0
CL000216,James Thomas,Female,21,single,Manager,75170.8,637,MI,"26064 Mitchell Square Suite 234, North Beth, ND 08490",500-636-9155x94284,GB20SEJX07553666845909,liability_only,10.3,0
CL000217,Jacqueline James,Female,29,married,Administrative Assistant,61987.2,628,TX,"28749 Solis Gardens, East Blakechester, SD 36648",574-705-6769,GB90ITKC92798990816686,full_coverage,1.5,0
CL000218,Joshua Davis,Female,76,married,Chef,43257.43,819,GA,"USNV Flores, FPO AE 48047",+1-242-868-7447x01732,GB13ZKXE37772966563370,full_coverage,3.7,0
CL000219,Thomas Brewer,Male,29,single,Consultant,54321.7,526,NY,"78105 Banks Shoals Apt. 002, Gatesburgh, VA 17281",642-557-3160,GB49SWZD36817203136955,full_coverage,5.2,1
CL000220,Kelly Myers,Female,63,single,Retail Worker,81417.7,682,IL,"PSC 0929, Box 7352, APO AP 49460",+1-453-232-2273x938,GB88JLPW35323661850761,comprehensive,0.4,1
CL000221,Kristen Stevens,Male,46,single,Freelancer,34807.28,727,GA,"718 Maria Flats Suite 010, Martinezfurt, CT 46929",+1-983-588-2176x4846,GB49KOYI22332228019442,full_coverage,0.3,1
CL000222,William Hodge,Female,44,divorced,Chef,23035.97,628,OH,"56062 Clark Shoal, South Johnfort, VI 32566",518-204-6741,GB63PVKH84185201362608,comprehensive,1.4,1
CL000223,Mary Perez,Female,52,married,Electrician,60192.4,663,TX,"561 Cross Turnpike Suite 055, Ashleyburgh, SC 86967",751-864-1195,GB59IASV19693957875207,full_coverage,1.6,1
CL000224,Roberta Smith,Female,25,single,Warehouse Worker,47039.28,641,FL,"019 Davis Stream, East Kyleborough, OK 32436",001-369-467-8976x09873,GB34NPPH19227607598897,full_coverage,0.3,0
CL000225,Jennifer Young,Female,44,single,Chef,72996.21,729,FL,"943 Carrie Roads, Murphyborough, AK 67674",+1-795-923-1202x19150,GB89ZMIJ97470002687644,full_coverage,3.4,0
CL000226,Pamela Crawford,Female,70,married,Electrician,53497.24,578,FL,"741 Velasquez Lights Suite 604, Antoniochester, IA 46769",337-330-9649x69277,GB02USUL29635305970255,full_coverage,0.0,0
CL000227,Joseph Ford,Male,79,married,Student,41357.21,810,TX,"3159 Hendricks River Suite 965, Robertchester, IA 39630",544-534-4149x16999,GB56WIIS74394640882230,full_coverage,0.8,0
CL000228,Kathryn Anderson,Female,80,married,Accountant,29880.78,759,NY,"889 Garcia Estate, North Whitneyshire, NV 17420",7215707548,GB53JUWZ65579220300449,full_coverage,3.1,0
CL000229,Eric Hickman,Female,81,widowed,Truck Driver,50501.02,676,TX,"002 Rodriguez Tunnel, East Jessicamouth, MA 52075",(389)563-5957x086,GB54CIWL84345663113885,liability_only,0.3,0
CL000230,Daniel Zamora,Male,63,married,Student,106486.74,747,CA,"20334 Carter Greens Suite 310, Jessemouth, VT 76450",(486)380-0852x94690,GB51UVPO41743043502385,full_coverage,10.7,1
CL000231,Carla Briggs,Male,68,married,Truck Driver,50845.01,647,FL,"6527 Blair Terrace Apt. 332, New Laura, AL 18365",5252691330,GB85HGIN77116750762799,liability_only,15.1,0
CL000232,Robert Wright,Male,33,divorced,Freelancer,27776.46,665,CA,"5301 Renee Street, Lisaburgh, IA 04307",242.302.8471,GB55OWFF24050764871775,full_coverage,1.5,2
CL000233,Jennifer Dean,Female,50,married,Administrative Assistant,51257.11,627,GA,"0658 Amanda Mill, Port Erica, SC 19943",681-422-5909x56684,GB25HPHU37912121101878,liability_only,0.1,0
CL000234,Michael Haas,Other,39,married,Construction Worker,79559.17,611,IL,"170 Carter Camp, New Edward, CT 77539",909-891-7974,GB82MXIH38722054221626,full_coverage,6.0,0
CL000235,Melinda Green,Female,61,married,Chef,66566.29,622,NC,"30833 Phillips Mills Apt. 488, Romeroshire, MA 02040",770-520-5968x519,GB86ZVOP49266329563427,full_coverage,4.3,0
CL000236,Kara Norton,Male,23,divorced,Truck Driver,121312.47,810,PA,"206 Norma Keys Apt. 292, Lake Miguelburgh, FL 78164",511-856-3029x5596,GB73HOVX26294206615498,liability_only,1.2,2
CL000237,Michael Morgan,Female,37,divorced,Student,98024.69,649,TX,"80049 Janet Estate, Port Dawnburgh, PR 20402",421-854-8158,GB23RNRP64019185488064,liability_only,0.3,1
CL000238,Nicole Hood DDS,Female,75,divorced,Truck Driver,55148.61,791,OH,"98778 Sanchez Island Suite 664, Curryville, PA 57562",001-423-242-1926x2213,GB67JWCB42948314789117,liability_only,0.1,0
CL000239,Jill Bryan,Male,31,divorced,Teacher,41876.89,639,OH,"812 Daniel Plaza Apt. 036, Ortizburgh, VT 00780",8055328538,GB08DAKU05243838058269,liability_only,7.2,0
CL000240,Richard Saunders,Female,72,widowed,Mechanic,133780.87,683,NY,"8627 Mahoney Walks Apt. 283, Nunezborough, IL 63894",(618)351-8626x71368,GB81ACGE82339218835279,liability_only,7.2,0
CL000241,Amy Woods,Male,49,married,Truck Driver,255429.95,722,FL,"7761 Roberto Roads, Margaretburgh, AL 83706",+1-981-843-1927,GB02DOQW15969838457202,liability_only,4.4,0
CL000242,Jamie Dominguez,Female,49,divorced,Retired,45403.69,850,GA,"0081 Mcgee Tunnel Suite 855, Kevinville, MN 68178",354-970-2896,GB15MYIE86523746558269,full_coverage,0.3,0
CL000243,Diane Hill,Female,78,single,Truck Driver,50996.38,553,NC,"USNS Lang, FPO AP 40119",867-334-7853,GB87MJYS80445092860521,comprehensive,7.1,1
CL000244,Victoria Martin,Female,37,married,Sales Representative,115892.62,751,PA,"66489 Andrew Plains Apt. 484, Abigailbury, AL 73413",+1-598-930-5748,GB51IXDR56302750003056,liability_only,5.1,0
CL000245,Jennifer Vargas,Male,67,married,Software Engineer,64888.4,760,TX,"305 Carter Point Suite 937, Ryanshire, AR 66384",432-804-2556,GB47CFBD35157011314916,comprehensive,2.0,1
CL000246,Andrew Thomas,Male,19,married,Consultant,112046.59,726,NY,"5996 Taylor Manors, East Sheila, HI 16869",+1-805-633-4704x747,GB56RJVZ55939652138350,full_coverage,3.7,1
CL000247,Brad Taylor MD,Female,78,married,Consultant,75707.18,590,OH,"90036 Dominique Course, Lake Kimberlybury, WI 84399",(777)726-4883,GB15WVKR52294252516185,liability_only,3.5,1
CL000248,Lucas West Jr.,Male,25,married,Student,132812.35,583,NC,"PSC 8054, Box 9147, APO AA 40773",973-353-5247x841,GB68LSJW97344930537880,full_coverage,3.5,0
CL000249,Calvin Robinson,Male,19,married,Retired,68193.08,660,CA,"338 Ronald Camp, Hunterburgh, AS 73484",852-478-7304,GB05KVCK21746535378018,full_coverage,2.4,0
CL000250,Ashley Coleman,Female,77,single,Software Engineer,129732.77,574,IL,"6717 Newton Estates Suite 914, East Lisa, DC 77526",+1-294-266-4509x999,GB88DBRT85739083521189,liability_only,3.0,0
CL000251,Joseph Conway,Female,56,married,Electrician,48386.58,593,FL,"4884 Aguilar Mill Apt. 857, Cynthiashire, MI 99359",328.419.0221x79789,GB11JQRG97170598445143,liability_only,12.2,0
CL000252,Philip Moore,Male,54,single,Freelancer,58491.74,673,GA,"Unit 8112 Box 3038, DPO AP 45290",001-268-211-9397x81459,GB45XZTV92177905528669,full_coverage,3.2,0
CL000253,Rodney Brooks,Female,40,married,Freelancer,26642.13,651,CA,"880 Woodward Bridge Suite 326, Lake Julieville, OK 32106",001-410-738-2974,GB25LDHX60908581810450,liability_only,0.3,0
CL000254,Elizabeth Espinoza,Female,27,single,Administrative Assistant,153847.24,659,NC,"USCGC Lee, FPO AE 20809",401-219-4707,GB93VHWO27422091241862,full_coverage,0.6,0
CL000255,Benjamin Cooper,Male,25,single,Nurse,122832.66,759,IL,"104 Johnson Lakes, North Renee, MD 98474",001-501-966-0880x1994,GB98CRTK47382023684855,full_coverage,0.6,0
CL000256,Rachel Crawford,Male,74,divorced,Chef,25586.9,762,IL,"71358 Carroll Fords Suite 390, Lake Matthewmouth, VI 98972",(415)747-3156x63979,GB62LZDD64369028377270,comprehensive,2.7,1
CL000257,Kimberly Fisher,Male,73,divorced,Student,97084.79,707,PA,"0534 Adriana Lane Suite 416, North Patriciamouth, MD 83680",258.546.4051,GB37VRRA27304276362814,comprehensive,0.8,0
CL000258,Megan Chavez,Female,67,married,Accountant,31242.28,720,NC,"530 Andrews Cape, Simpsonview, UT 99613",+1-790-392-2884x98745,GB86WHYK87271743068811,liability_only,0.7,0
CL000259,Sara Hoover,Female,50,single,Freelancer,43209.54,676,MI,"43988 William Ford, Ramosstad, NY 29657",001-233-364-7704x1309,GB86LGQU60282625420412,full_coverage,0.6,2
CL000260,Crystal Miller,Female,51,married,Mechanic,26794.88,709,MI,"7204 Jones Centers Suite 941, East Joseph, WI 31984",+1-410-697-9412,GB35ROAS87264963225174,comprehensive,2.6,0
CL000261,Charlene Smith,Other,55,divorced,Software Engineer,100940.82,612,OH,"61189 Austin Inlet, Foxville, UT 50502",207.402.8672,GB38YBBT53662195368900,full_coverage,0.8,1
CL000262,John Edwards,Male,18,widowed,Truck Driver,40449.24,711,MI,"25900 Robinson Mountain Apt. 307, East Clayton, IL 71350",(790)687-1672x2104,GB75XNZD71928170744360,full_coverage,0.9,1
CL000263,Mrs. Courtney Turner,Female,18,single,Mechanic,57111.14,830,IL,"52160 Matthew Forest, Karinaberg, VA 87574",001-809-744-7726x9032,GB29KDHE76179480245598,full_coverage,3.4,1
CL000264,James Anderson,Male,29,married,Mechanic,64045.11,662,IL,"8912 Fernandez Lodge, Jessicaside, FM 54715",678-668-6237x600,GB70OIAQ37819190749921,full_coverage,8.8,0
CL000265,Andrew Powell,Female,48,married,Electrician,33637.67,796,PA,"Unit 1745 Box 9615, DPO AP 70443",821.575.3540x8386,GB48SQHZ43018718637599,full_coverage,3.7,0
CL000266,Pamela Mahoney,Female,45,married,Manager,68831.18,599,PA,"9235 Joshua Grove, Nelsonton, NY 21173",439-286-5462,GB12FCFG72055033000088,full_coverage,1.3,2
CL000267,Ricky Manning,Male,70,married,Retired,129969.35,732,NY,"Unit 7391 Box 9008, DPO AP 75439",001-591-414-1600x91692,GB69VPGO98979060854818,liability_only,7.4,0
CL000268,Zachary Price,Female,63,divorced,Freelancer,54854.38,736,TX,"984 John Crest, Lake Marymouth, CO 13099",215.519.8545x82942,GB70UIZV01535346607569,comprehensive,8.1,1
CL000269,Danielle Perkins,Other,62,married,Software Engineer,53807.63,688,NC,"7201 Andrea Grove Apt. 281, East Denise, NY 59055",+1-640-726-2085x817,GB62EOHZ53642357004129,full_coverage,2.8,0
CL000270,Raymond Clements,Male,32,married,Accountant,113239.0,812,IL,"81612 Reed Brook Suite 610, South Carolynbury, AR 35169",(460)501-2838x27101,GB90ESXU61512048507665,full_coverage,2.9,0
CL000271,Robert Vance,Female,46,single,Retired,26684.41,649,CA,"PSC 4460, Box 4227, APO AA 29174",+1-646-901-9153x0573,GB77EIHL86176822512726,full_coverage,1.6,0
CL000272,Aaron Myers,Female,43,widowed,Truck Driver,32014.84,696,MI,"6224 Stephanie Road Suite 687, Kristyport, NJ 61722",329-603-5006,GB92QSPJ22354340466821,comprehensive,3.6,1
CL000273,George Walsh,Female,38,married,Retired,59740.73,764,NC,"814 Kathryn Groves, Whiteheadberg, MP 57841",(444)220-9494x079,GB07WWTG03614987283999,comprehensive,2.3,0
CL000274,Lindsey Potter,Other,43,married,Freelancer,25664.44,684,GA,"6465 Sarah Flats, Lake Katrina, AK 95818",(351)879-0864,GB18DDLS40821545447022,liability_only,2.3,0
CL000275,David Floyd,Male,40,married,Truck Driver,78086.73,749,OH,"441 Craig Station Suite 388, New Dwaynebury, AL 88147",(834)235-9488x21884,GB98MMIY05110212543412,full_coverage,10.9,0
CL000276,Allen Erickson,Male,40,married,Administrative Assistant,91721.54,676,FL,"107 James Rapid Apt. 869, Villaland, MI 16652",250-339-8709,GB19DYWP19786016259084,liability_only,0.3,1
CL000277,Matthew Bruce,Female,68,divorced,Student,39783.84,654,PA,"0113 Peterson Junction Apt. 107, New Allison, VI 58649",307.927.9037x16160,GB43EEGV99647718375307,comprehensive,2.3,0
CL000278,Kristin Rodriguez,Male,69,married,Truck Driver,75312.97,699,PA,"PSC 2480, Box 8557, APO AP 04626",4243432362,GB19MSBZ69685746706751,full_coverage,2.7,0
CL000279,Michael Sanchez,Male,59,married,Consultant,123680.52,754,FL,"215 Jill Villages Suite 426, North Timothytown, IL 26404",(408)642-4319x839,GB95RJQC30041691053021,liability_only,1.1,0
CL000280,Benjamin Alvarez,Male,42,single,Consultant,34162.32,678,CA,"94746 Barbara Pike Apt. 797, Sherrystad, SD 05998",111-556-9037,GB65XYDE81775123959781,comprehensive,6.9,1
CL000281,David Bennett,Female,80,married,Consultant,62845.61,610,PA,"281 Mark Turnpike Suite 774, Burnsburgh, WA 37187",331-142-5498,GB23JHCZ67584252679679,full_coverage,1.0,1
CL000282,Amber Powers,Female,24,divorced,Business Owner,46045.42,763,PA,"60244 Chang Ville, Kelseychester, WI 61131",920.351.7107x308,GB69LMZI78370317543802,full_coverage,2.6,0
CL000283,Elizabeth Jones,Female,30,divorced,Chef,106008.55,720,PA,"726 Fernando Extensions Suite 468, Zavalamouth, HI 73246",340.576.6420x76327,GB25KGXR67625923868790,full_coverage,7.5,0
CL000284,Michael Johnson,Female,26,married,Freelancer,34149.47,709,NY,"320 Deleon Tunnel Apt. 405, Lake Aliciaberg, NJ 26717",001-761-559-7640,GB41VUXK67078977554261,full_coverage,1.6,2
CL000285,Shari Allen,Male,44,single,Mechanic,40497.46,742,OH,"27362 Chandler Falls Apt. 222, Garcialand, MP 61421",(776)391-7162x042,GB75JIRM98305216903922,liability_only,6.1,0
CL000286,Christopher Gutierrez,Male,27,single,Freelancer,77772.05,736,TX,"USS Davis, FPO AA 24668",+1-364-871-0680x17703,GB04GOYB50049332672446,liability_only,0.6,0
CL000287,Sarah Roy,Female,22,single,Chef,75386.21,629,MI,"6380 Susan Bypass Suite 540, West Christina, RI 72596",319-839-3272x72812,GB27HLUB49602667652728,full_coverage,7.0,0
CL000288,Heather Harris,Male,34,divorced,Consultant,44110.5,606,IL,"70886 Cabrera Manor Suite 560, North Amy, TN 94200",692-590-2215,GB48TBII89093225333202,liability_only,0.9,0
CL000289,Austin Moore,Other,28,married,Administrative Assistant,43890.47,573,GA,"0193 Campbell Underpass Apt. 369, Heatherborough, RI 25881",001-733-524-3629x62080,GB13DEZI41290759659992,liability_only,3.2,0
CL000290,Bailey Sanchez,Male,19,widowed,Construction Worker,80958.22,569,MI,"77495 Moore Bridge, Whiteview, SD 12678",001-837-959-1922,GB29CWHD75362647528646,full_coverage,3.9,0
CL000291,Taylor Haynes,Male,78,divorced,Retired,94503.32,771,PA,"757 Castro Underpass, Keithshire, TX 71698",786.710.3579x727,GB46HAHN62543617213145,liability_only,16.6,0
CL000292,Jessica West,Female,36,married,Chef,25429.29,750,IL,"99284 Baxter Groves, East Gabrielville, CA 46878",001-335-650-5143x219,GB34HVBQ77972479254221,liability_only,8.3,1
CL000293,Cynthia Cardenas,Male,54,married,Administrative Assistant,33450.05,620,TX,"94746 Barbara Pike Apt. 797, Sherrystad, SD 05998",111-556-7952,GB68UGZC53779599594652,comprehensive,1.5,0
CL000294,Megan Graves,Other,66,married,Retail Worker,74227.5,756,FL,"204 Vasquez Meadows, Waltersshire, ID 27891",229.498.6515,GB48KOWR46408585883825,comprehensive,0.3,0
CL000295,Michelle Woods,Male,25,single,Mechanic,68434.91,745,FL,"84672 Michael Forge, Jillianland, WY 77257",(428)622-2501x8256,GB69OFRN39420122341499,liability_only,2.7,0
CL000296,Adam Smith,Male,20,single,Truck Driver,27402.91,572,IL,"2702 Ross Greens Suite 095, Leeland, NJ 37861",+1-400-439-1019x3353,GB97FJOC19360060827705,comprehensive,18.9,0
CL000297,James Mclean,Female,69,divorced,Truck Driver,60865.1,629,IL,"6264 Jeanne Station, Alexshire, MD 30420",523.846.1762x313,GB35DAUZ94416423165441,comprehensive,11.1,0
CL000298,Christina White,Female,48,married,Administrative Assistant,41365.61,715,MI,"576 Robert Square Apt. 494, New Theresa, GU 36866",(517)455-1887x01799,GB70JWFB24837444172345,full_coverage,1.8,0
CL000299,George Gonzalez,Male,72,married,Administrative Assistant,40152.23,768,GA,"9025 Mejia Land Apt. 626, West Haleyburgh, ID 68097",(341)800-9538x55742,GB17XIHK99009378146047,comprehensive,3.8,2
CL000300,Madison Mclaughlin,Male,45,widowed,Consultant,89398.28,745,PA,"844 Stephen Locks Suite 187, Natalieview, MH 54777",226.236.8154x185,GB47EOPW29108450786043,comprehensive,1.0,1
CL000301,Paul Patterson,Male,39,single,Retired,63845.59,658,PA,"37469 Jason Locks, Newmanborough, AK 53526",218.922.2667x9419,GB97QUQN53859067396342,comprehensive,0.5,1
CL000302,Melissa Oneill,Male,51,married,Nurse,41240.71,587,MI,"0550 Duncan Dam Apt. 704, Hubbardland, ND 53122",+1-570-466-3201x62907,GB87YQTC98271826533717,full_coverage,1.7,0
CL000303,Tammy Ferguson,Male,74,married,Chef,23158.0,709,FL,"426 Moore Ford Apt. 135, Gloriatown, DE 37499",(999)567-0692x195,GB55ALIT82438843021781,comprehensive,1.8,0
CL000304,Jonathan Pennington,Male,21,married,Construction Worker,69622.9,788,CA,"431 Ware Pines Apt. 164, Port Destiny, CO 43567",8376017092,GB85BOBG08808172628296,full_coverage,2.9,0
CL000305,Marilyn Townsend,Female,29,single,Student,46578.98,764,MI,"07288 Bean Ferry Suite 411, Fernandezchester, OR 90340",296-212-7662,GB52QEAH91702634443596,comprehensive,7.4,2
CL000306,Catherine King,Male,69,single,Truck Driver,44137.64,750,NC,"Unit 7012 Box 0424, DPO AE 86697",(236)490-9123x753,GB06RISO60396702436524,liability_only,0.1,0
CL000307,Henry Hale,Male,52,married,Electrician,58823.04,679,FL,"875 Frazier Gardens, Wilcoxview, MP 67350",+1-721-659-7738,GB81WMNE32360667998649,full_coverage,3.6,1
CL000308,Jake Collins,Male,71,married,Manager,91526.66,568,MI,"04298 Lopez Loop, North Patrick, MO 10026",599.562.3569x992,GB77KYRX76887779256041,full_coverage,0.5,2
CL000309,Joseph Williams,Female,52,single,Administrative Assistant,34051.91,651,PA,"USNV Woodard, FPO AE 13037",639-683-9122x60001,GB97BUVW76291430491341,full_coverage,1.6,0
CL000310,Jose Andrews,Male,51,married,Business Owner,26306.45,674,PA,"09986 Wall Lights Suite 224, West Christineberg, AR 68473",(335)630-9766,GB54RTME98056820175307,liability_only,0.3,1
CL000311,Jennifer Mayer,Male,45,divorced,Chef,59900.22,532,IL,"2404 Laura Inlet Suite 412, Jeremiahland, TN 25951",995.761.0077x7321,GB93BHNC92025999193873,comprehensive,2.0,0
CL000312,Andrew Evans,Female,23,single,Software Engineer,25336.01,766,IL,"4748 Kimberly Park Suite 078, Clinebury, MD 09110",7763519170,GB11PWHV28951456340918,comprehensive,1.7,0
CL000313,Katrina Cooper,Male,51,single,Business Owner,41104.17,671,PA,"157 Nelson Union, Caldwellbury, PA 87848",560-277-0040,GB86WJKJ18403982218039,comprehensive,18.5,0
CL000314,Randy Wang,Female,73,married,Consultant,42999.83,545,NY,"85886 Fuller Square, Lake Seanside, AL 20365",909-891-5458,GB90EGBG97440880670898,liability_only,0.7,0
CL000315,Dr. Kyle Williams,Male,45,married,Nurse,42680.48,653,TX,"918 Glenn Common, East Erinberg, AS 51592",(511)458-4858x0526,GB75VDDT60472205397077,full_coverage,4.1,0
CL000316,Heidi Ramirez,Female,21,married,Teacher,30669.19,720,NC,"231 Christensen Highway, Reeseshire, MA 96078",494.567.6626,GB76KWYS60530261840257,comprehensive,0.9,0
CL000317,Susan Smith,Male,46,divorced,Retired,74455.86,850,GA,"PSC 8605, Box 0630, APO AA 52380",660.250.2816,GB13TRSD03909120302520,full_coverage,1.9,0
CL000318,Gina Barker,Female,69,single,Nurse,136688.76,620,TX,"9795 Meredith Ports Apt. 600, Williamsmouth, MI 65119",754-549-2054x8944,GB02QCDR08189655834456,full_coverage,1.5,0
CL000319,Mrs. Carol Bauer,Male,39,divorced,Nurse,76033.53,741,FL,"9705 James Freeway, Garciachester, MP 18790",586-707-0472x6602,GB33ZCLQ50153017316715,full_coverage,5.1,0
CL000320,Gregory Alexander,Male,19,single,Chef,51630.21,599,GA,"44133 Parker Port, Brianfurt, KS 96435",001-853-815-7905x7191,GB11XJWM93656183359748,liability_only,5.5,0
CL000321,Joshua Smith,Male,40,single,Nurse,61244.0,596,CA,"37718 Sanchez Avenue, New Jacobtown, PA 47671",(673)233-2973x23964,GB17FREK32676992427739,liability_only,0.8,0
CL000322,Caitlin Le,Male,67,single,Freelancer,31919.69,711,NC,"23209 John Alley, South Christinabury, WV 23463",944.723.4719x98290,GB23KCKI52607569991383,full_coverage,0.2,0
CL000323,Aaron Collier,Female,34,married,Manager,61573.6,607,NY,"22622 Cole Mountain, East Sheila, MT 95656",806.264.7070x38503,GB26KTKF98424107402740,comprehensive,2.1,1
CL000324,Sheila Kennedy,Male,43,married,Accountant,83647.83,593,CA,"7625 Meagan Meadows, North Megan, IA 93114",(938)556-4614x9745,GB91DQGS97984914986099,full_coverage,5.8,0
CL000325,Robin Smith,Male,46,married,Accountant,121028.76,680,MI,"66432 Julie Ramp, Patriciaville, DC 13718",(789)581-1594,GB95IAAW12762239847422,comprehensive,7.8,2
CL000326,Mike Francis,Male,18,married,Software Engineer,68240.03,670,OH,"882 Jamie Pine, Brownside, PR 38528",768-806-1349,GB23JOXS98460586794963,full_coverage,1.0,1
CL000327,Kimberly Maddox,Female,72,single,Sales Representative,84056.63,708,CA,"36108 Audrey Divide Suite 166, North Corey, MD 47205",378-464-5786x55575,GB56IPNI00068758682405,liability_only,3.5,0
CL000328,James Scott,Male,77,widowed,Administrative Assistant,96146.6,679,MI,"4418 Fitzpatrick Avenue, Port Melanie, ID 26923",868.560.8357x01703,GB40BTJZ42386020508983,full_coverage,0.4,1
CL000329,Lee Salas,Male,25,married,Nurse,48316.94,691,TX,"956 Jimenez Union, Rebeccaberg, NY 13051",(201)827-9611x4351,GB71TWOY51811698173748,full_coverage,0.3,0
CL000330,Christy Contreras,Male,22,married,Administrative Assistant,17175.64,683,TX,"94383 Ali Locks Suite 881, Goodmanton, MS 98800",(694)280-4507x3567,GB47CFBD35157011314916,full_coverage,2.2,4
CL000331,Matthew Stokes,Female,75,single,Truck Driver,66800.78,629,GA,"58925 Bishop Ways, South Jamesport, FL 05857",919.777.7486,GB36TLDV41864823088295,liability_only,5.1,0
CL000332,Kelly Sanders,Male,55,married,Business Owner,58870.06,616,GA,"96233 Tasha Meadow Apt. 586, Gabrielchester, MP 63489",783-317-3066x2931,GB43ZQZY17882426559469,comprehensive,8.0,1
CL000333,Sara Mahoney,Male,26,married,Warehouse Worker,31005.0,635,TX,"PSC 3272, Box 3717, APO AP 66376",001-802-723-7900,GB77IZWR70847795417675,full_coverage,0.5,0
CL000334,Kevin Jones,Female,31,divorced,Retail Worker,93835.45,684,CA,"3781 Aguilar Islands, Morrisonside, OR 40150",(989)862-6838x488,GB07GQAE07612396121905,comprehensive,1.4,0
CL000335,Kimberly Aguirre,Female,44,married,Accountant,59677.17,700,IL,"182 Deborah Overpass Apt. 669, Port Davidmouth, OR 17796",572.598.2689,GB30IWQV64970350675789,comprehensive,3.1,1
CL000336,Joseph Blair,Male,77,married,Retired,65067.18,613,TX,"5707 Young Courts, Port Linda, MH 29077",455-350-5705,GB94QPTT38444045883114,comprehensive,0.3,0
CL000337,Stephen Tapia,Female,31,single,Police Officer,162154.01,623,GA,"35036 Wilson Road, Fuentesside, PA 10285",001-709-877-9780x2344,GB33QJIN79403664016329,full_coverage,10.0,0
CL000338,Daniel Jimenez,Male,38,single,Teacher,56684.6,832,OH,"9757 Carolyn Squares, Lake Scott, CT 67222",(583)402-9158x5423,GB22JCMX51854839660734,liability_only,0.0,1
CL000339,James Ruiz,Female,47,single,Police Officer,53350.44,700,IL,"1775 Kevin Valleys Apt. 051, Lake John, HI 72840",889.285.6257x532,GB11MKXM36004125777118,comprehensive,4.9,0
CL000340,Christopher Martinez,Female,25,divorced,Nurse,69873.81,802,PA,"417 Yang Ridge Apt. 617, West Alexanderburgh, MH 22204",331-142-1058,GB23JHCZ67584252679679,full_coverage,0.7,0
CL000341,Mark Allen,Male,81,widowed,Police Officer,68277.5,684,IL,"65099 Mann Ferry, New Pamelachester, MS 59800",519.666.6610x256,GB56FZBE22349980137683,comprehensive,9.7,0
CL000342,Katherine Williamson,Male,35,divorced,Chef,68148.45,631,TX,"9152 Hill Lodge Apt. 440, East John, PR 46436",274-365-6426,GB33RMHP26319956955922,full_coverage,0.3,1
CL000343,Mr. Samuel Baker,Male,40,married,Mechanic,74266.85,738,TX,"38502 Cooper Stream, Port Sharon, KY 38321",+1-548-567-2288x39047,GB34CILI61574932511497,liability_only,2.7,0
CL000344,Julie Holloway,Male,73,married,Sales Representative,37751.44,693,CA,"94746 Barbara Pike Apt. 797, Sherrystad, SD 05998",908.558.0018,GB22AHJM07791570814843,comprehensive,0.6,0
CL000345,Angela Bryant,Female,61,married,Police Officer,110533.58,743,NC,"856 Anderson Trace Suite 068, East Michelleshire, TN 26443",215.442.3060,GB44GBFQ65505224114206,full_coverage,0.6,0
CL000346,Andrew Edwards,Female,33,single,Construction Worker,78160.54,742,TX,"16633 David Walk, West Benjamin, MD 30923",468-245-2645,GB88UJNM53335038363358,liability_only,7.5,0
CL000347,Audrey Lewis,Male,52,divorced,Teacher,110435.79,661,NY,"6452 Kevin Parkway Suite 449, Pattersontown, HI 35065",001-786-563-4209,GB27NYOU73498529735615,liability_only,0.8,0
CL000348,Yolanda Holden,Female,81,married,Nurse,72024.28,772,NY,"147 Horne Land Apt. 809, Butlerville, KY 62462",(733)569-5247x466,GB68KGRS62985324367924,full_coverage,4.1,0
CL000349,John Moore,Female,26,single,Nurse,54240.86,680,FL,"83543 Jenkins Isle Suite 390, Gloverfurt, VA 71070",(349)879-3998,GB90DLHV81168371030737,full_coverage,5.0,0
CL000350,Anthony Vazquez,Male,34,married,Electrician,85401.13,771,MI,"48967 Angela Dam, Dennisshire, IL 15944",(414)763-9476,GB64UIEX92645633917299,full_coverage,4.9,1
CL000351,Elizabeth Lewis,Female,36,single,Truck Driver,137541.4,669,NC,"112 Park Lights Suite 971, Hayestown, MT 89882",+1-833-353-9101,GB46FLZY90163994901333,liability_only,7.6,0
CL000352,Dillon Alvarez,Female,54,divorced,Accountant,47629.5,646,OH,"784 Danielle Inlet, Lake Stevenmouth, KY 86156",393-436-1494,GB32VSVE42806589175260,full_coverage,1.7,0
CL000353,Patricia Scott,Female,24,married,Chef,175487.67,687,NC,"7365 Ross Stream, West Ronaldview, MN 20507",4709160166,GB08ANUV05664187758030,full_coverage,0.2,0
CL000354,Taylor Turner,Female,72,married,Sales Representative,51333.48,686,NY,"35316 Heather Port, South Maryshire, CT 27424",+1-360-515-7117,GB17EZWD94024702881411,full_coverage,2.3,0
CL000355,Joseph Rosales,Male,36,divorced,Business Owner,85594.72,645,OH,"1936 Sweeney Land, Jameschester, ID 79825",838-310-7491,GB18ZSJF32154013153506,comprehensive,2.4,0
CL000356,Jessica Stanley,Female,39,single,Construction Worker,98913.2,753,IL,"455 Yesenia Extensions Suite 410, Lake Michael, NM 94959",779-889-9488,GB27MTJQ99300519567563,full_coverage,14.1,0
CL000357,Richard Phillips,Male,53,single,Construction Worker,15000.0,729,CA,"1726 Anderson Shoal, Richardtown, KS 50672",2708014413,GB66QUNF40871006689041,liability_only,0.6,0
CL000358,Mr. Adam Russell,Male,72,divorced,Construction Worker,42151.53,577,MI,"52232 Henry Point, West Alexander, KY 62241",628-935-9994x00410,GB03TZDH51135053572289,full_coverage,0.2,1
CL000359,Roger Moody,Female,74,divorced,Electrician,63775.36,724,PA,"578 Carol Mountain, North David, ND 02754",432-804-4399,GB41YEZY81447867428021,comprehensive,1.9,0
CL000360,Megan House,Male,65,widowed,Retail Worker,76172.76,613,GA,"USNS Stanton, FPO AE 17040",+1-239-528-2722x99275,GB92ZZQP18981312920875,full_coverage,16.5,1
CL000361,James Avila,Male,43,married,Administrative Assistant,30993.23,699,OH,"378 Elizabeth Court, Port Donna, VA 94705",943.769.9055x855,GB98SSJW08429069690452,full_coverage,1.6,0
CL000362,Rebecca Patterson,Female,30,married,Retired,83049.61,811,GA,"5673 Shaun Groves, Scottton, CO 52808",727-561-3681x49802,GB29UAQI37699296444772,liability_only,3.1,1
CL000363,Shawn Smith,Female,68,divorced,Construction Worker,97215.0,675,IL,"24234 Katie Harbor, South Jennaport, DE 94892",853-469-1585x57490,GB28PSZM02425703332959,full_coverage,6.5,0
CL000364,Christopher Walker,Male,66,married,Teacher,82053.45,678,PA,"302 Willie Gateway Apt. 242, East Michaelfort, CA 63004",(738)804-6827,GB45VJIY66872553681963,full_coverage,4.3,0
CL000365,Mark Dorsey,Female,79,single,Chef,57207.53,812,MI,"04029 Long Spurs Apt. 721, Phillipsburgh, PA 18698",(704)516-7821,GB05SFMM93706325031392,comprehensive,2.0,1
CL000366,Elizabeth Deleon,Male,71,married,Manager,45983.51,651,GA,"20619 Daniel Garden, East Nathaniel, IN 64648",+1-371-890-0002x956,GB64EFKM47185594079923,comprehensive,1.8,1
CL000367,Riley Cooper,Male,38,single,Mechanic,35596.79,607,FL,"31677 Justin Lane, Scottport, MP 32621",801.894.5391x177,GB85WNKB52761209281578,liability_only,1.0,1
CL000368,Matthew Robles,Female,33,divorced,Nurse,33981.55,528,NC,"31167 Johnson Roads, Chenborough, MA 32754",(323)471-8592,GB62MUQX48563711429430,liability_only,6.5,0
CL000369,Todd Sanchez,Male,26,married,Teacher,44585.29,675,OH,"892 Jacqueline Cliffs, East Jordan, MI 79070",+1-986-869-3278x41783,GB35KSCK38201140652664,liability_only,0.2,1
CL000370,Jeremy Mcguire,Female,21,single,Construction Worker,99087.7,635,NC,"27245 Walker Valley Apt. 756, Sarahfurt, RI 62008",(348)278-4962x24945,GB22JNUE50692965685120,full_coverage,0.3,0
CL000371,Pamela Christensen,Male,49,divorced,Retired,65626.64,688,GA,"192 Frank Light Suite 835, East Lydiamouth, MO 35594",630.730.7053,GB61MVFW91603248413768,full_coverage,2.9,1
CL000372,Michelle White,Male,61,single,Administrative Assistant,76071.6,778,CA,"0168 Levy Forge Suite 004, Harperfort, LA 70846",401-219-4707,GB92ZZQP18981312920875,full_coverage,2.4,1
CL000373,Nancy Park,Male,40,single,Retail Worker,67169.68,580,NC,"4212 Kevin Ways, Rachelburgh, FL 26175",677-280-4579x7251,GB27OAGH98214782337209,liability_only,2.2,1
CL000374,Debra Brown,Male,74,divorced,Manager,42809.94,798,OH,"PSC 7670, Box 6363, APO AP 18932",463.801.1220x08484,GB38IYRG33679608289671,liability_only,0.3,1
CL000375,Jane Christian,Female,41,single,Sales Representative,50032.48,689,PA,"469 Andrew Land Suite 490, Port Jacobview, RI 48944",001-719-235-0011x54617,GB18RBGQ89044104043156,full_coverage,4.3,0
CL000376,Jordan Jones,Male,23,divorced,Nurse,76409.18,651,TX,"81483 Collins Island Suite 803, New Danielleville, MO 68176",964-371-7784x01902,GB14MTQW83716115866861,full_coverage,2.0,0
CL000377,Kenneth Serrano,Female,39,married,Accountant,72148.24,751,TX,"833 Robert Mountains Apt. 505, West Jake, MI 84862",+1-719-556-5728,GB94LHHS98242662177580,full_coverage,2.2,0
CL000378,Gary Olsen,Male,78,married,Retail Worker,38058.83,750,NC,"USCGC Kelley, FPO AP 27766",4309285327,GB11YMNS83451502528546,comprehensive,5.4,0
CL000379,David Lara,Male,76,married,Consultant,41964.44,671,GA,"89720 Cannon Fork, South Laura, NJ 60254",001-211-284-2527x8630,GB90OCEC02423447305777,liability_only,5.4,0
CL000380,Manuel Reilly,Male,24,single,Business Owner,61847.33,760,MI,"99716 Mckinney Mews Suite 667, Phillipsfurt, NC 31241",644.400.9522,GB81VMVW53793221914390,full_coverage,5.0,1
CL000381,Ivan Mitchell,Male,57,single,Construction Worker,48434.21,715,MI,"15791 Rebecca Isle Apt. 101, Fletcherberg, MT 01669",6809265893,GB35KTOR33548835719214,liability_only,2.1,2
CL000382,Kaitlyn Davis,Male,42,divorced,Administrative Assistant,50714.35,625,FL,"866 Shelton Garden, North Nancy, CO 65362",001-626-465-2824x685,GB50XPVE40002086014605,full_coverage,1.2,0
CL000383,Alexander Cannon,Male,52,married,Business Owner,67344.38,625,IL,"1630 Vanessa Island, Kirkborough, MS 78917",001-530-310-0090x899,GB60ROQD04802835415892,full_coverage,6.0,0
CL000384,Amber Singh,Male,36,married,Software Engineer,29421.97,653,NC,"376 Davis Trail Suite 628, New Kristinaland, DC 18471",+1-368-215-9474x70531,GB14LVRG30967397984218,full_coverage,0.7,0
CL000385,Belinda Parker,Female,77,single,Software Engineer,69527.92,785,IL,"6501 Burnett Meadow, Vaughnville, NY 65413",362.888.3636x8850,GB09YZUF76292266678809,full_coverage,3.5,1
CL000386,Chloe Schneider,Male,65,widowed,Electrician,59428.71,752,CA,"2289 Steven Prairie Apt. 598, East Marcusfort, NJ 61430",(565)797-6408,GB31XRAK01417165789391,full_coverage,2.1,0
CL000387,Brenda Bernard,Female,19,single,Business Owner,88000.87,655,OH,"1887 Deborah Ville Suite 860, Port Deniseton, AL 94663",+1-224-549-2878x757,GB46UAYE93011250186074,full_coverage,8.3,0
CL000388,Paul Johnson,Male,57,single,Warehouse Worker,206908.56,730,PA,"22336 Lori Roads Apt. 620, Port Stephanieborough, AK 18340",226-762-4975x374,GB21PZWC44695674068735,comprehensive,0.1,0
CL000389,Dawn Watson,Female,49,single,Truck Driver,35977.07,706,OH,"6688 Gomez Well, Lake Julie, KY 66912",948.535.8626,GB32NMJQ53207758708943,full_coverage,2.0,0
CL000390,Stephen Ortiz,Female,71,single,Mechanic,37741.97,760,PA,"443 Shea Spurs, Michelleton, MI 03617",001-245-905-0928x46720,GB04GIFY93907737295450,liability_only,15.6,0
CL000391,Timothy Brown,Female,70,married,Student,103008.32,798,OH,"50204 Johnson Ferry Apt. 435, North Donald, NH 78701",733-279-5311x123,GB47IFML27428662510857,liability_only,0.6,1
CL000392,Corey Espinoza,Male,72,married,Electrician,70484.05,625,OH,"1460 Brenda Islands Apt. 174, Mariamouth, WV 90188",870.962.7281,GB18GHOI61215756264126,liability_only,0.3,0
CL000393,David Wilson,Male,37,married,Business Owner,38774.28,719,NY,"Unit 7620 Box 9906, DPO AP 31177",396-830-3995,GB55XPBJ50599822673123,full_coverage,6.8,1
CL000394,Daryl Rowe,Female,36,single,Administrative Assistant,66606.19,737,PA,"80981 Sanchez Meadows Suite 203, Brookeville, MT 40768",419-678-1847,GB87EPLY57672991154904,full_coverage,1.3,0
CL000395,Cheyenne Miller,Female,39,married,Retired,45207.45,751,TX,"835 Luna Viaduct, East Curtis, KS 26357",+1-351-684-4989x2665,GB29ONCZ74224386490810,full_coverage,0.7,1
CL000396,Christina Evans,Male,79,married,Truck Driver,43002.54,799,PA,"10297 Wilson Row Apt. 506, Lake Brenda, TX 61803",+1-326-251-7328x162,GB48XQPH92219836915737,liability_only,8.3,1
CL000397,John Mejia,Male,28,married,Electrician,106593.47,806,GA,"0745 Nathaniel Flat Apt. 445, North Lisaburgh, AL 17662",001-768-838-7890x34502,GB69OYMB30409346754182,full_coverage,1.5,1
CL000398,Jeff Wagner,Male,32,widowed,Truck Driver,45417.41,699,PA,"272 Brandon Terrace, Craigbury, KY 49691",380-401-3224,GB22ZHFB83168163603891,full_coverage,1.3,0
CL000399,Meredith Mooney,Female,64,single,Chef,66825.65,662,IL,"8947 Olson Cape, North Michaelland, KS 92087",001-210-770-7163x485,GB22DFGO08511919445456,liability_only,0.9,1
CL000400,Brenda Foster,Male,80,married,Sales Representative,89511.44,659,IL,"276 Miller Mill, Navarroville, UT 99492",+1-988-562-6395x61266,GB02ALLP37138874022346,full_coverage,0.8,0
CL000401,Elizabeth Cobb,Female,38,single,Consultant,74993.16,697,NY,"6330 Bean Creek, Port Stephenville, TX 39585",(815)824-8319,GB97GNIP04656896987036,full_coverage,7.2,1
CL000402,Peggy Hall,Male,30,married,Freelancer,66789.56,738,NY,"9363 Kathy Ports, Lake Stephanie, WI 93161",+1-612-270-6593x410,GB80MXVE91187228247183,full_coverage,7.3,0
CL000403,Joshua Griffin,Male,76,divorced,Police Officer,54278.39,605,GA,"075 Fox Stream Suite 974, Weberton, MD 21633",(817)711-4865,GB69QXDR98106173563163,liability_only,2.2,1
CL000404,Carol Murray,Female,52,single,Police Officer,111523.17,665,OH,"USNV West, FPO AE 98129",001-561-269-4963x78811,GB81MQFW01307167532163,liability_only,2.3,0
CL000405,Melissa Fisher,Female,57,married,Student,68472.57,696,OH,"79854 Karen Cape, Hannahton, IA 62920",+1-329-454-5858x35639,GB30PIXG92255174192581,full_coverage,1.1,1
CL000406,Sarah Leach,Female,68,divorced,Business Owner,76010.97,750,MI,"33230 Villanueva Cliffs, West David, MS 75175",468-245-3851,GB88UJNM53335038363358,full_coverage,6.4,1
CL000407,Casey Rodriguez,Male,26,married,Mechanic,90447.94,648,FL,"1668 Carl Ford, New Thomas, NE 59853",6724173402,GB80UFUF41983063236540,full_coverage,1.2,1
CL000408,Joshua Banks,Other,55,married,Chef,24787.53,711,IL,"Unit 1778 Box 5079, DPO AE 48694",975-470-5120x4618,GB73TDYC87734778485880,liability_only,6.1,0
CL000409,Derrick Phillips,Male,58,married,Consultant,98052.04,625,MI,"Unit 4202 Box 4350, DPO AP 79265",676-351-1861x5640,GB36JPLG98913705424519,liability_only,0.2,2
CL000410,Terry White,Female,63,married,Student,76709.28,850,FL,"94746 Barbara Pike Apt. 797, Sherrystad, SD 05998",866.369.6922x9533,GB22AHJM07791570814843,full_coverage,6.4,0
CL000411,Kayla Lopez,Female,29,married,Software Engineer,60067.51,767,TX,"52135 Palmer Springs, Jorgeburgh, AK 53505",001-902-527-8469,GB53MITQ78208297374896,full_coverage,0.2,1
CL000412,Dakota Evans,Male,50,married,Mechanic,63512.48,809,GA,"43751 Graham Ridge, Jessicahaven, NE 47945",924-638-2692x8550,GB49GKAS52889594703969,liability_only,0.1,1
CL000413,Jennifer Murphy,Female,49,single,Nurse,80405.66,850,TX,"6504 Martinez Plaza, North Benjamin, OR 77663",842-988-7344x96686,GB31SRTS47061706901497,liability_only,2.0,0
CL000414,Angela Richmond,Female,29,divorced,Sales Representative,33123.13,665,NC,"715 Castillo Knolls Suite 650, Chasehaven, NE 03122",+1-716-274-4923x43596,GB12IKYA56693754024286,liability_only,1.5,0
CL000415,Ronald Herrera,Male,39,widowed,Sales Representative,129876.26,796,OH,"1402 Brown Wall Apt. 857, Garnerfurt, VI 39934",716.538.4936x80635,GB54AXCA12789695193048,full_coverage,3.1,1
CL000416,Brittany Oneill,Male,24,married,Warehouse Worker,48379.4,639,NY,"8670 Paul Mall Apt. 036, West Kevin, LA 28194",+1-594-568-9633x1812,GB17LOVN17073174457762,full_coverage,5.4,1
CL000417,Stefanie Hughes,Female,41,single,Manager,121508.29,741,TX,"USCGC Medina, FPO AP 05893",798.497.7475x94434,GB25SLGO74037676874042,full_coverage,2.5,0
CL000418,Sean Fisher,Male,23,married,Construction Worker,61162.39,645,GA,"753 Davis Island Suite 330, Port Antonioton, OK 36907",001-706-856-5823x4453,GB14LHKF32660004709110,liability_only,8.3,0
CL000419,Robin Richards,Male,59,widowed,Electrician,28711.11,666,MI,"1199 Bass Common Apt. 815, Lake Suzanne, WY 36766",(261)644-7761x8687,GB58XOXS66682905256599,full_coverage,3.3,0
CL000420,Joseph Montgomery,Female,73,married,Freelancer,93857.48,850,MI,"330 Audrey Ferry, Hendersonport, PR 02774",547-339-8622x14051,GB82RMMB47473389147852,liability_only,6.7,0
CL000421,Edwin Turner,Male,25,divorced,Consultant,99751.57,647,TX,"9441 Sarah Summit, Lake Jeremy, NY 63527",+1-335-518-6647x7413,GB45LCQV30258534658153,full_coverage,3.0,0
CL000422,Taylor Parsons,Female,60,single,Mechanic,43382.41,740,FL,"178 Cooper Road, Port Barbaraport, VT 89291",928-765-5816,GB55YTFG83193489180038,full_coverage,6.0,0
CL000423,David Cruz,Female,76,married,Accountant,99329.89,691,GA,"2195 Garner Garden, Port Brianaville, HI 08799",752.773.4114x61331,GB55LGBC53030440778110,full_coverage,2.4,2
CL000424,Stacy Russell,Male,63,widowed,Business Owner,48214.44,593,FL,"557 Figueroa Station Suite 345, Davidside, WA 24587",+1-691-326-9945x206,GB88TXZD06166910082242,full_coverage,4.6,1
CL000425,Becky Nichols,Female,62,married,Nurse,26307.33,739,IL,"17562 Houston Port, Blevinstown, NC 25870",+1-447-491-0059x3257,GB28RUOB32200748597243,comprehensive,6.1,2
CL000426,Teresa Thomas,Female,44,married,Business Owner,48035.75,720,NC,"2058 Jasmine Drive Suite 060, Andreaburgh, WY 24346",206-654-7476x950,GB20CUQX98566430165562,full_coverage,3.8,1
CL000427,Justin Schmidt,Male,54,married,Freelancer,52189.32,604,GA,"PSC 7656, Box 9931, APO AE 51534",+1-906-622-9011x38604,GB12VYOC99038035148953,liability_only,4.9,0
CL000428,Tiffany Hudson,Male,75,single,Nurse,102276.84,630,PA,"7905 Kyle Crossroad, New Michael, CO 96893",(873)809-5326x70848,GB85ZKMW29258228280183,liability_only,1.9,0
CL000429,James Williams,Male,27,married,Retired,104431.42,561,NC,"PSC 8568, Box 4676, APO AP 65409",909.764.5837x44959,GB41ECHL31755592897487,full_coverage,0.0,0
CL000430,Angie Jennings,Female,71,married,Mechanic,72694.04,603,NC,"626 Morris Crest Apt. 997, Scottbury, KY 80864",(555)215-6419x67896,GB32ZBSG58201630159722,comprehensive,4.7,0
CL000431,Brianna Warren,Male,20,married,Police Officer,32739.42,681,TX,"584 Mario Squares, Keithview, PR 67926",001-561-957-1732x030,GB21SYTC56686334141115,comprehensive,0.0,0
CL000432,Rebecca Lewis,Other,52,married,Mechanic,38185.89,667,TX,"6680 Graham Square, North Lindahaven, AZ 36492",9335480153,GB53LZQM67155446053926,full_coverage,1.8,2
CL000433,Steve Washington,Male,42,single,Consultant,88958.77,784,IL,"272 Crystal Summit Apt. 649, North Carolberg, VT 70062",(567)228-5021x553,GB74VPOK58212626439567,comprehensive,6.5,1
CL000434,Debra Goodman,Female,52,married,Construction Worker,60399.11,620,NY,"5199 Catherine Circles, Webbstad, CA 20578",001-344-814-9253,GB46ITRF83859747765659,comprehensive,6.9,0
CL000435,Karen Ward,Male,61,married,Accountant,75526.02,721,IL,"343 Herrera Shoals Suite 156, East Jessica, MP 76819",990-976-3415x359,GB31DBVB11547734943148,comprehensive,6.8,1
CL000436,Mr. Tommy Mcdonald,Male,57,widowed,Student,50614.05,672,TX,"1354 Parker Lock Suite 573, Edwardberg, ND 48567",(358)809-5794x758,GB39MBEZ84136233470407,liability_only,1.7,0
CL000437,James Watkins,Female,51,single,Manager,51101.59,587,FL,"Unit 1479 Box 7341, DPO AP 46284",001-359-950-8374x560,GB70AGTM10175900170679,full_coverage,0.5,1
CL000438,Debra Johnson,Female,37,single,Sales Representative,64992.36,523,OH,"551 Mckee Drives, Lake Laurenshire, AS 31479",+1-889-267-6353x67355,GB20PBOE28834133513901,full_coverage,1.7,0
CL000439,Anthony Mcdonald,Female,64,married,Freelancer,53792.82,625,TX,"4936 Rosales Fork, Timothyshire, MT 58386",001-414-880-3007x35658,GB02AQFK26379412886691,full_coverage,1.3,1
CL000440,Cameron Anderson,Female,51,married,Manager,66445.34,768,IL,"42526 Sandra Prairie, Clarkeside, OK 19735",694-665-7446x53255,GB50CDQD85136738052038,full_coverage,2.9,0
CL000441,Maria Garcia,Male,66,divorced,Software Engineer,56682.07,593,GA,"684 Amanda Harbors Suite 146, East Anthony, CA 34715",+1-583-833-5401x12728,GB17AGAQ76477090676183,full_coverage,0.1,0
CL000442,Jamie Yang,Male,28,married,Chef,23969.79,562,NY,"7162 Victor Canyon Suite 888, Hoffmanport, CT 66168",(993)603-2645x6496,GB47DSTC60539064909703,comprehensive,1.3,0
CL000443,George Stanley,Male,70,single,Administrative Assistant,76776.82,662,IL,"018 Jo Landing Apt. 368, New Peter, AL 61104",821-253-1936x252,GB48EFDN90887548029335,full_coverage,0.4,1
CL000444,Nicole Carey,Male,40,married,Nurse,61763.87,679,CA,"65735 Timothy Junction, Nicholasborough, WI 90975",001-551-302-1401x283,GB55SKLQ97990359717717,liability_only,2.8,0
CL000445,Cheryl Reed,Female,76,single,Accountant,54970.24,712,GA,"412 Kent Square, Smithland, MO 33710",+1-638-395-3376,GB84YROY67760064345973,full_coverage,1.7,0
CL000446,Margaret Kennedy,Female,21,widowed,Truck Driver,57471.62,709,PA,"24967 Gaines Parks, Virginiamouth, DE 00543",884-280-9473x1815,GB30KJFP07995947611107,liability_only,2.7,0
CL000447,Laura Myers,Female,70,married,Manager,51980.31,770,TX,"5657 William Turnpike Suite 226, West William, KY 89669",111-556-2048,GB07ANMX99261382687097,full_coverage,1.3,0
CL000448,Stefanie Gonzales,Female,68,married,Administrative Assistant,58891.15,581,NY,"399 Thomas Fork, Mcdonaldburgh, FM 98205",001-471-210-7351x28962,GB11NRUF43233302399344,full_coverage,4.0,0
CL000449,Richard Olsen,Female,28,single,Software Engineer,21558.99,726,FL,"430 Salazar Shoal Apt. 357, Morrisberg, PA 40546",628-653-7006,GB38QRKJ87531198042554,full_coverage,3.0,0
CL000450,Kendra Smith,Female,52,single,Electrician,68213.53,655,TX,"4255 Timothy Wall Suite 887, Johnsonburgh, AZ 30475",001-892-821-3170x1958,GB18GSYS28798728731424,comprehensive,0.8,1
CL000451,Rebecca Thompson,Female,35,single,Chef,100576.92,837,TX,"964 Wilson Branch Apt. 328, South Adammouth, CO 92458",4284745120,GB40XWUY01754541648792,full_coverage,3.4,0
CL000452,Melissa Brown,Female,38,divorced,Truck Driver,60511.56,674,OH,"2750 Michael Lodge Suite 442, East Mindyfurt, AR 63583",+1-954-483-3095,GB67HWRG68060145792326,comprehensive,4.3,1
CL000453,Mr. Matthew Peterson,Female,44,widowed,Truck Driver,65845.62,717,TX,"15019 Crawford Vista Suite 209, West Charles, DC 06559",982-285-2332,GB87ISUG79582915855116,full_coverage,2.7,1
CL000454,Rebekah Brewer,Male,28,married,Construction Worker,41313.05,681,FL,"632 Flores Stream, North Paulfurt, OH 43247",+1-853-868-6632,GB30QRVM94611952436402,full_coverage,4.0,0
CL000455,Kyle Beltran,Female,75,single,Retail Worker,70034.87,680,MI,"PSC 7574, Box 1424, APO AP 61809",596.326.2591,GB64FZPU77546730044079,full_coverage,2.3,1
CL000456,Julia Simpson,Female,75,married,Sales Representative,295233.53,645,PA,"7156 Walker Path Apt. 299, Port Lindaview, ND 85340",2426479600,GB92ATCN57376242662254,full_coverage,2.9,0
CL000457,Tammy Walker,Male,44,married,Administrative Assistant,19937.57,850,CA,"91401 Hernandez Garden, Lake Danielmouth, HI 24392",(441)547-5690x0184,GB60GKTQ47422983596677,comprehensive,3.0,2
CL000458,Angela Gomez,Female,68,married,Student,123866.34,823,NY,"26247 Richard Branch, Lake Jamesshire, AK 75821",4069476144,GB95QPHX55404231697920,full_coverage,5.8,0
CL000459,Jessica Cox,Female,80,divorced,Sales Representative,103891.39,676,GA,"343 Matthews Harbor, Melissashire, VI 24516",001-352-587-8357x338,GB57HAPH45330236412247,full_coverage,7.8,0
CL000460,Alison Hudson,Male,55,single,Teacher,90303.16,747,IL,"03350 Moon Locks Apt. 232, Codytown, NM 93391",255-658-7094,GB40EEUV45641199255125,comprehensive,9.3,0
CL000461,Robert Johnson,Male,20,married,Mechanic,39409.39,705,NC,"135 Michael Summit, Lake Haley, RI 33783",001-419-471-5755x71663,GB11INHA61621856352007,full_coverage,1.2,0
CL000462,Benjamin Williams,Male,19,married,Teacher,106439.62,627,MI,"868 Contreras Manor Suite 714, Lake Jason, NE 03643",909.301.0146x10392,GB10RTGB46163881687851,liability_only,2.6,2
CL000463,Melinda Cantu,Female,43,single,Chef,44373.23,740,NC,"USS Kaiser, FPO AP 05112",+1-996-456-8826x72800,GB27WPFA81472373564078,liability_only,0.1,1
CL000464,Nathaniel Norman,Male,18,married,Chef,63480.62,692,TX,"USNS Williams, FPO AA 79623",589.899.5145x498,GB10OCIM74906688675185,full_coverage,4.2,0
CL000465,Stephanie Miller,Female,40,single,Software Engineer,38487.07,673,NC,"59563 Wright Terrace Apt. 807, New Sarah, AK 94841",9259856533,GB59PZHA31678719261548,comprehensive,1.8,0
CL000466,Mr. Samuel Thomas,Female,55,single,Consultant,73376.53,544,TX,"4550 Wendy Hill, New Victoriaton, TN 74371",001-983-497-6738,GB73JMDM30343830009143,full_coverage,3.5,0
CL000467,Luis Montgomery,Male,49,single,Sales Representative,22502.71,687,TX,"4179 Edwards Groves, Websterberg, NY 81660",835.218.9622x5275,GB23AFEH02340567712515,comprehensive,0.3,0
CL000468,Nancy Mckenzie,Male,59,single,Accountant,54174.99,557,TX,"051 Powell Cape, Port Hectorshire, DC 64437",484.947.9098x63615,GB13MTKR44420224824886,liability_only,0.5,1
CL000469,Benjamin Oneill,Female,48,married,Mechanic,39483.06,604,NC,"5031 Robin Bypass, South Erika, SC 77461",341-293-9606,GB28BJXM32884621841292,full_coverage,5.7,1
CL000470,Juan Waters,Female,44,married,Manager,59753.01,654,TX,"41413 Zachary Creek, West Alecmouth, PW 11763",001-732-851-7904x470,GB88ASXI06714878310314,comprehensive,6.5,0
CL000471,Heather Lozano,Male,47,single,Software Engineer,59764.35,701,PA,"691 Bell Mount Apt. 499, Lake Dennisville, IA 40527",705.417.2897,GB07MDIC50937710040901,liability_only,1.6,0
CL000472,John Potts,Female,39,married,Consultant,78215.81,621,FL,"794 Spencer Grove Apt. 337, Jonathanshire, RI 69348",409.833.9136x941,GB80JCAM03267531805763,full_coverage,7.1,0
CL000473,Russell Miller,Female,53,married,Retail Worker,41929.35,690,NY,"Unit 9654 Box 6125, DPO AE 52427",8649004748,GB83TJRM98948481703610,full_coverage,4.0,0
CL000474,Tammy Bryant DDS,Male,45,single,Nurse,39525.65,597,GA,"127 Webster Trace, Maldonadoshire, SD 83770",359.587.6220x234,GB15OLQT55168740903802,liability_only,1.2,0
CL000475,Jill Herring,Male,21,married,Police Officer,70573.24,644,NY,"759 Larson Valleys, Port Veronica, AZ 58716",311.617.1960x04902,GB50JJCZ55967433384965,full_coverage,1.1,0
CL000476,Christopher Bradley,Male,31,single,Software Engineer,35812.45,744,MI,"644 Young Junction Apt. 507, New Carolynview, SC 73039",431-817-8905,GB26PSUE53756130015975,full_coverage,1.8,0
CL000477,Debbie Miller,Male,66,single,Student,42408.47,677,CA,"PSC 3493, Box 1796, APO AA 04875",(805)458-1735x79211,GB77KAMW98935464639897,comprehensive,1.1,1
CL000478,Todd Bates,Female,67,single,Administrative Assistant,20567.92,638,IL,"Unit 2602 Box 5634, DPO AE 92418",862.205.5543x8404,GB63DOZB73033793375636,liability_only,9.9,0
CL000479,Erin Tucker,Male,45,single,Warehouse Worker,50600.19,619,NY,"80981 Sanchez Meadows Suite 203, Brookeville, MT 40768",229-305-0926x00011,GB54KNCN19738449812130,full_coverage,1.1,1
CL000480,Patrick Hunt,Male,53,married,Construction Worker,22661.39,581,NC,"469 Kathryn Spur, Woodsborough, TX 29081",804-748-1773,GB20KXNC92218822063186,comprehensive,9.6,1
CL000481,Barbara Cruz,Female,40,married,Sales Representative,17133.48,659,NC,"23641 Lawson Manors, West Robin, RI 77971",367-564-0323,GB06VFKE82671269379499,full_coverage,3.5,1
CL000482,Sarah Martin,Male,40,widowed,Teacher,76362.41,657,OH,"644 Sutton Harbors, Port Sandra, SC 56757",001-286-781-1143x30640,GB31RPPC55590627879025,comprehensive,0.7,0
CL000483,Melissa Smith,Female,28,married,Sales Representative,60628.91,695,OH,"72162 Foster Brooks Apt. 235, Charlestown, HI 82091",759-799-7737x93957,GB17CSUE47411173670386,full_coverage,1.2,0
CL000484,Henry Rosario,Other,36,married,Software Engineer,57898.36,607,CA,"92711 Graves Fords, South James, GA 64684",001-347-281-2914x28341,GB81ZPBB51405468356521,comprehensive,1.7,1
CL000485,Jeffrey Garcia,Male,65,married,Software Engineer,44043.36,584,MI,"233 Laura Plains Apt. 563, Lake Stacieberg, OK 22275",+1-548-328-7321x0788,GB94FUOH65485220720197,liability_only,1.6,0
CL000486,Krista Taylor,Male,58,single,Consultant,64741.45,582,CA,"2796 Crystal Islands, East Colleenmouth, MI 44019",889-079-9490,GB91WEEN23003607223502,full_coverage,1.9,1
CL000487,Kendra Smith,Female,55,single,Electrician,97514.29,684,OH,"PSC 4243, Box 7539, APO AE 57483",001-892-980-9166x31669,GB55XVJA33045441061664,full_coverage,0.9,1
CL000488,April Jennings,Female,51,single,Software Engineer,81197.63,673,NY,"015 Tracy Hills Apt. 962, New Davidville, DE 47511",5503969961,GB88KFWK52322805883774,liability_only,0.5,2
CL000489,Thomas Singh,Female,45,single,Freelancer,36970.96,722,GA,"USNV Crawford, FPO AA 23354",439-950-1115x25586,GB24OWRR82603174890304,full_coverage,7.7,0
CL000490,Heather Barrera,Female,52,married,Freelancer,95725.59,728,PA,"971 Jones Vista, Margaretberg, HI 80343",755.845.9205,GB55OKOP99113798304576,full_coverage,5.3,0
CL000491,Jessica Wright,Female,64,divorced,Administrative Assistant,27052.61,587,MI,"60895 Buck Camp, West Donnaburgh, HI 15742",001-333-468-9600x83476,GB59VQUS89930746113997,liability_only,0.1,0
CL000492,Shannon Wheeler,Female,27,single,Sales Representative,80637.09,664,IL,"603 Abigail Oval Suite 285, Huntville, ND 34344",001-639-676-3090x07379,GB02ZIKO44410769262654,full_coverage,1.1,1
CL000493,Elizabeth Hayes,Female,75,divorced,Accountant,159078.37,721,CA,"706 Rhodes Freeway, Bishopmouth, IN 70494",(358)827-3902,GB68UGZC53779599594652,full_coverage,1.3,1
CL000494,Keith Norris,Female,57,single,Truck Driver,39601.56,685,TX,"59839 Blevins Route Apt. 799, Coxmouth, NV 67004",001-937-556-8167x84340,GB93BOUV17761350078836,liability_only,1.7,0
CL000495,Brittany Gonzalez,Other,54,single,Chef,94714.75,633,IL,"0336 Anderson Plaza Suite 023, Port Yvonneberg, GU 90072",(653)227-3551x4972,GB15GEEH47714695093555,full_coverage,2.6,0
CL000496,Jesse Hinton,Female,79,married,Software Engineer,140610.12,838,CA,"PSC 2006, Box 1741, APO AE 55301",345-494-7612x1893,GB70WEFH40140822815775,comprehensive,3.8,0
CL000497,Douglas Grant,Male,53,divorced,Software Engineer,63251.18,699,IL,"5555 Williams Lodge, Lake Marvin, AL 66000",278.694.3327x6399,GB61VNBA82369626902220,liability_only,5.3,0
CL000498,Jade Rogers,Female,39,divorced,Police Officer,67794.28,693,OH,"9067 Samantha Cliff, Erikaburgh, AZ 07817",993.444.9076,GB48DMFX18333919296921,full_coverage,3.2,0
CL000499,George Johnson,Female,77,married,Accountant,40973.32,672,PA,"0082 William Shoal, Wallaceview, HI 60011",001-205-849-8578x87282,GB78GEFW80126980446658,liability_only,11.1,3
CL000500,Brenda Ibarra,Female,32,married,Sales Representative,120977.36,720,PA,"606 Gonzales Square, Sabrinamouth, HI 47921",937.287.4778x840,GB69ZWWT46577706129889,full_coverage,0.8,1
CL000501,Thomas Gardner,Female,74,single,Chef,110086.33,734,FL,"784 Danielle Inlet, Lake Stevenmouth, KY 86156",337-818-6056x68803,GB32VSVE42806589175260,full_coverage,3.0,0
CL000502,Miss Debra Roberson,Male,70,single,Business Owner,91119.11,692,CA,"919 Hawkins Pike, Smithville, NJ 00654",001-986-671-5207x710,GB52BJHH68957967246105,comprehensive,0.6,0
CL000503,Anna House,Female,18,married,Retired,79814.24,667,IL,"70178 Johnson Fall, West Brandonstad, TN 38388",001-472-939-2010,GB83LTZT74753965974425,comprehensive,1.2,0
CL000504,Matthew Becker,Female,64,single,Electrician,63008.68,652,MI,"204 Richard Creek Suite 374, Port Kristinstad, CO 25097",979.837.6699,GB07RDXV60855717490584,liability_only,4.1,1
CL000505,Jeanne Hicks,Male,58,single,Retired,33646.3,662,NC,"035 Jackson Street, Lake Michaelview, KS 43846",7995986324,GB69KEOX91111085184668,full_coverage,11.1,0
CL000506,Mary Acosta,Female,32,single,Sales Representative,72839.06,672,NY,"35961 Brian Shoals, Cummingsborough, SD 36545",001-480-202-2642x597,GB07KKJR29878192147498,liability_only,11.5,0
CL000507,Eric Smith,Male,79,single,Sales Representative,52997.63,781,MI,"1784 Hatfield Falls, West Russellmouth, HI 65910",980-945-2926x76988,GB86PKJI58474134019293,comprehensive,2.8,0
CL000508,Steve Smith,Female,47,divorced,Accountant,99887.11,704,FL,"75193 Bennett Gateway Apt. 124, Kristinfort, PA 32273",(256)811-5686x22307,GB84KTIQ05316022743303,liability_only,2.3,1
CL000509,Toni Thompson,Male,34,married,Consultant,46797.08,721,CA,"86244 Brennan Knoll Suite 311, Lake Charles, ND 92058",8783287806,GB89KWJL98586635654180,full_coverage,11.3,0
CL000510,Scott Becker,Male,52,single,Construction Worker,15881.74,665,GA,"28866 Rhonda Island, Peterhaven, WV 41154",(488)228-4705,GB09HCVH29887123203668,full_coverage,10.7,0
CL000511,Edward French,Female,29,single,Warehouse Worker,46925.2,555,NY,"USCGC Gardner, FPO AE 56531",+1-552-472-8760,GB13AQPO83471062833455,liability_only,3.2,0
CL000512,Mr. Jeffery Lee,Female,71,married,Truck Driver,75793.59,741,IL,"0045 Matthew Knolls Suite 302, Walkerberg, GA 72689",(870)542-4025x554,GB69SZOO04116788159646,full_coverage,1.5,1
CL000513,Julia Rose,Male,33,single,Teacher,55589.71,586,FL,"9044 Reese Meadows Suite 332, New Melanie, UT 21870",689-755-8770x0623,GB58SSVI26407608953012,full_coverage,4.4,0
CL000514,Amber Villarreal,Male,18,divorced,Mechanic,121921.47,679,TX,"138 Davis Trace, Thomasbury, IA 47143",(989)605-8108x01533,GB65ZGKM70277287156596,full_coverage,11.3,1
CL000515,Isabel Terry,Female,61,single,Administrative Assistant,79018.91,669,IL,"7595 Cherry Burg Suite 536, New Jennifer, CO 58580",748-454-1839,GB32WKEX52078821651192,liability_only,0.9,0
CL000516,Ronnie Brooks,Male,41,married,Retired,45397.99,711,IL,"2030 Thomas Lights Suite 730, West Stephanie, ID 96023",(532)612-4402x936,GB62UZZA94121805257959,liability_only,2.5,1
CL000517,Michelle Campbell,Male,44,divorced,Mechanic,57430.09,643,NY,"23254 Smith Plaza Apt. 134, West Laurie, VT 48589",413.939.9627x6861,GB03HJED12029138130149,full_coverage,3.8,0
CL000518,Kristina Martin,Female,26,married,Administrative Assistant,57791.57,726,FL,"881 Byrd Hollow, Ericville, GU 75510",799-808-2133,GB46RXWG17236670417103,liability_only,2.5,0
CL000519,Stephanie Davis,Male,20,married,Consultant,117948.08,649,CA,"351 James Streets, Hillshire, WV 69266",4273937145,GB45VJIY66872553681963,comprehensive,8.8,1
CL000520,Jonathan Farmer,Female,31,married,Retired,108070.85,548,FL,"13320 Joseph Union Suite 956, South Chasehaven, NJ 51729",(507)375-2572x316,GB33MAGV78110570399630,full_coverage,1.9,3
CL000521,Sergio Johnson,Female,40,single,Software Engineer,27039.74,674,IL,"2775 Owen Stream Suite 169, New Kelly, CT 10995",786.710.3579x727,GB05JTTL64122031030372,liability_only,0.1,0
CL000522,Lawrence Powell,Female,34,married,Teacher,72323.84,618,CA,"9323 Hannah Circle Apt. 715, Port Anthonyfort, VI 09112",708-963-3234x306,GB36JJWR88392375909722,full_coverage,0.9,0
CL000523,Stacy Gentry,Other,81,divorced,Retired,155814.05,587,OH,"585 Kelly Ways, East Christineville, MH 76012",(503)848-2367x88387,GB61SUGE38004364758466,full_coverage,2.5,1
CL000524,Denise Jordan,Male,77,married,Consultant,90019.94,676,NY,"63712 Richard Coves Suite 552, Castilloton, DE 34599",(484)308-1144x157,GB39WJWG61168611460361,liability_only,6.5,0
CL000525,Lawrence Ross,Male,31,single,Electrician,54416.56,792,PA,"USNS Diaz, FPO AE 87563",909-891-6340,GB23POVR71667417132231,liability_only,2.4,0
CL000526,Rachel Peterson,Male,46,married,Software Engineer,37729.28,597,IL,"5426 Noah Terrace Suite 377, West Lindsayborough, LA 89191",354-359-5660x030,GB94TNUE27238697421736,full_coverage,3.2,0
CL000527,Crystal Richardson,Male,63,single,Accountant,58324.01,733,MI,"570 Jonathan Tunnel, South Feliciastad, AZ 71751",613-664-0348,GB55GXPO00627959514295,comprehensive,1.8,2
CL000528,Louis Hughes,Female,51,single,Construction Worker,41844.65,766,OH,"302 Willie Gateway Apt. 242, East Michaelfort, CA 63004",500-662-9872,GB23NIXQ97100170781294,full_coverage,6.1,0
CL000529,Gail Sullivan,Male,66,single,Administrative Assistant,23834.86,695,PA,"49484 Holly Walk, Glennbury, MD 94038",(328)533-7287x567,GB08BENK64771158821870,liability_only,1.9,0
CL000530,Kelly Wheeler,Male,79,divorced,Truck Driver,133627.68,850,CA,"835 Luna Viaduct, East Curtis, KS 26357",001-278-450-8214x8628,GB96KQZH19971791100651,liability_only,3.1,0
CL000531,Nathan Smith,Male,23,married,Retail Worker,40232.95,598,CA,"80981 Sanchez Meadows Suite 203, Brookeville, MT 40768",001-997-954-2473x88523,GB82JRVX77007881253251,liability_only,1.3,0
CL000532,Paul Acosta,Other,68,married,Retail Worker,100880.66,622,PA,"226 Armstrong Prairie, New Robertfurt, MT 95923",7289653839,GB53CNJM82100370907037,comprehensive,3.6,0
CL000533,Amy Welch,Male,30,single,Business Owner,24472.25,620,OH,"693 Benjamin Union Apt. 983, Williamberg, TX 91628",001-967-648-7629x650,GB17VIZK65726765419828,liability_only,1.4,1
CL000534,Zachary Nelson,Female,31,married,Manager,48479.37,615,GA,"03452 Bruce Mews Apt. 693, East Davidfurt, TN 34014",(825)573-3090x740,GB96KCNQ52247675125837,full_coverage,26.9,0
CL000535,Laura Lucero,Female,33,single,Retail Worker,43020.98,782,TX,"66933 Travis Fort Apt. 422, Heidiburgh, WI 68610",572.337.2259,GB91BHZH70089423403704,full_coverage,3.1,0
CL000536,David Gill,Female,76,married,Sales Representative,122624.58,658,NC,"456 David Rue, Macdonaldtown, KY 61415",871.298.5176,GB83UUMJ55442157837926,liability_only,0.1,0
CL000537,Frank Reeves,Male,79,widowed,Retired,77067.61,692,MI,"96885 Jose Curve Apt. 903, Austinmouth, PW 89228",+1-883-731-5032x19859,GB33ZLYC02506668606734,comprehensive,0.2,0
CL000538,John Pitts PhD,Female,21,divorced,Nurse,62348.54,717,NC,"28959 Pamela Alley Apt. 852, Dwaynefort, MS 22638",380-401-3436,GB74HTTI95940389554656,full_coverage,0.5,0
CL000539,Marissa Gonzalez,Male,66,widowed,Truck Driver,157319.18,850,TX,"00210 Jill Mountain Apt. 663, West Jill, TN 60951",522.334.8749,GB06NVMA19109048866073,comprehensive,1.6,2
CL000540,Nichole Gutierrez,Male,49,single,Construction Worker,47066.11,747,NY,"281 Mark Turnpike Suite 774, Burnsburgh, WA 37187",816.845.8104x5734,GB18SJIP33878052890566,liability_only,0.1,0
CL000541,William Tran,Other,26,married,Truck Driver,30292.03,581,MI,"771 Tiffany Harbor Apt. 450, Romeroborough, NY 05819",(425)602-3089x9646,GB05HJYH54869521215603,liability_only,13.4,1
CL000542,Amy Boyd,Male,29,single,Chef,40680.7,816,NC,"6946 Smith Hills Apt. 376, Scottmouth, NE 96793",001-211-561-2215,GB04XSVM55868190041589,full_coverage,2.8,0
CL000543,Daniel Anderson,Female,43,married,Teacher,72786.8,643,MI,"13855 Katie Burg Apt. 957, Port April, CT 04586",224-857-1815,GB11XUZC94999136505519,full_coverage,4.6,0
CL000544,Robert Cochran,Female,36,single,Consultant,47506.53,699,MI,"718 Norton Park Apt. 708, Lake Larryberg, PA 27240",001-528-550-7196x129,GB41ECYG49522094003717,full_coverage,5.6,0
CL000545,Joseph Bailey Jr.,Female,51,single,Retail Worker,27153.51,645,PA,"6112 Mccormick Streets, Lake Antonio, IN 08305",(295)316-5712x1186,GB53RCDV23993302559879,comprehensive,4.3,1
CL000546,Brandy Patterson,Male,66,single,Retired,18065.86,771,MI,"5968 Megan Prairie, Schultzshire, WV 53527",+1-404-250-5211,GB22GZNA81641804460819,full_coverage,1.3,0
CL000547,Mr. Andrew Schroeder PhD,Female,57,single,Warehouse Worker,74176.87,644,OH,"71822 Arroyo Expressway, Allisonchester, IL 71187",+1-922-482-0055x7784,GB33MFBZ56341115950342,comprehensive,2.8,0
CL000548,Justin Baker,Female,76,married,Manager,63689.84,698,IL,"60958 Robert Curve Suite 456, Wheelerbury, TX 81534",250-339-4216,GB03DSZA21287809280414,liability_only,4.0,0
CL000549,Brendan Hurley,Female,19,single,Retired,70016.44,743,TX,"Unit 7286 Box 1746, DPO AP 42466",001-302-862-9761,GB73MEYX86603498246896,comprehensive,5.6,0
CL000550,Mr. James Gray,Female,73,married,Electrician,58789.9,687,PA,"402 Penny View Suite 231, West Earl, HI 27118",925-460-0858x94961,GB63DLBK20535313184560,full_coverage,1.0,0
CL000551,Tyler Hanson,Female,50,married,Police Officer,23862.91,702,GA,"22109 Nicole Wells, Sabrinabury, VA 14788",414-608-7834x377,GB67BYED16823137998181,comprehensive,1.3,0
CL000552,Toni Brock,Male,34,married,Accountant,54834.48,731,TX,"2657 Cochran Springs, Michaelfort, NV 37494",001-652-663-4888x23725,GB80XFEU53511788280503,full_coverage,7.4,0
CL000553,Jacob Spencer,Female,73,divorced,Consultant,40797.29,745,CA,"04767 James Lane Apt. 828, Evanshaven, NV 10859",001-320-775-3136x8593,GB09YYWE62107414430106,liability_only,2.0,1
CL000554,Thomas Kelly,Female,19,single,Nurse,45100.92,583,GA,"5744 Jason Ranch Suite 115, East Lori, FM 36759",001-272-296-9701,GB56XGZU43449975858618,liability_only,14.1,1
CL000555,Anna Cantu,Female,40,married,Freelancer,48451.28,578,NC,"215 Victor Glens, South Samuel, PW 29283",727.649.0331x22239,GB96RBOA47314836874777,full_coverage,4.9,0
CL000556,Jimmy Walker,Male,46,single,Retired,71713.54,670,MI,"0076 Fernando Plaza Apt. 128, North Bianca, IL 66488",(282)678-4726x43933,GB53XYLU96920666048531,full_coverage,8.6,0
CL000557,David Sloan,Female,79,married,Mechanic,29853.01,678,FL,"498 Daniel Pike Suite 651, West Howard, AK 51461",001-337-381-7048x3648,GB11WNXK95585942193793,comprehensive,12.4,0
CL000558,Christine Castaneda,Male,79,single,Teacher,29713.11,690,OH,"9727 Murray Pike Suite 775, West Kristina, NE 09925",541.274.9195,GB90RURZ42672339907615,liability_only,3.1,0
CL000559,Amanda Jones,Male,66,single,Sales Representative,27444.85,623,NY,"4804 White Flat, Bonillafort, RI 20985",001-214-699-0108x61647,GB53UZVT91573806799673,full_coverage,0.8,0
CL000560,Christopher Johnson,Female,33,single,Teacher,86576.21,845,GA,"644 Young Junction Apt. 507, New Carolynview, SC 73039",424.959.7155x793,GB26PSUE53756130015975,comprehensive,4.1,0
CL000561,Juan Herrera,Male,72,single,Manager,55631.57,693,MI,"08597 Shelly Parkway Suite 794, Lake Ruth, PR 54335",747-802-6327x676,GB67ZZIX58766949471553,comprehensive,0.3,0
CL000562,Jeremy King,Other,37,married,Police Officer,61421.12,615,OH,"240 Allen Park, New Deborah, OH 95524",789-665-3945x037,GB23RBYP80538338569329,comprehensive,3.6,1
CL000563,Jason James,Female,44,single,Student,105151.14,767,MI,"94383 Ali Locks Suite 881, Goodmanton, MS 98800",432-804-1250,GB48ZXEN58387963346746,full_coverage,3.3,0
CL000564,William Kramer,Male,53,married,Mechanic,170393.32,634,NC,"PSC 6033, Box 2739, APO AP 62699",415-992-0941x010,GB94NBPZ81951648497797,full_coverage,0.8,1
CL000565,Craig Young,Female,73,single,Software Engineer,133299.91,753,IL,"44357 Adams Mountains Apt. 505, South Anthony, WV 61756",3683756707,GB83FTFH61391237745998,comprehensive,4.0,0
CL000566,Toni Garcia,Male,66,single,Administrative Assistant,79126.85,673,NY,"76870 Rangel Parkways, South Bethton, SC 99307",(651)906-4070x7838,GB33QXIQ30348573654044,liability_only,2.7,1
CL000567,Karen Palmer,Male,26,divorced,Warehouse Worker,47834.7,708,OH,"78836 Sanchez Corner, Vasquezhaven, MD 98295",+1-284-544-0889x593,GB20FUBO56052699015230,full_coverage,3.9,1
CL000568,Lisa George,Male,67,married,Administrative Assistant,38216.25,762,PA,"30923 Atkinson Locks Suite 403, South Carlashire, DE 46798",302-773-2012x953,GB25AAJE31820682048109,comprehensive,7.7,0
CL000569,Walter Blankenship,Male,42,married,Consultant,25989.96,639,NY,"738 Ramos Views Suite 973, West Mariah, MA 84136",+1-853-681-5182x72382,GB78ESLD85255768815590,full_coverage,2.0,1
CL000570,Timothy Martinez,Male,73,married,Retired,66179.38,567,IL,"4876 Emma Junction Apt. 488, Brendaville, FM 93954",808-792-4464x03507,GB16LZLT35588108227754,full_coverage,3.9,1
CL000571,Russell Burton,Male,56,divorced,Accountant,67192.06,664,PA,"USNV Watson, FPO AE 48989",212-238-7249x3797,GB21PBWJ55948496741662,liability_only,4.7,0
CL000572,Justin French,Female,80,divorced,Accountant,35654.86,533,IL,"25593 Valenzuela Extension Suite 674, South Kevinberg, PW 20560",927.265.3145x1341,GB76BKJL58345595562168,full_coverage,0.8,0
CL000573,Mary Harris,Female,33,divorced,Police Officer,71120.91,717,IL,"668 Ann Tunnel Suite 049, North Wesleyton, LA 26836",371-955-7852,GB51SHHM86093160898885,full_coverage,6.1,1
CL000574,Allison Miller,Female,63,single,Nurse,68414.75,495,MI,"111 Randall Extensions, East Richardton, AZ 80597",001-533-939-6379x020,GB94QFUC88938447816766,full_coverage,1.0,1
CL000575,Stephen Gilmore,Female,63,single,Retail Worker,81622.71,670,OH,"348 Jacob Ferry, Grahamfort, KY 20017",001-864-540-4783x2796,GB04OTZU58187744992468,full_coverage,3.1,0
CL000576,Brandon Randolph,Male,66,single,Construction Worker,47004.6,779,IL,"953 Lisa Isle, Powellberg, ID 81116",802-869-0896x496,GB13VZQC18229232468722,full_coverage,7.2,0
CL000577,Courtney Clark,Male,55,married,Electrician,25861.61,519,FL,"61386 Gillespie Squares Suite 783, West Kristinmouth, OR 50969",+1-457-865-7868x00551,GB25UXPU64494363270561,comprehensive,3.7,1
CL000578,Jeffrey Lee,Male,51,single,Nurse,122726.73,696,CA,"00421 Ramos Motorway Apt. 520, West Christopher, OK 12649",001-585-705-6513,GB87RKBR14322987663279,full_coverage,3.2,0
CL000579,Amber Ramirez,Male,39,married,Accountant,41068.84,676,GA,"60891 Williams Lakes, East Carrie, NC 35532",(274)496-5990x527,GB81LTTN11435830407751,comprehensive,2.4,1
CL000580,Jeffrey Smith,Female,72,married,Police Officer,83854.96,674,OH,"68974 Lara Flats, Rodriguezmouth, IA 20816",3434192743,GB78NNNL60233616558062,full_coverage,0.4,0
CL000581,Gabriel Morgan,Female,66,married,Mechanic,76080.74,606,CA,"36702 Ramsey Creek, North Pamelastad, MH 98585",+1-368-870-6905x71121,GB13OWTG23539330548495,comprehensive,7.5,1
CL000582,Shelby Barnes,Male,52,single,Teacher,55057.66,737,NY,"9432 Jasmin Forks, East Josephfurt, TX 35243",(285)751-9020x41154,GB22DBTH34653363305754,liability_only,2.8,0
CL000583,Michael Brown,Female,78,single,Student,97996.13,654,MI,"64377 Danielle Drive Apt. 704, Brownburgh, MA 92744",001-892-383-3971x785,GB17OMTO50591739301055,full_coverage,5.5,0
CL000584,Leah Schroeder,Female,49,divorced,Freelancer,76795.35,730,NC,"633 Reed Harbor Apt. 106, East Jamieville, PA 04901",746-759-1166,GB92LVQM98864976776228,full_coverage,3.5,0
CL000585,Kimberly Wright,Female,75,widowed,Retired,51704.42,614,IL,"364 Johnson Rapids Suite 406, Janetport, VI 47024",(759)235-7076,GB92SIMF07856227192602,comprehensive,2.8,0
CL000586,Sandra Sandoval,Male,39,divorced,Teacher,119610.0,703,NY,"86801 Veronica Turnpike, South Mary, OR 85613",294-590-8170,GB40EPWM28058777701497,liability_only,7.6,0
CL000587,James Anderson,Female,33,single,Student,47738.69,796,FL,"USS Hart, FPO AA 85367",+1-396-446-0773x5956,GB69EBLD35639748925007,liability_only,3.3,0
CL000588,Jeff Burgess,Male,54,married,Manager,128741.95,649,NC,"735 Andrea Street Apt. 774, Acevedoport, NM 59631",+1-835-999-5843x835,GB19YDFL20193064691267,full_coverage,1.7,0
CL000589,Brandon Fisher,Female,62,single,Teacher,94476.52,758,CA,"53031 Kathy Neck, North Manuel, MO 70017",(887)453-3552,GB97BETV48747811282699,full_coverage,2.5,0
CL000590,Paul Martinez,Female,50,married,Retired,35385.73,540,FL,"29317 Dixon Isle, Port Johnview, TX 95032",550.355.7779x174,GB54EVJG45353811575092,liability_only,4.6,1
CL000591,Julia Williams,Female,64,married,Retail Worker,52035.93,655,NC,"369 Hayes Knoll, Lopezview, ID 26645",001-716-786-7088,GB15AMSY43944101042797,liability_only,2.6,0
CL000592,Corey Ramirez,Female,31,divorced,Retail Worker,44981.37,627,NC,"18188 Carr Road, East Susanshire, IA 48959",553.684.8111x570,GB12OLMB16426245546202,full_coverage,1.1,0
CL000593,Sandra Peterson,Female,79,single,Construction Worker,61357.56,714,MI,"223 Smith Villages Apt. 734, West Paul, PW 08635",+1-254-970-0603x981,GB09SYLD63521412022417,liability_only,2.8,0
CL000594,Austin Robertson,Male,79,single,Police Officer,70176.75,742,PA,"PSC 5641, Box 8541, APO AE 29118",+1-336-965-0285x91565,GB38UTDV57829052492219,liability_only,1.9,1
CL000595,Maria Garcia,Male,51,married,Retired,96356.71,671,IL,"141 Smith Corner Apt. 856, New David, PR 22574",(652)601-2017x40209,GB68NTQQ86659481827291,liability_only,3.5,0
CL000596,James Eaton,Female,30,single,Consultant,56788.98,824,GA,"5564 King Common, Smithside, AR 46371",247-201-2045x5611,GB12TFGS23126043260931,full_coverage,9.5,0
CL000597,Lawrence Garcia,Female,41,single,Sales Representative,35252.46,723,GA,"915 Laura Stravenue Apt. 801, East Bryanmouth, FM 18509",615.268.2342,GB29XEEX46267132025342,comprehensive,1.7,1
CL000598,Jeff Marsh,Female,66,single,Accountant,96959.2,713,CA,"0429 Denise Roads Suite 667, Brettside, UT 65933",721.307.5240x0330,GB70AWVZ97247254265416,comprehensive,3.9,0
CL000599,Mary Schmidt,Male,46,married,Retail Worker,120606.31,770,TX,"6398 Lyons Forges, Port Andreahaven, OK 25499",(732)978-6807x0423,GB53YUHC89959311699213,comprehensive,1.0,0
CL000600,Erik Mcdonald,Female,45,single,Accountant,98100.31,751,IL,"0164 Ellis Burgs Suite 436, Lake Daniellemouth, NH 34983",(735)776-8662x1380,GB59CTYI84542259551330,full_coverage,2.2,1
CL000601,Lisa Bell,Male,61,divorced,Software Engineer,100351.36,643,IL,"51109 Jimenez Junctions Apt. 363, Avilatown, PR 44433",001-904-917-3722x3426,GB03BWGV23812817189935,comprehensive,2.1,0
CL000602,Elizabeth Ramos,Female,19,widowed,Manager,47131.53,487,OH,"11275 Sanchez Walks Suite 311, Catherineborough, IA 14283",6882623065,GB79AHRD80364851002182,full_coverage,0.0,0
CL000603,Michael Johnson,Female,74,divorced,Accountant,50531.25,748,TX,"84616 Patel Row, East Katherine, LA 74933",+1-597-503-2043x474,GB73JJED06510046010413,liability_only,2.7,1
CL000604,George Cook,Other,74,divorced,Retail Worker,56948.37,706,OH,"07223 Henderson Wall Suite 217, Nortonland, VT 69016",001-598-998-7877x67751,GB68OVCE39818939720487,comprehensive,2.5,1
CL000605,Donald Wilson,Male,46,married,Warehouse Worker,22695.5,717,OH,"94746 Barbara Pike Apt. 797, Sherrystad, SD 05998",111-556-3646,GB06VMXE05449339271954,comprehensive,0.9,0
CL000606,Jason Black,Male,81,divorced,Truck Driver,125648.47,757,GA,"20715 Stephen Shoals Suite 205, Faithstad, VA 44616",001-435-444-0789x67788,GB68ZDYB07204094711246,comprehensive,1.6,0
CL000607,Jeremy Barnett,Female,28,single,Manager,110513.92,765,IL,"1048 Ortiz Common, Scottview, FL 57308",(944)370-4986,GB65DZAD87703325704430,liability_only,0.0,0
CL000608,Chad Larsen,Male,79,married,Consultant,47735.51,756,NY,"490 Danielle Centers Suite 381, Ramoshaven, OR 75659",(346)392-4704,GB43VGBC86432314565181,comprehensive,3.5,0
CL000609,Jacob Miller,Female,73,married,Warehouse Worker,40179.47,681,TX,"34374 Jessica Drives, Pamelafort, LA 04214",331-142-8063,GB23JHCZ67584252679679,full_coverage,5.1,0
CL000610,Cassandra Levine,Male,54,married,Chef,19642.63,693,FL,"673 Velasquez Points, Elizabethmouth, WI 56130",616-415-9994,GB10NZWC84553758268295,comprehensive,4.0,1
CL000611,Brian York,Other,36,single,Accountant,116994.63,747,NC,"23235 Watkins Views Suite 803, Nancyburgh, NY 68379",9505750781,GB20LIZZ42524777744496,comprehensive,0.7,0
CL000612,Kevin Johnson,Male,45,single,Retired,33476.0,647,IL,"60698 Peter Plains, Martinezmouth, MN 48343",277.393.8546,GB26EDAI07254539601609,liability_only,1.0,0
CL000613,Lisa Andersen,Female,38,single,Chef,85841.86,710,OH,"0792 Farley Lake Apt. 743, Lake Phillipton, IL 17762",(903)794-3988x442,GB81EVHN17949645495957,comprehensive,3.0,0
CL000614,Sherri Thompson,Female,59,married,Software Engineer,39889.09,547,GA,"2775 Owen Stream Suite 169, New Kelly, CT 10995",+1-688-839-2053x021,GB70IPSM95450090255905,comprehensive,4.4,0
CL000615,Molly Snyder,Female,57,married,Nurse,33636.99,615,NC,"1832 Sarah Harbors, East Jasonborough, MO 87750",(276)617-6404,GB79XMKV51128638110502,full_coverage,0.8,0
CL000616,Regina Patel,Male,29,widowed,Administrative Assistant,92918.92,753,NC,"4595 Laura Pine, South Kimberly, MH 55551",474.923.9354x3373,GB75QGTN92151002607721,full_coverage,2.9,0
CL000617,Steven Sims,Female,67,single,Nurse,103377.32,659,NY,"USCGC Huber, FPO AP 87858",(253)571-5573x1052,GB24CROH09507933773129,comprehensive,3.8,1
CL000618,Corey Potts,Male,55,married,Mechanic,173204.23,748,GA,"USNV Holmes, FPO AE 21460",+1-475-490-8268x00907,GB72ARUU71218945239596,liability_only,4.8,0
CL000619,Bonnie Clark,Female,47,single,Administrative Assistant,38541.77,629,NC,"1757 James Flat Apt. 888, Port Ryantown, FM 79800",817-950-2413x0078,GB72ULQW75585095914504,full_coverage,4.2,0
CL000620,Susan Thompson,Female,53,single,Truck Driver,78842.79,724,OH,"462 Thompson Meadow Suite 181, Katieberg, AZ 40932",984.850.4621,GB07IVGJ93941667407886,liability_only,2.2,2
CL000621,Nancy Hancock,Female,37,divorced,Chef,35028.63,527,NY,"46001 Matthew Flat Apt. 306, Simmonston, WV 73361",807-416-6555,GB17ZAVX17667347764329,full_coverage,0.1,0
CL000622,John Lawrence,Male,23,single,Police Officer,92586.1,673,CA,"756 Valerie Square, Port Brendan, WI 29412",331-142-5596,GB23JHCZ67584252679679,comprehensive,6.1,0
CL000623,Kevin Mueller,Male,63,married,Freelancer,31273.5,760,GA,"8369 Heidi Ford Apt. 341, Port Dana, MA 86253",929.985.6849,GB67AXPZ06007461433700,full_coverage,8.0,1
CL000624,Morgan Miller,Female,46,married,Student,149726.77,648,CA,"4368 Miller Stream Suite 387, Lopezland, PW 47396",674.905.4586x6182,GB88JCIF78531419887263,full_coverage,0.3,1
CL000625,Melissa Jackson,Male,78,divorced,Accountant,84676.44,732,MI,"39982 Lee Turnpike, North Stevenville, IL 18669",+1-904-848-4567x71541,GB04MAJK68939116457677,liability_only,6.8,1
CL000626,Jennifer Watson,Female,32,married,Warehouse Worker,33859.22,586,IL,"6476 Anna Crossroad Apt. 852, Collinsmouth, HI 09755",950.449.9887x8298,GB92OLJX42206185069298,full_coverage,11.4,2
CL000627,Michael Brewer,Other,47,divorced,Sales Representative,99616.36,591,PA,"06724 Valencia Meadows Apt. 903, Port Michelle, KS 32898",3313839330,GB69DZQI06548855875524,full_coverage,0.9,0
CL000628,Keith Garcia,Female,31,divorced,Truck Driver,65381.38,718,OH,"9745 Zimmerman Pike, West Charles, NV 75457",+1-838-871-3556,GB38HVGZ89586417825601,full_coverage,1.3,0
CL000629,Nicole Kaiser,Male,81,divorced,Business Owner,99101.9,841,IL,"46947 Padilla Extension Apt. 684, South Alicia, MN 15826",397.236.7990x1027,GB94VZTK20387212151904,full_coverage,3.4,1
CL000630,Monique Reyes,Male,42,single,Warehouse Worker,63894.14,636,PA,"2201 Rogers Lodge Apt. 393, Benjaminberg, LA 25222",001-726-725-3814x0307,GB52TYQJ14202484350745,full_coverage,4.6,1
CL000631,Troy Burke,Female,42,married,Accountant,74468.41,579,NC,"80999 Johnson Greens, Adamborough, CO 03653",+1-907-571-8235x327,GB65PNLK47617275735548,full_coverage,9.2,1
CL000632,Donna Pace,Male,22,married,Business Owner,44891.1,843,GA,"6153 Lauren Ports Apt. 942, Zimmermanberg, CA 45818",4139433906,GB72TXRT58247733912990,full_coverage,2.0,0
CL000633,Thomas Barker,Male,71,married,Business Owner,79296.74,751,PA,"9395 Murray Corners Suite 211, Shepardburgh, HI 04904",001-565-891-0044x364,GB70IJIG29691422007227,comprehensive,3.1,0
CL000634,Jonathan Flores,Female,28,single,Chef,46601.79,756,FL,"878 Barnett Coves, New Sabrinaborough, ND 98884",(830)900-9006x325,GB19OKJM58617284703446,liability_only,7.0,0
CL000635,Connie Joseph,Female,28,married,Administrative Assistant,58040.02,584,PA,"806 Christopher Meadow, Port Steven, AR 34600",487.982.9310,GB44NKFD32833898881671,full_coverage,4.1,1
CL000636,Heather Mccormick,Male,27,single,Freelancer,129623.96,724,TX,"415 Goodman Street Apt. 517, Troymouth, WV 09411",251.276.9659x59656,GB73ZUYH37522964842109,full_coverage,5.8,0
CL000637,Wesley Anderson,Male,57,single,Business Owner,47540.93,813,OH,"5795 Shawn Curve Apt. 766, West Chadberg, NE 40725",902.497.0813,GB43FSRE10935243922950,liability_only,3.9,1
CL000638,William Estrada,Male,37,single,Nurse,53030.55,583,OH,"46001 Matthew Flat Apt. 306, Simmonston, WV 73361",807-416-1570,GB17ZAVX17667347764329,full_coverage,2.1,1
CL000639,Eric Hoffman,Other,45,single,Business Owner,16373.48,647,CA,"943 Wagner Wells, Rebeccatown, NC 43358",492-756-2972x66923,GB87OXFP34689270472334,liability_only,0.6,0
CL000640,Sheri Spence,Male,55,married,Freelancer,41962.88,692,NY,"765 Chavez Springs, Whitechester, MH 26999",001-788-379-2449x4039,GB28RUPN28335056110707,comprehensive,4.7,0
CL000641,Barbara Riley,Male,60,married,Business Owner,38734.29,664,MI,"9123 Sheppard Rapids Apt. 980, Port Emilyburgh, GA 04145",463-518-5200,GB68SDLE31336314098212,liability_only,3.3,2
CL000642,Mr. Bryan Larson,Female,24,married,Software Engineer,72336.66,683,FL,"12959 Priscilla Gardens, Lake Kerrifort, SC 42470",(690)600-1917x6532,GB25QHIG87151547469117,comprehensive,4.0,0
CL000643,Amy Baldwin,Female,40,single,Manager,90751.11,640,NC,"72820 Brown Road, Lake Vickie, VA 68615",3838491232,GB97VVAA59324183252762,liability_only,20.6,0
CL000644,Matthew Williams,Male,59,single,Freelancer,89443.13,808,FL,"16795 Martin Summit, East Pamela, NM 89581",9118678116,GB86XETA25153864267302,liability_only,3.4,2
CL000645,Lucas Evans,Male,77,married,Warehouse Worker,68853.19,705,PA,"04053 Charlene Harbors Apt. 050, Morrismouth, AL 69656",685-828-4677x037,GB49OTPB08307644058355,full_coverage,9.7,0
CL000646,Aimee Jimenez,Female,28,married,Electrician,47585.84,779,NC,"9732 Annette Crest, East Alex, CT 12296",001-221-734-0636x80199,GB54AFJB65117471170648,liability_only,0.6,0
CL000647,Robert Gonzales,Female,67,married,Police Officer,45370.68,655,NC,"12407 Kyle Hills Apt. 388, New Bryanville, CT 99206",656-876-7761x952,GB17XADP09217645177022,full_coverage,0.6,0
CL000648,Kristen King,Female,20,single,Electrician,47216.72,641,IL,"Unit 3478 Box 2772, DPO AA 25351",001-520-795-9284x8987,GB07WQPF72993357024093,full_coverage,3.5,0
CL000649,Jennifer Henderson,Male,73,married,Business Owner,47927.09,633,CA,"4844 Erica Gateway Apt. 565, Lake John, CA 72993",001-286-876-2273x5334,GB80UFBD66334014215634,liability_only,1.5,1
CL000650,Victoria Thompson,Female,54,married,Warehouse Worker,88763.69,800,NY,"2886 Olivia Fields, Stephenport, KY 35411",(751)643-4421x117,GB77SIJS57421884246381,comprehensive,0.6,0
CL000651,Angela Hanson,Female,27,divorced,Retail Worker,32382.15,674,OH,"7924 Roberts Radial Suite 247, West Jason, PW 81997",+1-387-659-1530x075,GB12LUCZ83479230578245,liability_only,3.4,0
CL000652,Yolanda Johnson,Female,79,married,Mechanic,53521.01,756,NC,"6437 Case Inlet, Lake Brandon, GU 83822",246-806-6961,GB58ZTUN37491218790650,comprehensive,14.5,0
CL000653,Samuel Adams,Female,72,divorced,Construction Worker,54710.74,631,IL,"12502 Christopher Cape, West Kathleenburgh, PW 63493",(489)286-8321,GB37RMCI98425079669978,full_coverage,2.1,1
CL000654,Carla Huynh,Female,68,widowed,Business Owner,63270.78,603,NC,"44246 Darlene Fork Suite 238, Jonesstad, OR 48763",(885)599-4757,GB76YPWY98293055779798,liability_only,5.1,1
CL000655,Christine Wallace,Male,38,married,Police Officer,135882.6,693,TX,"44713 French Road, South Danny, IN 85387",914-477-0538x33884,GB32VSVE42806589175260,full_coverage,2.4,0
CL000656,Eric Garrett,Male,36,married,Software Engineer,38850.21,700,FL,"481 Smith Harbors, New Brian, IA 45196",(702)685-8696x60963,GB07VOMA75121018426226,liability_only,5.6,0
CL000657,Matthew Melendez,Female,56,single,Accountant,126708.27,676,PA,"5940 Mcgrath Rest, West Richard, IA 44589",(843)777-9507,GB13YYKO37485251225846,full_coverage,0.5,0
CL000658,Kevin Bowman,Female,34,single,Chef,59258.49,781,GA,"2279 Christine Port Suite 523, Crawfordshire, OK 81314",2202385407,GB79RIYC59124269575385,full_coverage,4.7,0
CL000659,Willie Lowe,Female,31,married,Business Owner,31305.96,722,CA,"3529 Butler Inlet Apt. 620, Brianstad, FL 03439",(933)446-1189x7873,GB93QFUM59338041917160,full_coverage,2.8,0
CL000660,Christina Clayton PhD,Male,49,married,Software Engineer,41495.17,645,IL,"4184 Robert Unions Suite 020, North Jeffrey, PW 73026",+1-802-910-9367,GB07OZOO36576455459034,comprehensive,6.8,0
CL000661,Kathy Austin,Male,20,single,Software Engineer,42798.6,635,PA,"51102 Weber Ports Suite 533, New Christineberg, ID 91091",731.235.1485,GB41OAEM40626067415144,comprehensive,6.1,0
CL000662,Karen Moore,Female,78,married,Retired,126585.49,849,FL,"USCGC Haley, FPO AP 32572",001-742-979-7302x9406,GB47FLFV02358937712582,full_coverage,1.6,1
CL000663,Kiara Miranda,Female,27,married,Business Owner,40507.36,658,PA,"949 Lynn Lights, Colleenland, WA 93151",001-294-256-4464x523,GB61ICLF42867855470189,comprehensive,2.8,2
CL000664,John Watts,Male,42,divorced,Mechanic,200364.4,850,CA,"467 Kaitlyn Ridges, South Tracy, WV 84607",802-280-0417x70734,GB83VHDN13407992164575,full_coverage,3.1,1
CL000665,Katherine Roberts,Female,59,single,Warehouse Worker,75781.31,776,OH,"86785 Susan Springs, South Rebeccafurt, NC 67097",355-871-5566,GB72NRSJ09363646059551,full_coverage,4.9,0
CL000666,Audrey Knox,Female,50,married,Mechanic,29062.4,691,NY,"3224 Velazquez Pass Apt. 569, Jonesberg, CO 19548",+1-869-574-8697x8487,GB69CSNH05270436922591,full_coverage,1.2,0
CL000667,Casey Smith,Male,44,single,Sales Representative,41776.96,620,MI,"6901 Myers Coves Apt. 986, South Wendy, SD 02726",855.936.0622x30635,GB87GUXL77569429841040,comprehensive,8.4,0
CL000668,Michelle Robinson,Female,66,married,Nurse,84059.04,761,NC,"03248 Jenna Hollow Suite 352, Port Matthew, MT 11099",788-820-3806,GB28EVCR53111281779036,full_coverage,3.3,1
CL000669,James Long,Female,47,single,Retail Worker,104196.04,664,NY,"2813 Robert Vista Suite 984, Alejandroborough, TX 64901",+1-302-594-0375x353,GB53EWIX52756719503056,full_coverage,0.7,0
CL000670,Kristi Bryant,Female,38,single,Sales Representative,61939.16,650,TX,"2494 Vincent Estate Apt. 882, Lake Charlesville, KY 77453",977.864.9136x165,GB38LEQF26195490294849,liability_only,0.9,0
CL000671,Cheryl Phelps,Female,69,married,Electrician,74782.01,850,MI,"0477 Michael Lane Suite 296, Port Christinebury, VT 10135",(201)827-9611x4351,GB36MPUW64921518260688,full_coverage,0.2,0
CL000672,Natalie Flores,Female,50,single,Police Officer,39320.58,727,FL,"1388 Cooper Junctions Apt. 091, Brookefurt, WA 58644",432.939.5936x01941,GB36ANMD85360878072020,liability_only,1.4,0
CL000673,Stephanie House,Female,62,married,Police Officer,65695.63,614,PA,"20996 Phelps Meadow, South Frank, AK 26629",+1-373-244-8365x6707,GB80LMVK74396770546739,comprehensive,1.2,0
CL000674,James Swanson,Male,18,divorced,Freelancer,30987.78,707,GA,"6887 Jennifer Causeway Suite 886, North Melissamouth, IL 12889",851-386-2517,GB67TCSW84772697071080,full_coverage,0.2,0
CL000675,Tracy Schaefer,Male,48,single,Warehouse Worker,40244.16,732,TX,"6734 Campbell Vista Suite 939, New Cassandraville, IL 14566",001-485-396-7183,GB68GALJ28425111903594,comprehensive,4.0,0
CL000676,Alexis Carter,Female,40,married,Manager,52516.26,726,TX,"25979 Jessica Forks Apt. 388, Sheltonmouth, MS 56888",2625895134,GB20STPR38744308183632,full_coverage,1.3,1
CL000677,Laura Harris,Male,25,married,Consultant,40488.86,731,MI,"026 Allen Expressway Apt. 715, Anitaside, MD 15865",931.917.8605,GB12MOPC92889203028757,full_coverage,1.5,0
CL000678,Hunter Weber,Male,68,married,Business Owner,106130.37,819,NC,"PSC 3036, Box 0677, APO AP 63700",792-949-7265,GB57CGMJ96745145375257,full_coverage,3.7,0
CL000679,Valerie Phillips,Female,45,single,Consultant,68450.7,722,PA,"2699 Jasmine Via, Stacyville, GU 15209",267-733-8515x76467,GB09BVNY80983831934650,liability_only,1.1,0
CL000680,John Hicks,Female,75,married,Teacher,153205.03,667,NY,"456 Hailey Walk, Port Amber, FL 32510",495-824-5705x1557,GB23GRRA32427161862869,comprehensive,2.7,0
CL000681,Tina King,Male,77,single,Student,42882.02,659,FL,"70385 Harrison Throughway, Goodwinburgh, MT 69524",393-419-2294,GB16WHEQ06253941854554,full_coverage,2.0,0
CL000682,Joshua Martin,Male,35,married,Truck Driver,58558.16,697,GA,"40035 Walker Flats, New Edward, NJ 25507",849-404-7986x57168,GB30CGEY50862868564347,comprehensive,14.7,1
CL000683,Michael Warren,Male,55,single,Manager,68201.84,596,IL,"94383 Ali Locks Suite 881, Goodmanton, MS 98800",432-804-3354,GB35JWMB52330276420865,liability_only,0.6,1
CL000684,Kimberly Clark,Female,51,married,Freelancer,30073.23,737,CA,"728 Foster Wells Apt. 631, Harristown, PR 73129",660-217-2628x0336,GB90QZJZ74911634303101,liability_only,0.7,0
CL000685,David Bennett,Female,20,widowed,Manager,36088.88,805,PA,"455 Jones Terrace, New Cynthiamouth, RI 50093",(829)351-1084,GB43BMXY60026046901749,full_coverage,1.8,3
CL000686,Christina Calderon,Female,72,married,Consultant,53958.15,607,TX,"44106 Sims Plains Suite 573, North Russell, AR 23792",+1-242-938-9354x40711,GB08YFTQ50230506671485,full_coverage,4.6,1
CL000687,Daniel Gonzalez,Male,37,married,Mechanic,65046.35,810,IL,"7955 Moss Circles, New Samantha, VI 72905",001-424-292-2028x815,GB14QSVL21768012696250,full_coverage,1.2,0
CL000688,Olivia Woods,Male,75,married,Truck Driver,71376.99,635,GA,"9139 Allen Gateway, West Brandon, WV 22571",949.862.3838x4403,GB26PSUE53756130015975,liability_only,3.5,0
CL000689,Donna Jenkins,Male,75,single,Accountant,91480.37,696,FL,"835 Luna Viaduct, East Curtis, KS 26357",4273937145,GB82CUXI35989262566093,comprehensive,1.5,1
CL000690,Carl Banks,Female,35,single,Retail Worker,149702.38,719,GA,"0487 Matthew Burgs, Davidberg, PW 28210",572.310.9074x447,GB47WCPD74003456884865,full_coverage,1.9,0
CL000691,Katelyn Clark,Male,69,married,Police Officer,54548.41,686,CA,"666 Scott Forges Suite 604, Bakerberg, AL 73682",480-736-8938,GB24EZRV94043935160269,liability_only,3.0,0
CL000692,Erin Mccann,Male,73,single,Student,63286.54,618,CA,"8480 Elizabeth Courts Suite 367, South Leslieview, MP 85373",+1-513-553-7642,GB91AGTY53952608853298,comprehensive,0.9,2
CL000693,Sheryl Roberts,Female,68,divorced,Student,71672.99,839,OH,"49974 Good Groves, Harrismouth, PR 61215",3496909678,GB73LZMK97739610340573,full_coverage,0.4,0
CL000694,Jennifer Mckee,Female,76,married,Administrative Assistant,70579.65,802,TX,"80417 Patterson Route, Pamelaton, NJ 94009",(318)887-7169,GB64KQOF36341104857867,liability_only,1.0,0
CL000695,Ashley Thomas,Female,47,married,Sales Representative,22343.58,606,OH,"281 Mary Radial Apt. 278, Rhondaburgh, KS 76188",+1-991-596-0841x58553,GB24BWZI37631855967071,full_coverage,0.2,0
CL000696,Marcus Scott,Male,29,single,Student,27330.55,681,PA,"4000 Johnson Mills, Robertberg, IA 16627",8644079729,GB76FXRQ54273449799251,liability_only,15.9,0
CL000697,Maria Carlson,Male,74,married,Software Engineer,22820.76,748,NY,"5475 Huff Squares Apt. 710, Jacobshire, WA 91708",(759)506-7718,GB76WMAY17430402560041,full_coverage,6.1,1
CL000698,Brett Fleming,Female,62,married,Student,45433.38,708,OH,"28749 Solis Gardens, East Blakechester, SD 36648",001-842-972-9904x38817,GB42MEFO02543163915846,comprehensive,0.2,0
CL000699,John Rogers,Female,30,divorced,Warehouse Worker,56053.37,615,CA,"80981 Sanchez Meadows Suite 203, Brookeville, MT 40768",240.897.3122,GB06XMSM74930919249034,comprehensive,2.3,1
CL000700,Christopher Burch,Male,64,single,Truck Driver,65049.25,600,MI,"8058 John Path, West Shawnburgh, DE 29805",(378)286-4555x2615,GB02OAXL57052950868744,full_coverage,5.0,1
CL000701,Raymond Cooper,Male,73,married,Police Officer,63793.73,715,NC,"522 Justin Village, Hortonberg, WV 92977",948-790-6120x3471,GB13LBWD91792025213109,liability_only,2.7,0
CL000702,Lauren Rosales,Female,22,divorced,Chef,33571.06,612,IL,"258 Carlson Well Suite 356, North Patrickburgh, MA 87730",(615)717-9751x937,GB98GCFO34458019762134,full_coverage,3.7,0
CL000703,Brandon Ramirez,Male,21,married,Retail Worker,137301.01,737,OH,"65322 Melanie Turnpike Suite 708, North Danielhaven, UT 14675",(697)519-8840,GB74OYZJ81268179300805,liability_only,0.2,0
CL000704,Renee Franklin,Female,72,divorced,Administrative Assistant,125910.06,702,MI,"140 Jay Station, West Virginiaside, MP 97635",205-463-5869,GB73DYHC16694602124676,comprehensive,0.2,1
CL000705,Brianna Wilson,Female,37,married,Teacher,19448.98,756,MI,"836 Brett Viaduct Suite 988, Brendamouth, PA 10311",(660)892-0331,GB15LNVL71665781304995,full_coverage,6.3,1
CL000706,Elizabeth Ho,Female,34,single,Electrician,128826.59,670,OH,"1645 Allison Divide Suite 322, North Thomas, FL 36049",001-987-664-1261x3955,GB62KRMD80583934083544,full_coverage,2.7,0
CL000707,Megan Wells,Male,54,single,Business Owner,53392.96,627,OH,"206 Watson Ridge, East Mitchell, PW 78869",(527)662-2368x31275,GB18DRGT95578022801771,full_coverage,0.7,0
CL000708,Alyssa Anderson,Other,45,married,Construction Worker,60945.35,566,OH,"69447 Kimberly Shores, West Cody, FM 84719",239-810-3231x8667,GB60NUPX47720110408384,full_coverage,4.3,0
CL000709,John Grant,Female,25,married,Retired,139478.37,701,PA,"877 Floyd Terrace, Dawnborough, VI 98408",922-953-9392x2425,GB86OYFO74575021885211,comprehensive,11.1,0
CL000710,Diane Parker,Male,25,married,Truck Driver,56559.97,631,TX,"Unit 3638 Box 3968, DPO AA 71544",942.904.7598x35894,GB89BMSW39285320254616,full_coverage,1.7,0
CL000711,Michele Wells,Male,33,single,Construction Worker,120623.02,653,NC,"107 James Rapid Apt. 869, Villaland, MI 16652",250-339-3097,GB92YUKZ92118572350194,full_coverage,2.7,1
CL000712,Johnny Duncan,Male,77,married,Nurse,93170.87,678,FL,"965 Cannon Port, Sheltonshire, CO 93299",882.820.0810x0142,GB76TBMF51575951490967,full_coverage,3.8,0
CL000713,Michael Lambert,Male,73,divorced,Retired,51644.22,765,MI,"45872 Moore Extensions, Hodgeport, FM 94964",001-396-965-2948x305,GB37DSOE51234335367577,full_coverage,1.7,1
CL000714,Mr. Steven Buchanan Jr.,Female,35,single,Nurse,67575.82,561,OH,"94746 Barbara Pike Apt. 797, Sherrystad, SD 05998",001-982-599-7968x845,GB22AHJM07791570814843,full_coverage,1.1,1
CL000715,Patricia Patel,Other,73,single,Accountant,55324.38,710,GA,"10497 Jonathan Mountains, Jonesburgh, VI 67348",8618990746,GB24TYPV47217124356683,full_coverage,4.6,0
CL000716,Nancy Robinson,Male,39,divorced,Administrative Assistant,51477.23,774,NY,"9525 Patel Stream, Burnsmouth, VA 01879",881.307.2839x4764,GB33FVMC49936319627564,liability_only,0.5,0
CL000717,Kevin Gill,Male,72,single,Accountant,60169.18,655,CA,"956 Robinson Brook, Lake Phillipfurt, FL 93694",905-216-4078,GB75JQDC35373965272959,full_coverage,3.8,1
CL000718,Jenna Murray,Other,58,single,Manager,52571.91,749,OH,"4899 Thomas Falls Suite 991, Kellyside, HI 63187",8025933132,GB17PINA21368841577129,full_coverage,2.4,2
CL000719,Kelsey Thompson DDS,Male,73,married,Software Engineer,122546.94,660,TX,"1765 Grant Estate Apt. 355, Lake Amy, OH 64758",+1-906-930-2282x93352,GB13DLXG59647268474645,full_coverage,8.0,0
CL000720,Jesse Hernandez,Male,75,married,Mechanic,99691.42,647,PA,"18508 Sarah Neck, Richardport, GU 46457",001-905-981-0580x10886,GB88ZIIP61937886636465,liability_only,0.2,0
CL000721,Daniel Evans,Female,65,married,Teacher,45543.24,630,PA,"963 Stephanie Ports Apt. 262, New Sarastad, AL 24266",274.738.7345,GB89FDTJ05047260979629,liability_only,0.1,2
CL000722,Henry Matthews,Male,81,married,Electrician,35652.78,602,TX,"0985 Catherine Course Suite 473, Grahamborough, RI 58332",+1-588-358-7489x5571,GB05ZUTR44496163952574,comprehensive,0.1,1
CL000723,John Young,Male,33,divorced,Consultant,22326.29,769,PA,"38487 Wood Via, Port Mercedesland, OH 99585",001-487-455-7983,GB64TBUY00590545173658,full_coverage,0.1,0
CL000724,Andrew Daniel,Male,23,married,Electrician,41048.56,754,GA,"4246 Michele Streets, Garciaberg, ID 80463",730.965.3353,GB17KSVR09628219608787,full_coverage,1.0,1
CL000725,Erika Ruiz,Male,21,married,Manager,59210.91,713,TX,"737 Wright Radial, Bryantshire, SD 68064",001-236-266-0979x7855,GB10VUJI50729629010793,full_coverage,1.1,1
CL000726,Melissa Hernandez,Female,24,married,Electrician,59159.56,597,OH,"038 Thomas Fields Suite 728, Mathisport, WI 50551",840-054-9282,GB48QVQJ07553805365972,comprehensive,0.8,0
CL000727,Daniel Harvey,Female,30,divorced,Sales Representative,71993.4,718,PA,"051 Melissa Lodge Suite 721, New Daniel, MS 72264",987.402.7853,GB18DJXS24137173063908,liability_only,0.9,0
CL000728,Daniel Russell,Male,38,single,Accountant,28205.61,736,GA,"8167 James Locks, Rogerschester, AZ 52810",975.959.5735x4105,GB65VELA40258988108558,full_coverage,1.1,0
CL000729,Daniel Washington,Male,24,single,Construction Worker,57683.67,630,GA,"2080 Keith Crescent Apt. 415, Port Stevenport, OR 32573",766-708-1611,GB30UMNC34047500045840,full_coverage,2.0,0
CL000730,Kristen Taylor,Female,53,single,Sales Representative,74537.51,822,NY,"9906 Lawson Inlet, West Samuel, MI 97376",001-480-636-3836x472,GB94LKYQ17083351424496,comprehensive,0.9,0
CL000731,David Lawson,Female,54,married,Retail Worker,42827.97,710,TX,"5398 Joshua Well, Simpsonburgh, MP 41943",940-596-1709,GB21CPAS81668813038469,full_coverage,0.6,0
CL000732,Christopher Davis,Male,53,married,Business Owner,35361.94,656,CA,"5466 Mike Fort Apt. 253, Rodriguezmouth, MO 78292",500-662-4480,GB90DOHU31571604261447,comprehensive,0.7,1
CL000733,Jason Johnson,Female,36,divorced,Consultant,36146.13,720,PA,"2644 Fleming Parkway, New Rebecca, MT 97302",+1-945-841-9137x804,GB74EATG83739652427607,full_coverage,3.6,0
CL000734,Michael Collins,Male,39,single,Sales Representative,30826.38,591,MI,"26135 Justin Islands Suite 561, East Lisa, NE 94856",(213)784-1551,GB67IEUL27505688084820,liability_only,0.5,0
CL000735,John Hernandez,Female,55,divorced,Nurse,84867.89,600,NC,"29378 Jessica Gateway Apt. 672, Wrightberg, FM 54165",(377)667-4695,GB47YMRO74929449931367,full_coverage,6.1,1
CL000736,Stephen Moore,Male,35,married,Retail Worker,61850.49,652,NC,"8490 Hall Run Suite 783, North James, MO 16680",001-531-577-9053x403,GB40GDUK18016648023628,full_coverage,2.7,0
CL000737,Bryan Harper,Female,21,single,Consultant,48042.82,662,TX,"11543 Stephens Court Suite 734, Port Lonnieland, AK 88810",(460)886-2365x0460,GB02UFZE47892251826135,full_coverage,17.2,0
CL000738,Jason Brown,Female,24,married,Sales Representative,107865.25,639,PA,"57997 Ralph Station, North Annefort, SD 46876",(868)366-5083,GB35YMRZ21407373087143,full_coverage,2.5,0
CL000739,Chloe Smith,Female,48,married,Construction Worker,181502.41,664,OH,"302 Willie Gateway Apt. 242, East Michaelfort, CA 63004",+1-424-374-8579x8889,GB46HFOH81522932297254,full_coverage,1.9,0
CL000740,Edward Lambert,Male,77,single,Accountant,58262.88,837,MI,"765 Chavez Springs, Whitechester, MH 26999",836-525-3489,GB29KRHR75007709903172,liability_only,3.6,0
CL000741,Shawn Leon,Female,48,single,Manager,92246.61,729,NY,"3331 Nunez Prairie, Bakerville, AR 11431",860-219-3352x0622,GB67VSGC64266331614082,full_coverage,2.8,1
CL000742,Adam Alvarez,Female,67,divorced,Truck Driver,52585.46,553,GA,"945 Morse Glen, West Kathrynshire, MN 04281",+1-719-400-5673,GB86ZNHL95176352413022,comprehensive,2.4,0
CL000743,Valerie Logan,Male,64,widowed,Student,80815.35,631,NC,"66560 Kenneth Expressway, West Nicole, NV 58670",914-990-5717x5322,GB29WZVY52615878989168,full_coverage,1.0,1
CL000744,Annette Arellano,Female,43,married,Consultant,44712.45,656,CA,"14241 Kelly Valley, Virginiaport, MT 58120",213.871.7419,GB60MTKJ50857034011761,full_coverage,11.6,0
CL000745,James Clark,Female,20,divorced,Retired,91035.97,814,TX,"27383 Elizabeth Pike, South Franciscobury, MD 62121",001-365-764-0019,GB27JEYM07824116434241,full_coverage,3.2,1
CL000746,Dawn Lutz,Female,47,married,Manager,35068.68,648,IL,"662 Browning Pines Apt. 230, Klineport, DC 97801",716-384-6038,GB44UWKT23466521746453,liability_only,0.1,0
CL000747,Cynthia Potts,Male,59,widowed,Construction Worker,79024.51,586,MI,"506 Kimberly Rue Suite 113, Bairdville, IN 84630",+1-746-931-0789x07869,GB66XMBD88304154474733,full_coverage,4.8,0
CL000748,Daniel Odom,Female,54,married,Mechanic,32396.08,719,IL,"69701 Shaw Lake Apt. 531, Roblesmouth, AR 33808",8939701185,GB84IUAX95290550957928,full_coverage,0.5,1
CL000749,Derek Blair,Male,33,divorced,Chef,50267.5,519,MI,"0164 Ellis Burgs Suite 436, Lake Daniellemouth, NH 34983",001-362-378-9088x0683,GB50EVDO95928223312567,liability_only,9.3,0
CL000750,Mr. Roger Erickson II,Female,29,single,Electrician,60334.67,657,OH,"62714 Jake Turnpike Apt. 773, East Leslie, NM 30978",001-974-521-4209x420,GB78PIDL87199425059253,full_coverage,5.8,1
CL000751,Stephanie Roman,Male,19,single,Accountant,119353.27,529,IL,"8779 Randall Skyway Apt. 737, Shawnbury, NC 95090",+1-516-512-9213x5111,GB07BDAP53502469484123,liability_only,0.7,0
CL000752,Nicholas White,Female,48,single,Chef,47005.45,771,PA,"738 Tanner Wall, Brownshire, ME 27659",001-513-970-8587,GB76TFDH16822608099371,comprehensive,5.7,0
CL000753,Marcus Jones,Male,37,married,Student,58363.62,850,GA,"9883 James Route Suite 738, North Jeffreyborough, NV 08522",+1-249-746-2455x40770,GB65HLKU88234811808293,full_coverage,0.3,0
CL000754,Erica Shaffer,Female,35,married,Manager,66170.02,657,TX,"7982 Robertson Street Suite 371, Ronaldport, CT 42591",230.870.6667,GB14GYHC19161195530937,liability_only,7.0,0
CL000755,Brian Lee,Female,23,divorced,Retired,35219.7,752,NC,"7917 Kim Forge, Armstrongborough, AK 54786",489-220-0458,GB61PEZD62474246847325,liability_only,2.6,1
CL000756,Tammy Brown,Male,42,widowed,Retail Worker,89771.98,650,PA,"99053 Roman Mill Apt. 207, Lake Jessica, RI 45797",380-401-4242,GB71TWOY51811698173748,full_coverage,3.3,0
CL000757,Mary Barnes,Male,40,married,Sales Representative,80380.07,600,NY,"92016 Lindsey Rapid Apt. 001, West Michelle, CO 40244",6586067091,GB77NLJQ40000400464549,full_coverage,3.5,0
CL000758,Joseph Clark,Female,48,married,Accountant,60561.28,664,CA,"2560 Holder Plaza Apt. 466, West Scott, AR 11400",380.479.5118,GB52VDZM52508159590431,liability_only,8.2,1
CL000759,Alex Parrish,Male,63,divorced,Freelancer,39660.2,696,NC,"USS Parsons, FPO AA 09827",+1-964-877-6310x3231,GB55PBFL46168444696458,comprehensive,1.8,1
CL000760,Olivia King,Female,32,divorced,Business Owner,77666.23,542,FL,"81137 Joseph Summit, Katrinaburgh, WI 76296",659.814.4894x009,GB77KYRI63924887807376,full_coverage,0.6,0
CL000761,Megan Woods,Male,49,divorced,Police Officer,78621.63,850,NC,"78053 Gates Keys Apt. 918, Martinezberg, PR 71047",432-804-3197,GB23SDTG52642599317697,full_coverage,0.3,0
CL000762,Sarah Schmidt,Male,39,married,Sales Representative,44270.41,575,TX,"9105 Gross Forest Suite 704, Kristenfort, NJ 15047",605-677-0250x155,GB78TJBU99857525637448,full_coverage,2.3,0
CL000763,George Rogers,Female,49,single,Teacher,117884.9,508,NC,"6335 Mata Alley Suite 095, Port Alejandro, NV 21544",672.482.7695x8870,GB47XUNM03669802764482,comprehensive,7.2,1
CL000764,Patricia Rivers,Female,18,married,Teacher,50901.68,528,GA,"50079 Pham Meadows Suite 377, Beckerview, DC 36964",216.949.1916x3695,GB46ZFKT25016915697807,comprehensive,1.3,0
CL000765,Brenda Brown,Female,37,married,Administrative Assistant,32582.25,758,MI,"133 Summers Prairie, East Jasonfort, ME 30870",(269)324-9418,GB66WMVS59911294640311,liability_only,0.5,0
CL000766,Kristen Holder,Female,52,married,Business Owner,39090.22,701,OH,"USCGC Lee, FPO AE 20809",001-273-214-5303x85677,GB43PCHT15596363212347,full_coverage,3.0,0
CL000767,Deborah Melendez,Male,56,single,Software Engineer,57996.54,761,OH,"20339 Victoria Rapids, Riggschester, SD 76478",623-894-3837x542,GB47HPXP34850302772179,full_coverage,4.6,0
CL000768,Benjamin Moore,Male,30,married,Manager,101777.69,745,PA,"3267 Joshua Ville Suite 837, South Stephanie, VT 60973",001-479-938-8949x12867,GB41PIPZ86910407629696,full_coverage,1.3,0
CL000769,Ruben Campbell,Female,62,single,Software Engineer,48410.25,708,FL,"18020 Smith Club Apt. 719, East Brookeview, IA 90740",670.826.5781,GB75HZLK01935311015845,liability_only,0.5,1
CL000770,Ryan Best,Female,43,married,Warehouse Worker,34189.36,601,GA,"0017 Bradley Course, Wardtown, AS 65993",902.217.3733,GB80CADV49262189224006,liability_only,5.2,0
CL000771,Joseph Cook,Female,65,married,Accountant,63976.05,613,TX,"37098 Herman Forges Apt. 746, East Brandonton, ME 65070",+1-280-692-0242x8699,GB22FARK07698640790569,full_coverage,2.8,0
CL000772,Linda House,Female,43,single,Retired,70143.43,669,NY,"94383 Ali Locks Suite 881, Goodmanton, MS 98800",001-531-619-5960x2769,GB47CFBD35157011314916,full_coverage,2.6,0
CL000773,Caroline Collins,Male,23,widowed,Freelancer,38152.39,594,CA,"9486 Kimberly Trace, Morganview, FM 14380",001-782-277-1148x8160,GB91CSPV55708267865044,full_coverage,3.3,2
CL000774,Anna Evans,Male,71,single,Chef,96138.91,745,TX,"Unit 2942 Box 6708, DPO AP 08442",001-650-915-1378x626,GB03BJEI16981420768170,full_coverage,1.4,1
CL000775,Joseph Winters,Male,70,single,Chef,48103.4,665,CA,"723 Myers Street Apt. 054, Port Stephenland, MD 05450",2762017518,GB22OPRI28455761867706,liability_only,5.1,1
CL000776,Carlos Davis,Female,71,married,Freelancer,79349.32,699,NY,"349 Jonathon Branch, North Michael, NV 23662",001-359-478-3367x4089,GB93VYBL99447698801225,full_coverage,3.9,0
CL000777,Rebecca Brown,Female,45,married,Student,64680.23,608,NY,"8291 Kyle Stravenue Suite 866, East Teresaland, NV 61558",(861)311-7800,GB44VZEM62015720185962,comprehensive,12.2,0
CL000778,Brendan Smith,Female,71,married,Business Owner,38757.87,670,NC,"57016 Jennifer Street, Higginsmouth, AR 30186",(859)859-1516x761,GB15ESMZ58636025368732,liability_only,0.6,0
CL000779,Lisa Thompson,Female,45,married,Nurse,32582.55,547,NY,"80694 Cheyenne Points Suite 387, Port Maryborough, SC 38185",600-506-6584,GB32WYZZ93004603560897,comprehensive,0.4,1
CL000780,Janet Cunningham,Female,59,single,Manager,123608.0,807,MI,"5904 Mcdonald Ridge, Lake Mariamouth, WA 73173",204.470.2789,GB58ONIL13005019857547,liability_only,2.1,0
CL000781,Joshua Hampton,Female,81,single,Retired,70858.41,693,MI,"4062 Walter Tunnel, South Frankmouth, IN 24589",3525851550,GB87KFIO11788750513918,liability_only,0.6,0
CL000782,Anita Johnson,Female,24,married,Warehouse Worker,35234.8,679,IL,"20074 Tiffany Street Suite 156, East Leah, FL 62474",(292)468-9947x38793,GB08VLFG90605636071241,comprehensive,7.1,0
CL000783,Daniel Bruce,Male,61,single,Truck Driver,33167.42,646,NC,"581 Patricia Loaf, Mollychester, ME 27706",(753)314-5945x68150,GB54JMWH18798976330230,comprehensive,4.6,0
CL000784,Robert Clark,Female,43,widowed,Mechanic,39479.75,655,GA,"96025 Cheryl Station, South Allen, AL 03679",001-243-486-6684x70726,GB02OKPX89663680537380,full_coverage,0.4,0
CL000785,Patricia Cherry,Female,53,married,Manager,38564.59,681,CA,"922 Kirby Port, Port Michelleland, AZ 84577",977-933-2945x6255,GB46KSGD10919392845679,full_coverage,2.9,1
CL000786,Colton Dickerson,Male,77,married,Business Owner,62737.86,757,IL,"99824 Porter Roads, Coxhaven, UT 52428",(410)398-6367,GB51NRSM00668812790425,full_coverage,7.1,0
CL000787,Michael Bennett,Male,54,married,Business Owner,74681.89,795,FL,"8179 Eric Heights, Lake Cherylmouth, PA 58548",2317080834,GB84XIIQ78904833465867,liability_only,6.2,0
CL000788,Madison Hughes,Female,28,single,Mechanic,28918.16,596,GA,"80666 Brown Route, Reidport, IN 84432",7875803782,GB71ODEN88704155781373,liability_only,0.8,1
CL000789,Diane Jackson,Female,43,single,Teacher,72127.16,493,MI,"Unit 7562 Box 4799, DPO AA 95214",933-817-8273x059,GB60NEBQ40784640157746,comprehensive,3.0,1
CL000790,Brenda Greene,Female,50,married,Business Owner,70795.16,646,OH,"5255 Hernandez Isle Suite 672, New Catherine, NH 21736",(767)694-0601,GB36DHQF73868833923898,liability_only,3.4,0
CL000791,Christopher Lucas,Male,71,single,Administrative Assistant,41387.38,645,IL,"96610 Michael Landing Suite 480, Jamesland, VT 40531",001-892-862-7350x60012,GB60JMUB96149091009166,full_coverage,2.0,0
CL000792,Maxwell Salas,Female,70,married,Nurse,53076.42,577,FL,"300 Thomas Path Suite 627, Michelleburgh, AS 01057",+1-452-325-8987x3073,GB23NMLY69107086117134,liability_only,4.9,2
CL000793,Charles Johnson,Female,28,single,Nurse,68262.7,773,MI,"76591 Jerry Ways, Nelsonland, TX 37250",487.982.9310,GB64PITI65398402891416,full_coverage,1.5,1
CL000794,Derrick Hernandez,Male,61,single,Mechanic,56367.61,734,NY,"3494 Morgan Meadows Suite 053, Victorfort, TX 35023",516-902-8595,GB33KLTU87592041552823,full_coverage,2.1,0
CL000795,Scott Ross,Male,76,single,Retired,59521.34,723,TX,"Unit 5518 Box 8442, DPO AP 93504",(692)412-4471x7465,GB12WYHL79786305050573,liability_only,3.3,0
CL000796,Monica Smith,Male,72,married,Mechanic,47270.42,675,CA,"774 Schneider Heights, East Kimberly, FL 78245",001-445-678-6740x477,GB41UUYM49728341906710,comprehensive,6.0,1
CL000797,Kenneth Hansen,Female,70,single,Administrative Assistant,26796.05,682,TX,"829 Cameron Roads, Davidberg, NY 17100",(758)959-7024x89105,GB61SSSC58434565123434,comprehensive,3.8,0
CL000798,Mitchell Mcdonald,Female,46,married,Business Owner,37747.88,735,OH,"3139 Bishop Highway, West Sarah, ND 98741",+1-345-490-7312x8211,GB49MJUE18154478893770,liability_only,3.2,0
CL000799,Mr. Alfred Johnson,Female,55,married,Accountant,15000.0,823,NC,"626 Jacob Lodge, West Jennifer, VI 26998",(265)672-0798,GB70XPBP89379877523999,full_coverage,1.7,1
CL000800,Ruben Price,Female,21,married,Mechanic,98318.81,850,GA,"4419 Tina Lake Suite 928, South Lindsey, WA 79759",4169515995,GB63JOZR71553331793134,full_coverage,18.3,0
CL000801,Erin Reyes,Female,31,married,Business Owner,63312.73,581,OH,"176 Mccoy Divide Apt. 000, South Allison, ME 87390",+1-295-887-0051x253,GB64GDTW05376932879274,full_coverage,3.6,0
CL000802,Rebecca Hampton,Male,60,married,Mechanic,32533.96,842,IL,"3115 Elizabeth Trace Apt. 872, South Markborough, VA 13218",444-694-1996x4596,GB58VGRI09277157368507,full_coverage,2.1,3
CL000803,Michael Huang,Male,31,married,Police Officer,40525.64,579,IL,"103 Denise Mews, Andersontown, NJ 47048",001-814-845-6619,GB46XOVM01504340102655,full_coverage,15.9,1
CL000804,Michael Murray,Female,35,married,Manager,94211.42,598,IL,"7329 Castillo Hollow Apt. 050, Stonetown, WY 99108",001-823-330-9462x1470,GB57MKHO30534289078162,comprehensive,0.7,0
CL000805,Amy Johnston,Female,73,married,Administrative Assistant,49866.66,482,MI,"0710 Sanders Locks, East Ryanmouth, AR 43972",001-804-511-7977,GB39DTSJ67099608749612,liability_only,1.9,0
CL000806,Scott Dixon,Male,50,single,Sales Representative,75561.82,688,NY,"847 Atkinson Plains Apt. 437, Christyhaven, WA 51843",+1-262-974-8230,GB52CKIP59501336721156,comprehensive,0.4,0
CL000807,Nicholas Rasmussen,Male,22,married,Manager,79108.22,763,NC,"912 Phillip Underpass Suite 852, New William, NY 05777",+1-543-825-6216,GB12UXHQ90309143639102,comprehensive,2.8,0
CL000808,Joseph Escobar,Female,80,married,Truck Driver,49339.63,786,PA,"4913 Miller Turnpike Suite 094, Lake Lisa, IL 87095",359-363-7813,GB49LDQX13690047904644,full_coverage,3.5,0
CL000809,Amy Reed,Female,36,divorced,Software Engineer,59326.4,684,MI,"1939 Velez Park, Port Jacquelineland, RI 90374",(268)890-0986,GB43QCJJ16661177294206,full_coverage,0.9,0
CL000810,Julie Hawkins,Male,68,married,Retired,81350.5,794,FL,"240 Dean Neck Suite 957, West Yolanda, AZ 30709",7318518617,GB30FYEV49476419495832,full_coverage,0.1,0
CL000811,Angela Armstrong MD,Male,29,divorced,Retail Worker,43965.95,796,MI,"34922 Calhoun Oval Suite 085, Melissaburgh, NE 66843",(439)355-4344,GB44HQUA11557694151398,full_coverage,3.0,1
CL000812,Heidi Richardson,Male,78,married,Nurse,67592.93,741,IL,"44510 Burgess Extensions, South Amanda, IN 66071",913.263.6317,GB81ULUT55184269450053,full_coverage,2.2,1
CL000813,Brooke Mcconnell,Female,77,married,Warehouse Worker,35787.93,796,CA,"397 David Island, Port Luis, TX 94527",724.934.2139,GB65ZSNK62807335006455,full_coverage,0.5,0
CL000814,Amanda Barry,Female,72,married,Electrician,24420.58,812,NC,"407 April Ferry, Jessicahaven, NV 98608",(993)570-6258,GB50MAQB55822623167501,full_coverage,0.5,0
CL000815,Craig Taylor,Male,23,single,Chef,114949.43,606,GA,"USS Mcneil, FPO AE 39919",001-914-977-5688x63713,GB75AQAZ53828981223965,comprehensive,2.3,0
CL000816,Paul Kirk,Female,47,married,Chef,53062.68,717,FL,"4451 Connie Lights Apt. 220, Port Juan, MT 34106",+1-242-899-6138x07186,GB15SSZU39945106838292,liability_only,1.0,0
CL000817,Charles Perkins,Male,56,single,Chef,165399.67,826,PA,"Unit 6042 Box 7857, DPO AE 98831",8364305695,GB47KUBV96941235288899,liability_only,0.8,1
CL000818,Samantha Byrd,Male,59,single,Truck Driver,43070.77,673,GA,"USCGC Farmer, FPO AP 09491",207-514-9236,GB39YNQA85884443721326,full_coverage,4.2,0
CL000819,Michelle Snyder,Male,70,single,Warehouse Worker,115433.11,717,NC,"83191 Laurie Fort Suite 309, Hudsonfort, MA 49757",342.518.1801x87472,GB49DDFM59746030231217,liability_only,4.6,0
CL000820,Jo Potter,Male,30,single,Consultant,22884.86,625,TX,"765 Chavez Springs, Whitechester, MH 26999",836-525-5615,GB28RUPN28335056110707,full_coverage,8.5,0
CL000821,Michael Melton,Female,45,married,Teacher,23028.64,680,PA,"881 Amanda Ridge Apt. 063, Port Josefurt, MI 17578",226.218.9109x531,GB25COTV25136223801370,liability_only,0.0,0
CL000822,Samuel Delgado,Male,74,divorced,Warehouse Worker,49555.71,663,FL,"401 Price Loaf, Port Janetfurt, AZ 61505",727.520.4509x8063,GB42HGLA16262510494617,full_coverage,1.3,0
CL000823,Shawn Cox,Female,20,married,Truck Driver,54810.35,581,TX,"33209 Ramos Centers Apt. 407, Clarenceborough, MA 74827",+1-966-653-3903x6385,GB39GHTD95800084162675,liability_only,0.3,0
CL000824,Micheal Jordan,Male,66,divorced,Administrative Assistant,37178.05,650,CA,"910 Eric River Apt. 147, Tuckermouth, MT 36305",224-493-2149x587,GB58OUWD61768802942409,liability_only,1.0,0
CL000825,Bryan Myers,Female,42,single,Business Owner,92623.93,702,NY,"94558 Price Summit, Dawnton, CT 66299",790-323-2016,GB70TQRT06091750751926,liability_only,3.2,1
CL000826,Julia Walters,Female,33,married,Truck Driver,34643.09,609,CA,"1622 Frey Street Suite 568, Muellerburgh, AL 19137",5486710365,GB48PMYJ14427197453145,full_coverage,1.4,0
CL000827,Heather Krueger,Male,33,single,Nurse,42341.47,619,PA,"USS Thomas, FPO AP 02921",(595)847-3564x27294,GB61UCBZ90982450814647,liability_only,1.3,0
CL000828,Russell Barnes,Female,23,married,Teacher,41100.77,686,TX,"0602 Michael Isle, Rebeccaborough, TN 86801",234-717-6228,GB85JCPL40163790584828,full_coverage,6.2,0
CL000829,Cole Harris,Male,48,married,Retail Worker,60103.61,583,CA,"108 Laurie Manors Suite 612, Port Maryfurt, LA 51155",667-764-7856x250,GB43BXVC43999257099286,liability_only,0.8,0
CL000830,Charles Cooper,Female,69,widowed,Student,107374.97,569,TX,"302 Willie Gateway Apt. 242, East Michaelfort, CA 63004",791-581-9805x28390,GB76ANPH08303884016776,comprehensive,1.7,1
CL000831,Melissa Pitts,Male,43,single,Construction Worker,183508.76,600,NC,"050 Ibarra Prairie, Johnsonstad, NM 38936",001-545-640-6914x38767,GB07HDYW55676959792962,comprehensive,3.8,1
CL000832,Cristina Baldwin,Male,59,single,Student,38230.17,725,PA,"70391 Mark Lodge Suite 141, West James, MH 59264",(383)329-8768x1605,GB04PZAF42363743738013,full_coverage,0.5,0
CL000833,Kelly Baker,Female,80,single,Mechanic,68615.3,665,IL,"7168 Robert Circles, Lake Yolandamouth, MS 22858",6733478735,GB62IKLZ64731168859266,full_coverage,1.0,0
CL000834,Mark Smith,Other,78,married,Nurse,23425.53,591,PA,"83014 Wells Street Apt. 656, New Alyssaton, FM 89344",418-890-2446x288,GB47CFBD35157011314916,comprehensive,8.5,0
CL000835,Thomas Hines,Male,24,single,Business Owner,38747.64,548,PA,"045 Debra Alley, West Ashley, SD 11105",(547)564-9273x8681,GB79XPUE27818155392588,liability_only,0.8,1
CL000836,Timothy Davis,Female,40,single,Chef,26850.23,567,NC,"0338 Jones Stream, Malonemouth, MO 02249",(687)349-0726,GB68AKWA39167812883793,comprehensive,7.6,0
CL000837,Kimberly Bullock,Male,48,single,Sales Representative,55300.84,710,MI,"227 Joshua Ports, Johnmouth, IA 55779",001-882-332-0724,GB73VCKN23067801946701,liability_only,0.5,1
CL000838,William Allison,Male,56,single,Business Owner,116166.5,755,FL,"4712 Vanessa Flats, Andersonside, NV 40814",956.823.7886x17327,GB45AWNY39513689906574,liability_only,1.6,0
CL000839,Jason Dunn,Male,28,divorced,Truck Driver,110561.68,750,PA,"3375 Norman Wall Suite 535, Chavezfort, FM 69258",(592)994-5836x188,GB37JJRS23960424450256,full_coverage,0.9,0
CL000840,Antonio Martinez MD,Male,36,married,Truck Driver,87459.01,690,MI,"881 Blake Stream Apt. 376, Port Evan, LA 00835",880.243.7412,GB02QXMK51086199707839,comprehensive,5.9,1
CL000841,Meghan Young,Male,61,divorced,Retail Worker,27285.33,585,FL,"75942 Winters Circles, Brooksstad, MN 42357",248.763.2810x7056,GB02KPGQ41096006616153,full_coverage,0.2,0
CL000842,Mrs. Jennifer Ballard,Male,57,married,Police Officer,48458.06,850,OH,"569 Park Course Apt. 433, Delacruzmouth, MA 60554",554-460-6834x26053,GB70UJTW96966081875880,full_coverage,2.8,2
CL000843,Dylan Smith,Male,53,married,Manager,72445.16,621,FL,"8745 Devin Summit, Martinezshire, FM 32106",390.422.9309x443,GB49CZGI55799900725668,comprehensive,10.2,1
CL000844,Dr. Anthony Davidson,Female,34,married,Warehouse Worker,32805.53,727,MI,"USNV Griffin, FPO AP 26464",815.910.4136x777,GB87TLZS32249673719675,liability_only,1.0,0
CL000845,Jesse Holden,Female,45,single,Teacher,69903.61,706,IL,"454 Sandra Plain, Rachelborough, OH 97070",826.897.6941x36674,GB49TAQY78639141835909,liability_only,0.5,1
CL000846,Anthony Campbell,Female,73,divorced,Retired,47663.78,729,IL,"2707 Michael Groves Suite 278, Brownmouth, KS 60802",+1-628-874-0751x9391,GB25ZAHO82803568991085,liability_only,5.4,2
CL000847,Karen Smith,Female,25,single,Sales Representative,32751.0,735,CA,"13993 Tracie Lock Suite 974, Olsenland, WV 63310",001-571-886-2667x86163,GB14GZRD30326249864094,full_coverage,7.2,0
CL000848,Jacob Bryan,Male,57,widowed,Sales Representative,56242.14,676,NY,"28749 Solis Gardens, East Blakechester, SD 36648",574-705-7574,GB90ITKC92798990816686,comprehensive,0.8,1
CL000849,Chelsea Floyd,Male,50,widowed,Warehouse Worker,78413.05,621,GA,"688 Stephens Turnpike Suite 891, Port Johnstad, GA 85304",745.918.4894x76973,GB48WNQS31350305872105,full_coverage,2.5,0
CL000850,Robert Smith,Female,52,single,Chef,39559.39,495,IL,"7584 Steven Path, Cherryland, SD 23380",379.633.3356x9420,GB43IZKO66162950641031,full_coverage,4.3,1
CL000851,Amy Curtis,Male,77,married,Nurse,43578.76,701,NC,"26523 Walters Meadow Suite 546, East Lorettaton, IN 71495",467-326-4401x989,GB89JVGK35425628607813,liability_only,1.8,1
CL000852,Yvonne Campbell,Male,23,divorced,Sales Representative,91400.74,660,NC,"34074 Wesley Street Suite 058, Lake Jorge, WV 45821",+1-754-965-1206x90611,GB94GUOE53031584643944,full_coverage,0.9,1
CL000853,Olivia Payne,Female,30,married,Nurse,95459.81,634,NY,"009 Kimberly Street Apt. 195, South Annbury, AL 45362",+1-739-700-3432x92620,GB21YWLW56284975657833,liability_only,1.7,0
CL000854,Lindsey Mejia,Female,47,divorced,Freelancer,55487.26,689,FL,"518 Gill Plaza, Schmidtburgh, WY 69883",5952728397,GB65VCRT86598460745625,full_coverage,0.2,0
CL000855,Jamie Mcdonald,Female,31,married,Truck Driver,66749.56,522,GA,"594 Rodney Port Apt. 785, Lake Timothy, OH 55253",2986020752,GB89VTOD85017437264425,comprehensive,2.0,1
CL000856,Edward Bauer,Male,78,single,Consultant,41467.31,666,NC,"73197 Regina Shoal Apt. 112, Port Jamesfurt, NM 24068",+1-916-394-2616x664,GB28APWS35275652083130,liability_only,1.8,0
CL000857,Angela Hughes,Female,54,single,Consultant,95414.81,817,NY,"15290 Mary Park, Chadfurt, FM 49987",001-843-908-6042x831,GB70EGEJ64471060606737,comprehensive,1.9,0
CL000858,Kelsey Mcclure,Female,70,married,Accountant,71964.28,749,TX,"81007 Linda Burg Suite 798, Lake Danielville, NH 08490",001-256-547-6585x7579,GB34ZXHM75947910999937,liability_only,0.5,0
CL000859,Kimberly Castaneda,Male,72,single,Chef,60497.67,804,NC,"80453 Joseph Forest, West Cherylside, HI 03914",500.802.6755x475,GB72ZJZW16382511723035,full_coverage,1.4,0
CL000860,Ann Solis,Male,56,single,Accountant,45773.8,728,IL,"30804 Amanda Spurs Suite 112, Wayneport, ME 92525",406.957.7211,GB23DWMQ10981766352152,full_coverage,0.0,0
CL000861,Karen Clayton,Female,54,divorced,Accountant,48190.0,576,CA,"70686 Hill Street, Craigfort, FM 31332",(494)768-9537x425,GB07OOMR99773951660323,full_coverage,0.9,0
CL000862,Nancy Johnson,Male,53,married,Accountant,23416.24,679,TX,"94383 Ali Locks Suite 881, Goodmanton, MS 98800",432-804-7269,GB81UUTW53384162906288,comprehensive,6.0,1
CL000863,Nathan Daniel,Female,50,married,Teacher,68120.78,695,GA,"98051 Jose Flats, Lisaborough, MT 33226",368-808-7793x47244,GB38OMED87430964742932,full_coverage,2.0,0
CL000864,David Turner,Male,21,married,Retired,55614.95,675,NY,"516 Ann Radial, New Larryview, NC 20733",(927)873-3125x8128,GB48MHIA41974476522469,liability_only,4.8,1
CL000865,Robert Bentley,Female,72,married,Warehouse Worker,108512.39,659,MI,"75171 Nathan Shoals, Lake Angela, MD 34651",+1-870-850-0574x5807,GB09JROQ41383127607833,liability_only,1.5,0
CL000866,Dustin Thompson,Female,56,married,Construction Worker,64067.76,693,CA,"PSC 2452, Box 4881, APO AA 02528",+1-335-334-1765x46141,GB72BUDJ73912983584480,liability_only,5.2,1
CL000867,Brandy Wells,Female,51,single,Nurse,66627.82,680,MI,"25619 Sarah Gateway, Littleville, LA 47597",039-574-5138,GB52TZDR08121352478712,full_coverage,2.3,2
CL000868,Jeremy Burns,Female,18,widowed,Accountant,51435.52,747,PA,"8539 Marissa Court Suite 447, Alexishaven, AL 86617",608.392.2906,GB61TTYM58402937645265,full_coverage,7.0,0
CL000869,Tracy Warren,Male,43,married,Accountant,28498.93,633,GA,"USNS Pierce, FPO AA 42476",(226)200-8059x80188,GB44WHAA53782868722030,full_coverage,6.0,0
CL000870,Antonio Trevino,Female,41,married,Electrician,29691.54,684,IL,"223 Gray Rue Suite 215, Cesarland, OR 74072",6704272929,GB48VRNG58349263898749,comprehensive,2.0,0
CL000871,Lee Brown,Male,77,divorced,Software Engineer,23216.67,579,PA,"55885 Bruce Drive, West Ricardo, IL 85388",491.861.9055x87530,GB78CIXS90941679520279,full_coverage,7.3,1
CL000872,Katie Fleming,Male,58,single,Police Officer,107026.06,702,NC,"94746 Barbara Pike Apt. 797, Sherrystad, SD 05998",111-556-6436,GB22AHJM07791570814843,liability_only,1.5,2
CL000873,Lisa Rivera,Female,40,married,Student,73158.47,642,TX,"107 James Rapid Apt. 869, Villaland, MI 16652",250-339-7588,GB03DSZA21287809280414,full_coverage,0.5,0
CL000874,Amber Mcmillan,Male,36,widowed,Administrative Assistant,55382.98,582,OH,"724 Washington Mount Suite 308, West Scott, TN 70833",+1-209-610-0634x741,GB30YEBV22305975733682,full_coverage,4.7,0
CL000875,Sarah Gray,Male,76,widowed,Mechanic,127151.11,702,FL,"USNV Luna, FPO AA 18691",486-885-6850x66487,GB69JQPD30002554645334,full_coverage,9.6,2
CL000876,Jordan Taylor,Male,61,married,Accountant,60583.34,850,MI,"7041 Watson Isle Suite 337, South Carriemouth, SD 14382",781-796-1387,GB07KSIF29813324199771,liability_only,7.4,2
CL000877,Aaron Rodriguez,Female,49,single,Freelancer,37116.04,713,TX,"743 Williams Greens Apt. 985, South Cory, KS 29776",+1-569-847-4934x76889,GB91CMUX18776458084319,full_coverage,1.3,0
CL000878,Evan Swanson,Male,23,married,Nurse,34992.45,806,IL,"PSC 7900, Box 5312, APO AA 03101",(957)840-2845x958,GB20SKLS12681307837318,full_coverage,3.8,0
CL000879,Dana Perkins,Female,75,married,Administrative Assistant,51941.68,622,PA,"644 Young Junction Apt. 507, New Carolynview, SC 73039",655-471-1627x4351,GB26PSUE53756130015975,comprehensive,1.9,0
CL000880,Sarah Hughes,Male,43,single,Teacher,41297.03,614,TX,"34602 Waller Fords Apt. 564, Lake Richardburgh, OR 72234",+1-470-525-2151x43517,GB31VMQL04485260235472,full_coverage,12.2,1
CL000881,Dawn Snow,Male,72,married,Teacher,76638.16,674,FL,"PSC 5306, Box 1139, APO AE 01060",958-292-7523x408,GB92YLNR33555638598182,liability_only,0.5,1
CL000882,Sonya Salazar,Male,40,married,Retired,46732.61,850,CA,"698 Bradley Key Suite 733, South Cindyberg, MO 83032",(209)740-4475x0175,GB33NVML58990658697223,full_coverage,2.3,1
CL000883,Christopher King,Male,46,divorced,Business Owner,104730.31,727,IL,"19106 Massey Courts Apt. 635, Port Emilyland, PR 39982",001-820-328-6122x328,GB46IAWY24542249224302,full_coverage,0.3,0
CL000884,Carlos Park,Male,31,single,Student,75957.93,700,PA,"27892 Joseph Freeway, Bryanshire, MP 64504",001-313-953-2956,GB74NFSI84676408977953,full_coverage,3.4,1
CL000885,Taylor Smith,Male,38,single,Consultant,35745.35,651,IL,"90633 Brown Oval Apt. 156, Francoburgh, MT 09526",936.529.2459x8977,GB13RXXF43821462922228,comprehensive,0.8,0
CL000886,Christina Le,Female,59,widowed,Manager,83196.69,694,CA,"23590 Thomas Springs Apt. 940, West Kevinburgh, ME 44854",(529)524-5670,GB24WULB46293374153583,full_coverage,3.1,0
CL000887,Joseph Romero,Male,79,single,Warehouse Worker,45456.16,716,OH,"28749 Solis Gardens, East Blakechester, SD 36648",574-705-4676,GB03QWFL72323007086186,liability_only,2.2,1
CL000888,Elizabeth Petersen,Male,53,single,Electrician,15962.74,708,CA,"7529 Joseph Gateway Suite 650, Duncanberg, NH 87085",7257254110,GB14XNFU41266768094059,liability_only,0.8,0
CL000889,John Wright,Male,81,married,Administrative Assistant,33296.98,759,NY,"45320 Flores Vista Apt. 261, Vanessaport, VI 08189",001-737-815-2431x091,GB91RHUA95312252649747,full_coverage,0.2,0
CL000890,Amy Gonzales,Female,60,single,Construction Worker,28389.36,689,TX,"4286 Benjamin Shoals Apt. 781, Lake Chadton, CT 18222",648-205-6942x1187,GB54AIIS10072314920499,full_coverage,2.7,0
CL000891,Micheal Perry,Male,74,married,Construction Worker,57796.05,663,IL,"99861 Hernandez Port Apt. 191, Mikaylastad, FM 54357",438-863-3839,GB37VEEM94053967275784,comprehensive,0.5,0
CL000892,Derek Anderson,Female,34,married,Retail Worker,63250.01,609,NC,"644 Young Junction Apt. 507, New Carolynview, SC 73039",+1-350-666-0675,GB26PSUE53756130015975,full_coverage,3.0,1
CL000893,Richard Fernandez,Male,35,married,Student,62201.97,755,TX,"11627 Jonathan Terrace Suite 934, North Philipchester, MD 01866",+1-447-425-5310x7371,GB26AOEK08452408860969,liability_only,2.7,0
CL000894,Ralph Hall,Male,65,married,Software Engineer,86811.06,566,IL,"09993 Marissa Ramp, Port Janetview, WI 08223",4994812971,GB17QQOJ15949254345026,full_coverage,0.8,1
CL000895,Matthew Mendoza,Male,21,married,Administrative Assistant,93265.56,707,CA,"91878 Miller Port, North Mariahaven, ID 75566",001-912-384-7818x913,GB10EYAW81155626060290,full_coverage,0.2,0
CL000896,Michelle Garrett,Female,32,single,Business Owner,71136.12,659,IL,"8110 Jones Trafficway Apt. 927, Port Joseph, AK 96960",(277)479-8367x78107,GB10IBQT35133157920823,comprehensive,0.3,0
CL000897,Janice Poole,Female,43,single,Retail Worker,67298.67,674,CA,"17295 Erin Light, Brownside, PW 55351",001-261-410-8403,GB67VUVP67360863339950,comprehensive,2.1,0
CL000898,Michael Day,Female,19,married,Business Owner,61152.71,742,IL,"550 Deborah Junction, Lake Charleneside, IL 06143",(692)350-9805x56441,GB14EIGN16050299907619,liability_only,1.2,0
CL000899,Mark Rodriguez,Male,73,married,Accountant,38879.72,532,TX,"PSC 4983, Box 6784, APO AP 02381",921.877.4911,GB39OKLA04375315752295,full_coverage,6.6,0
CL000900,Joshua Morrow,Male,69,single,Teacher,72888.2,782,GA,"036 Carter Meadow, Jeffersonfurt, NJ 48633",451.953.4743,GB52AQDF07800378101032,comprehensive,1.5,0
CL000901,Abigail Hernandez,Female,41,single,Chef,49112.54,759,FL,"3622 Foster Street Apt. 796, Smithborough, IL 36984",976-944-7264x9082,GB51RDCG90438303419909,full_coverage,0.2,0
CL000902,Terry Hess,Male,33,married,Administrative Assistant,113543.74,557,IL,"757 Wilson Locks, Millertown, NM 52437",444-490-4394x616,GB49WFOW72610540260284,comprehensive,2.2,0
CL000903,Jennifer Le,Male,37,married,Freelancer,77741.96,629,MI,"895 Weaver Valley, Leachshire, MH 28972",297.445.3918,GB87HRJR76144433736090,liability_only,2.8,0
CL000904,Jessica Walker,Male,24,married,Freelancer,45909.15,675,PA,"6318 Desiree Falls Apt. 024, Lake Tony, WY 45313",(834)961-5121,GB21MXAQ96010665897824,full_coverage,1.7,0
CL000905,Jacob Fisher,Female,21,single,Sales Representative,37276.52,480,FL,"540 Bowen Road, Andrewbury, FM 75770",+1-263-383-4669,GB29IJTQ60296532831530,comprehensive,8.0,0
CL000906,John Burke,Male,30,married,Electrician,124839.02,771,IL,"Unit 9048 Box 7860, DPO AE 47544",4836345129,GB44LIYC83378814742507,full_coverage,3.8,0
CL000907,Elizabeth Fox,Female,65,married,Freelancer,93746.6,723,FL,"37098 Herman Forges Apt. 746, East Brandonton, ME 65070",(444)220-9494x079,GB03ZSNB44327018510679,full_coverage,2.8,0
CL000908,Robert Larson,Female,76,divorced,Retail Worker,57636.29,734,IL,"078 West Way, Matthewton, WI 42555",557.860.3673,GB29CIFI74151632956614,full_coverage,4.2,1
CL000909,Patricia Pope,Female,36,married,Consultant,108331.44,592,OH,"0576 Mcneil Turnpike, South Tammie, DC 66337",+1-809-973-3977,GB93ZLTF66108573278814,full_coverage,0.2,1
CL000910,Michael Delgado,Female,29,single,Consultant,69500.64,764,OH,"78275 Wells Circle Suite 146, North Travisview, WI 11769",+1-764-800-0925x683,GB70EOQH87776540234714,comprehensive,1.4,0
CL000911,Stephen Hayes,Male,49,married,Sales Representative,47197.11,745,FL,"94746 Barbara Pike Apt. 797, Sherrystad, SD 05998",(945)740-3498x939,GB22AHJM07791570814843,full_coverage,7.1,0
CL000912,Shawn Hale,Male,65,married,Retired,115335.18,612,TX,"512 Rice Stream, Port Adam, AK 39608",976-944-7264x9082,GB44GJFH42583230241026,full_coverage,1.1,1
CL000913,Veronica Zimmerman,Female,70,single,Chef,172861.62,751,TX,"Unit 1876 Box 9270, DPO AA 31957",485.928.7158x34430,GB22WHRK44240294804688,full_coverage,0.8,0
CL000914,Nathaniel Burton,Male,38,divorced,Electrician,81535.28,723,GA,"763 Hurley Extensions, Martinmouth, AS 61495",315-778-7378,GB42NDMF17367138731403,full_coverage,4.3,2
CL000915,Laura Bridges,Female,72,single,Consultant,68515.71,695,CA,"24241 Wright Landing Apt. 064, South Diana, VT 12976",572-626-9848x5833,GB61NKYL28993160875243,liability_only,2.6,0
CL000916,Jason Hampton,Female,58,married,Construction Worker,77516.63,725,NY,"6988 Mendoza Lock, Lake Charles, DC 24114",379-822-4768x6707,GB58OCUI89579257852352,full_coverage,2.3,0
CL000917,Amy Bright,Male,59,divorced,Administrative Assistant,47553.02,594,OH,"1373 Peterson Crossroad, Timothyville, CA 45833",982-221-8195x17190,GB10NOPU69313164538336,full_coverage,3.4,2
CL000918,Candace Morris,Other,34,married,Warehouse Worker,38217.23,718,NC,"3321 Craig Junction, Helenmouth, MD 78588",249-599-5977,GB41DWZP05682583201435,full_coverage,1.4,0
CL000919,James Rocha,Female,74,married,Business Owner,51201.1,850,CA,"9883 Mason Freeway Suite 444, North Dorothyborough, WV 17840",(473)392-0604x29429,GB14CTFI74350697820993,liability_only,2.6,0
CL000920,Brandy Wilson,Other,70,single,Administrative Assistant,87257.4,731,CA,"82998 Briana View, North Migueltown, WI 87856",001-559-254-7616x80680,GB76JXAA54680131433605,liability_only,1.0,1
CL000921,Craig Garcia PhD,Female,78,single,Chef,39658.19,820,OH,"9599 Becky Trace Suite 919, Kirbyton, PA 09212",264.717.6592,GB56SJRU36090168011536,full_coverage,1.1,0
CL000922,James Clark,Male,67,married,Construction Worker,27193.58,612,NC,"497 David Alley, Johnsonville, MN 26249",230-653-2562x48888,GB43TPBI64855516932405,full_coverage,4.5,2
CL000923,Margaret Hayes,Male,27,single,Truck Driver,131911.61,725,FL,"19353 Courtney Freeway Apt. 667, Mcdanielstad, FL 10004",458.768.0439x42900,GB68YZRU57839803703773,liability_only,2.3,0
CL000924,Brittany Richardson,Female,25,divorced,Police Officer,34745.15,635,FL,"485 Heather Motorway Suite 878, Port Jacobtown, VA 78164",(914)205-0181x361,GB63ABIQ54123481094525,liability_only,1.2,0
CL000925,David Armstrong,Female,50,married,Warehouse Worker,39655.67,665,OH,"1441 Elizabeth Stravenue Suite 010, Lake David, MA 19591",001-541-476-1114,GB74IYWB96526121669481,full_coverage,0.4,1
CL000926,Sarah Brown,Female,44,divorced,Chef,83041.44,646,IL,"330 Robert Prairie, Rogersstad, SC 51644",+1-673-623-8368x4143,GB56MFFZ80749053890595,liability_only,1.7,1
CL000927,Phillip Mora,Female,40,married,Sales Representative,55751.78,636,NC,"Unit 2816 Box 8362, DPO AA 58908",321.708.7274x1059,GB46XOSQ15551849552964,liability_only,6.5,0
CL000928,Evan Taylor,Male,50,single,Nurse,128013.02,588,MI,"424 Howe Skyway, New Amanda, TN 21748",5296172651,GB11EBJU57813145625303,full_coverage,6.9,0
CL000929,Charles Horn,Male,35,widowed,Software Engineer,31274.49,589,FL,"13146 Wall Ferry, West Johnfort, NY 89353",+1-905-859-2277x02604,GB92TUPT98725696411350,full_coverage,0.4,0
CL000930,Melissa Hartman,Male,27,married,Manager,63653.21,760,GA,"2763 Annette Parkways Apt. 071, New Michellefort, MD 06756",250-339-3424,GB03DSZA21287809280414,full_coverage,2.5,0
CL000931,Jennifer Tucker,Male,42,single,Software Engineer,89260.12,581,NC,"895 Latoya Crest, Troymouth, DC 31942",001-203-471-5586,GB02MJEG62458846937147,comprehensive,2.1,0
CL000932,Kathleen Lin,Female,40,single,Teacher,39915.07,635,GA,"7117 Chen Harbors, North Ericfort, GU 34637",001-289-642-4437x93666,GB37JRYM71188161827734,full_coverage,0.4,0
CL000933,Julie Chapman,Male,74,single,Mechanic,89770.58,685,PA,"2733 Danielle Village Apt. 567, Melissaville, GU 28500",250-339-8054,GB03DSZA21287809280414,liability_only,3.3,0
CL000934,Kristen Reyes,Male,30,married,Consultant,34076.91,621,PA,"97882 Susan Common, North Brooke, TX 31329",401-962-2499,GB80HBUZ42897317912868,full_coverage,2.5,0
CL000935,Deanna Richardson,Male,80,single,Warehouse Worker,55051.64,708,CA,"1774 Jordan Drives, Parkerberg, WV 98654",637-342-8220x220,GB89ANJS60726520148760,liability_only,3.2,0
CL000936,Jocelyn Hall,Male,54,divorced,Manager,98869.66,666,PA,"93219 Price Villages, Port Harry, MN 96507",6656069615,GB49VLEG64941100208967,liability_only,1.5,0
CL000937,Andrew Brown,Male,79,single,Retail Worker,45142.31,783,MI,"21517 Martinez Lane, Garzaburgh, FM 76074",(905)286-5314x34220,GB14JGCZ07722287499589,liability_only,7.4,0
CL000938,James Randolph,Female,27,married,Accountant,35614.5,744,PA,"17678 Moses Parkway Apt. 111, North Denise, HI 90552",001-923-983-5223,GB47KBIJ80632448968460,comprehensive,1.3,1
CL000939,Brian Donovan,Female,24,married,Nurse,84969.46,771,IL,"5542 Richards Flat, Brownville, FM 39538",+1-761-669-0476x10296,GB40JCSX04377029670503,comprehensive,1.3,0
CL000940,Richard Collier,Male,38,divorced,Retired,31273.2,632,OH,"46456 Kelly Trace Suite 119, South Lukefurt, VA 31344",(726)379-1117,GB78FLTW27291694222925,comprehensive,4.2,2
CL000941,David Arnold,Female,62,married,Construction Worker,47763.87,654,MI,"1765 Martin Skyway Suite 588, South Ryan, NM 77218",+1-533-840-8337,GB57UDLU92668668080795,full_coverage,0.8,1
CL000942,David Johnson,Male,33,married,Retail Worker,43252.35,750,CA,"5093 Hopkins Brook, Thomastown, RI 20868",432-804-4646,GB29JOFP93922689495427,liability_only,0.0,0
CL000943,Natalie Martinez,Female,81,married,Business Owner,89142.43,693,NY,"9832 Johnson Mountains, Port Sabrina, CO 81380",(298)616-1809x809,GB29ATGH62724452275942,full_coverage,1.7,1
CL000944,David Anderson,Female,63,single,Police Officer,51652.05,578,CA,"22155 Dustin Causeway Apt. 699, Port Morgan, OK 58512",651-716-5160x862,GB35DHGS66057529664711,liability_only,2.3,1
CL000945,Christy Mosley,Female,55,single,Student,36773.42,583,CA,"39191 Mcpherson Isle Suite 063, Carpenterhaven, MA 08804",(976)855-9991x9669,GB07BXFE36449951437043,liability_only,4.2,2
CL000946,Darlene Moore,Female,74,divorced,Warehouse Worker,39583.81,595,PA,"63177 Gallagher Station Suite 222, Port Jacobport, DC 85135",697-938-1903,GB31GDOK10295838508332,full_coverage,1.8,0
CL000947,Alexander Edwards,Female,27,married,Chef,113975.04,760,GA,"35634 Cameron Mill Apt. 916, Port James, MI 34735",815.443.3825x417,GB87WVEB68299458028457,comprehensive,13.1,0
CL000948,Justin Berry,Male,53,married,Construction Worker,119575.54,795,NC,"816 Mike Hill, North Samantha, MD 33112",001-865-313-3861x3674,GB34NDNA54337073671274,full_coverage,6.7,1
CL000949,Mr. Paul Dickerson,Female,74,married,Teacher,102869.18,632,TX,"USS Thompson, FPO AA 69791",001-394-806-9729x67204,GB64FTGC91678758647401,liability_only,1.8,0
CL000950,Briana Cox,Female,62,married,Sales Representative,38734.16,600,PA,"5504 Massey Mews, West Janiceside, PR 96600",803-297-2675x457,GB09SJCI25095636038552,liability_only,9.0,0
CL000951,Kelly Lee,Male,51,single,Warehouse Worker,30714.43,665,NY,"06738 Karen Trail, East Williamport, IN 96382",(214)358-6833,GB62MDNL56503334911415,full_coverage,1.5,0
CL000952,Brittany Harvey,Male,44,single,Consultant,64844.16,760,FL,"3585 Monica Mountain, Ortizhaven, MN 67585",(992)325-4376x3662,GB30COZD65359553945069,comprehensive,3.9,0
CL000953,Gabrielle Osborne,Female,79,married,Software Engineer,37340.03,809,GA,"630 Padilla Pike Suite 541, Carpenterport, PW 29250",649-214-2154,GB72SMOM24285740405277,comprehensive,4.2,0
CL000954,Rachel Harris MD,Female,24,divorced,Electrician,61564.87,675,PA,"07799 Flores Shores Apt. 906, Katieville, RI 37587",6723346150,GB45WXCP08292209251390,liability_only,0.5,1
CL000955,Kevin Kelly,Male,64,married,Electrician,56400.77,704,CA,"379 Jesse Route Suite 740, Santanaside, GA 10182",401-219-4707,GB05JTTL64122031030372,liability_only,2.4,1
CL000956,Noah Torres,Other,33,single,Chef,141652.74,723,FL,"PSC 9025, Box 0392, APO AP 52706",(558)855-6659x398,GB73TDYC87734778485880,liability_only,2.1,1
CL000957,Michael Singleton,Female,47,married,Freelancer,39548.91,672,PA,"555 John Parkways, Lake Christine, KS 80873",557.545.6844x2633,GB05YURR46519034830824,liability_only,2.8,0
CL000958,Andrew Henderson,Male,48,single,Freelancer,49579.25,709,CA,"Unit 6884 Box 4431, DPO AE 51999",233-950-4888x9921,GB47IJUF49363123034778,full_coverage,0.6,0
CL000959,Matthew Clarke,Female,40,married,Truck Driver,58373.23,716,IL,"7741 Lopez Light Suite 270, Scottview, IN 35701",649-921-6433,GB38LPJG26303975245086,liability_only,1.2,0
CL000960,Nancy Ballard,Male,30,married,Chef,105374.76,809,TX,"934 Tammy Springs Suite 334, Port Jeanne, AZ 99867",001-571-482-1821x606,GB49HCQM78110802388369,full_coverage,0.7,0
CL000961,Susan Townsend,Male,37,divorced,Retired,53733.54,792,TX,"4549 Jose Lake, North Elizabeth, NH 40714",914-477-0538x33884,GB76AYVN44212146147683,comprehensive,0.9,0
CL000962,Ryan Mcguire,Female,21,single,Software Engineer,102643.05,657,IL,"765 Chavez Springs, Whitechester, MH 26999",001-562-340-2384x920,GB28RUPN28335056110707,full_coverage,0.0,0
CL000963,Lisa Mendez,Female,58,married,Administrative Assistant,143616.54,675,NY,"67333 Sean Island, Port Kenneth, TN 07377",(549)766-8992,GB04RLXK20101544484792,liability_only,14.4,0
CL000964,Devin Richardson,Female,25,single,Chef,109920.23,742,TX,"20387 Brown Route, Hopkinstown, AL 70259",001-771-742-2410x98813,GB79NMHM58074120948181,full_coverage,0.3,0
CL000965,Samantha Dunn,Female,75,single,Nurse,55231.18,596,NY,"Unit 0322 Box 1775, DPO AP 80755",2255498391,GB36FAWI10372810297295,liability_only,3.3,0
CL000966,Joan Chaney,Female,80,married,Business Owner,75036.17,553,PA,"63700 Farmer Meadow, East Jacqueline, WY 24183",(451)376-6689,GB09FPJN21334595829565,full_coverage,0.4,0
CL000967,Austin Best,Male,79,widowed,Teacher,110221.38,511,CA,"099 Golden Club Suite 753, Pattersonborough, WV 59726",001-782-756-4858x64766,GB36VPPX05186506799645,full_coverage,2.3,0
CL000968,James Davidson,Male,23,married,Construction Worker,59846.39,687,NC,"6870 Brennan Manors, Nicholasfort, RI 47308",4807466063,GB79BWJD62750209225212,full_coverage,2.3,1
CL000969,Robin Hoffman,Male,63,single,Consultant,15000.0,712,NY,"6276 Mario Stravenue Apt. 487, Brittanyfort, SC 12508",712-695-4589x38533,GB74STUT91695359522875,comprehensive,1.1,1
CL000970,William Duncan,Female,35,married,Retired,68219.25,673,MI,"10310 Jones Freeway, Elizabethborough, ND 17843",+1-239-528-2722x99275,GB34DBES32184011845826,full_coverage,6.1,1
CL000971,Joshua Crawford,Male,59,divorced,Retail Worker,38999.54,686,GA,"51751 Brett Lane Apt. 139, South Jason, PW 44143",+1-612-228-1606x48422,GB83OUMD82091660100231,full_coverage,0.6,0
CL000972,Kenneth Wright,Female,55,married,Warehouse Worker,144342.47,683,NY,"9633 Jefferson Port, Port Briantown, LA 88654",001-559-661-9740x05975,GB22VJLT42104208418286,liability_only,1.7,0
CL000973,Kelly Whitaker,Female,66,divorced,Chef,59334.37,722,IL,"5054 Matthew Crest, New Jamiestad, MP 59187",001-770-379-6061x69413,GB84FRIZ83695595827706,liability_only,0.1,0
CL000974,Sarah Mercado,Male,80,single,Construction Worker,100280.62,752,CA,"6949 Ryan Brooks, South Roger, AK 01912",(835)312-0945,GB31KYPG49438563375984,full_coverage,0.8,2
CL000975,Angela Oconnor,Female,56,single,Police Officer,32215.02,648,FL,"18811 Jennifer Fort Suite 952, East Clayton, IA 22314",517-507-1278x796,GB96XQPY90813220822044,full_coverage,13.3,1
CL000976,Mary Moran,Female,41,divorced,Nurse,55826.47,668,FL,"788 Robert Glens, Thomaston, AS 38631",(459)490-0284,GB72IYDP01831377434030,liability_only,0.4,0
CL000977,Nancy Kennedy,Male,59,married,Teacher,110360.9,647,GA,"3335 Jesse Parkway, Port Francis, CO 82836",929-279-6854x62116,GB44UBNF08212407664536,liability_only,0.7,0
CL000978,Kenneth Wilson,Male,32,married,Consultant,56219.2,666,PA,"5060 Shaw Freeway, Vangstad, IN 04195",224-493-2149x587,GB20BZWG67881278686694,comprehensive,2.5,1
CL000979,Stacy Cook,Female,37,single,Manager,39673.75,621,NC,"34496 Johnson Curve, Port Marciaport, NY 77237",001-745-649-4972,GB91OEVY04744217563949,full_coverage,2.5,0
CL000980,Dennis Cruz,Female,76,married,Warehouse Worker,45747.79,641,FL,"4465 Collins Cliff Suite 525, Lake Paige, WV 67453",+1-264-665-0893,GB57HCPR42139136997548,full_coverage,2.5,1
CL000981,Daniel Washington,Female,45,divorced,Administrative Assistant,98391.18,705,IL,"PSC 2715, Box 4224, APO AE 22018",403-283-4124x72237,GB18OJCT75370063239988,full_coverage,3.1,1
CL000982,Teresa Clark,Female,35,widowed,Retail Worker,47664.27,631,MI,"USNS Davis, FPO AE 70097",683-775-5826x32189,GB72DXBR85899818119942,full_coverage,3.0,1
CL000983,Kathleen Oneal,Male,68,single,Construction Worker,84791.94,664,PA,"06433 Morgan Valleys Suite 334, Josephmouth, DC 82479",5402932424,GB69ATUC73163324308724,liability_only,11.9,0
CL000984,Jonathan Combs,Female,29,divorced,Retired,48990.07,651,GA,"21257 Michael Club Apt. 241, South Kathy, KY 38627",+1-595-320-7699x1528,GB53CYSO78951665018005,liability_only,1.1,0
CL000985,William Walton,Female,78,married,Administrative Assistant,26409.35,580,NY,"12316 Matthew Mountains Suite 100, East Paulchester, WV 70944",(674)739-7384x718,GB58QCMH02129182363725,full_coverage,1.3,0
CL000986,Anna Larson,Male,22,married,Nurse,60521.82,800,TX,"310 Oscar Fort, Johnsonton, MS 60054",+1-948-825-2292x54654,GB48HZCN91455903653542,full_coverage,5.3,0
CL000987,Christina Moore,Female,61,married,Retired,103558.18,764,NC,"Unit 6676 Box 2267, DPO AA 10184",747.890.4552x2420,GB54IELJ97806437196034,liability_only,3.3,0
CL000988,Regina Dean,Male,72,married,Electrician,57884.02,661,OH,"44474 Caroline Mountain Suite 252, New Ericaburgh, NJ 80936",001-695-221-1542,GB33CLAV43790868088358,liability_only,15.1,0
CL000989,Jaclyn Bell,Female,51,married,Electrician,54104.53,769,NY,"4548 Watson Ridge, Andrewsfort, KS 17931",(842)690-4368x275,GB18SPVQ50786725308158,liability_only,0.9,0
CL000990,Scott Richmond,Male,27,married,Sales Representative,27145.63,665,TX,"1193 Linda Loop Suite 199, South Matthew, IL 58055",700-329-5963,GB97ZYRP57053209361301,full_coverage,1.0,1
CL000991,Robert Hill,Male,41,single,Warehouse Worker,39956.1,624,GA,"Unit 9729 Box 4103, DPO AA 65128",380-569-3289x40117,GB12BYHW70971846790877,liability_only,1.9,1
CL000992,Cynthia Robinson,Female,36,single,Mechanic,51844.66,755,PA,"275 Tracy Loop Apt. 100, Walshmouth, NJ 38781",7098701832,GB08MXCR06108537007001,liability_only,2.1,0
CL000993,Chase Taylor,Male,65,single,Truck Driver,32846.78,606,TX,"683 Lucas Vista, North Sandraland, WV 72073",969-834-9106,GB83TQPC01494116328225,comprehensive,2.5,1
CL000994,James Mejia,Female,31,single,Administrative Assistant,43902.82,626,MI,"PSC 9586, Box 1672, APO AE 08747",402.354.4965x5024,GB13QVZE54805759502424,liability_only,3.5,2
CL000995,Brenda Lewis,Male,45,divorced,Consultant,97883.74,746,NC,"92711 Graves Fords, South James, GA 64684",783-557-6641,GB70WEFH40140822815775,comprehensive,1.3,1
CL000996,Stephanie Salazar,Male,75,married,Construction Worker,62858.44,612,MI,"6762 Johnson Estate Suite 499, Lake Bobfort, DE 54899",595-945-8446x5771,GB05DLGI27893287322766,full_coverage,2.7,0
CL000997,Dawn Gross,Female,74,married,Sales Representative,71628.81,800,NY,"4946 Cooper Harbor, East Patriciatown, VA 04159",(714)536-6594,GB50RRFG23453356682289,full_coverage,1.1,0
CL000998,Pamela Cabrera,Male,22,married,Truck Driver,142035.29,712,MI,"9203 Daniel Fort Suite 619, West Emilyfort, AL 13516",611-415-8162x3153,GB84RCDL87650916397505,comprehensive,0.7,0
CL000999,Samantha Jacobs,Female,69,widowed,Student,41824.98,678,CA,"51098 Bryan Row, Kennethtown, AZ 18738",873.520.6569x427,GB86RAUQ26326763114310,full_coverage,0.9,0
CL001000,Darryl Carlson,Male,19,married,Retail Worker,46319.0,688,GA,"41426 Anderson Forges Apt. 646, West Shelbyhaven, VA 26948",001-681-967-4289x5405,GB12IHRZ94752897245979,full_coverage,2.1,0
CL001001,Leah White,Male,56,married,Police Officer,42903.81,700,NY,"PSC 4554, Box 0421, APO AE 01736",749-696-1177,GB10LGSX05798662692339,liability_only,5.2,1
CL001002,David Noble,Male,42,single,Retired,44461.16,671,PA,"255 Brooke Wall, Port Danielle, MO 91359",777.931.2524,GB63ZBDH11175173358362,liability_only,2.4,1
CL001003,Sandra Chen,Male,67,married,Freelancer,44595.26,679,GA,"6944 Angela Plaza, Jonesland, IN 42923",+1-493-958-9105x48256,GB15GTNZ43316120992868,comprehensive,3.6,0
CL001004,Michele Grant,Female,47,married,Mechanic,22471.14,670,GA,"5153 Sandoval Turnpike Apt. 097, Barryfurt, MS 81235",001-612-685-6859,GB81CNJS33111568540262,full_coverage,1.1,0
CL001005,Andrew Moran,Male,61,married,Electrician,45161.73,709,NC,"809 Burns Creek, Natashaport, IA 08093",(735)665-1269x4486,GB96KQZH19971791100651,comprehensive,0.4,0
CL001006,Alexandra Sanchez,Male,45,married,Construction Worker,162725.79,728,TX,"Unit 3235 Box 1852, DPO AE 78448",+1-616-656-1307x39871,GB42VKIJ30074577741465,full_coverage,1.1,1
CL001007,Kathryn Davis,Male,56,married,Mechanic,71753.75,766,CA,"3363 Marvin Street, Stevenhaven, GU 50274",(707)202-5076x6606,GB34QLWE61068965532647,liability_only,0.3,0
CL001008,Brian Fletcher,Male,44,married,Accountant,50190.67,567,NC,"43968 Robertson Fords Suite 960, North Nicoleside, TN 90468",(308)571-6388,GB13WVSU27191899381987,full_coverage,8.0,0
CL001009,Betty Gutierrez,Male,22,single,Electrician,62387.27,724,NY,"5760 William Pike, Marquezmouth, WA 16901",(562)449-1528,GB85QDZM65177313197493,full_coverage,6.3,1
CL001010,Gabriel Reeves,Male,26,married,Construction Worker,51485.87,585,NY,"625 Jensen Overpass Suite 511, West Samuel, FM 56057",+1-551-863-9172x7154,GB03FRCX34135033460749,full_coverage,2.2,1
CL001011,Mark Wagner,Male,28,married,Nurse,84954.01,725,TX,"465 Fletcher Plain Apt. 187, New Tina, TN 23686",225-758-8774,GB16BGYC51346508656996,full_coverage,12.8,1
CL001012,Colleen Henry,Male,28,divorced,Retired,84487.66,713,NC,"1341 Matthew Garden Apt. 410, Woodmouth, GU 18240",+1-597-566-5620x670,GB98GMOV77441084397118,full_coverage,2.5,0
CL001013,Michael Barrera,Female,45,married,Software Engineer,44242.62,671,NY,"93582 Fitzgerald Crescent Suite 320, North Elizabeth, NE 52586",(646)751-8478x8797,GB87QUWX79579711491794,comprehensive,1.6,1
CL001014,Matthew Salazar,Female,81,divorced,Administrative Assistant,66348.74,700,TX,"USNS Marsh, FPO AP 94578",001-851-808-3278,GB55QNRV99842003265030,liability_only,2.2,2
CL001015,Sydney Green,Male,53,married,Construction Worker,39921.83,678,NC,"76513 Matthew Villages, Carolinefort, NE 07453",996.210.8492,GB13JYKG86876129767621,comprehensive,12.6,0
CL001016,Teresa Gonzalez,Female,27,married,Truck Driver,97505.75,729,GA,"6149 Rose Inlet, East Randallton, AL 27295",612.924.1797,GB63OFHE00249685498227,full_coverage,4.8,1
CL001017,Frank Christensen,Female,43,single,Sales Representative,39635.62,647,NC,"PSC 9025, Box 0392, APO AP 52706",741.765.1827,GB34FCSE12493843089487,full_coverage,3.7,0
CL001018,Michelle Benitez MD,Male,54,married,Student,71880.82,629,NC,"489 Sanchez Circles, Port Traci, AR 04680",659.404.0024x17036,GB94HZPX33134241471897,full_coverage,12.6,1
CL001019,Jennifer Kirk,Female,19,married,Accountant,95424.33,729,PA,"429 Corey Via Apt. 727, Amberberg, CO 93370",617-850-7963x13240,GB98CTNW51966271457065,liability_only,1.0,0
CL001020,Kim Norris,Female,63,divorced,Truck Driver,53004.67,718,IL,"37857 Davis Mountain Apt. 219, Port Heather, VI 79806",476-970-7002,GB22SNYF44527843003987,liability_only,2.1,1
CL001021,Nicole Fisher,Male,25,single,Business Owner,52153.55,766,PA,"5949 Donna Walk Suite 849, Terryborough, UT 23886",9392226868,GB96UVGP55785457653092,liability_only,1.5,0
CL001022,Troy Roberts,Male,32,divorced,Truck Driver,100949.52,751,FL,"22257 Smith Club, East Robert, ME 99128",350.694.5573,GB97YSEV66224776038280,liability_only,4.5,1
CL001023,Mr. Anthony Scott,Female,54,single,Manager,61711.21,633,IL,"43524 Jean Crossroad, Brandonton, OH 38791",514.449.1476x60728,GB94GRMN13315520650637,full_coverage,6.4,0
CL001024,Sarah Rice,Other,45,single,Freelancer,53383.49,662,NC,"79399 Salazar Rapids Apt. 393, New James, ID 69573",368.983.8689x825,GB92GRXN81652235079937,comprehensive,22.4,0
CL001025,Katherine Oconnor,Female,74,single,Retired,26700.62,721,FL,"980 Mcmahon Glens, Johnsonborough, IL 38422",(499)850-8672,GB36VUNF81076777867397,comprehensive,0.1,1
CL001026,Zachary Lucero,Female,45,widowed,Business Owner,94727.43,774,NC,"6899 Jeff Lake Apt. 740, Mooreview, DC 51345",503-832-4877,GB52LDQR49198661329406,full_coverage,7.8,1
CL001027,Jackson Kennedy,Female,75,single,Consultant,70244.65,622,FL,"98572 Guerrero Pike Suite 007, New Sarah, VT 39699",885.880.0999,GB85VWSF45051490487359,comprehensive,6.8,1
CL001028,Donald Huff DVM,Male,69,single,Retail Worker,30390.1,584,GA,"9961 Tony Stravenue Suite 722, East Heidi, ME 50159",001-215-933-0027x0275,GB29NZTP69380514538690,comprehensive,3.2,0
CL001029,Jeffrey Macdonald,Male,70,single,Chef,82602.18,759,MI,"5000 Carr Trail, West Michaelstad, OK 29211",001-422-544-5565,GB59FEDJ89441399951769,comprehensive,6.3,0
CL001030,Christine Williams,Female,54,single,Construction Worker,80153.87,685,MI,"9590 Smith Street Suite 951, Port Ryanborough, MT 15177",+1-812-587-4081x1730,GB65QECI52878999962893,full_coverage,1.2,0
CL001031,Martin Tran,Male,76,single,Software Engineer,31918.36,694,NC,"85056 Anita Field, New Codychester, AR 34930",001-685-689-6549x818,GB66ATHR65471927054874,comprehensive,4.4,0
CL001032,Amanda Ross,Male,39,widowed,Chef,45224.49,686,NY,"056 Breanna Inlet, Connieville, MN 01878",823-250-6656,GB35LALT08557657893793,full_coverage,2.3,0
CL001033,Tammy Parker,Male,27,single,Mechanic,58112.65,801,OH,"99035 Christopher Turnpike Suite 091, East Stanleyview, NM 09839",001-442-543-2111x90266,GB03POGU81330983145237,liability_only,8.5,0
CL001034,Patricia Smith,Female,34,married,Administrative Assistant,72709.34,662,IL,"28742 Butler Lodge, Gutierrezside, AZ 98532",+1-958-700-0589x53815,GB17BCKI38578180779491,full_coverage,3.0,0
CL001035,Sheryl Whitney,Male,18,single,Freelancer,38778.16,755,OH,"1446 Davis Ranch, Johnnymouth, CO 05158",7656626668,GB44ZKVK36377665995990,comprehensive,2.1,0
CL001036,Darryl Campbell,Male,27,widowed,Police Officer,53576.27,772,OH,"81622 Patterson Grove, Christinaville, NC 85452",(714)562-8836x3580,GB20GCVL13135611702784,liability_only,1.0,1
CL001037,Edward Bryant,Female,65,single,Retired,81914.77,705,NC,"2239 Timothy Light, New Hollychester, OH 21535",(558)785-8431,GB61WVVP40874740739729,comprehensive,0.6,1
CL001038,Ashley Freeman,Other,53,married,Software Engineer,60756.81,577,CA,"59774 Shaw Manor Apt. 392, Brettfort, VI 49156",(214)358-6833,GB54WYOI74721970546692,liability_only,2.2,0
CL001039,Jeffrey Lawrence,Female,47,married,Truck Driver,53063.22,610,NY,"1834 Hernandez Crossing, New Benjaminmouth, KS 44245",219-324-1528x63484,GB43NYCV70649144533752,liability_only,5.6,0
CL001040,Robert James,Male,39,single,Administrative Assistant,134773.39,673,MI,"164 Michael Mountains Apt. 376, Adrianland, ID 35514",778-910-9071,GB69UDVJ51495149558387,full_coverage,6.4,0
CL001041,Janet Johnson,Female,21,single,Teacher,113722.89,599,FL,"92711 Graves Fords, South James, GA 64684",783-557-8017,GB70WEFH40140822815775,liability_only,2.7,1
CL001042,Allen Vasquez,Male,56,married,Administrative Assistant,50909.93,585,OH,"272 Jamie Parks, Port Ronald, PR 42965",6439260590,GB13HLGK22654930539734,liability_only,2.5,0
CL001043,Anne Rhodes,Male,48,single,Manager,100051.53,780,GA,"2606 Jennifer Ridge Suite 274, Lake Leonview, SD 92148",516.841.1991,GB38LNJW02542600628922,comprehensive,13.7,2
CL001044,David Ward,Male,37,married,Consultant,36934.31,619,OH,"USNV Bush, FPO AP 52352",384-532-2259,GB07MDIC50937710040901,full_coverage,6.8,1
CL001045,Thomas Lopez,Male,46,married,Consultant,24514.66,526,CA,"458 Eric Circles Suite 475, New Joseph, NV 60587",(565)851-2889x563,GB56PNNL70310122133875,comprehensive,1.3,3
CL001046,Margaret Frazier,Female,62,single,Truck Driver,79760.43,585,IL,"4835 Lowe Trace, Karenmouth, LA 74412",283.596.8382x52543,GB82KWHY52151734660689,liability_only,2.2,1
CL001047,Rhonda Navarro,Female,46,divorced,Mechanic,116400.13,757,CA,"1575 Snow Brook Apt. 103, East Harryville, VT 18835",595.451.2169,GB76GERL41422632621445,liability_only,1.0,1
CL001048,John Rogers,Male,46,married,Accountant,47731.17,538,TX,"96787 Pierce Valleys Apt. 115, East Gregoryside, ME 24906",226.535.5469,GB52GWMX93105719732381,full_coverage,0.4,4
CL001049,Glen Taylor,Female,55,single,Administrative Assistant,86174.36,644,PA,"Unit 8762 Box 6023, DPO AA 56796",709-230-9998x6891,GB48PWRN79699993819194,full_coverage,25.7,0
CL001050,Sabrina Fleming,Female,21,married,Truck Driver,137809.02,637,CA,"31900 Keith Lake, Danielmouth, NC 52464",473.853.3270,GB35NNQN85843116210651,liability_only,0.9,0
CL001051,Luis Kirby,Male,51,married,Accountant,47617.8,701,TX,"543 Andrew Knoll Suite 710, Lake Brian, TN 19362",959.560.8895x869,GB98KQJG42314945212586,liability_only,13.3,1
CL001052,Charles Novak,Male,79,married,Business Owner,27631.24,680,MI,"040 Logan Union, Julieport, AL 47460",4858013474,GB47CFBD35157011314916,full_coverage,5.3,0
CL001053,Timothy Sanders,Male,78,married,Retail Worker,51079.91,628,OH,"0817 Zimmerman Harbor, West Emily, OK 92158",001-368-452-7682x091,GB88EJZY66142809702097,full_coverage,13.9,0
CL001054,Alexis Graham,Male,42,divorced,Retired,75794.61,705,IL,"8390 Ellis Burgs, South Melaniechester, TX 14651",001-771-742-2410x98813,GB22GTRS09837801820433,liability_only,0.5,0
CL001055,Sean Garcia,Other,19,married,Electrician,64404.15,607,FL,"117 Banks Freeway Apt. 702, Paulabury, NM 78955",708.560.4377x5872,GB76OCPE01533300325696,full_coverage,9.2,0
CL001056,Phillip Hendricks,Male,63,single,Truck Driver,40212.55,673,NY,"502 Williams Streets, Foxland, NJ 59257",550-237-5899x75711,GB92RBSF42875721586241,liability_only,3.3,1
CL001057,Thomas Young,Male,51,married,Software Engineer,42676.53,690,CA,"Unit 5269 Box 6582, DPO AA 10068",438-863-3839,GB39KJLD05265016731882,full_coverage,1.6,0
CL001058,Heather Larson,Female,30,married,Consultant,60911.66,655,CA,"422 Douglas Flat Apt. 543, New Nicoletown, IL 84653",+1-349-513-1565x3667,GB57MJNW35145228232534,full_coverage,6.9,0
CL001059,Erica Lopez,Female,77,single,Teacher,92174.54,705,TX,"934 Kelly Mill Suite 583, West Gregory, TN 80117",206.440.6412x3154,GB17JIOQ30750163270349,comprehensive,1.9,0
CL001060,Brian Smith,Female,56,divorced,Accountant,49881.09,684,IL,"636 Jackson Drives Apt. 264, Shelleyborough, MS 64260",(587)296-7467x26986,GB41ZCWH33279882170267,liability_only,3.6,0
CL001061,Keith Jones,Male,47,single,Consultant,81746.24,623,IL,"185 Kyle Mount Suite 616, Port Jasonport, OR 43267",001-826-306-8228x795,GB50JYCY09661592932578,full_coverage,1.3,0
CL001062,Susan Wagner,Male,74,married,Student,92784.55,781,MI,"9030 Justin Summit, Doyleland, CO 24619",7273302385,GB47WVES20722303358233,liability_only,1.5,0
CL001063,Lisa Howard,Male,36,married,Construction Worker,32292.5,844,PA,"99773 Guzman Mill, Pricemouth, ND 20997",860.784.2296,GB98DJIV48657430620681,liability_only,2.6,0
CL001064,Michael Richard,Female,56,married,Construction Worker,42343.15,708,NC,"872 Glen Ramp, North Jasontown, NC 36111",339.914.1981,GB69SNHG05074950443271,comprehensive,7.4,0
CL001065,Leslie Hudson,Male,33,single,Retail Worker,69308.63,777,FL,"84416 Emily Ramp, Lake Suzanne, AS 23946",508-985-1632x381,GB58AXKP41037622659415,comprehensive,0.8,0
CL001066,Timothy Flynn,Female,45,married,Police Officer,61905.34,627,TX,"63578 Victoria Crest Suite 446, Carsonview, AS 63266",332-790-1029,GB13QYVK11858110146023,comprehensive,3.2,1
CL001067,Jacqueline Wu,Female,60,married,Retired,41298.56,457,IL,"289 Connor Groves Apt. 812, West Roy, AS 11193",(676)960-2716x8927,GB34QYVZ71819383477051,full_coverage,0.8,0
CL001068,Robert Harmon,Female,33,single,Retail Worker,60052.1,823,OH,"80282 Jason Squares, Lake Kennethhaven, HI 41270",+1-614-430-4446x9789,GB26ZKSN34900197689334,liability_only,2.0,0
CL001069,Antonio Garcia,Female,19,widowed,Freelancer,139035.73,670,NY,"03076 Jones Avenue, Warnerville, MS 90321",001-668-346-4820x9872,GB35QDRM96923444055724,full_coverage,3.1,0
CL001070,Mr. Bradley Walker MD,Male,27,single,Software Engineer,81854.61,647,GA,"09160 Silva Hill Apt. 723, New Anthonymouth, AR 92088",468-245-3082,GB11XXYU04705712656564,comprehensive,2.2,0
CL001071,Jeffrey Foster,Female,29,married,Retail Worker,82447.61,847,OH,"7111 Benjamin Park, North Alexatown, UT 44750",+1-789-435-9679x2625,GB21LONC50335984808618,full_coverage,0.5,0
CL001072,Peter Vazquez,Female,67,single,Chef,55916.71,736,MI,"43422 Fernandez Forge, Port Miranda, UT 90931",2136398930,GB20ABHP65849014056502,comprehensive,0.7,0
CL001073,Joanna Freeman,Male,26,single,Mechanic,49338.43,590,NY,"590 Evelyn Mountain, West Peterfurt, PA 09413",001-899-818-3864x88362,GB31CNWG67717752969426,full_coverage,9.1,1
CL001074,Heather Nelson,Other,55,single,Police Officer,49337.7,671,GA,"814 Hannah Green Suite 277, West Benjaminside, AS 62429",950-756-2448x18886,GB95ADHS19387074142013,liability_only,6.8,0
CL001075,Marcus Douglas,Male,81,single,Chef,36548.48,689,IL,"82814 Kelly Fall Suite 786, Port Michael, NV 99143",(236)527-3308,GB21JKYJ46843210954968,full_coverage,11.8,0
CL001076,John Pham,Female,22,married,Manager,73300.3,682,FL,"9099 Heather Stravenue, Randychester, CA 61498",8994511035,GB26KPWM21090280579550,comprehensive,0.0,0
CL001077,Anthony Scott,Female,29,married,Truck Driver,51665.62,635,CA,"6305 Kemp Parks Suite 622, East Danielmouth, ND 74981",(383)590-5370,GB40UPWM07203248932377,liability_only,1.0,1
CL001078,Jennifer Alvarez,Female,53,married,Accountant,70765.32,759,OH,"42836 Hill Point Apt. 687, West Shellyfurt, WY 69243",(903)617-8078x235,GB57QDXB54851017490753,liability_only,0.1,0
CL001079,Taylor Hughes,Female,58,single,Student,55650.19,697,GA,"41484 Robert Points, South Scottfort, VI 83544",465-685-7856x4519,GB26EOSH46829851652287,comprehensive,1.4,0
CL001080,Christine Rodriguez,Male,55,married,Manager,50587.06,757,NC,"634 Joshua Points Suite 774, Everettborough, OR 58929",+1-810-831-8872x77960,GB22OVWZ42050578462216,full_coverage,13.7,0
CL001081,Raymond Rivera,Male,81,widowed,Nurse,45533.55,686,OH,"1531 Bryce Cliffs Apt. 829, Hansonside, WA 96430",(586)851-4660x17059,GB64OBDW55226412465529,comprehensive,3.4,0
CL001082,John Chavez,Female,26,divorced,Freelancer,35850.0,698,GA,"1683 Adam Via, East Lauren, NH 94427",613-218-0021,GB50BXYR47555773432823,liability_only,0.4,1
CL001083,Andrea Anderson,Male,72,married,Accountant,55383.98,796,GA,"366 Hanson Gateway, Brianatown, NC 36092",(498)973-2975x8456,GB06DUGO02446984598909,full_coverage,8.0,1
CL001084,James Li,Female,69,married,Consultant,78453.28,644,GA,"306 Sandra Manors Suite 658, Thompsonview, KY 39892",(531)228-4209x2749,GB39SQCV12202151285136,full_coverage,0.9,0
CL001085,Amanda Roberts,Male,40,married,Accountant,46008.37,734,NC,"523 Smith Trafficway Suite 775, New Brianton, IL 23557",(560)473-4784,GB05NOIR46431032338543,liability_only,10.6,0
CL001086,Jeffrey Preston,Male,66,married,Mechanic,70184.23,675,PA,"582 Christine Summit Suite 599, Gardnerberg, KY 27506",521-425-5889,GB24WGAP81412570670779,full_coverage,1.1,0
CL001087,Monica Cortez,Female,68,divorced,Mechanic,83250.69,694,MI,"22691 James Mountain, Tashatown, TX 94967",+1-789-849-0580x77879,GB51RDCG90438303419909,full_coverage,3.8,1
CL001088,Charlotte Wilkinson,Female,62,widowed,Police Officer,66821.74,722,IL,"7597 Dakota Villages Apt. 568, Clarkton, DC 39623",(864)659-6394,GB93LQGW10903585872632,liability_only,6.0,0
CL001089,Kara Johnson,Female,42,single,Software Engineer,128609.16,699,TX,"264 Daniel Avenue, East Andrea, NV 21783",280.373.6649x70695,GB97SMVU43356239502111,comprehensive,2.3,0
CL001090,Victoria Ruiz,Female,50,married,Nurse,102140.37,699,GA,"82220 Young Summit, North Amber, IA 75980",001-956-308-9804x661,GB73ACJP82475991173906,full_coverage,0.8,0
CL001091,Anthony Powell,Male,74,married,Teacher,58644.53,721,GA,"94383 Ali Locks Suite 881, Goodmanton, MS 98800",627.705.2416,GB47CFBD35157011314916,full_coverage,0.3,0
CL001092,Stuart Smith,Female,30,married,Consultant,78929.57,698,TX,"4378 Burns Court, Port Thomashaven, AS 23870",422.458.3376,GB71GXHI50154177657866,comprehensive,0.8,1
CL001093,Michael Williams,Male,41,single,Student,157571.43,850,IL,"118 Martin Street Suite 793, Lake Stephanie, ME 67112",+1-291-240-2696x31555,GB15QPLP57513183823708,liability_only,0.3,0
CL001094,David Herrera,Other,62,single,Software Engineer,61418.73,694,NC,"38138 Espinoza Springs, Melissaside, ME 23696",+1-532-964-5701x773,GB45VBCB65360549712793,liability_only,0.3,0
CL001095,Andrew Moore,Female,57,married,Sales Representative,44392.24,698,MI,"5699 Ryan Brooks Suite 186, Smithstad, MS 53313",918-728-9210,GB95QNJH58309753363149,full_coverage,3.4,0
CL001096,Terry Mason,Male,67,single,Electrician,43163.68,697,PA,"956 Jimenez Union, Rebeccaberg, NY 13051",380-401-5091,GB71TWOY51811698173748,liability_only,1.1,0
CL001097,Michelle Atkins,Female,27,single,Software Engineer,66090.92,758,PA,"48831 Scott Estates Suite 783, Brandonshire, MP 90362",+1-332-281-8167x1771,GB11HJBF07361745741791,full_coverage,0.5,0
CL001098,Margaret Smith,Male,81,single,Police Officer,54532.08,603,OH,"13302 Joshua Plaza, West Ruthland, CO 95743",992.915.8192,GB48EIJH76456184689158,liability_only,6.7,0
CL001099,Christina Barr,Male,50,married,Teacher,80096.88,686,NC,"USCGC Collins, FPO AE 83015",001-214-587-1929,GB93HQEX65619789681266,comprehensive,2.7,0
CL001100,Luis Wilson,Female,36,widowed,Freelancer,43102.67,759,PA,"770 Horton Lane, Stephenport, ND 96620",(259)977-5977x67380,GB82KBXN82337339347412,comprehensive,5.7,0
CL001101,Justin Sullivan,Male,50,married,Police Officer,48953.84,765,MI,"3854 Smith Summit, Ericmouth, FM 28040",(413)230-5878,GB49FWYV29557693088837,full_coverage,1.4,0
CL001102,Amanda George,Female,34,married,Sales Representative,79670.14,850,FL,"7590 Jessica Mount Suite 186, South Mallory, NM 35698",670-718-4094x35334,GB23VOFE56053134026650,full_coverage,2.9,2
CL001103,Andrea Neal,Female,33,divorced,Software Engineer,53805.98,584,NY,"2315 Walker Inlet, Colleenshire, GU 64996",770-884-8671x1724,GB73HIGN50941626724089,comprehensive,1.3,0
CL001104,Justin Vasquez,Female,33,single,Warehouse Worker,48144.93,727,NY,"15667 Bryan Way, New Stevenmouth, DE 01452",259-499-2071x898,GB60FCHD89605034611734,full_coverage,0.3,0
CL001105,William Nolan,Female,38,single,Administrative Assistant,55193.37,707,GA,"44474 Caroline Mountain Suite 252, New Ericaburgh, NJ 80936",001-516-249-1566,GB31WGMG38648650074435,full_coverage,1.0,0
CL001106,Robert Boone,Female,41,divorced,Construction Worker,93404.9,619,FL,"302 Willie Gateway Apt. 242, East Michaelfort, CA 63004",+1-313-741-4524x4864,GB45VJIY66872553681963,liability_only,0.3,0
CL001107,Jennifer Garcia,Male,55,single,Business Owner,118403.19,663,FL,"76591 Jerry Ways, Nelsonland, TX 37250",(358)827-3902,GB97JRPB49478730024471,comprehensive,1.4,0
CL001108,Brianna Bryant,Female,23,divorced,Software Engineer,62760.16,740,IL,"912 Cannon Tunnel Suite 384, Dawsonside, CT 75980",(405)509-1633,GB02ZMEK93286571192491,full_coverage,2.2,1
CL001109,Randy Kent,Male,24,married,Mechanic,112241.19,627,TX,"2381 Rhonda Shoal, West Michael, MT 65233",001-917-376-1960,GB02DPET23359133531535,full_coverage,1.3,1
CL001110,Michael Daniels,Male,34,single,Consultant,26281.08,680,NC,"450 Higgins Square, New Jonview, WY 58999",+1-671-868-2898x21824,GB23RFDM36297038647322,comprehensive,0.5,0
CL001111,Charles Taylor,Male,80,divorced,Student,56211.36,697,PA,"78368 Eric Glen Apt. 452, Pughside, KY 62998",(690)644-7417x643,GB26PSUE53756130015975,full_coverage,9.0,0
CL001112,Mary Fischer,Male,35,married,Electrician,57610.93,744,IL,"99550 Webb Valleys Suite 728, Lake Marcomouth, AK 56591",354-970-9508,GB15MYIE86523746558269,comprehensive,2.1,0
CL001113,Anthony Jarvis,Male,71,married,Police Officer,48003.17,688,NY,"78098 George Camp, West Gregory, DE 01013",+1-994-423-5479x1302,GB59SSAF51002279825799,liability_only,0.4,0
CL001114,Stephanie Wright,Other,80,married,Manager,61337.5,688,MI,"26032 Kevin Plaza Apt. 770, East Timothyside, CT 64820",250-768-5246,GB88SFVB85151228660099,liability_only,3.2,1
CL001115,Joyce Norris,Male,32,single,Business Owner,38209.45,566,OH,"71590 Richard Village, Wrightberg, UT 45578",+1-601-525-9968x483,GB80WESV78671542959957,full_coverage,4.9,0
CL001116,Kevin Gonzales,Female,43,married,Truck Driver,94579.74,575,IL,"07191 Jesse Field Apt. 635, North Colleen, NJ 24033",840.851.5588,GB29HDVU43870611542118,full_coverage,3.6,1
CL001117,Lisa Morgan,Female,76,married,Warehouse Worker,53638.2,784,CA,"265 Wilson Ford, South Destiny, NE 40539",+1-214-331-3740,GB64SRBD10638224432654,comprehensive,1.6,0
CL001118,Laura Gross,Male,46,married,Sales Representative,68110.49,646,PA,"978 Trevino Circles, Georgestad, LA 31753",(698)603-4594x8930,GB47BQBT10069569819833,full_coverage,0.4,0
CL001119,Wendy Lee,Male,27,married,Retail Worker,75637.79,695,NC,"6403 Sergio Alley, Anneshire, OK 04050",+1-964-808-1067x1091,GB09LDAZ59208653749455,comprehensive,3.0,0
CL001120,Christina Lopez,Female,70,divorced,Chef,59247.77,814,PA,"5493 Sellers Pass Apt. 268, North Taylorside, VI 49770",001-332-901-9703x078,GB05XNEH25588119127761,full_coverage,4.0,0
CL001121,Sarah Gardner,Male,27,single,Accountant,41340.72,707,GA,"2467 Logan Underpass Apt. 042, Charlenechester, MD 65637",725-344-5847,GB78TMCI99014090544496,full_coverage,6.3,0
CL001122,Patrick Brooks,Male,61,married,Nurse,28631.78,654,PA,"3897 Laura Underpass Apt. 766, Tuckerberg, PR 34155",+1-742-303-1579x9706,GB16DEIL07783635096801,comprehensive,2.9,0
CL001123,Wendy Stevens,Male,35,married,Police Officer,62421.56,641,IL,"2393 White Manor Apt. 177, Port Robert, MA 66683",932-261-3542,GB30CVRE33200253046740,full_coverage,0.2,1
CL001124,Anna Glass,Male,39,divorced,Manager,23056.3,730,NC,"Unit 5331 Box 1564, DPO AP 66966",656.528.7531,GB75HMJS21529645871663,liability_only,4.5,0
CL001125,Christine Williams,Male,49,married,Electrician,41254.2,748,GA,"Unit 2168 Box 8070, DPO AE 67596",(315)457-4125,GB05DRRG34017919445576,full_coverage,0.5,0
CL001126,Tanya Fischer,Male,54,single,Freelancer,57381.95,677,FL,"67117 Kara Cape Apt. 457, Davidmouth, MA 50390",(992)330-0224x223,GB21MMJH33519997211152,liability_only,30.8,0
CL001127,Lisa Ramos,Female,39,married,Retail Worker,45924.45,630,FL,"067 Mccoy Crossroad, Lake Stephanieville, VA 12747",731.401.0910x4600,GB76UBJS56686510389537,liability_only,6.5,0
CL001128,Catherine Stevens,Male,45,married,Truck Driver,59573.65,753,MI,"290 Matthew Forest, West Joseph, ND 71855",7766965776,GB73GSLT28914631245347,full_coverage,1.1,2
CL001129,Michael Waller,Female,31,married,Truck Driver,43628.83,667,PA,"0847 Angela Drive, East Dawn, KY 89502",694-647-4848x569,GB18KCWI21572991426071,liability_only,2.4,0
CL001130,Richard Miller,Female,25,single,Software Engineer,49945.91,639,OH,"6461 Jason Rapid, Marcusstad, WA 84055",(959)913-7206,GB22UVGB97803993468620,full_coverage,2.6,0
CL001131,Gwendolyn Valentine,Female,43,divorced,Consultant,70169.9,649,NY,"193 Zachary Spur, New Maryborough, FM 95312",307-739-8485x50506,GB70DVCI62785662176272,liability_only,4.3,0
CL001132,Robert Clayton,Male,79,married,Sales Representative,45346.38,666,TX,"739 Benson Overpass Apt. 121, Thompsonmouth, CO 89882",8249819346,GB05JTTL64122031030372,full_coverage,0.7,1
CL001133,Elizabeth Wiggins,Female,61,married,Manager,112897.59,554,FL,"49975 Debra Cliff Suite 463, New Jose, MD 37714",301-422-2198x84813,GB23BLTH08989309222024,liability_only,8.5,0
CL001134,Rhonda Simmons,Male,48,single,Student,68239.77,676,OH,"PSC 9706, Box 8382, APO AP 22079",(867)440-0097x7354,GB58LVTL90121355301253,comprehensive,0.6,0
CL001135,Zachary Reynolds,Male,57,married,Sales Representative,133260.98,721,NY,"370 Alvarez Isle Suite 440, Lake Christopher, NY 23502",(711)794-5720,GB34KHFD68555026945058,liability_only,5.0,0
CL001136,Monica Brown,Male,65,single,Retired,61613.07,615,OH,"939 Laura Views Suite 689, North Anthonymouth, WI 95369",(585)844-3052,GB68DIYD63707274200502,liability_only,7.8,0
CL001137,Elizabeth Buchanan,Male,44,widowed,Administrative Assistant,56537.98,661,NY,"939 Wells Points Apt. 048, Brendastad, WI 78825",2546248784,GB71DYJP14088779515699,full_coverage,2.8,0
CL001138,Brandi Wilson,Female,38,single,Manager,55938.01,756,NY,"901 Spencer Haven Apt. 476, East Alexander, RI 91148",001-447-691-4159,GB37EOMP74165374667856,full_coverage,2.6,0
CL001139,Jeremy Gray,Female,35,married,Freelancer,58091.36,772,TX,"116 Matthews Landing, West Chad, NM 15924",(387)247-8256x34325,GB52DCAF88314914101120,liability_only,14.0,0
CL001140,Maria Burnett,Female,57,married,Construction Worker,105566.31,785,OH,"7961 Mercado Field, East Joanneburgh, KS 42721",001-982-747-0807x092,GB36OIXG64254247026915,full_coverage,2.1,2
CL001141,Mary Ross,Female,71,single,Nurse,96769.43,659,CA,"72972 Kristen Trail, Lake Darren, NC 85429",708.263.3445x397,GB68RFSU03856980284402,full_coverage,0.8,1
CL001142,Curtis Schwartz,Male,44,widowed,Warehouse Worker,53496.24,633,CA,"414 Greene Greens Suite 751, Jimmyfort, SC 79877",(460)260-8238,GB52VAAV29780678246553,liability_only,2.1,0
CL001143,Charles White,Female,34,widowed,Mechanic,73711.87,678,FL,"816 Jamie Island, Port Tasha, HI 94465",(632)372-3442,GB20YMBQ38814899482233,comprehensive,2.1,0
CL001144,Jonathan Acosta,Male,52,single,Student,96112.97,598,GA,"99971 William Court Suite 321, Lake Jeremy, WV 91315",621-945-5447x22700,GB83ZIYI22597303748508,comprehensive,4.2,0
CL001145,William Larsen,Female,39,single,Student,50059.64,786,OH,"006 Mariah Tunnel, North Danielle, NH 64400",966.975.8598,GB14CXXX57333538379023,liability_only,2.3,1
CL001146,Tara Goodman,Female,71,single,Manager,49156.98,677,IL,"PSC 4056, Box 9476, APO AE 80706",(478)612-0796,GB82RBSZ95224275617372,comprehensive,1.6,0
CL001147,John Acosta,Male,80,married,Manager,70474.1,516,NC,"17555 Gibson Well, Timothystad, DE 06154",(974)244-9989x07167,GB29HAZF49230083341871,full_coverage,3.9,0
CL001148,Michelle Tyler,Female,26,widowed,Truck Driver,33678.89,631,NC,"303 James Land, Jamiebury, NV 96925",312.995.0488,GB43WLSS73229278099283,comprehensive,2.9,0
CL001149,Mercedes Andrews,Male,22,single,Truck Driver,60491.1,655,CA,"106 Anthony Meadow, Hoffmanborough, PW 05784",001-838-816-9194x86707,GB52IIIS11851015427255,liability_only,2.5,0
CL001150,Crystal Doyle,Female,74,married,Police Officer,26121.29,519,TX,"Unit 6884 Box 4431, DPO AE 51999",988.317.8847x9513,GB52CLBR35354443928404,liability_only,3.9,0
CL001151,Nicole Fox MD,Male,28,married,Retired,41752.39,672,TX,"02272 Vazquez Village, Ericstad, MP 22525",423.811.4341x6638,GB95OOYL97277719846053,comprehensive,0.1,1
CL001152,Elizabeth Long,Female,56,single,Administrative Assistant,37770.66,662,FL,"0968 Jordan Rue Suite 987, South Heatherfurt, WY 21248",+1-229-317-7360x539,GB77CZAA07783182637419,comprehensive,0.5,0
CL001153,Meghan Williams,Male,71,married,Consultant,23632.47,646,NY,"PSC 2508, Box 1933, APO AP 88850",(627)944-5454,GB67FOQP92447717406686,full_coverage,1.0,0
CL001154,Randy Reese,Male,48,married,Police Officer,103578.06,729,TX,"613 Patterson Place, East Shawn, CO 74006",(259)330-8787,GB75FQCF12635815671026,liability_only,6.1,1
CL001155,Michael Avila,Female,73,single,Administrative Assistant,128973.11,752,TX,"56284 Hall Spring, Port Amber, FM 66043",301-425-2004x320,GB77QYUD24796667830317,full_coverage,0.0,0
CL001156,Patrick Williams,Male,81,divorced,Truck Driver,71383.8,643,CA,"1376 Moreno Hollow Apt. 967, New Kellymouth, CA 82243",(708)349-6538,GB60SIBL68459340107528,liability_only,2.1,0
CL001157,Robert Franklin,Male,26,married,Manager,80947.12,681,MI,"7502 Matthew Gateway, Lake Ericburgh, NJ 22618",(444)795-5030x795,GB08IZNP72396778390751,full_coverage,3.9,0
CL001158,Joshua Morales,Female,41,married,Freelancer,60725.33,747,IL,"409 Stephen Mountain Apt. 291, Priceside, AL 29009",(714)254-4029x1956,GB13VKXQ48414922835602,comprehensive,3.5,0
CL001159,Kevin Cantrell,Male,77,married,Truck Driver,34620.98,641,NY,"PSC 1748, Box 6369, APO AE 71322",001-905-784-6070x4351,GB73TGCO26108456314796,comprehensive,2.5,1
CL001160,Christopher Rogers,Female,26,married,Software Engineer,71880.25,590,NC,"5853 Garza Shores Suite 881, Dawsonhaven, SC 06156",+1-965-511-9888x744,GB89ZFCP78545747706085,comprehensive,4.0,0
CL001161,Kristen Romero,Female,72,single,Chef,83591.62,726,TX,"4327 Parker Cliffs Suite 652, Gibsonland, SD 45626",(426)269-9818x0527,GB43BRKI63164606649323,liability_only,12.0,1
CL001162,Mr. Robert Clark,Female,45,married,Truck Driver,97707.05,792,TX,"14932 Rosales Pass, Sarahburgh, NY 83099",(906)366-5347,GB34BSAA28100032666178,liability_only,7.8,1
CL001163,Mitchell Bryan,Male,79,divorced,Warehouse Worker,37470.19,747,FL,"991 Dudley Divide Suite 765, East Michelleport, WV 21709",(701)422-9153x537,GB52PCSO66162429338010,full_coverage,2.9,0
CL001164,Kara Fleming,Female,34,single,Freelancer,87019.92,790,OH,"4608 Kenneth Points Suite 491, Paultown, NH 72276",001-331-923-3153x49762,GB13JCUA37514164866898,full_coverage,0.5,0
CL001165,Trevor Lynch,Female,63,married,Mechanic,20556.97,668,MI,"278 Johnson Valleys, Heatherchester, IL 47666",(750)412-1991x499,GB29KGKS53019654970594,liability_only,2.0,1
CL001166,Heather Bates,Female,76,married,Freelancer,70002.56,783,NY,"2102 Danielle Ford Suite 071, Port Julie, NE 03407",721-421-0046x8797,GB30CBBQ48654255686222,full_coverage,11.3,0
CL001167,Tiffany Schneider,Male,73,married,Student,31568.27,589,TX,"71056 Lewis Street Apt. 936, South Veronicafurt, KS 89568",272.635.8389x51752,GB97OPAB48307627325538,liability_only,2.5,1
CL001168,Ryan Parker,Male,61,married,Truck Driver,43586.96,635,FL,"622 Brown Well, West Alyssa, NH 31385",001-223-701-4646x7503,GB75XJCR52039710104433,full_coverage,0.5,0
CL001169,Phillip Silva,Female,65,married,Consultant,84122.06,671,CA,"0960 Jessica Orchard, Gordonhaven, MO 49461",784-822-5277x68575,GB21YJJE92775019325267,full_coverage,5.0,0
CL001170,Douglas Hodge,Male,75,married,Police Officer,92494.78,556,TX,"66095 James Turnpike, West Chelseamouth, CA 90816",220-635-7779x3124,GB73SHQM36231755337347,full_coverage,0.4,1
CL001171,Miss Claudia Marks,Male,42,married,Consultant,78665.61,568,TX,"8582 Khan Meadows Suite 469, West Ericaside, OK 64638",603.478.5814,GB78SQWG68761907505611,comprehensive,4.5,2
CL001172,Hannah Barton,Male,45,married,Accountant,125630.9,779,OH,"10310 Jones Freeway, Elizabethborough, ND 17843",001-264-320-8737x530,GB08ANUV05664187758030,comprehensive,1.7,2
CL001173,Brent Snyder,Male,39,married,Freelancer,60561.42,648,MI,"869 Blackwell Corners, Angelatown, CA 64463",887-529-7012,GB61UDLY62420605116976,comprehensive,2.7,1
CL001174,Gwendolyn Wright,Male,48,divorced,Construction Worker,84954.33,570,FL,"219 Page Corner Apt. 232, Mccarthyton, GU 91872",632.257.5921x2303,GB23KNWI31721046311867,liability_only,0.2,0
CL001175,Marissa Knight,Female,71,married,Police Officer,79354.12,664,NC,"0544 Harvey Coves, East Teresaberg, MI 38813",609.297.3413x505,GB27ONIY71862943681314,liability_only,0.7,0
CL001176,Summer Bender,Female,20,married,Freelancer,83872.64,605,OH,"072 Lori Mill Suite 584, Amandaton, HI 17823",(877)860-2180,GB36PEKF79344451906774,comprehensive,14.0,1
CL001177,Ana Flowers,Male,76,married,Warehouse Worker,86801.66,642,MI,"63443 Garcia Springs, Garymouth, FM 95782",(642)837-3534x972,GB04QTQU32253502277469,full_coverage,0.2,0
CL001178,David Scott,Male,76,married,Administrative Assistant,37150.67,728,TX,"0587 Chandler Dam, East Kristina, PR 89996",+1-920-504-0234x2033,GB76RJLY35002156383666,liability_only,2.1,1
CL001179,Margaret Lopez,Female,64,single,Construction Worker,58950.2,740,CA,"10249 Gonzales Mountain Suite 648, Kimton, FM 57127",438-863-3839,GB26DNWA25643471287153,liability_only,0.4,0
CL001180,Katie Cross,Male,38,divorced,Business Owner,86392.06,791,NY,"PSC 9199, Box 7851, APO AE 93528",+1-744-655-3296x7737,GB19ERGC88861666334280,liability_only,1.6,0
CL001181,Anne Green,Female,64,married,Retail Worker,56854.53,574,FL,"9770 Byrd Green, North Sandraview, FM 04643",400-478-3600,GB89VTOD85017437264425,comprehensive,10.5,0
CL001182,Joseph Moore,Female,56,married,Teacher,44907.45,618,GA,"USNS Singleton, FPO AP 39735",560.559.6765x6124,GB96YJID46796938925291,full_coverage,0.2,1
CL001183,Maria Walker,Male,66,divorced,Nurse,50990.16,673,IL,"2908 Christopher Street, Lake Peterhaven, MT 59179",001-344-378-6873x207,GB13DMTI41826971870153,liability_only,0.9,1
CL001184,Kristi Ford,Male,50,widowed,Retired,60679.22,660,MI,"USS Bell, FPO AA 10625",001-319-399-4985,GB86PJFM14227404512285,full_coverage,1.2,0
CL001185,Sarah Mason,Female,30,married,Retired,72128.26,746,NC,"708 Brandon Freeway, Shawnview, IN 11946",+1-891-200-4924,GB64YDER54997263150810,full_coverage,0.2,1
CL001186,Jessica Pittman,Male,24,divorced,Retired,113822.04,747,NY,"957 Teresa Islands, Emilyfurt, KY 20123",001-382-835-9848x8769,GB29JYQW41212349605937,full_coverage,0.8,0
CL001187,James Marshall,Female,51,single,Software Engineer,41028.53,626,PA,"4361 John Path, Brownmouth, NJ 13953",(629)884-7548x70096,GB67DIMS94838560166858,comprehensive,5.5,0
CL001188,Jennifer Petty,Female,30,married,Mechanic,65800.68,715,GA,"24975 Christie Canyon Apt. 619, East Nicholas, AK 32993",+1-561-957-4236,GB36XQAV37171865880746,full_coverage,4.7,0
CL001189,Melissa Williams,Female,25,single,Mechanic,63832.28,771,GA,"7378 Patrick Rapid Apt. 146, Sarahhaven, KY 00837",001-315-272-7919x4096,GB91PBOL87771215134228,full_coverage,8.1,1
CL001190,Gail Nguyen,Male,24,divorced,Freelancer,40392.86,675,FL,"302 Willie Gateway Apt. 242, East Michaelfort, CA 63004",500-662-4220,GB45VJIY66872553681963,comprehensive,4.4,0
CL001191,Carlos Wall,Female,23,married,Mechanic,56873.23,548,GA,"13370 Morris Mountains, Jenniferside, FM 42686",4745911392,GB95NSNX49382683138003,comprehensive,0.3,0
CL001192,Kristina Rivas,Male,68,single,Software Engineer,86472.58,623,GA,"PSC 7361, Box 4047, APO AP 54771",394-356-1581,GB64AMWT94292231978958,liability_only,4.9,0
CL001193,Christine Banks MD,Male,54,single,Police Officer,55393.63,680,GA,"PSC 0898, Box 1072, APO AE 19889",001-227-547-8301x9441,GB83JYII25374249417858,full_coverage,5.0,1
CL001194,Paul Williams,Female,72,single,Manager,65210.12,753,IL,"310 Neil Cliff, North Kellybury, WA 78195",792.834.1024x250,GB14GDBM26844187768961,full_coverage,3.3,0
CL001195,Tammy Schultz,Male,39,married,Software Engineer,47140.36,602,IL,"620 Jackson Radial, Richardsonside, SC 12050",4145100825,GB92BMLD17682515288004,full_coverage,4.2,0
CL001196,Jennifer Johnson,Female,54,single,Manager,107074.11,633,IL,"050 Day Radial Suite 170, Davidton, WV 37570",430.687.8875x2632,GB31JDHH35802103770023,comprehensive,2.8,0
CL001197,Emily Taylor,Male,73,married,Truck Driver,73000.78,700,NC,"2741 Kennedy Center, East William, MO 05182",416-614-3543x491,GB26LVKO46433304030581,full_coverage,1.1,0
CL001198,Heather Palmer,Female,41,divorced,Freelancer,167579.19,710,TX,"62925 Jessica Ranch Suite 919, Kimmouth, ID 31723",812.793.8655,GB20VBFE08053847927951,comprehensive,8.5,1
CL001199,Clinton Strickland,Male,39,divorced,Retail Worker,38841.47,491,NC,"83591 Graham Roads Apt. 014, Lake Shawnhaven, IN 36486",5073716010,GB41OZHJ99632155339753,liability_only,0.2,0
CL001200,William Anderson,Male,44,divorced,Mechanic,33858.99,638,FL,"Unit 8612 Box 2400, DPO AE 18159",993-675-8183x50022,GB98AVQS75784235180264,full_coverage,4.2,0
CL001201,Mark Richards,Male,66,married,Retail Worker,37986.31,744,FL,"63447 Santos Ferry Suite 969, New Emily, GU 20255",5555157045,GB70AJHI94815988268744,full_coverage,0.4,0
CL001202,Michael Knox,Female,46,divorced,Freelancer,54591.54,747,OH,"029 Jeremy Brooks Apt. 810, New Christopher, DE 84766",607-655-9786x2163,GB98XXJH05344755082382,comprehensive,2.8,1
CL001203,Kim Davis,Male,74,married,Administrative Assistant,34726.7,678,NC,"7379 Rogers Park, Hunterborough, MI 34363",001-264-320-8737x530,GB02UHNU83147276012277,full_coverage,0.5,0
CL001204,David Bryant,Female,41,married,Truck Driver,42258.28,720,NC,"880 Perez Village Apt. 714, Walkermouth, LA 19178",+1-246-586-3872,GB37FGQH22704943274026,full_coverage,0.3,0
CL001205,Joshua Williamson,Male,54,married,Police Officer,38026.33,723,GA,"33108 William Rue, Jennifertown, GU 43201",001-614-638-8273x7490,GB17PCRU13240621461335,comprehensive,1.6,0
CL001206,Colin Cummings,Male,68,divorced,Freelancer,65468.33,537,FL,"5563 Mccoy Crest, Dannystad, NH 60061",+1-418-707-4922x39665,GB55WDUI19082745745659,comprehensive,3.7,1
CL001207,Lindsey Forbes,Male,63,single,Electrician,72407.7,648,IL,"37364 Nathaniel Fort Suite 121, Phillipton, NM 08371",+1-509-358-3042x8632,GB49BFML57474493667352,full_coverage,4.1,0
CL001208,Alan Wright,Female,56,married,Nurse,110778.83,674,FL,"0939 Joseph Ridge Suite 479, West Jeffery, VT 44536",(421)854-2626x7188,GB83XPBC36191667322177,comprehensive,2.8,2
CL001209,Leah Shepherd MD,Male,26,married,Student,63459.39,744,PA,"522 Justin Village, Hortonberg, WV 92977",001-982-599-7968x845,GB51CQME36903628917756,full_coverage,0.3,0
CL001210,Dr. Alexander Ramirez,Female,55,married,Mechanic,74973.09,581,CA,"6979 Heather Dam, Rossview, IA 75947",(306)930-0798x23389,GB66QPYG56392118781626,comprehensive,4.2,0
CL001211,Shannon Fox,Male,28,single,Chef,89937.79,673,GA,"105 Lewis Hills Suite 850, New Kellyview, NH 99804",+1-492-893-6166x29087,GB93RMHU67763966352736,full_coverage,7.9,1
CL001212,Richard Chavez,Male,24,married,Freelancer,50432.91,575,IL,"84138 Kimberly Ports Apt. 117, Sabrinaside, SD 17678",8793077988,GB68QFLN16640280280222,comprehensive,1.8,0
CL001213,Elizabeth Hughes,Female,37,single,Administrative Assistant,27029.33,634,TX,"1758 Sanders Falls Suite 570, Rebeccaside, AS 69959",339.423.8409,GB02YMTC76498577427359,liability_only,1.4,0
CL001214,Deborah Brown,Male,28,married,Truck Driver,21301.05,734,NC,"54720 Ryan Vista Suite 529, Stevensview, MH 62278",589-316-6807,GB61XBAC79776600220036,comprehensive,5.8,0
CL001215,Carlos Hunt,Female,78,married,Student,66463.55,713,IL,"2209 Garcia Green Suite 621, Lake Nicole, AK 22698",(740)494-1139x654,GB36KWKD76569836495092,comprehensive,1.4,1
CL001216,Jorge Gilbert,Female,47,married,Consultant,90077.29,588,PA,"03143 Richard Hills Apt. 288, Shelleyshire, RI 38516",409.590.6998x189,GB72ZPCB44907113646890,liability_only,7.2,0
CL001217,Janice Patel,Male,77,widowed,Retail Worker,29740.56,727,CA,"039 Douglas Unions Suite 790, Jamesside, WA 65980",918-595-3429x70397,GB32HQAA41432694410423,comprehensive,2.8,0
CL001218,Tara Johnson,Male,63,single,Retail Worker,69153.32,722,GA,"Unit 8658 Box 6233, DPO AA 74138",981.793.4211x4746,GB13PHFW51415617312432,liability_only,0.1,0
CL001219,Kevin Armstrong,Female,34,widowed,Consultant,78677.53,529,MI,"617 Williams Islands Apt. 005, Meyerview, DE 59345",(673)340-6975,GB65HYFM30150892298309,full_coverage,0.3,1
CL001220,Bernard Walker,Male,64,divorced,Sales Representative,35343.9,599,IL,"5038 Bonilla Parks, New Kenneth, AZ 54261",(787)334-5129,GB20TOVV28558679316027,liability_only,2.3,1
CL001221,Christina Blair,Male,78,married,Truck Driver,42856.82,744,OH,"5612 Victoria Lodge Suite 521, North Heathermouth, IL 10866",(315)366-7859x7134,GB19ETEU88104238524796,full_coverage,3.0,1
CL001222,Roy Roberts,Female,26,married,Mechanic,100084.77,668,GA,"4885 Paul Causeway Suite 398, Robertsonside, PA 76328",001-449-884-4060,GB44SYBS59405219899020,liability_only,5.6,0
CL001223,Kathleen Jimenez,Male,36,single,Nurse,82154.73,706,OH,"3029 Jamie Loaf, Colestad, FL 74472",492.753.8412x7913,GB22HHEW58884041627422,comprehensive,0.4,0
CL001224,Michael Rodriguez,Female,39,married,Student,46769.17,652,OH,"4485 Dustin Hills Suite 101, Collierland, FM 00963",813.277.9730x9514,GB67OGPF04032404401217,full_coverage,0.0,0
CL001225,Tina Mccarty,Female,65,single,Retired,27390.85,646,OH,"28749 Solis Gardens, East Blakechester, SD 36648",(890)843-1286,GB31OOLM46983633209481,comprehensive,1.2,1
CL001226,Ryan Lee,Male,36,married,Police Officer,116779.91,722,FL,"870 Katelyn Light, New Terrenceton, WY 82851",001-627-839-2467x831,GB92IFKY08823243969647,liability_only,0.1,0
CL001227,Katherine Avery,Male,19,single,Student,53003.22,781,NC,"9292 John Dam, Stacyfurt, CA 68267",380-401-6494,GB71TWOY51811698173748,liability_only,0.9,1
CL001228,Cathy Hancock,Female,21,married,Business Owner,108304.11,766,IL,"7604 Brown Drive Suite 142, Edwardsberg, NE 09719",(804)264-3007x2476,GB16LYWG13978374766937,comprehensive,0.7,1
CL001229,John French,Male,65,single,Mechanic,99737.54,706,MI,"2784 Gregory Plain, Bowmanville, DC 99338",001-682-361-2499x8779,GB18SJWB68127561040867,liability_only,2.3,2
CL001230,Chelsea Morris,Female,32,single,Mechanic,59414.52,604,PA,"481 Nicholas Estate Suite 716, Sabrinaborough, SC 99673",001-286-951-2054x152,GB25QNYJ77016962023362,liability_only,3.1,0
CL001231,Andre Watson II,Female,61,married,Police Officer,107037.4,678,CA,"Unit 7546 Box 9137, DPO AE 53869",349.829.2983,GB32WYNL32863266678507,comprehensive,3.0,1
CL001232,Christine Kennedy,Male,66,married,Retail Worker,130232.02,815,NC,"235 Huffman Lakes Apt. 290, Michaelshire, AS 54973",285.295.2405,GB62IKZC06660588095924,full_coverage,0.2,1
CL001233,Mark Delgado,Female,75,married,Consultant,48757.05,735,GA,"25702 Daniel Plains, Powellton, GA 71143",+1-328-914-9896x569,GB73RDYL48361153833664,comprehensive,0.4,1
CL001234,Craig Owens,Female,39,married,Warehouse Worker,108332.84,724,FL,"42678 Burnett Unions, Hamiltonland, CT 43635",(968)816-0964x057,GB96NAYY17829614730748,comprehensive,0.6,0
CL001235,Brittany George,Female,80,married,Freelancer,50553.99,513,FL,"3019 Weber Ways, Randallstad, WY 20489",674-556-5898,GB51ZRNR44380684145795,comprehensive,2.4,0
CL001236,Dr. Robin Griffith PhD,Male,78,married,Police Officer,114712.26,657,OH,"6799 Day Pines, West Sarahland, ID 85555",8236276391,GB82YTPG97687659647181,liability_only,9.9,1
CL001237,Karen Arellano,Male,56,widowed,Freelancer,44285.06,743,PA,"107 James Rapid Apt. 869, Villaland, MI 16652",462-969-6967,GB03DSZA21287809280414,full_coverage,1.8,0
CL001238,Jonathan Jones,Male,33,married,Administrative Assistant,37426.47,610,NC,"67897 Robert Crest, Tammyshire, CO 84174",870-612-9839x4541,GB89MAPV15006652853004,full_coverage,22.1,0
CL001239,John Valdez,Female,34,widowed,Business Owner,41078.51,678,MI,"222 Michelle Center Apt. 659, Lucasport, SD 15619",942-401-8034x2068,GB11CPAI66870817962116,comprehensive,0.4,0
CL001240,Mr. Andrew Price,Male,52,married,Student,120504.35,709,CA,"5998 Julie Spring, South Elizabethstad, ND 90131",836-362-2208,GB03VAED30509639947834,liability_only,6.0,2
CL001241,Andrea Adams,Female,67,single,Construction Worker,33526.39,668,NY,"7407 Schaefer Inlet, Justinville, TN 61724",(466)761-9621x323,GB97ADVS76103216580872,comprehensive,0.9,2
CL001242,John Johnson,Male,40,single,Business Owner,84512.91,748,MI,"193 Sarah Circle, West Matthewhaven, CO 52229",+1-272-791-9304x20185,GB98FPHD18765672241286,full_coverage,0.9,0
CL001243,Monica Lyons,Male,49,divorced,Electrician,80664.04,605,OH,"USNV Martinez, FPO AE 89200",001-459-692-2249,GB08IZIA66159222097648,liability_only,1.8,1
CL001244,Juan Goodman,Male,70,married,Software Engineer,73116.9,669,TX,"569 Paul Ports Apt. 406, New Saraside, TX 94798",001-606-298-0420x439,GB21JAUT00348645183760,liability_only,1.6,0
CL001245,Hannah Beard,Male,55,single,Police Officer,33829.52,702,FL,"3211 Jackson Keys, Fitzgeraldstad, CA 67576",(208)908-6178,GB16DGKH84732420570365,liability_only,12.0,1
CL001246,Jacqueline Lopez,Female,27,married,Administrative Assistant,60948.88,806,OH,"279 Carolyn Squares Suite 699, Port Chadmouth, FL 11762",+1-937-202-6167x1672,GB64EEXJ10262108308320,liability_only,1.4,1
CL001247,Tracey Lane,Male,78,single,Retail Worker,40883.88,687,CA,"193 Bridges Tunnel, Lauriebury, CO 89278",589-923-0731,GB49ESRQ72877130423876,liability_only,0.9,2
CL001248,Alison Matthews,Male,66,married,Student,58595.38,606,OH,"796 Moore Mount Suite 097, Edwardbury, MP 77437",+1-713-385-4131x744,GB21ZSLI42334402588551,comprehensive,4.7,1
CL001249,Joseph Hernandez,Female,24,married,Software Engineer,22512.3,694,GA,"08748 Sanchez Junction Suite 460, Beckermouth, KS 65960",475.638.8176x8353,GB31PQCZ10162198974469,liability_only,1.7,0
CL001250,Christina Barnes,Male,33,single,Business Owner,45893.83,625,MI,"164 Jennifer Brook Suite 044, Darrenfurt, LA 75988",(930)666-1901,GB71ZQJF52467193064739,full_coverage,2.0,1
CL001251,Joseph Gomez,Male,51,married,Administrative Assistant,52342.1,762,MI,"43595 Joe Fork, Lake Sarahstad, PW 35681",723.324.6935,GB38NTPR83777204397188,full_coverage,0.7,0
CL001252,Denise Marshall,Male,57,single,Truck Driver,103518.28,700,IL,"965 Campbell Knoll Suite 392, Andrewborough, KY 64325",(496)745-4406x68994,GB51GFQG69308011872139,full_coverage,0.0,1
CL001253,Chelsea Smith,Female,34,widowed,Business Owner,58991.56,590,GA,"6572 Amanda Shores, South Jessicaland, ND 56812",791-236-4069,GB54ZLXC84047735031884,liability_only,2.2,2
CL001254,Sandra Brown,Other,51,married,Accountant,35133.36,671,CA,"556 Lorraine Forks, Russelltown, GU 24587",452.317.9211,GB43HAWK10271905814796,liability_only,0.4,1
CL001255,Michelle Bennett,Female,42,single,Chef,41157.99,629,IL,"94797 Avery Pine, Jessicaborough, KS 84803",(545)282-9546x3733,GB70BHXA47166234253012,comprehensive,0.1,0
CL001256,Rhonda Lara,Male,20,single,Accountant,41340.46,769,NC,"11295 Brett Shore, New Troyport, CT 40262",(956)763-7070x4373,GB78CIHL35546222847660,full_coverage,1.1,1
CL001257,John Casey,Female,47,single,Truck Driver,68810.45,678,NC,"PSC 9091, Box 2619, APO AE 49459",+1-615-214-1859,GB21BJQT65608469544956,comprehensive,0.8,0
CL001258,Susan Summers,Female,64,married,Electrician,114972.37,645,IL,"83727 Dwayne Course Suite 423, Smithtown, HI 21839",240.601.5229,GB77AUCL07629420121722,full_coverage,3.9,0
CL001259,Eric Scott,Male,55,single,Electrician,81502.6,675,IL,"1985 Bryant Passage, Clarkville, TN 94249",372.530.7357,GB20MXCQ77497895352585,liability_only,0.2,0
CL001260,Rhonda Morris,Female,37,divorced,Truck Driver,62056.58,758,CA,"54143 Noble Heights Apt. 872, Joeside, NY 39058",+1-760-264-1442,GB87SVMS33757901550880,full_coverage,3.7,0
CL001261,Christina Morgan,Female,26,single,Business Owner,94487.11,794,GA,"62218 Chelsey Expressway Suite 532, Jensenmouth, VI 28975",649-921-6433,GB68DLCY18567243807017,liability_only,1.4,0
CL001262,Devon Smith,Male,45,married,Freelancer,42593.41,670,TX,"653 Williams Way, Thomashaven, FM 08566",+1-685-668-3505x183,GB48AFOL54701429503369,full_coverage,2.9,0
CL001263,Joshua Evans,Male,79,married,Accountant,93602.76,645,CA,"04549 Courtney Village, Paulfurt, MN 25085",893-209-6663x4916,GB04LXKP73904554362331,liability_only,7.1,1
CL001264,Lori Bowers,Female,49,single,Teacher,80244.71,658,PA,"108 David Canyon, New Tracy, ID 95757",+1-800-977-8981,GB12AWNM68843316509833,full_coverage,0.6,2
CL001265,Andrea White,Female,34,divorced,Administrative Assistant,15656.2,572,NY,"014 Michael Flats Apt. 469, Timothybury, NY 37447",395.737.2580,GB88YHVL84962003230201,liability_only,0.0,1
CL001266,Lisa Gray,Female,33,single,Warehouse Worker,25391.0,620,NY,"17385 Norris Lakes Suite 051, Port Janemouth, PR 89164",(214)626-6244x3677,GB43UYWC10800264913597,liability_only,1.6,0
CL001267,Troy Fox,Male,71,single,Manager,75552.69,675,MI,"2527 Garner Course Suite 791, West Kimberlymouth, HI 47440",(256)233-7343x48891,GB48YYAA24201277606625,full_coverage,3.6,0
CL001268,Jacqueline Blake,Female,79,married,Warehouse Worker,78726.93,706,MI,"44474 Caroline Mountain Suite 252, New Ericaburgh, NJ 80936",+1-840-347-8913x671,GB23POVR71667417132231,liability_only,6.6,0
CL001269,Matthew Clarke,Male,32,single,Consultant,71943.01,587,NY,"33098 Williams Walk Apt. 429, Karafort, AR 38796",+1-673-844-4634x647,GB68KSDH11015221815958,comprehensive,0.2,0
CL001270,Carla Coleman,Female,71,divorced,Teacher,38161.31,635,NC,"Unit 8866 Box 0882, DPO AE 19918",751.613.9522,GB78SVZJ57031768101324,full_coverage,1.7,0
CL001271,Samuel Lopez,Male,41,single,Police Officer,83773.24,691,CA,"42375 Dodson Station Suite 451, Malonebury, WV 84561",701.965.4876,GB41QCLX91665517286421,comprehensive,6.3,1
CL001272,Jessica Macdonald,Male,72,married,Retail Worker,95243.85,661,NC,"7222 Rivera Courts, Mccarthymouth, CO 50889",241-680-5400x8538,GB03YFAY79619909798965,full_coverage,5.7,0
CL001273,Melissa Perez,Male,20,divorced,Sales Representative,142603.57,765,CA,"87815 Odonnell Square Apt. 671, Ibarrachester, NJ 06939",250-339-9648,GB30EUQL79401541506898,liability_only,8.5,0
CL001274,Brian Tran,Female,64,single,Construction Worker,83298.14,597,IL,"787 Joseph Centers Suite 149, Linmouth, MN 60535",+1-516-895-4023x13426,GB64STLO13957001684512,liability_only,1.7,0
CL001275,Devin Mccoy,Female,36,married,Police Officer,31207.61,560,TX,"789 Bradley Plain, West Jessicafurt, GU 07229",709-562-6292x259,GB84ONFD09853272720667,comprehensive,2.7,0
CL001276,Donald Perkins,Female,29,single,Retail Worker,32712.53,733,CA,"03753 Rowe Landing Apt. 883, Lake Richardberg, OK 34626",317.304.9672x94279,GB25NGOW98004720288823,full_coverage,0.1,0
CL001277,Kristina Grimes,Male,43,married,Electrician,58559.66,575,PA,"0152 Parks Grove Suite 310, New Ashley, AS 19202",403-767-4009,GB56YVXI27098318180343,liability_only,7.0,0
CL001278,Jesus Turner,Male,45,divorced,Electrician,84400.11,622,NC,"54508 Sandra Route, Ginaside, AS 93537",(685)481-9748x8467,GB39FGFZ86425046471742,comprehensive,1.3,1
CL001279,Robert Stephens,Male,72,married,Retail Worker,43451.09,675,GA,"PSC 4066, Box 1245, APO AE 11433",360-812-4181,GB12BOMF10969262168472,full_coverage,14.5,0
CL001280,Brooke James,Female,53,single,Electrician,84735.29,586,TX,"09244 Hunter Knolls Suite 056, Mitchellshire, AS 52119",001-917-224-7273x1889,GB45NBJI62037445719916,comprehensive,2.1,3
CL001281,Christina Hale,Male,80,single,Warehouse Worker,101856.62,739,OH,"909 Robert Prairie, Sarahborough, TN 94373",001-702-216-9797x296,GB17WJOU29277423330591,liability_only,1.8,0
CL001282,Angela Thomas,Male,79,married,Warehouse Worker,97085.56,740,OH,"7378 Patrick Rapid Apt. 146, Sarahhaven, KY 00837",(560)983-3181x958,GB59CKEW73230085766656,comprehensive,5.6,0
CL001283,Donald Ford,Female,76,married,Police Officer,60233.65,759,MI,"80981 Sanchez Meadows Suite 203, Brookeville, MT 40768",419-678-5210,GB06XMSM74930919249034,full_coverage,9.3,0
CL001284,Rachel Mosley,Male,71,married,Freelancer,95380.58,682,NC,"4663 Miller Parkway Apt. 120, Clarkstad, NM 47253",+1-699-879-4975x6756,GB43VNPM67491348169403,full_coverage,2.1,0
CL001285,Richard Martin,Female,43,married,Software Engineer,159091.85,722,MI,"532 Griffith Heights Apt. 146, North Allenshire, NY 25620",890-205-8198x36514,GB30KTVC83765397900578,comprehensive,5.3,0
CL001286,David Smith,Male,72,married,Manager,33529.32,554,IL,"95035 Leach Landing Apt. 364, East Jessicaport, HI 95928",(408)359-5031,GB24LKSL99592419716655,full_coverage,1.0,1
CL001287,Claire Patrick,Female,25,single,Nurse,155759.16,623,CA,"70328 Ellen Drive, Jamesborough, MO 09781",349-317-9216x5148,GB55DJNR72611737021538,liability_only,0.3,0
CL001288,Stacey Bell,Male,18,married,Mechanic,63921.01,758,PA,"9967 Christopher Shores Apt. 213, Lake Priscillaburgh, ME 26436",566-662-9136x215,GB40IAYM01461205849844,full_coverage,0.0,0
CL001289,Jacqueline Montgomery,Female,69,married,Warehouse Worker,42025.34,470,IL,"74813 Mike Forest, South Rebekah, KY 08759",751.780.0756x582,GB52IQXH86861235879050,liability_only,3.7,0
CL001290,Daniel Park,Male,41,married,Truck Driver,23471.33,686,CA,"94856 Paul Lodge Suite 313, Goodmanhaven, MO 32881",389.475.4701,GB09CJGW59393942728288,liability_only,0.1,1
CL001291,Gregory Butler,Male,81,single,Mechanic,39785.88,704,NY,"40287 Torres Mountain Apt. 648, East Johnfort, NC 21271",+1-692-544-2350x688,GB44YSHS39606263823919,comprehensive,1.5,0
CL001292,Edward Nielsen,Female,79,single,Construction Worker,72686.09,757,GA,"5456 Michelle Shore Apt. 868, Wardburgh, NJ 78808",+1-948-912-9645x482,GB28DSXX59119941364477,full_coverage,1.1,1
CL001293,Brent Daniels,Male,31,single,Consultant,61383.45,715,MI,"83727 Dwayne Course Suite 423, Smithtown, HI 21839",851-386-4065,GB67TCSW84772697071080,comprehensive,1.1,0
CL001294,Nicole Little,Female,75,single,Freelancer,69208.07,837,CA,"6365 Melissa Forge Suite 047, Lake Frankmouth, WV 16639",+1-325-506-8212x0358,GB92YTUV79519624524055,full_coverage,12.2,1
CL001295,Julie Hall,Male,20,married,Freelancer,30721.64,644,MI,"988 Rowe Knolls, Port Gavin, FL 80637",670.425.9845x855,GB78FBKJ87291298967335,liability_only,2.5,2
CL001296,Melissa Bryant,Male,59,divorced,Chef,41748.05,701,NY,"323 Adam Club Suite 195, Nancyfort, WY 56884",729.851.6621,GB29UPIZ86374703036638,full_coverage,5.2,0
CL001297,Michael Anderson,Female,39,single,Mechanic,51698.58,751,CA,"75840 Perez Track Apt. 886, Amyburgh, HI 66933",276.717.2746x00341,GB50RZRF87035171994974,full_coverage,2.3,0
CL001298,Ryan Mcneil,Female,66,married,Mechanic,30365.57,666,CA,"4407 Danielle Springs, Jeremyport, MT 14444",455-252-4027,GB74DLRC13083953116951,comprehensive,4.9,1
CL001299,Cameron Dyer,Female,47,single,Manager,56563.19,585,FL,"Unit 3450 Box 8960, DPO AP 63446",837-266-7080,GB28NBKW06405118328401,full_coverage,4.7,1
CL001300,Molly Williams,Female,24,single,Manager,89214.76,743,TX,"89353 Shawn Streets Apt. 461, Rachelstad, GA 20828",411-834-1481x2689,GB45LRWH52738396885606,liability_only,3.7,0
CL001301,Wendy Adams,Female,48,married,Retail Worker,64249.71,673,IL,"0931 Vasquez Shores Suite 591, Lake John, WA 33648",694-693-0784x578,GB50TUXB23077146502860,comprehensive,4.5,1
CL001302,Yvette Romero,Female,62,divorced,Accountant,51855.28,641,NC,"92711 Graves Fords, South James, GA 64684",783-557-5412,GB34YVEL67211951109452,comprehensive,3.7,0
CL001303,Steven Fox,Male,38,divorced,Software Engineer,49436.94,718,TX,"281 Mark Turnpike Suite 774, Burnsburgh, WA 37187",331-142-8198,GB23JHCZ67584252679679,liability_only,6.1,0
CL001304,Andrea Williams,Male,32,single,Chef,36537.26,750,IL,"USNS Thomas, FPO AA 93756",399-303-7773,GB42AZFK37593358515149,full_coverage,4.7,0
CL001305,Matthew Simpson,Male,35,divorced,Warehouse Worker,119622.53,765,MI,"PSC 6723, Box 9798, APO AP 11178",788-721-0760,GB89KRVU70425377696732,liability_only,4.3,0
CL001306,Stacy Matthews,Male,73,single,Nurse,70039.59,642,PA,"28737 Jason Burgs Suite 712, South Melissachester, HI 79537",(868)727-3428x9042,GB40XVJJ60688958993219,comprehensive,1.1,2
CL001307,Ronald Yang,Other,38,divorced,Construction Worker,47702.39,695,TX,"4217 Forbes Hills, Robertstad, WA 02354",846-624-0441x6316,GB85DPBB03379047421206,comprehensive,2.3,2
CL001308,Megan Smith,Male,59,single,Chef,47389.15,617,NC,"856 Karen Stream, Lake Tylerhaven, FM 66941",407.424.2075x30877,GB28MTNY67349586015008,full_coverage,2.3,0
CL001309,Justin Blake,Female,20,married,Student,24417.78,771,GA,"651 Mosley Turnpike Apt. 127, Lake Carriemouth, FL 53687",571-986-7096,GB95EACY64854713325819,full_coverage,2.4,0
CL001310,Christine Spencer,Female,52,married,Consultant,67370.1,648,CA,"43625 Bradley Skyway, Johnbury, AL 45537",+1-818-876-2404,GB87CACB61958161893298,liability_only,5.0,2
CL001311,Corey Patterson,Female,54,single,Construction Worker,53837.45,717,PA,"5018 Anna Points, Nancybury, GU 61303",336-412-5142x6189,GB90JCKW21219338730060,full_coverage,0.5,0
CL001312,Marie Montoya,Female,31,divorced,Manager,51318.59,715,NC,"573 Newton Mountain Suite 641, New Brittanyport, MN 18575",8726594037,GB30SJWC33098455225549,liability_only,2.4,0
CL001313,Rhonda Jackson,Female,36,married,Sales Representative,108637.42,655,MI,"1363 Michael Island, Gatesbury, IL 96776",330.556.1311,GB77PEGW67908213522111,liability_only,2.1,0
CL001314,Kevin Blackburn,Female,65,married,Police Officer,50639.17,692,OH,"799 Nicole Ford, New Deniseland, ID 68169",+1-891-398-6020x8289,GB51RDIH35862835880588,full_coverage,0.4,0
CL001315,Jodi Hopkins DVM,Female,24,single,Freelancer,44199.19,648,NY,"6879 Gregory Haven, Greenburgh, ID 86495",(498)264-8409x270,GB95ZPLI22489801476898,liability_only,1.3,3
CL001316,Robin Summers,Male,63,single,Student,84916.17,541,NC,"08330 Robert Stravenue, Garciaberg, AL 72636",001-681-779-4695,GB93DSYA83342801387592,comprehensive,0.3,1
CL001317,Michael Webster,Female,76,single,Nurse,48854.19,521,NC,"8668 Joshua Tunnel Apt. 484, Sylviamouth, IA 55732",393.326.3345x708,GB25PLSM61446658490895,liability_only,3.3,1
CL001318,Anthony Williams,Female,32,single,Manager,59889.85,657,NY,"107 James Rapid Apt. 869, Villaland, MI 16652",250-339-3448,GB03DSZA21287809280414,full_coverage,4.2,1
CL001319,Melissa Hines,Other,56,married,Business Owner,54254.55,689,PA,"7433 Fitzpatrick Port Suite 055, Kristineville, UT 88597",633.843.1727,GB22WHDQ85340261015852,liability_only,5.9,2
CL001320,Steven Clark,Male,39,married,Chef,29827.44,794,OH,"857 Robertson Plaza Suite 620, Maryberg, AK 98765",001-611-286-6827x263,GB65CYQR14977418182715,comprehensive,1.0,4
CL001321,Raven Wilkerson,Female,18,married,Truck Driver,46361.17,585,OH,"482 Steven Square, West Jason, PA 34991",(935)671-8868x35473,GB38KODJ72747931980712,liability_only,2.3,0
CL001322,Jeff Hunt,Female,22,single,Consultant,64401.94,639,NC,"107 James Rapid Apt. 869, Villaland, MI 16652",250-339-3052,GB49EHLS06328775548400,comprehensive,2.0,2
CL001323,Barry Smith,Female,42,married,Electrician,31111.32,712,NY,"USCGC Garza, FPO AP 68404",476-901-9666x79399,GB02RVGM07989097892079,full_coverage,2.5,0
CL001324,Cynthia Cantrell,Female,25,married,Business Owner,60243.13,727,CA,"13624 William Field, New Matthewberg, VT 93149",(746)674-4563x2250,GB37UMOX88488059547420,full_coverage,1.5,1
CL001325,Joseph Hudson,Female,18,divorced,Teacher,31126.5,671,GA,"71424 Erica Shoals Apt. 137, Lake Joseph, GA 70682",+1-540-796-9657,GB07HUOK12207215980560,comprehensive,13.4,0
CL001326,Clinton Adams,Female,77,married,Chef,66374.2,675,NC,"13378 Brian Plain, Alexchester, KY 19954",001-538-455-5079,GB08YYAB82244913061085,liability_only,5.7,0
CL001327,Robert Brown,Male,63,single,Truck Driver,77142.44,659,FL,"4064 Nicholas Coves, New Derekburgh, LA 15271",429.550.1023,GB18XFXY13992858142735,comprehensive,0.1,2
CL001328,Chad Reeves,Male,21,married,Warehouse Worker,33551.57,650,MI,"1019 Walker Divide, North Markfort, NY 84587",928-314-3519x4199,GB45PNHA19115431670141,comprehensive,2.0,1
CL001329,April Buckley,Female,37,married,Business Owner,61193.87,656,OH,"64562 Crystal Ridges, Lake Gregory, NM 25465",400-478-3435,GB89VTOD85017437264425,liability_only,2.0,1
CL001330,Frank Harris,Male,34,married,Administrative Assistant,27516.42,796,TX,"9707 Allen Point, Delacruzhaven, NJ 72734",(819)320-2285x40402,GB68NMZQ45015622584819,liability_only,0.8,1
CL001331,Jennifer Roberts,Female,78,divorced,Warehouse Worker,39174.58,720,GA,"781 Mccullough Camp, Elizabethchester, ME 80792",001-571-672-9126x98153,GB66LHGR43092697883310,liability_only,3.0,0
CL001332,Mrs. Patricia Williams,Male,58,married,Construction Worker,58859.95,593,NY,"56459 Tina Green, Brettside, AS 47445",(659)451-9743x95044,GB91YVAS54554912831179,liability_only,6.2,0
CL001333,Tanya Silva,Female,34,married,Teacher,24211.61,678,FL,"PSC 2283, Box 2995, APO AP 66159",242.679.6304x955,GB87ORUV64163882810592,full_coverage,2.1,0
CL001334,Christopher Martinez,Female,60,widowed,Truck Driver,67456.4,793,NC,"PSC 9462, Box 3116, APO AA 48891",500-662-6245,GB17LMJA75569414673592,full_coverage,3.6,0
CL001335,Christie Shelton,Female,33,divorced,Construction Worker,30942.15,685,FL,"7741 Martinez Viaduct, Knappstad, MT 90608",(857)364-0633x6558,GB89ODCB69679693924962,comprehensive,5.0,2
CL001336,Drew Henderson,Male,75,married,Accountant,39331.35,608,MI,"PSC 8515, Box 6283, APO AA 78946",001-947-874-1733x36010,GB56PMYV05345035816549,full_coverage,3.7,0
CL001337,Kimberly Bartlett,Female,19,married,Freelancer,18326.3,643,PA,"84648 Bennett Pike Suite 764, Lloydtown, IL 49762",924.328.6622,GB12TUEC73665667390607,liability_only,2.4,0
CL001338,Kathleen Simpson,Female,78,divorced,Warehouse Worker,67970.37,634,NY,"5761 Stevens Meadows, Gomezfort, SC 15994",(440)622-6123x49457,GB80WITC76482614810995,full_coverage,2.6,0
CL001339,Karen Roman,Male,79,married,Consultant,36144.01,694,CA,"USNS Harris, FPO AP 02718",203.731.5667x0533,GB31CTRG86069624989569,full_coverage,0.3,0
CL001340,Andrew Lee,Male,69,married,Administrative Assistant,87488.21,603,OH,"USCGC Baxter, FPO AP 50951",380.840.4416,GB53MUUV13063548539610,full_coverage,4.0,0
CL001341,Jose Smith,Female,39,single,Warehouse Worker,58986.14,700,OH,"7498 Ward Station, Kimberlyton, GA 39836",001-793-687-1389x92793,GB34YIVI58905730199526,full_coverage,4.1,0
CL001342,Donald Gomez,Female,50,married,Chef,111231.7,626,CA,"5663 Lewis Knolls, East Zacharyland, MT 26112",899.563.1733x385,GB94MSYU57001503431629,liability_only,0.3,0
CL001343,Nicholas Sullivan,Female,63,married,Administrative Assistant,24003.96,693,TX,"3357 Kim Extensions, West Tonyberg, GU 09526",986.406.8289,GB39ZVVQ70245645310769,full_coverage,0.2,0
CL001344,Karen Smith,Female,76,married,Business Owner,92353.86,578,TX,"USCGC Williams, FPO AP 57669",344.735.9345x716,GB40UUNG36061013231230,comprehensive,0.6,0
CL001345,James Moore,Female,79,married,Electrician,31393.57,629,OH,"7962 Bell Canyon Suite 964, North Emilyfurt, MN 67752",001-943-497-3598x9334,GB52QDQN61794549180172,liability_only,3.9,1
CL001346,Jessica Murillo,Female,34,married,Freelancer,54165.48,615,OH,"910 Eric River Apt. 147, Tuckermouth, MT 36305",+1-327-223-8656x24220,GB64ZUUC80715695620175,comprehensive,1.5,0
CL001347,Brandon Wheeler,Female,36,single,Truck Driver,250655.14,653,IL,"34206 William Ridge Suite 804, West Patricia, OH 43767",316-688-3921,GB76ZHUM78587334667668,full_coverage,1.3,0
CL001348,Daniel Riddle,Female,61,single,Sales Representative,66458.61,614,GA,"0387 Roberts Meadows, Jessemouth, AK 69289",925.670.4455x42835,GB18FDBS43805479489830,liability_only,2.1,0
CL001349,Kelly Greer,Male,45,single,Teacher,36964.5,490,MI,"753 Donna Stream, Katiemouth, WV 56033",512-713-7869,GB41JXQU94338053634716,liability_only,1.6,0
CL001350,Andrew Norman DDS,Male,20,married,Software Engineer,35611.54,726,CA,"USS Cooper, FPO AP 92592",245-929-2582x4914,GB75IKSF18931058768694,full_coverage,0.7,0
CL001351,Ana Mahoney,Female,76,single,Nurse,41757.35,623,NC,"7141 Mccullough Spring Suite 410, Richardborough, FM 17501",(924)863-0257x86535,GB43NMOG60321124586154,liability_only,1.1,0
CL001352,Mr. Jonathon Eaton,Male,75,divorced,Retail Worker,50710.32,790,OH,"PSC 1851, Box 9968, APO AE 91009",(576)928-9082,GB98DALS60233980473272,full_coverage,4.9,2
CL001353,Connor Browning,Male,58,single,Chef,85835.0,591,NY,"116 Maurice Loaf Suite 185, North Josephmouth, NV 61542",863-415-9380,GB47UXOQ61189192834402,comprehensive,0.4,0
CL001354,Micheal Williams,Female,58,single,Police Officer,154477.46,669,CA,"8897 Walters Forest, Debbieton, PR 67226",984-720-4954x92876,GB14NOKH86688145392413,comprehensive,2.4,0
CL001355,Christina Harris,Female,72,married,Sales Representative,27689.53,797,TX,"408 Caroline Hills Suite 489, Port Tammietown, NC 39382",(373)759-9192,GB39PVQN44829612052870,comprehensive,0.9,0
CL001356,Kenneth Bennett,Female,66,single,Police Officer,68958.16,763,NC,"Unit 6521 Box 2256, DPO AE 33586",837-862-9206x6545,GB82ZPBG70701095575388,liability_only,0.1,1
CL001357,Betty Cooper,Male,55,single,Construction Worker,72669.69,759,NC,"371 Thomas Trail Apt. 856, Lake Bryanfort, MP 72130",388-875-8158,GB98EHTG78408719571562,full_coverage,3.3,0
CL001358,Alexandra Williams,Female,46,single,Electrician,30923.45,592,FL,"194 Ryan Isle Suite 859, Port Brianmouth, PW 01042",+1-461-946-3910,GB11UJFG78376231470126,liability_only,0.1,0
CL001359,Nicole Ware,Female,50,single,Sales Representative,165047.15,704,TX,"PSC 2926, Box 6923, APO AA 18068",8135421487,GB46AEWS86281180319688,full_coverage,0.0,1
CL001360,Jacob Jones,Male,67,single,Construction Worker,58775.38,676,OH,"637 Griffin Pike, West Mark, RI 16828",+1-487-481-3391x723,GB11UYHT27541387055440,full_coverage,0.3,1
CL001361,Gabriela Phillips,Other,51,single,Business Owner,74687.35,677,MI,"41369 Lisa Bypass, Lake Danielle, OR 80986",841-907-1787,GB25YLXG60045457942753,liability_only,3.2,1
CL001362,Jesse Martin,Male,39,widowed,Chef,37094.62,714,FL,"72444 Cummings Crest Apt. 269, Shariport, SD 84011",769.720.0912,GB73HJXB29708953897064,full_coverage,1.1,0
CL001363,Daniel Hensley,Male,70,single,Retired,80109.0,603,TX,"8263 James Crossroad Suite 610, Jennifershire, SC 79111",+1-731-380-4479x4050,GB43KSIT06035627061050,full_coverage,2.7,1
CL001364,Randy Garcia,Male,22,married,Sales Representative,42064.0,727,NC,"72817 Cowan Greens Apt. 898, Thomasmouth, MN 86587",511.554.5164,GB87WUSQ28836700974188,full_coverage,4.0,0
CL001365,Richard Hammond,Female,81,married,Retail Worker,81177.46,698,PA,"571 Morrow Roads Apt. 075, Mariaside, MT 85726",565-484-1300,GB12FANJ62066729836194,liability_only,6.3,1
CL001366,Misty Johnson,Female,80,single,Truck Driver,56060.51,797,IL,"638 Gregory Inlet, Port Natalie, OH 07649",315.912.2658,GB57OFSU25783636812305,full_coverage,1.4,0
CL001367,Brittany Murphy,Female,18,married,Sales Representative,61062.73,507,MI,"18123 Timothy Pine, Port Charlesberg, GA 11944",(243)965-2101,GB92ZUIK20500991197158,comprehensive,2.9,1
CL001368,Robert Burton,Male,20,single,Electrician,35931.96,745,CA,"0412 Jessica Junctions, Port Charlesburgh, MH 66517",950.582.6703x909,GB45RAOT91493719104514,full_coverage,6.5,0
CL001369,James Medina,Male,65,single,Teacher,58032.2,564,NY,"5610 Peters Underpass, Amberbury, MA 78639",227-753-6247,GB84FYHV34750917835636,comprehensive,6.4,1
CL001370,Debra Johnson,Female,37,married,Sales Representative,70264.56,711,NY,"588 Craig Landing Suite 771, Holdenmouth, MP 59655",(476)262-7106x104,GB43HAPG53868281597800,full_coverage,1.2,2
CL001371,Tara Pearson,Female,58,married,Teacher,40534.61,736,TX,"9008 Sanchez Station, Murphyton, WA 58012",881-844-4394x4692,GB63FNYG95198138334941,comprehensive,6.2,1
CL001372,George White,Female,43,married,Truck Driver,103985.35,691,NY,"Unit 9579 Box 8687, DPO AE 97973",247-201-2045x5611,GB63MIJC34327560417765,full_coverage,2.6,0
CL001373,Sarah Moore,Male,74,single,Software Engineer,59020.63,577,OH,"35899 Wilson Valleys Suite 001, North Darren, GU 88737",+1-578-271-8797x8929,GB84SBYO72584009062509,full_coverage,2.6,1
CL001374,Denise Bush DDS,Male,52,single,Accountant,28134.38,766,MI,"8902 Figueroa Street, Port William, WI 98874",+1-273-478-4070x419,GB22IDNV17723797309053,liability_only,1.2,0
CL001375,Chloe Brown,Female,28,married,Manager,81725.98,524,GA,"1864 Smith Pines, Joycemouth, AZ 22858",813.774.4715,GB91BGPD50074883826820,liability_only,0.6,1
CL001376,Andrew Love,Female,79,single,Freelancer,183648.75,695,OH,"2620 Hopkins Springs, Jenningsshire, MN 93857",957.518.6972x5006,GB69NKZQ79492315110817,full_coverage,4.6,0
CL001377,Angela Perez,Male,39,divorced,Retired,156981.54,734,CA,"093 Coleman Creek, Mercerstad, NY 66987",988-337-6061,GB96ELKW07584939178264,comprehensive,1.9,1
CL001378,Rachel Frye,Female,18,divorced,Administrative Assistant,80722.92,679,MI,"3402 Watts Vista Suite 991, New Stephenville, NM 41632",(463)257-9038x18683,GB43AOXG86543701126992,full_coverage,0.2,3
CL001379,Judy Taylor,Female,25,married,Administrative Assistant,92740.46,596,GA,"1934 Wells Springs Suite 013, North Jenniferside, NE 17754",453-411-5718x265,GB56ODWA68466656584042,liability_only,0.7,0
CL001380,Sandra Riley,Male,50,single,Retired,72118.4,725,NY,"4973 Evans Mall, Cherryburgh, GU 10816",001-424-398-7641x557,GB77VHCW91396839028297,liability_only,7.4,1
CL001381,Nathaniel White,Female,70,married,Mechanic,28297.26,629,GA,"135 Lisa Station, East Richard, NC 98983",001-849-949-2783,GB83PIJP32457195549684,full_coverage,2.1,0
CL001382,William Mcdaniel,Female,34,married,Chef,77245.6,609,GA,"281 Porter Oval, South Tinashire, MP 38071",242-683-9632x470,GB83FSVV55471200731680,full_coverage,0.3,1
CL001383,Jamie Castro,Female,39,divorced,Retail Worker,86125.33,709,OH,"977 Steele Island, East Shelby, OK 74754",+1-239-718-7599,GB78QQJD94824641188034,comprehensive,2.0,2
CL001384,Angel Smith,Male,34,widowed,Mechanic,96012.56,694,NC,"384 Allen Cliffs Apt. 637, Lake Scottland, OH 49273",2827261634,GB83JMJT85901752400175,full_coverage,6.4,2
CL001385,Edward Ortega,Female,78,single,Chef,21707.66,626,OH,"1277 Charles Underpass, Johnhaven, NM 78813",(383)392-9123,GB52URPI00743262843237,full_coverage,2.0,0
CL001386,Tyler Welch,Female,78,divorced,Teacher,82509.76,782,FL,"2944 Justin Orchard Apt. 226, Sarahberg, NY 32932",+1-733-843-2603x2227,GB30DPUL83441730981819,liability_only,0.4,0
CL001387,Teresa Roberts,Male,69,single,Warehouse Worker,40576.74,687,MI,"PSC 2412, Box 9635, APO AP 65024",(622)288-3209x397,GB11AZTF93677851455494,comprehensive,0.6,0
CL001388,Nicholas Thomas,Female,30,married,Chef,74843.18,722,OH,"Unit 7372 Box 6832, DPO AE 27265",383-537-5573x785,GB14TGCD65312645696757,full_coverage,0.7,0
CL001389,John Nicholson,Female,48,divorced,Police Officer,174417.17,682,FL,"183 Kristina Fork Apt. 562, Matthewville, IL 44440",001-484-410-3411x37320,GB92BCOH82260686866307,comprehensive,0.1,0
CL001390,Marcus Gutierrez,Female,22,widowed,Chef,34282.92,587,MI,"99875 Castro Courts Apt. 995, North Taraberg, RI 69377",493-883-5093x2753,GB54TJQX63201306533239,full_coverage,3.9,0
CL001391,Jenna Massey,Male,38,married,Software Engineer,84418.74,715,TX,"866 Henson Track, North Matthewfurt, LA 92470",001-846-259-2396x59782,GB95BQAA47032260088843,full_coverage,1.5,1
CL001392,Angela Benson,Female,63,single,Construction Worker,84364.49,688,OH,"10538 Craig Estates Apt. 442, East Joan, DE 57040",4103972893,GB43EXUD01510609784970,full_coverage,2.6,0
CL001393,Michael Moore,Female,18,married,Retail Worker,185109.03,757,TX,"Unit 5269 Box 6582, DPO AA 10068",4709160166,GB08ANUV05664187758030,full_coverage,2.3,0
CL001394,Jeffrey Foley,Male,56,single,Mechanic,39431.13,635,FL,"3100 Cook Club Suite 223, Murphybury, GA 62477",547-525-0762,GB10EYOL09444831749360,full_coverage,3.4,1
CL001395,Angel Miller,Female,45,divorced,Freelancer,48900.52,717,MI,"630 Gonzalez Estates Apt. 575, Alyssafurt, IL 79107",370-213-8988,GB27ESKO88223358623422,comprehensive,3.1,1
CL001396,Eddie Juarez,Female,68,single,Construction Worker,91152.52,612,PA,"01442 Patricia Lake Suite 657, Fisherfurt, CT 83376",+1-525-517-4342x1084,GB31WSAH16964668026874,comprehensive,0.4,0
CL001397,Haley Soto,Female,40,divorced,Retail Worker,46443.03,666,FL,"612 Vasquez Unions Suite 859, Grayport, WY 56577",001-926-959-0282,GB47WJNT48254576344782,liability_only,0.1,0
CL001398,Brian Henry,Female,21,single,Teacher,48599.23,676,MI,"2813 Anderson Greens, Port Brandon, LA 55490",001-953-552-1705x7267,GB04BZBE03043307790012,liability_only,0.3,0
CL001399,Sara Keith,Male,72,single,Manager,49662.37,561,CA,"99555 Sarah Meadow Apt. 718, North Patrickland, PA 70558",(244)880-6676x462,GB74KCML12654737042141,full_coverage,0.3,1
CL001400,David Cole,Female,43,single,Teacher,69908.81,611,OH,"USCGC Salinas, FPO AE 01318",001-785-945-0693,GB51MHVG81235433606203,full_coverage,0.2,0
CL001401,Jason Anderson PhD,Male,18,divorced,Retired,53468.42,613,IL,"3736 Wilcox Cape, North Ryan, PA 84744",760.579.0466x005,GB06XCSS49344991615902,full_coverage,9.5,0
CL001402,Jessica Hale,Male,25,single,Electrician,26475.11,586,NY,"225 Sellers Mission Suite 194, Wendyton, NC 83552",+1-806-360-3634x091,GB37NSGD33363452804332,comprehensive,7.3,0
CL001403,Jasmine Ramirez,Female,43,single,Mechanic,79260.05,602,IL,"4946 Krystal Wells, Lake William, OH 15364",291-856-7407x94917,GB20AVXR12570602982248,comprehensive,0.3,0
CL001404,Melissa Jones,Male,54,married,Truck Driver,66572.4,657,CA,"42836 Hill Point Apt. 687, West Shellyfurt, WY 69243",001-501-966-0880x1994,GB74LYEJ72863330212606,full_coverage,16.0,0
CL001405,William Freeman,Male,19,single,Freelancer,75758.22,629,MI,"00219 Oliver Trail Suite 470, Hannahchester, TN 04264",465-761-2466,GB55NSLC25162802614228,full_coverage,1.3,0
CL001406,Mary Porter,Male,74,married,Teacher,112041.67,676,IL,"513 Horne Cliffs Suite 804, Jessicabury, PW 44624",+1-480-302-7291x71411,GB46FTBL88841936263134,liability_only,7.7,0
CL001407,Jessica Owens,Female,59,divorced,Electrician,37990.51,741,GA,"521 Amy Junctions, East Gabriel, RI 29105",914-923-1154,GB60UXAI99883120605395,liability_only,7.5,1
CL001408,Emily Todd,Male,32,married,Mechanic,62356.93,622,OH,"1299 Amanda Square Suite 310, Carterland, KS 69641",964.227.3009x201,GB89YNUT83292401162801,comprehensive,9.6,2
CL001409,Kimberly Johnson,Female,39,married,Retail Worker,38428.33,656,OH,"81975 Shawn Drive, New Savannahside, RI 02925",(965)305-6553x40026,GB75NCOE77539954316118,liability_only,4.4,0
CL001410,Jose Stephenson,Female,46,married,Consultant,46660.73,735,NC,"185 Ashley Garden, North Natashaview, PA 19478",(894)868-9761,GB04YDDR57001092073786,liability_only,9.0,0
CL001411,Ian Lam,Female,27,divorced,Business Owner,100022.53,647,GA,"557 Ashley Field, Chadbury, ND 55321",517-767-3727x25906,GB63TWHD21510099912998,liability_only,8.0,0
CL001412,Nicholas Nelson,Female,19,married,Sales Representative,28620.8,738,NY,"PSC 6131, Box 1035, APO AP 03942",971.709.1204x593,GB77TMHQ45354681966230,liability_only,3.6,0
CL001413,Sean Hall,Male,24,single,Police Officer,19903.31,659,CA,"0815 Heather Village Apt. 778, East Kelli, NC 24759",(414)846-4557x53100,GB58NRTW74275714891255,liability_only,9.0,0
CL001414,Brent Sullivan,Male,18,married,Sales Representative,27792.22,622,PA,"447 Smith Shores Suite 866, Saraburgh, NV 21434",(345)428-3240x230,GB69FXSJ39715010239414,full_coverage,10.8,0
CL001415,Megan Lawrence,Male,44,married,Business Owner,39406.4,610,GA,"17749 Ashley Pass Apt. 249, Lorettaville, AL 77908",001-567-602-4911x699,GB04XOUR77629746793072,liability_only,0.1,0
CL001416,Ralph Kemp,Male,58,divorced,Warehouse Worker,31563.42,759,TX,"92790 Richard Passage, Stephaniefurt, LA 23792",+1-973-545-7635,GB87DCCG54925867456443,full_coverage,1.7,1
CL001417,Christopher Herrera,Male,35,married,Chef,53579.91,610,NC,"1368 Jeffrey Freeway Apt. 904, Smithhaven, LA 51117",+1-974-307-2480x18799,GB84ZPTA84815277115275,comprehensive,0.9,0
CL001418,Julie Quinn,Female,77,single,Administrative Assistant,122617.52,787,TX,"32040 Randall Trail Apt. 236, Lake William, CT 84674",001-897-899-1113x073,GB09CZYY96719796978162,liability_only,0.3,0
CL001419,John Todd,Male,35,single,Retail Worker,30057.86,540,MI,"5970 Sean Estates, Port Devinland, TN 95726",783-557-6554,GB70WEFH40140822815775,full_coverage,4.6,0
CL001420,Kathryn Ramirez,Male,47,married,Teacher,20994.25,581,PA,"120 Rodriguez Street Suite 873, Smithview, KY 81583",+1-587-571-5892x78125,GB50WSVS19793686421511,liability_only,1.8,0
CL001421,Brandi Shaffer,Male,48,widowed,Electrician,68661.19,662,IL,"128 Timothy Island, Barrettstad, ID 80048",001-683-476-7326,GB79NVNY77301423527943,comprehensive,0.6,0
CL001422,Zachary Ellis,Female,54,married,Consultant,16927.02,609,NY,"76647 Boyd Burgs Suite 641, North Jeanette, MO 53169",(202)297-2945x1356,GB52CVIZ80681065950363,liability_only,0.9,1
CL001423,Bridget Jackson,Male,73,single,Administrative Assistant,71438.99,770,NY,"302 Willie Gateway Apt. 242, East Michaelfort, CA 63004",001-252-318-2307x68104,GB63DOZB73033793375636,liability_only,6.2,0
CL001424,Frank Rogers,Male,24,divorced,Nurse,30615.88,729,MI,"22602 Castro Loaf Apt. 406, South Lisa, PA 98694",858-670-2307x105,GB18BXAN74158679524087,full_coverage,6.3,0
CL001425,Sara Stewart,Male,54,single,Consultant,23628.35,552,GA,"75764 Lane Road Apt. 921, Angelaville, OK 52178",824-204-3654x5191,GB27BUFW22656799266243,full_coverage,0.9,0
CL001426,Stephanie Daniel,Female,60,widowed,Nurse,25754.28,619,IL,"28749 Solis Gardens, East Blakechester, SD 36648",001-419-936-8757x412,GB90ITKC92798990816686,liability_only,0.1,0
CL001427,Anthony Moon,Male,74,divorced,Sales Representative,44005.4,594,CA,"5714 Steven Radial, North Caitlin, VA 24450",001-412-859-5353x241,GB22NMWF06856609028854,comprehensive,1.6,0
CL001428,Roy Espinoza,Male,25,married,Administrative Assistant,83443.41,746,FL,"50261 Wood Underpass, Jennifermouth, UT 58963",+1-214-210-4528x87646,GB98WVIT52605185464137,comprehensive,1.4,0
CL001429,Ralph Rodriguez,Female,32,married,Mechanic,162044.39,749,OH,"44886 Robert Parkways, East Charlenestad, KY 71886",699-675-2657x00562,GB29GZZE90811609629395,full_coverage,1.7,0
CL001430,Stacey Walsh,Female,69,married,Construction Worker,124537.56,657,NC,"51003 Scott Roads Apt. 120, Mcfarlandhaven, WI 51137",7078757155,GB97EWGS47646914578590,full_coverage,0.3,0
CL001431,Barbara Barber,Male,52,married,Nurse,45703.15,579,PA,"PSC 0959, Box 9056, APO AE 28707",(766)525-1031,GB71AQOZ03302467769688,full_coverage,1.3,0
CL001432,Jill Smith,Female,65,married,Administrative Assistant,44055.75,736,FL,"USS Brown, FPO AE 82132",+1-710-372-9967x22485,GB17KUOB34349171003570,liability_only,0.3,1
CL001433,Joseph Delgado,Female,56,married,Mechanic,55528.74,820,MI,"USNV Monroe, FPO AA 32524",+1-474-875-0636x8539,GB35XGMS34115256416506,liability_only,1.0,1
CL001434,Elizabeth Mccarthy,Male,68,married,Police Officer,82309.34,743,FL,"4069 Wood Harbor, South Melissa, OH 23628",625.363.9300x922,GB77CPPD55367317421152,comprehensive,2.3,0
CL001435,Michael Garrison,Other,46,single,Nurse,67090.63,655,TX,"PSC 2693, Box 6099, APO AA 05670",839.895.5131x0398,GB02GKTJ12307567453770,comprehensive,1.8,0
CL001436,Dawn Moore,Male,60,widowed,Chef,105837.79,757,NY,"516 Stephanie Creek, North Kimberly, CO 39810",623-381-4540x327,GB95KINI22559227192074,liability_only,2.0,1
CL001437,Michael Carter,Male,26,married,Accountant,39744.35,702,OH,"783 Dana Heights, Jamesville, WV 22195",001-991-266-0400x98936,GB12CPEC51847440005431,comprehensive,0.4,0
CL001438,Megan Martinez,Male,50,single,Freelancer,72176.68,679,OH,"9232 Martin Roads Suite 503, West Timothy, SD 37202",+1-495-823-2537x742,GB18YOCM48435145462605,liability_only,0.1,0
CL001439,Jonathan Cox,Female,34,single,Software Engineer,80633.97,652,TX,"918 Jeffrey Grove Suite 744, Kristenside, MA 28232",001-391-811-3083x212,GB05DYZU76251973102983,full_coverage,7.0,1
CL001440,Brandon Kim,Male,31,single,Consultant,36861.68,762,MI,"USNS Delgado, FPO AE 00724",2747988871,GB92IQJB43800866658153,full_coverage,13.3,0
CL001441,Tiffany Gray,Female,50,married,Chef,58795.82,600,GA,"93646 Adams Springs, Ryanstad, UT 74306",(905)548-8850,GB17ELOT16290772692523,comprehensive,3.1,0
CL001442,Amanda Austin,Female,33,single,Electrician,60491.05,635,TX,"302 Willie Gateway Apt. 242, East Michaelfort, CA 63004",500-662-7860,GB61PQKQ78734053867677,full_coverage,3.7,0
CL001443,Megan Golden,Male,34,married,Teacher,35118.34,649,OH,"Unit 9873 Box 3340, DPO AE 05981",+1-665-901-2357x82239,GB64FZPU77546730044079,full_coverage,3.4,2
CL001444,Rebecca Alexander,Male,53,married,Student,96170.14,741,MI,"941 Nicholas Throughway Apt. 898, New Kathleenburgh, AK 58022",+1-364-448-1755x253,GB89YLKE50030897376027,full_coverage,6.1,3
CL001445,Kara Mckay,Male,79,married,Construction Worker,48388.84,733,TX,"USNS Anderson, FPO AE 84915",683-563-0392x85867,GB58UMAJ89883362817506,liability_only,0.5,0
CL001446,Amanda Garza,Female,46,married,Electrician,90443.19,808,TX,"88806 Jones Fort Apt. 914, New Richard, ID 02547",946.386.3864x610,GB73FOOT49176558988239,liability_only,9.6,0
CL001447,Mitchell Olson,Male,47,single,Manager,34488.5,705,CA,"1856 John Ford, North Richard, HI 76635",6033724709,GB11XTLC30745529003592,liability_only,8.3,0
CL001448,Tina Kerr,Female,78,widowed,Accountant,34067.3,541,OH,"392 Robert Union, East Brianhaven, PR 99250",371.464.2946,GB34ULUZ79812331603089,comprehensive,0.1,0
CL001449,Meghan Craig,Female,71,single,Student,43092.01,630,PA,"40215 Victoria Pass, Port Justinburgh, NH 54604",577-481-2893,GB51HILI22317781621427,full_coverage,4.1,0
CL001450,Matthew Morgan,Male,37,married,Student,21078.87,656,IL,"2141 Robinson Island Apt. 214, North Rebecca, MS 85841",414-210-6455,GB73AVSI12445161946537,full_coverage,6.4,0
CL001451,Christian Mcgee,Male,25,married,Nurse,72688.11,757,NY,"32367 Franco Ranch, Jamesport, FL 46910",001-717-701-3588x121,GB32YLEI89930871301618,liability_only,0.9,0
CL001452,Alyssa Carrillo,Male,19,single,Truck Driver,75765.54,689,MI,"21261 Brittany Square, South Hannahton, VT 18436",001-596-374-6977x8034,GB72NZHX93483557490857,full_coverage,3.5,0
CL001453,Stephen Miller,Female,40,married,Police Officer,93676.86,773,TX,"94746 Barbara Pike Apt. 797, Sherrystad, SD 05998",111-556-6049,GB72NFAJ82401521738101,full_coverage,0.4,1
CL001454,Sally Cantrell,Male,73,single,Freelancer,66467.97,634,TX,"247 Matthew Estates, Angelashire, RI 80094",001-367-739-0316x972,GB43URIB73431908573469,comprehensive,0.2,1
CL001455,Nicole Wiley,Male,53,single,Construction Worker,81921.24,604,TX,"758 Brown Isle Suite 227, New Susanstad, MN 62841",380-401-2461,GB71TWOY51811698173748,full_coverage,5.2,0
CL001456,Veronica Blair,Male,48,married,Mechanic,92696.03,616,MI,"09127 Linda Fields Suite 620, Brewerberg, NM 16885",347-809-9674x507,GB46EHSE52655575768112,full_coverage,0.8,0
CL001457,Sara Johnson,Male,49,married,Truck Driver,47775.13,775,IL,"553 Kara Glen Apt. 743, New Stephen, FM 87241",507.659.3359x242,GB46IREH28901710637811,comprehensive,0.9,0
CL001458,Kelly Matthews,Female,54,married,Software Engineer,26611.51,778,PA,"543 Burton Trail, Nealland, DC 73728",303-584-0588x7049,GB96ZDRU73233519509623,liability_only,5.5,2
CL001459,Elizabeth Johnson,Male,41,single,Software Engineer,47439.61,747,IL,"83727 Dwayne Course Suite 423, Smithtown, HI 21839",+1-335-680-5829x98959,GB83QRAK95155674642273,comprehensive,12.6,1
CL001460,Jason Myers,Female,67,married,Manager,85404.08,733,CA,"704 Alyssa Road Apt. 489, New Donaldport, MH 83002",676-933-7799x380,GB96ZBDH03760491917997,liability_only,1.1,0
CL001461,Gary Riley,Female,29,widowed,Retail Worker,94360.82,735,FL,"10802 Paul Forks Suite 225, Toddport, CA 74406",8323221138,GB85RMNA70941957241685,full_coverage,1.8,0
CL001462,Tina Walsh,Male,21,divorced,Retail Worker,29079.28,758,NC,"698 Connie Keys, Lake Monica, AL 48166",432-804-7751,GB47CFBD35157011314916,full_coverage,6.9,0
CL001463,Sara Singleton,Female,21,single,Retail Worker,20529.91,652,CA,"59991 Pitts Ville Apt. 271, Jacobberg, NV 31268",522.563.8617x1681,GB21KQDZ78105245035783,liability_only,2.1,0
CL001464,Christopher Potter,Female,51,single,Business Owner,70700.96,632,NC,"USNS Gilmore, FPO AP 83103",979-661-4440x05799,GB78HCKF27911074655065,full_coverage,0.3,0
CL001465,Cynthia White,Female,58,single,Teacher,79248.38,578,NC,"0164 Ellis Burgs Suite 436, Lake Daniellemouth, NH 34983",(952)232-0420x4224,GB12IFQJ85013672450893,full_coverage,3.1,0
CL001466,Anthony Johnson,Female,46,married,Manager,54071.26,713,CA,"2193 Patrick Hills Suite 643, North Davidville, WA 18150",3979658357,GB82QYNE08927997934832,comprehensive,5.3,1
CL001467,Kelly Vasquez,Female,53,married,Warehouse Worker,70690.47,693,OH,"75017 Bailey Mission, Antonioland, MT 83423",001-281-357-3664x096,GB91FAAG90819704765954,full_coverage,4.6,0
CL001468,Donna Johnson,Other,21,married,Student,41920.68,576,PA,"37219 Anthony Wall Apt. 808, Angelashire, WI 53942",6465208738,GB23EFDL63439768252381,liability_only,0.9,0
CL001469,Douglas Parker,Male,43,divorced,Sales Representative,91260.23,693,PA,"995 Aguirre Knoll, Johnhaven, IN 47992",6656413907,GB66HESP92022212370322,full_coverage,0.3,0
CL001470,Valerie Lawson,Female,79,married,Software Engineer,49700.34,642,TX,"260 Cynthia Dam, South Melanieville, AK 99427",841.506.9777x53238,GB95VUPP36421785722804,liability_only,5.8,1
CL001471,Courtney Guzman,Female,60,married,Software Engineer,72252.68,778,PA,"38086 Bonnie Corner Apt. 981, Evansmouth, UT 17662",001-575-837-0041x023,GB91YFRM41169277038931,full_coverage,0.8,0
CL001472,Tiffany Keller,Male,19,widowed,Police Officer,121451.24,771,NC,"28749 Solis Gardens, East Blakechester, SD 36648",797.629.3190x10185,GB53ALYP44870381717474,comprehensive,0.5,1
CL001473,Susan Flynn,Male,63,married,Business Owner,26189.85,622,TX,"28533 Wright Drive, North Heather, WV 58788",(720)472-6693x1858,GB85WUDQ62539563948742,full_coverage,4.6,0
CL001474,Damon Carter,Male,33,married,Police Officer,112269.97,725,NC,"2692 Walker Inlet, Kevinborough, AL 33419",305-545-8960,GB29UOPZ28675668073457,full_coverage,15.9,1
CL001475,Allison Garcia,Male,21,widowed,Student,48308.35,715,MI,"5026 Alvarez Dale Apt. 146, Kristyton, FL 02166",665.579.6675x813,GB45YJWI77623696637861,liability_only,5.3,0
CL001476,Troy Franco,Female,22,divorced,Student,120542.81,686,NY,"784 Danielle Inlet, Lake Stevenmouth, KY 86156",001-340-349-5069x2519,GB42LVLN52927813624804,liability_only,0.5,0
CL001477,John Franklin,Female,78,married,Nurse,59314.4,720,OH,"PSC 8395, Box 0278, APO AA 87207",(563)914-1350,GB27QKCJ12011906773685,full_coverage,1.2,0
CL001478,David Frederick,Other,59,single,Sales Representative,46233.69,669,NC,"6115 Schmidt Haven Suite 384, North Aprilland, MP 08644",(321)824-0766x786,GB90YMJL33837331074760,comprehensive,2.8,1
CL001479,Mrs. Julie Ellis,Female,76,married,Manager,51619.24,719,NY,"96414 Davis Orchard, Timothyshire, ND 72882",4277209935,GB06CEAT87554670047587,liability_only,1.0,0
CL001480,Warren Gamble,Female,78,divorced,Student,60584.09,675,CA,"703 Garcia Crest, Gonzalezchester, CA 05113",408-930-1535,GB88RABZ56088638419628,comprehensive,0.4,1
CL001481,Brian George,Male,51,single,Teacher,28559.08,547,MI,"9057 John Shore Apt. 839, Timothyside, FM 45624",389.733.5624,GB16COYR63189278698568,full_coverage,5.4,1
CL001482,Scott Cruz,Female,48,single,Accountant,65492.72,691,OH,"9956 Jessica Path, Joannechester, NE 46228",(616)234-8786,GB69DBKD18426410220583,full_coverage,0.3,0
CL001483,Ryan Morris,Male,48,single,Student,42351.08,813,FL,"835 Nicholas Extensions, Sanchezside, HI 58420",(406)870-6250x9179,GB35DDTW80956069932323,full_coverage,0.8,1
CL001484,Michael Allen,Female,57,married,Manager,83808.94,596,NY,"019 Lewis Cliff Apt. 202, Jacksonville, MO 32230",474-919-9389,GB88HHIA95863546923266,full_coverage,8.4,1
CL001485,Christian Luna,Female,60,divorced,Business Owner,39544.25,640,PA,"Unit 6639 Box 0742, DPO AP 50990",(233)889-1228x00237,GB05ATZY31417336123933,liability_only,1.0,1
CL001486,Kimberly Scott,Male,27,single,Mechanic,40733.9,702,OH,"Unit 4975 Box 1523, DPO AP 89789",989-272-5067x13223,GB75SAHD34644390153395,liability_only,0.9,0
CL001487,Sara Mcconnell,Male,25,single,Administrative Assistant,32119.14,748,CA,"0901 Yvonne Cliffs Suite 893, Evanston, IA 89035",8062799134,GB43MUZA65612174726723,liability_only,3.0,0
CL001488,Andrew Hamilton,Female,23,single,Construction Worker,51931.25,609,GA,"Unit 9873 Box 3340, DPO AE 05981",512-713-7786,GB64FZPU77546730044079,comprehensive,5.2,0
CL001489,Evan Price,Female,18,married,Retired,53741.9,652,FL,"3036 Albert Brook, Courtneytown, GU 96612",810-601-9950x09872,GB79NEOD67520593541572,full_coverage,0.6,0
CL001490,Jon Lopez,Male,73,married,Chef,39098.92,778,FL,"58919 Mendez Overpass Suite 651, Rodneystad, MS 28190",001-916-603-2888x9489,GB59DWPE63528828082314,liability_only,0.4,2
CL001491,Matthew Espinoza,Female,78,single,Student,51337.88,700,CA,"2002 Kelly Skyway, Berryside, AZ 71576",782.253.4670x9978,GB57YNCM13121788881626,comprehensive,0.4,1
CL001492,James Romero,Male,52,single,Warehouse Worker,69892.17,687,CA,"33844 Ross Course, Bradleymouth, ME 78344",001-557-811-7049x4415,GB70DIKC83132181670491,full_coverage,5.0,0
CL001493,Jennifer Rodriguez,Male,69,married,Sales Representative,51750.81,572,MI,"Unit 7260 Box 7685, DPO AE 55672",406-940-0584x4512,GB54ZETI28981166497248,liability_only,5.6,0
CL001494,Rebecca Stewart,Female,79,married,Manager,25974.76,644,NY,"8591 Jamie Parks Suite 993, West Michael, OH 25015",001-838-481-8716x94675,GB41YTUF47680725797513,full_coverage,8.4,0
CL001495,Patrick Barnes,Female,39,married,Retail Worker,73458.58,625,NC,"13606 Christina View Suite 472, Taylorstad, MD 87914",569.599.8751x1948,GB05WHMY39960144715997,full_coverage,4.0,0
CL001496,Ronald Johnston DVM,Male,30,married,Truck Driver,150431.58,666,NY,"961 Johnson Ridges Suite 741, Dakotaberg, PW 50365",905-535-2932x276,GB41WVBK72186453261691,liability_only,1.6,0
CL001497,Robert Armstrong,Female,20,single,Truck Driver,98803.31,670,OH,"2279 Zachary Branch Suite 547, North Jasminechester, MP 99560",+1-287-730-2962,GB26XNUH36409762827128,liability_only,1.0,1
CL001498,Tammy Carey,Male,81,married,Student,57659.34,569,PA,"96872 Moses Hills, South Trevorview, ND 69961",001-916-582-0432x8127,GB28DYOY74278943788724,full_coverage,2.3,1
CL001499,Gregory Harrington,Female,36,married,Nurse,111401.88,574,NC,"0580 Lewis Meadow Suite 705, Andreaside, VI 61606",534-407-3284x56889,GB44EQCU71082281940334,full_coverage,4.2,0
CL001500,Karen Howard,Female,31,married,Mechanic,33202.68,672,OH,"Unit 1745 Box 9615, DPO AP 70443",(766)793-8011x848,GB81ZPBB51405468356521,liability_only,7.6,0
CL001501,Lisa Beard,Female,27,married,Construction Worker,15010.79,694,PA,"PSC 2583, Box 1323, APO AA 03946",9382862912,GB19NBWY63399129710248,full_coverage,1.8,0
CL001502,Jeremy Daniels,Female,62,married,Electrician,88373.06,732,PA,"4908 Freeman Way Apt. 382, Lake Hannah, VI 92846",001-819-867-6475x8335,GB49HQQV28227069777730,liability_only,5.6,0
CL001503,Emily White,Male,78,married,Truck Driver,74517.1,684,IL,"77023 Ryan Spring Apt. 463, Contrerasberg, WA 03001",354-461-2149,GB35UFRU67319419492651,full_coverage,4.1,0
CL001504,Gary Shepard,Male,22,married,Warehouse Worker,108557.05,698,IL,"23152 Elizabeth Streets, New Sharonland, FL 41195",+1-220-818-4359x730,GB18KPEP38016584563245,liability_only,6.2,1
CL001505,Adam Ward,Male,67,single,Retail Worker,73871.89,725,FL,"6815 Garrett Village Suite 217, Whiteshire, NE 17556",(692)634-6718,GB73NCVO32743076674001,full_coverage,1.0,1
CL001506,Michelle Klein,Female,29,widowed,Construction Worker,120169.03,731,NY,"9953 Armstrong Burg Suite 124, New Victoriafort, MS 47512",001-520-356-2247x180,GB64ZUJU37104582609600,full_coverage,17.4,1
CL001507,Emily Stevens,Female,40,married,Electrician,24166.21,658,PA,"2217 Robert Park Suite 481, North Jasmine, CA 52775",368.342.6336,GB49HKKT65727287818414,full_coverage,0.1,0
CL001508,Jamie Aguirre,Female,75,married,Nurse,53009.16,727,FL,"67094 Jones Meadow, Gregoryland, FM 97844",(541)881-4604x99129,GB89GYEE80297980134720,liability_only,0.3,0
CL001509,Jessica Odonnell,Female,80,divorced,Business Owner,33433.41,672,IL,"7519 Brooks Mills Suite 703, South Kevin, PA 11749",538-839-7505x3083,GB87YBDJ67151188882703,comprehensive,4.2,0
CL001510,Ross Phillips,Male,63,divorced,Software Engineer,36404.05,725,GA,"644 Young Junction Apt. 507, New Carolynview, SC 73039",4819927584,GB66OLSJ79227019246759,full_coverage,3.9,1
CL001511,Ruben Mccoy,Male,57,single,Warehouse Worker,133182.52,680,PA,"19351 Johnson Plaza Suite 165, New Lindsayville, NH 06990",376.813.5242,GB36SIKH84554272447539,full_coverage,3.4,1
CL001512,Kristen Mccoy,Female,67,married,Construction Worker,26616.83,617,OH,"014 Wendy Ridge, East Tammie, RI 24094",(399)868-6506x601,GB05LKQM51150355581800,full_coverage,0.7,0
CL001513,Matthew Kelly,Male,38,single,Freelancer,77604.97,723,NC,"2136 Billy Underpass Suite 380, Lake Ronaldbury, VA 80311",+1-937-982-3691x099,GB09FCSD63091651680047,full_coverage,2.8,0
CL001514,Gabriel Rivera,Female,72,single,Accountant,75236.25,678,CA,"93587 Todd Circle, North Brian, VA 46553",650-418-7890x05299,GB64FZPU77546730044079,liability_only,6.3,0
CL001515,Matthew Gentry,Male,34,divorced,Student,42785.36,600,GA,"61322 English Street, West Lynnfort, SD 35057",973-809-8110x7808,GB43MPQJ53343357843701,full_coverage,1.2,0
CL001516,Katie Rush,Female,23,divorced,Administrative Assistant,47255.48,753,PA,"613 Lewis Squares, Andrewtown, MD 08385",635.711.6378,GB37VOUH62530342602732,full_coverage,0.0,0
CL001517,Jennifer Jensen,Female,21,single,Nurse,49704.94,793,FL,"87022 Mcgee Brook Suite 511, Port Jacobbury, PA 83126",001-840-699-6567x895,GB68XLTV81713032928442,comprehensive,5.5,0
CL001518,Ashley Gardner,Female,39,divorced,Nurse,56855.38,625,NY,"13300 Keith Expressway, Nicholasborough, AK 99074",(293)409-5872,GB31AYOL20025569318606,comprehensive,4.1,0
CL001519,Courtney Little,Female,35,married,Warehouse Worker,23111.03,770,IL,"744 Trevor Gardens, West Jeremystad, RI 55517",(576)430-0976,GB05KEOV39767488139142,full_coverage,0.7,0
CL001520,Crystal Porter,Male,52,single,Truck Driver,46175.87,604,OH,"43140 Jimmy Pines Suite 842, Johnborough, VA 61050",431-817-1385,GB59VHQA28521200416485,comprehensive,1.4,0
CL001521,Shannon Richardson,Other,40,married,Teacher,46369.62,725,IL,"8703 Sarah Path Suite 039, Jessicaside, WY 72680",+1-484-323-5940,GB10NSRW06813563622446,liability_only,2.4,1
CL001522,Tina Cook,Female,42,widowed,Business Owner,78173.67,682,MI,"772 Matthew Key Apt. 727, Stephanieside, LA 60186",+1-527-705-9944x617,GB77HMBN84470674091260,liability_only,5.1,2
CL001523,Jordan Rangel,Female,65,married,Warehouse Worker,83272.4,809,NC,"10648 Patricia Drive Apt. 258, Harthaven, AK 08622",001-388-414-8489x46541,GB86IWFE96069138217295,liability_only,2.1,2
CL001524,Melissa Hansen,Female,59,single,Chef,63293.98,694,FL,"96756 Jenkins Land, Gailside, MO 29880",987.485.5971x189,GB81JWQD87063378747267,full_coverage,1.5,2
CL001525,Carly Cruz,Female,35,single,Retired,17658.68,684,TX,"1593 Parker Orchard, Andersonburgh, TX 71094",(607)349-5962,GB16UHYE45912314142158,full_coverage,2.1,1
CL001526,Samuel Scott,Male,40,single,Consultant,49073.96,731,GA,"3438 Michael Centers, Arroyoshire, DC 05174",(510)634-1594x928,GB17SJEQ35270607714976,comprehensive,0.6,1
CL001527,David Cuevas,Female,37,single,Accountant,38405.49,619,OH,"24223 Jones Mount, Matthewsberg, WV 90883",001-211-370-0524x5960,GB63FYPD72098402709431,full_coverage,0.0,0
CL001528,Bruce Todd,Female,53,married,Freelancer,91616.45,608,OH,"78625 Neal Course Suite 636, Nelsonfurt, SC 87593",904-656-9606x28536,GB93TFRU18711363543133,liability_only,0.0,1
CL001529,Anna Thomas,Male,71,divorced,Warehouse Worker,41462.15,685,TX,"USS Kim, FPO AA 42446",578-239-9049x7910,GB78XGHP99161850297670,full_coverage,6.9,1
CL001530,Dawn Bradford,Male,20,married,Nurse,106902.51,625,FL,"33230 Villanueva Cliffs, West David, MS 75175",468-245-9257,GB88UJNM53335038363358,liability_only,3.9,0
CL001531,Olivia Miles,Male,44,married,Teacher,78177.3,599,TX,"1406 Philip Cape Suite 428, Lewisfort, KY 05520",+1-385-517-4444,GB81YQRE58235526373380,full_coverage,1.9,0
CL001532,Janet Garcia DDS,Male,63,single,Truck Driver,33916.58,614,GA,"3810 Randy Coves, West Sherrystad, AK 60999",(914)504-8687x1690,GB51HREZ10920091149892,comprehensive,1.1,1
CL001533,James Bailey,Male,68,single,Retired,80342.48,679,FL,"9398 Emily Glens Suite 906, North Christieton, IN 31167",422.938.2235x37557,GB62WBKT25018872069657,liability_only,0.5,0
CL001534,John Luna PhD,Female,52,married,Teacher,47291.92,712,CA,"30848 Carrie Curve Apt. 066, East Christina, NE 67101",001-886-957-4893,GB15UANX19750038140438,liability_only,4.8,1
CL001535,Anita Jefferson,Male,71,divorced,Truck Driver,47341.98,558,CA,"58353 Watts Islands, Kristimouth, MA 52621",241-378-4376,GB40YQXG25798169535246,comprehensive,2.6,0
CL001536,Leslie Sherman,Female,23,single,Administrative Assistant,66079.32,718,NY,"632 Flores Stream, North Paulfurt, OH 43247",913.263.6317,GB46UXMH01367492617647,full_coverage,4.0,0
CL001537,David Baldwin,Male,75,single,Accountant,69752.36,692,TX,"0193 Acosta Points, Lake Julieport, IA 94243",(744)757-4342,GB43UCFE86952938210628,liability_only,0.0,0
CL001538,Ricky Taylor,Female,26,single,Electrician,24160.62,613,TX,"735 Charles Falls, Melindamouth, AK 85204",001-744-714-8224x30259,GB16KOGT39742608550262,full_coverage,0.1,0
CL001539,Jade Allison,Female,25,single,Truck Driver,26406.98,678,FL,"353 Valentine Unions Suite 691, Davilatown, NJ 08570",567.898.8937,GB41HBDL27737481184487,full_coverage,0.7,1
CL001540,Sarah Howard,Female,57,married,Administrative Assistant,35721.26,581,MI,"0900 Matthew Islands Suite 825, Gonzalezville, IL 03413",(720)537-3540,GB08GVVI01647850609337,comprehensive,1.9,0
CL001541,Joshua Gomez,Female,18,divorced,Mechanic,40272.2,542,PA,"PSC 1021, Box 4654, APO AP 14320",001-732-220-6152,GB63CTZC77987950470062,comprehensive,1.3,0
CL001542,Robert Stark,Female,27,single,Truck Driver,108393.24,773,FL,"92711 Graves Fords, South James, GA 64684",783-557-1123,GB47PGSZ83112598221898,full_coverage,5.4,0
CL001543,Adam Reynolds,Male,77,married,Retired,51497.82,713,TX,"445 Randy Loop Apt. 370, West Anthony, ND 88209",597-385-3150x2743,GB05SDVX65459480620952,liability_only,0.7,0
CL001544,Kathleen Cook,Male,73,single,Electrician,50665.61,595,FL,"USCGC Brown, FPO AE 46874",836-525-6841,GB11AKGZ84528134978575,liability_only,2.3,0
CL001545,Sara Meadows,Female,32,married,Police Officer,53452.27,767,MI,"03821 Alice Extensions Apt. 502, Lauramouth, CA 32252",8996962942,GB88UJNM53335038363358,comprehensive,1.9,0
CL001546,Mr. Tyler Rodriguez,Male,23,married,Sales Representative,57103.46,605,OH,"575 Wilson Port, West Marcusshire, AR 57487",847-382-9240x98866,GB59VDQO00749890061802,full_coverage,4.2,0
CL001547,Susan Wilson,Male,38,married,Sales Representative,99157.94,797,OH,"5216 Michael Union Apt. 444, Rebeccatown, NV 57447",947-988-9155x93989,GB04LVVD42580742212037,liability_only,8.4,0
CL001548,Rebecca Smith,Male,66,married,Sales Representative,123708.76,558,TX,"32329 Katherine Dale Apt. 417, Lake Ashley, IN 67483",730-371-8466x0903,GB36UITB33313936057207,liability_only,0.6,0
CL001549,Benjamin Monroe,Other,31,single,Business Owner,55851.03,754,GA,"316 Rivera Mountain, Brownchester, MS 77057",(381)983-2538,GB38YBND67567700284276,liability_only,7.4,0
CL001550,Jennifer Atkins,Male,22,divorced,Truck Driver,24731.85,745,PA,"86582 Young Burg, Lake Nicholasland, NY 07923",503.687.9426,GB51AXLJ75515698322991,full_coverage,5.9,2
CL001551,Kimberly Jones,Male,65,divorced,Police Officer,34398.91,807,NY,"191 Harrison Burgs, New Meganhaven, HI 64395",817.395.6785x876,GB68ECWO74441565743759,liability_only,1.8,1
CL001552,Eileen Patel,Male,80,single,Truck Driver,35197.66,609,OH,"012 Bell Groves, Loganborough, MD 22261",(740)471-4913x1046,GB17PJBX45645431290382,full_coverage,3.8,0
CL001553,Brett Sherman,Female,26,single,Retail Worker,87033.73,712,MI,"926 James Bypass, New Michaelland, IL 89998",+1-712-322-7615x842,GB53CRYP42231858313297,liability_only,2.3,0
CL001554,Alexander Carter,Male,59,single,Mechanic,21491.86,661,FL,"81485 Perez Locks Apt. 748, New Stevenville, NJ 95502",+1-652-897-6428,GB90RKDS26175869274290,liability_only,0.8,1
CL001555,Amy Harvey,Male,47,divorced,Truck Driver,35155.66,605,FL,"PSC 2583, Box 1323, APO AA 03946",+1-327-223-8656x24220,GB64ICSZ87635148468536,full_coverage,6.9,0
CL001556,Bryan Taylor,Female,60,married,Electrician,105036.22,596,GA,"70404 Stephens Shoals, Hallport, NY 06961",(321)870-2073x970,GB43VHDN29581077196767,comprehensive,1.2,0
CL001557,Tiffany Jones,Female,35,single,Nurse,71291.39,704,MI,"4858 Hartman Unions, Josephberg, LA 45227",8496886453,GB60KDFN52766731552541,comprehensive,0.9,0
CL001558,Sandra Riddle,Female,80,divorced,Freelancer,69824.16,646,NC,"PSC 1126, Box 8186, APO AP 49025",9639458569,GB96CAJL68826342423592,full_coverage,5.6,0
CL001559,Kelly Wells,Male,20,single,Sales Representative,87384.06,672,OH,"33230 Villanueva Cliffs, West David, MS 75175",+1-661-982-1140,GB76IEND54712162757332,comprehensive,4.7,0
CL001560,Allison Davis,Female,54,married,Truck Driver,52927.91,634,NY,"8952 Strickland Valleys, East Michelleborough, IN 83731",(623)858-4596x383,GB19BOJS16981555613960,full_coverage,1.8,0
CL001561,Emily Lucas,Female,70,divorced,Business Owner,83077.12,718,MI,"29667 Patrick Meadow Apt. 532, Joshuaberg, AZ 80993",+1-647-423-0461,GB81ULUT55184269450053,full_coverage,0.6,0
CL001562,Audrey Schultz,Male,81,married,Chef,41261.68,691,FL,"58465 James Turnpike Suite 717, Paynestad, ID 67057",999-440-8477x279,GB67QATE77140046408798,liability_only,2.3,0
CL001563,John Reynolds,Female,58,single,Retail Worker,87574.9,675,TX,"5245 Rhonda Loaf Suite 201, Lake Zacharyhaven, GA 90508",+1-695-848-5211x2159,GB17HGHR17984276901770,full_coverage,17.4,0
CL001564,Lisa Williams,Female,79,single,Accountant,65365.7,677,NC,"70193 Perez Trafficway, Navarroland, MH 34536",+1-436-346-2969x0545,GB71SBZS26712584047608,liability_only,5.0,0
CL001565,Danielle Doyle,Female,63,divorced,Construction Worker,58309.27,579,NC,"6007 Thornton Circle Suite 685, Nelsonberg, MD 45039",001-633-848-8695,GB37RBAE20976465317595,liability_only,6.6,0
CL001566,Brandi Lambert,Female,51,single,Consultant,43506.01,760,MI,"34128 Keith Freeway, Johnsonmouth, MA 25003",(596)685-7539x1691,GB19MRZT33276616398481,liability_only,1.1,0
CL001567,Judy Barton,Male,71,single,Software Engineer,33481.23,725,PA,"57481 Logan Fall, Ryanton, SC 49911",698.418.0855,GB40BYMA99396007894935,liability_only,0.1,0
CL001568,Abigail Garcia,Female,63,married,Construction Worker,65409.09,782,IL,"82075 Daniel Hills, Morganmouth, OR 55395",001-981-503-2022x401,GB95VFRC59543124674009,comprehensive,10.3,0
CL001569,William Sanchez,Other,28,married,Retail Worker,104014.18,719,IL,"19587 Robert Causeway Suite 340, Tiffanyland, FM 26973",4059723953,GB40SDQF33167162996817,full_coverage,1.9,0
CL001570,Elizabeth Maddox,Female,30,divorced,Truck Driver,52461.14,850,CA,"335 Elizabeth Island, Williamsborough, TN 83575",(947)346-8792,GB25RLLX13703597978087,full_coverage,1.3,1
CL001571,Sherry Garcia,Male,75,divorced,Administrative Assistant,42540.87,632,FL,"9393 Carlson Ports Suite 995, Lopezberg, AR 27493",521-504-8114x68138,GB09CGQN34923524937104,liability_only,1.9,0
CL001572,James Shaffer,Male,31,single,Sales Representative,53846.23,605,NY,"103 Sharon Viaduct Apt. 640, Anthonymouth, WV 86674",(321)318-8069x0438,GB02JUQE19912062441850,comprehensive,2.3,1
CL001573,Stuart Deleon,Male,27,single,Student,53154.39,753,NC,"0995 Harmon Isle, Roseland, CA 85364",343.615.3293,GB29SHTE82235963472624,comprehensive,1.9,0
CL001574,Ashley Wheeler,Male,69,married,Freelancer,55377.21,681,FL,"5277 Adam Mountains, Lake Johnathan, AL 31140",(848)700-2540x6467,GB88CPEP75329123655644,full_coverage,0.2,0
CL001575,Kevin Smith,Male,64,married,Chef,27458.4,671,NY,"038 Jonathan Bridge Apt. 092, Lake William, WY 41048",264.845.6630,GB97NSKR04940664465157,liability_only,0.2,0
CL001576,Matthew Hernandez,Female,27,single,Retired,33647.72,695,TX,"28834 Rhonda Grove, Martinton, NJ 41145",+1-229-282-8037x9440,GB64CAKN89779036496442,comprehensive,1.8,4
CL001577,Brittany Harding,Male,67,married,Software Engineer,24522.76,731,GA,"892 Elliott Prairie Suite 934, Christineborough, PR 47798",322.731.5260x5794,GB31OKQD00154475124573,liability_only,0.3,0
CL001578,Kelly Weaver,Male,51,single,Manager,46500.6,678,MI,"020 Gary Path, Yorkton, NV 68976",001-796-917-8322x50915,GB48HFFE23260175426988,full_coverage,5.5,0
CL001579,Christine Brown,Female,45,married,Manager,196576.93,747,GA,"PSC 9124, Box 2348, APO AE 86234",+1-706-918-4567x278,GB83GAEW39484771467339,comprehensive,11.5,0
CL001580,Amber Moore,Female,37,divorced,Retail Worker,33110.76,498,MI,"18327 Smith Unions Apt. 169, Daniellefort, AS 35642",741.388.1576,GB77LBED86459821941517,full_coverage,1.5,0
CL001581,Walter Hunt,Female,55,married,Warehouse Worker,39120.99,609,FL,"540 Olivia Fields, West Jeffrey, MD 43755",001-895-239-7205,GB52AUNW42092259739670,full_coverage,2.5,1
CL001582,Steven Velez,Male,47,single,Software Engineer,77787.23,593,OH,"13032 Jason Shores, East Michael, ME 29832",474.853.6560,GB50PWJD21638245962239,full_coverage,2.5,1
CL001583,Briana Vaughn,Male,52,married,Warehouse Worker,152493.64,722,CA,"96099 Wolfe Underpass Suite 939, North Michaelville, MI 83075",7717081653,GB04XVCY53209283534249,full_coverage,7.5,0
CL001584,Michael Flores,Male,34,single,Retail Worker,103379.52,770,PA,"Unit 8006 Box 4861, DPO AP 41619",479.893.2469x649,GB48GYQT99680126699300,full_coverage,4.5,2
CL001585,Jeremy Ramirez,Male,66,single,Freelancer,42899.89,586,TX,"PSC 2494, Box 4282, APO AP 12346",932.455.1266x91782,GB32TOFD36908660229631,full_coverage,1.2,0
CL001586,Ryan Wilson,Male,25,divorced,Retail Worker,59371.83,785,TX,"0341 Butler Shores, Wilsonfort, NJ 63459",+1-838-864-0470x420,GB61XJPX86359430122694,liability_only,13.3,0
CL001587,David Morris,Male,31,married,Police Officer,40284.36,661,NY,"302 Willie Gateway Apt. 242, East Michaelfort, CA 63004",001-559-532-2408x4074,GB67ICNE32528744029133,full_coverage,0.3,0
CL001588,John Vincent,Female,45,married,Construction Worker,45173.27,618,GA,"7738 Leon Underpass Apt. 148, Clarencebury, TX 41188",9382862912,GB63DOZB73033793375636,liability_only,0.9,1
CL001589,Laurie White,Female,74,married,Electrician,31130.87,707,MI,"5806 Crosby Road, Kristyland, DC 80894",001-586-263-1805,GB10TOMS04635077318859,liability_only,1.0,0
CL001590,John Cox,Female,44,divorced,Mechanic,31685.36,629,OH,"095 Wendy Viaduct Apt. 243, Port Jennifer, VI 03006",(998)344-3389x0254,GB60VFPR06644856786892,comprehensive,1.7,1
CL001591,Travis Kelly,Female,56,single,Police Officer,93116.07,692,PA,"0118 Robert Locks, Port Suzanne, VA 65617",6553456515,GB72IFHW86145094138225,liability_only,0.6,1
CL001592,Amy Dawson,Female,30,single,Software Engineer,66317.84,555,PA,"19050 Acosta Street, Lake Amy, MT 40484",880-581-0635x51972,GB78JWIL56582476825845,comprehensive,8.3,1
CL001593,Brandi Williams,Female,39,single,Manager,78000.08,676,FL,"0026 Craig Mews, Ellisfort, NE 97636",992-902-9763,GB60KLLV79431936671162,comprehensive,0.5,1
CL001594,Christina White,Male,57,single,Administrative Assistant,41592.56,766,FL,"Unit 3862 Box 9187, DPO AP 77158",375.593.7275,GB71CYYK86207138947785,liability_only,5.8,0
CL001595,Mark Wallace,Male,70,married,Accountant,86387.71,829,OH,"93411 Stephanie Lodge Suite 628, Brandonshire, MO 60304",001-920-764-7405x503,GB58ADXN05570478712372,full_coverage,2.2,0
CL001596,Michelle Ward,Female,52,single,Warehouse Worker,55655.19,674,NY,"4296 Lewis Turnpike Apt. 954, Millermouth, AS 33775",001-716-386-7448x9961,GB62VUNA08044358351006,liability_only,1.5,1
CL001597,Kaitlin Tyler,Male,75,single,Electrician,45254.6,805,CA,"34530 Diana Square Suite 341, Ericview, WV 87512",(612)581-3309,GB43ZQBD80875374126002,liability_only,1.8,0
CL001598,Jessica Russo,Female,64,divorced,Retail Worker,31381.01,668,OH,"861 Anderson Burgs Suite 248, Shawtown, MP 21581",001-682-253-6552x20538,GB67HAFL15716195467239,liability_only,5.1,0
CL001599,Matthew Roberts,Other,23,divorced,Truck Driver,65639.87,681,GA,"071 Jared Flats Suite 146, West Kelly, NH 52891",250-339-7438,GB03DSZA21287809280414,full_coverage,4.1,1
CL001600,Thomas Castillo,Female,22,married,Construction Worker,31606.53,679,OH,"5145 Johnson Plains, New Brenda, AL 80657",201-302-6390,GB52TSAO39488340390607,full_coverage,3.8,0
CL001601,Sara Abbott,Male,24,single,Construction Worker,46803.25,749,NY,"PSC 7297, Box 0345, APO AE 89126",(988)620-2446x943,GB18FEKP79830421453823,comprehensive,3.7,1
CL001602,Brandon Higgins,Female,53,divorced,Teacher,47076.5,533,PA,"682 Ray Extensions, West Robert, CA 78782",436-514-7562x9788,GB66LKGC84446904883563,comprehensive,0.9,0
CL001603,Katherine Cervantes,Male,23,married,Freelancer,48257.48,730,OH,"77108 Fritz Lock, Jorgefurt, MN 04016",9239564140,GB95DIEC05435137183497,full_coverage,3.7,0
CL001604,Laura French,Male,23,married,Electrician,66745.38,768,TX,"807 Weaver Landing, Chelsealand, TX 81343",(289)521-7696,GB68RHIP86264616150186,comprehensive,0.2,0
CL001605,Adam Murphy,Female,55,married,Accountant,81933.31,687,NC,"786 Stephanie Court, Andrewmouth, NE 59732",5349700826,GB91JVNZ46225074762198,full_coverage,0.1,0
CL001606,Nancy Dunlap,Male,70,married,Administrative Assistant,78619.1,733,MI,"593 Charles Parkways, Annetteton, NV 09158",001-392-657-5117,GB81JWAG42875673110176,comprehensive,1.5,0
CL001607,Thomas White,Female,53,single,Retail Worker,74431.9,658,TX,"1540 Morales Ways, North Jermaineborough, ME 73833",500-333-4539,GB94UPJX22165981157913,full_coverage,0.1,2
CL001608,Michael Wade,Female,74,married,Warehouse Worker,44884.27,690,NC,"79280 Oneal River Suite 824, South Lisaburgh, RI 65085",631-515-8250,GB83IVFC12182882914547,liability_only,2.6,0
CL001609,Matthew Morse,Male,34,single,Administrative Assistant,52821.92,825,OH,"21259 Valdez Hill, East Rhonda, KY 38773",001-639-222-0781x050,GB03XRWX16723369351073,liability_only,0.5,0
CL001610,Amy Pacheco,Male,36,single,Retired,37711.26,692,TX,"6794 Michael Skyway, New Kevinville, NV 36792",(356)537-8018x715,GB62ZAAM34096129926236,full_coverage,2.1,0
CL001611,Randy Diaz,Female,43,divorced,Chef,68097.59,757,CA,"4237 Johnson Port Apt. 475, Erictown, WI 32389",250.312.3290,GB23YDWF49341582212151,comprehensive,0.0,1
CL001612,Juan Preston,Male,20,single,Manager,147645.69,667,PA,"66593 Foster Court Suite 008, West Emmaberg, MH 84723",+1-660-668-9217,GB70PXAP49522499498976,comprehensive,3.6,1
CL001613,Laura Gray,Female,67,single,Police Officer,33029.0,562,CA,"416 Shelton Mountain Apt. 152, Brianchester, IA 99720",741-367-8530x44567,GB18RUMH24335085112748,liability_only,0.8,0
CL001614,Michelle Reyes,Female,59,divorced,Warehouse Worker,20479.34,721,IL,"05660 Benson Port Apt. 219, Saundersfurt, MN 52170",982.856.9028,GB73CZWT76813891020874,full_coverage,0.0,0
CL001615,Trevor Lawrence,Other,42,single,Chef,42309.86,653,NY,"92711 Graves Fords, South James, GA 64684",783-557-1991,GB70WEFH40140822815775,full_coverage,1.1,2
CL001616,Karen Hawkins,Female,56,divorced,Police Officer,60170.4,850,FL,"522 Miller Rapid, South Dylan, WY 01350",(657)368-2996x7282,GB35XWTO86804288789259,comprehensive,0.2,1
CL001617,Stacy Vazquez,Male,29,married,Electrician,82914.99,668,NC,"541 Kennedy Mountains, Jacksonshire, MS 61157",(789)325-7655,GB80INLT98314309953218,liability_only,5.3,1
CL001618,Sarah Rodriguez,Male,76,single,Retail Worker,70309.76,740,MI,"305 Miranda Land Suite 833, South Victorville, NM 37809",(851)986-9756,GB93DYOU52409758613934,comprehensive,0.4,0
CL001619,Debbie Ortega,Male,67,single,Business Owner,89734.16,742,FL,"44185 Alec Throughway, Johnsontown, NM 86498",001-898-743-6348x615,GB71RQPT34048693841370,comprehensive,7.2,0
CL001620,John Perez,Female,57,married,Consultant,51222.06,695,FL,"41182 Welch Meadows, Port Paulburgh, VT 95807",779-976-4670,GB61ZJFA50080001826062,liability_only,12.9,0
CL001621,Bruce Gilbert,Male,30,single,Chef,94686.79,850,CA,"870 Brandi Union Suite 232, Fitzgeraldchester, IN 92780",756-445-0407x942,GB92EAFC39520764359325,full_coverage,0.1,0
CL001622,Bryan Newman,Female,33,married,Mechanic,142981.55,702,FL,"701 Gibson Valleys, Torresland, SC 55796",(521)845-9848x47169,GB41XDPV56826814155014,liability_only,0.0,0
CL001623,Jesse Smith,Female,42,married,Sales Representative,29323.52,632,OH,"3375 Dakota Extension, Lyonsbury, DE 68870",739.655.7016x01619,GB86FLWH52537094206599,comprehensive,0.7,0
CL001624,Erica Keller,Female,81,divorced,Teacher,69712.99,650,MI,"USS Dunn, FPO AE 96323",001-795-689-2821,GB32ZSYU63083977251883,comprehensive,0.2,1
CL001625,Troy Lawrence,Male,61,single,Truck Driver,18496.0,611,PA,"26398 Roberts Forges, Kennethshire, RI 85261",607.255.4538x8223,GB70SDOB89574382678282,liability_only,7.0,1
CL001626,Kevin Stone,Female,72,divorced,Construction Worker,77249.64,647,OH,"9810 Martinez Fort, West Samuelburgh, OR 82419",438.563.4587,GB48MZHU62858498114575,liability_only,15.2,0
CL001627,Judy Woodard,Female,50,married,Software Engineer,86438.28,645,NY,"0745 David Fall, Stevenland, NC 97586",710.300.3003x527,GB92OUFQ63249487836002,full_coverage,0.0,0
CL001628,Elizabeth Schneider,Female,54,divorced,Accountant,28349.62,695,FL,"828 Kenneth Lodge Apt. 727, North Angelaville, IL 67886",+1-272-817-2836,GB93TMNR84487949317332,liability_only,1.5,1
CL001629,Jason Thompson,Male,76,married,Nurse,50666.23,676,TX,"Unit 8072 Box 7435, DPO AP 89459",(769)232-8743x420,GB31FJBS05083450373509,comprehensive,2.8,0
CL001630,Spencer Cruz,Male,38,married,Business Owner,29479.68,683,CA,"2617 Miller Vista, Christopherside, SD 18319",001-428-570-0213x613,GB45EGSV87445122760786,liability_only,1.9,0
CL001631,Tony Mcfarland,Male,21,single,Teacher,26676.99,722,NC,"207 Tristan Cove Apt. 599, Lake Jimmy, IA 12038",(889)298-5118,GB36LIEG11262574894667,liability_only,0.3,0
CL001632,Mike Peterson,Female,58,divorced,Retail Worker,96653.71,791,NY,"194 Jonathan Junction Suite 825, New Michaelland, CO 47734",694-475-0465x3425,GB51EYQR03260297480579,liability_only,4.1,0
CL001633,Rodney Fields,Female,62,married,Truck Driver,83629.14,780,PA,"52018 Foster Course, North Gabriellemouth, MP 57242",302.786.6535,GB25OTDV72148688238551,liability_only,3.6,0
CL001634,Ashley Waters,Female,81,married,Administrative Assistant,120307.62,627,GA,"6673 William Plains, West Amytown, NC 12551",(372)374-6001,GB13LNNH11084855793938,full_coverage,6.3,1
CL001635,Charles Smith,Male,52,married,Construction Worker,39281.57,626,PA,"6964 Reynolds Village Suite 910, West Lukeshire, NV 86505",973-704-3113,GB63ASGC06173559971777,liability_only,1.5,0
CL001636,Brian Reyes,Male,33,single,Chef,44337.93,769,TX,"2595 Susan Lake, Shawnfort, DC 70506",001-508-993-7259x5616,GB93VKAD48102703646576,full_coverage,2.9,0
CL001637,Mark Williams,Female,67,married,Retired,140486.54,715,OH,"Unit 7237 Box 5435, DPO AA 62394",580.715.2607x4869,GB47QQGS78479166591444,comprehensive,2.0,0
CL001638,Scott Perez,Male,34,divorced,Warehouse Worker,17564.02,728,TX,"48914 Tracy Crossroad, Williamville, MN 79336",(854)558-2737x2041,GB47TWIF41850489006067,full_coverage,0.6,0
CL001639,Joseph Snyder,Male,50,married,Software Engineer,37401.13,569,GA,"0828 Sherry Forge, North Emilyburgh, NJ 29151",285.428.9257,GB90WMVP21825715773175,liability_only,0.3,0
CL001640,Jared Lynch,Male,30,married,Administrative Assistant,62446.38,664,MI,"5618 Oconnell Fords Suite 474, North Ericport, GU 92868",379.795.6353,GB74BEPZ14872717833321,comprehensive,3.4,0
CL001641,Janet Wheeler,Female,52,single,Electrician,30920.92,739,OH,"439 Nichols Estate, East Robert, CA 77351",371-778-3003x05644,GB57RTMR97482875833183,comprehensive,7.2,0
CL001642,Alicia Brady,Female,37,married,Mechanic,116297.86,697,FL,"PSC 1573, Box 2083, APO AP 54300",562-328-7947,GB44CASQ20481611336288,comprehensive,1.6,0
CL001643,Nancy Wood,Female,24,single,Electrician,111886.0,622,NY,"58967 Ashley Keys, Lake Ryan, IA 92781",9265698032,GB15SXXS66629091374128,full_coverage,1.6,1
CL001644,Michelle Middleton,Male,62,married,Chef,113120.8,553,PA,"6735 Felicia Extensions Apt. 047, North Cody, DC 35004",001-507-548-8241,GB76LNOE07190147342722,full_coverage,4.2,0
CL001645,Kelly Richardson,Female,18,single,Warehouse Worker,46644.18,614,TX,"151 Randall Shore, Andersontown, MT 70807",500-662-1212,GB45VJIY66872553681963,full_coverage,13.1,0
CL001646,Michael Long,Male,61,married,Electrician,54327.09,837,NY,"846 Lindsey Avenue Apt. 350, Patrickton, UT 13903",727-865-0960x30758,GB95TVZG96322991945763,liability_only,2.6,0
CL001647,Dawn Booth,Male,43,widowed,Police Officer,113140.9,699,TX,"23630 Wilson Fork Suite 706, New Williamfort, VI 70601",001-201-787-1669x9341,GB20KMPY24274207842717,liability_only,2.8,0
CL001648,Amy Gonzales,Female,31,married,Consultant,75246.26,671,CA,"8671 Wilcox Loop Suite 893, Millermouth, MD 78871",4883700251,GB46MBFY53344110220139,liability_only,4.3,0
CL001649,Jason Chen,Male,52,widowed,Freelancer,44542.6,778,PA,"89370 Mcintosh Manor, East Eddie, ID 29577",+1-800-423-2852x12400,GB05EIDP48600649882476,liability_only,2.5,0
CL001650,Makayla Sanford,Female,19,married,Student,67671.05,670,CA,"6999 Maria View, Priscillaton, TX 73637",(902)469-2782,GB80XKGS83745374012684,full_coverage,1.6,1
CL001651,Amanda Hickman,Female,46,divorced,Police Officer,77887.28,486,PA,"85884 Jonathan Views, Coffeyport, WA 44897",(766)793-8011x848,GB28IGAX96348079705097,full_coverage,1.6,1
CL001652,Hailey Carter,Male,40,married,Nurse,96762.69,753,OH,"53293 Maria Plaza, New Jason, VI 31040",4709160166,GB63DOZB73033793375636,full_coverage,5.5,1
CL001653,Adam Clarke,Male,62,divorced,Warehouse Worker,50232.59,600,TX,"24838 Teresa Rest, South Crystalmouth, WI 40384",836-525-4735,GB63LFHB81973349452045,liability_only,13.7,0
CL001654,Diana Douglas,Female,38,single,Electrician,47888.92,669,OH,"770 Joseph Curve Suite 771, Lake Chelseabury, VT 21259",+1-612-228-1606x48422,GB76PYLW48015716479473,liability_only,0.4,0
CL001655,Christopher Fleming,Female,57,divorced,Teacher,99788.62,693,CA,"761 David Square, Milesbury, TN 87538",331-142-1015,GB69DFPX05702730382000,liability_only,1.2,0
CL001656,Claudia Smith,Female,40,divorced,Software Engineer,126216.76,705,PA,"009 Lori Extension, Port Susantown, ID 71785",678.215.1417x89265,GB74ZCZM24295553870979,full_coverage,2.6,0
CL001657,Matthew Moore,Male,56,single,Accountant,40886.15,706,FL,"USS Ward, FPO AP 26620",(683)671-5875,GB13ZTMG24246604729484,full_coverage,1.2,0
CL001658,Steven Monroe,Female,18,single,Consultant,50171.46,466,OH,"431 Sylvia Mews, New Scotttown, WA 56961",204.730.2419x350,GB67IFGH57415181342881,full_coverage,1.1,1
CL001659,Matthew Alexander,Male,64,single,Retired,21538.05,637,GA,"3799 Jennifer Shoals, Madisonberg, OH 94349",568.841.8162x8261,GB94EIHU41917395932954,comprehensive,2.3,0
CL001660,Thomas Johnson,Male,36,single,Manager,83261.23,840,PA,"632 Angela Mills Apt. 062, Spencerchester, CT 06128",+1-844-476-0779,GB46QNPJ33398985258804,full_coverage,1.0,0
CL001661,Jennifer Martin,Male,47,single,Construction Worker,84281.76,708,TX,"25619 Sarah Gateway, Littleville, LA 47597",001-485-375-1743x1926,GB28BJXM32884621841292,liability_only,1.7,1
CL001662,Bruce Parks,Female,76,married,Freelancer,70422.97,695,OH,"Unit 4611 Box 6081, DPO AE 64017",352-354-8615x0855,GB61BUYY80306154710578,liability_only,1.0,0
CL001663,William Wright,Female,77,married,Student,24254.61,683,NC,"19427 Bradley Flat, Fuenteschester, PW 01691",(232)887-9881x59456,GB50SUKK99152427509016,comprehensive,5.2,0
CL001664,Ashley Gonzalez,Female,43,married,Truck Driver,119787.37,686,NC,"4316 Jeffrey Burg Apt. 004, Kimberlyburgh, VI 06162",623.850.9688x88311,GB20GWQN76844412191706,liability_only,1.6,1
CL001665,Charles Rodriguez,Male,59,married,Freelancer,58407.57,722,MI,"60320 Kari Forest Apt. 291, Kylestad, PA 41313",001-928-239-8112x105,GB13CFVI42360256732291,full_coverage,4.6,0
CL001666,Christopher Daniel,Female,48,single,Accountant,40199.44,676,PA,"4093 Perez Lane Suite 914, East Anthonychester, MN 52473",+1-893-300-9038x75567,GB27HIFR23344304714272,comprehensive,6.3,1
CL001667,Alexandra Miller,Female,51,married,Retail Worker,57651.79,595,TX,"1491 Barajas Row Apt. 128, Dylanchester, SD 12290",+1-962-932-6862x513,GB31EPMV90555908483103,liability_only,0.6,0
CL001668,Emily Larson,Female,59,single,Student,41788.31,597,GA,"9820 Schroeder Rue Suite 812, Hunthaven, VT 81533",2128269951,GB84FTYJ42052030657128,full_coverage,1.0,0
CL001669,Dr. Daniel Beck IV,Male,23,married,Construction Worker,109008.58,741,FL,"36049 Simpson Stravenue, North Joshua, MA 34911",001-482-471-8980x4576,GB89SNFL84707217699959,full_coverage,1.6,3
CL001670,Darrell Baker,Female,18,married,Mechanic,47557.15,630,TX,"974 Phillip Wells, Christineton, NJ 00696",9975407339,GB95KDYA90933186839859,liability_only,2.0,0
CL001671,David Reyes,Male,79,single,Construction Worker,52793.68,652,OH,"6391 Bobby Crest Apt. 732, New Brittanystad, DE 36149",+1-719-673-4860x7177,GB79LYZA75686804779001,liability_only,0.8,0
CL001672,Lorraine Castro,Male,68,married,Retail Worker,47594.62,646,CA,"787 Beth Walks Apt. 392, North Teresaton, WA 43156",001-946-569-6147,GB41QSEM94813352954005,full_coverage,3.9,0
CL001673,Erin Johnson,Female,73,single,Nurse,83098.56,822,MI,"3166 Wilson Ramp, Andrewfurt, TN 96188",402-898-1687x833,GB73FDAA38589472915515,liability_only,10.2,0
CL001674,Ashley Rice,Female,31,single,Warehouse Worker,59018.82,760,OH,"PSC 1685, Box 0542, APO AE 45292",649-921-6433,GB20YWYS94657967842711,liability_only,1.8,0
CL001675,Michael Lewis,Male,20,married,Accountant,96555.18,738,NY,"726 Sharon Orchard, Davisview, DC 07086",641-656-8207x2799,GB85ZUBZ18989266293674,full_coverage,3.1,2
CL001676,Matthew Richardson,Male,52,married,Retail Worker,108550.78,820,FL,"Unit 0022 Box 9570, DPO AE 39628",001-235-953-4176,GB81TWQP67993689195209,full_coverage,1.3,0
CL001677,Elizabeth Hale,Female,23,single,Sales Representative,63557.2,618,FL,"7741 Farrell Throughway Suite 334, Sarahville, RI 05239",628-402-9143,GB79YBOI80155972056522,full_coverage,2.7,0
CL001678,Blake Taylor,Female,71,divorced,Truck Driver,60697.2,451,CA,"107 James Rapid Apt. 869, Villaland, MI 16652",9532910371,GB03DSZA21287809280414,full_coverage,2.6,0
CL001679,Joshua Marshall,Female,44,single,Teacher,53163.53,807,MI,"Unit 0967 Box 0833, DPO AP 69646",001-380-969-7338x287,GB96EGKF88151369928710,full_coverage,0.5,1
CL001680,Daniel Cobb,Female,59,divorced,Retired,46113.09,706,TX,"43134 Glover Square Suite 163, East William, RI 58464",+1-310-857-5498x11180,GB13NVAX89891128147143,liability_only,3.4,0
CL001681,Elizabeth Johnson,Male,44,single,Sales Representative,33676.92,767,NC,"0168 Levy Forge Suite 004, Harperfort, LA 70846",001-943-497-3598x9334,GB39KJLD05265016731882,liability_only,4.2,1
CL001682,Ann Cabrera,Female,38,married,Freelancer,49762.62,561,GA,"59690 Nichole Mount, West Leetown, RI 56658",(577)218-6986,GB34DOPN26094927453795,full_coverage,0.7,0
CL001683,Jennifer Wilcox,Female,31,married,Mechanic,53652.74,674,GA,"069 Ann Trail Apt. 417, Angelaborough, AZ 31589",250.403.7660,GB34QKKB38471068973173,liability_only,3.5,0
CL001684,Roy Dickerson,Male,77,divorced,Warehouse Worker,79126.6,642,GA,"10945 Kelly Cove, North Daniel, AL 65914",308.216.3481,GB30YKAE72577261958436,liability_only,5.0,0
CL001685,Christopher Crawford,Male,44,single,Police Officer,46159.1,702,NY,"PSC 8582, Box 4348, APO AE 19201",308.557.6236x23916,GB10XKZA24855256870880,full_coverage,2.1,0
CL001686,Ronald Bell,Male,20,single,Police Officer,35166.76,634,IL,"98982 Laura Inlet Apt. 372, New Colin, NV 11454",(343)316-9580x0684,GB48ZNBF01221258472387,liability_only,5.1,1
CL001687,Kayla Barron,Male,22,married,Retail Worker,46308.07,620,PA,"698 Jacqueline Expressway, Tiffanyshire, CT 28920",(978)213-7421x415,GB25STLE10460598992611,comprehensive,1.3,0
CL001688,Edward Roberts,Male,80,married,Student,29753.61,738,FL,"PSC 6149, Box 4340, APO AA 08667",736-681-9457,GB92WWLF35589729550552,liability_only,20.0,1
CL001689,Brett Stone,Male,54,married,Police Officer,46187.51,695,PA,"4099 Gerald Spur, West Robert, GA 78718",925.448.3545x995,GB08NGJQ55002309729678,full_coverage,6.6,1
CL001690,Kimberly Gray,Male,61,single,Warehouse Worker,178081.07,666,TX,"88888 Peter Mountains Apt. 654, West Kristinastad, IA 96569",+1-525-680-0106x18175,GB63DOZB73033793375636,full_coverage,5.6,1
CL001691,Breanna Hunt,Female,50,single,Teacher,79042.94,691,GA,"62094 Lauren Crescent Apt. 230, Port Elizabethton, WA 14949",832-663-3988,GB12SNNN86734815391221,comprehensive,8.1,2
CL001692,Dawn Hale,Male,53,married,Administrative Assistant,38581.54,582,MI,"56904 Robert Squares Suite 446, Kevinland, VT 10471",2675099053,GB14FNYZ15187104044646,full_coverage,0.2,0
CL001693,Kenneth Riley,Male,81,single,Administrative Assistant,88786.85,619,CA,"281 Mark Turnpike Suite 774, Burnsburgh, WA 37187",818.492.7500,GB81DKGT00506748179890,full_coverage,0.6,0
CL001694,Mark Randolph,Male,81,single,Retired,111557.01,623,PA,"5813 Hannah Villages, North Stephen, RI 77260",001-244-495-7181x341,GB60TAND69185361067076,liability_only,2.8,1
CL001695,Jamie Hooper,Male,60,single,Truck Driver,45105.7,765,IL,"71773 Raymond Shoal, Jenniferfort, ND 09787",783-557-6637,GB70WEFH40140822815775,comprehensive,3.7,1
CL001696,Paul James,Male,39,widowed,Business Owner,67242.52,682,FL,"PSC 1534, Box 0524, APO AE 56137",+1-296-296-9768x699,GB46ORFQ16041379640497,comprehensive,2.2,0
CL001697,Juan Torres,Female,33,married,Police Officer,39670.45,725,MI,"15577 Chad Forges, Lake Dominiquehaven, ME 80774",5824456094,GB51ADGB22393540357133,comprehensive,1.4,1
CL001698,Debbie Solomon,Female,65,divorced,Sales Representative,59971.36,748,OH,"121 Kent Station Suite 735, West Dianeport, OK 50316",3664076647,GB10IGJX68348549751579,full_coverage,0.5,0
CL001699,Amanda Edwards,Female,46,single,Administrative Assistant,64384.3,685,MI,"9736 Ryan Fort, North Scotthaven, SC 20804",001-710-895-9278x332,GB44RHIK11610651513822,full_coverage,1.3,0
CL001700,Christian Townsend,Male,21,single,Consultant,81958.23,712,FL,"834 Mathis Isle Apt. 048, West Dustin, GU 89341",691.238.8515x869,GB80TJQO18829917807661,full_coverage,2.2,0
CL001701,Dawn Padilla,Female,65,married,Administrative Assistant,69941.81,750,PA,"87001 Robert Cliff Apt. 201, Harrismouth, MO 79543",736-847-2598,GB33RIFZ12289853541430,liability_only,6.8,0
CL001702,Thomas Johnston,Male,43,married,Chef,79570.28,645,OH,"63251 Allen Cape Suite 308, West Lukeland, AZ 05293",(859)304-7547,GB28ODHL95184691728471,liability_only,1.2,1
CL001703,Brian Rosario,Male,76,married,Mechanic,64536.03,666,GA,"1987 Lisa Fort, North Rodney, MI 86517",111-556-4377,GB30DVPO00128085517294,full_coverage,4.1,0
CL001704,Michelle Pierce,Other,36,married,Business Owner,142376.82,731,CA,"98968 Michael Bypass, Devonmouth, SD 52485",706-205-6432x900,GB29ZSCK72750636229822,comprehensive,0.2,0
CL001705,Gregory Hicks,Male,67,married,Administrative Assistant,116137.55,705,NY,"23584 Moore Circle, Christopherview, LA 36695",(520)442-4579x72731,GB88WCDU80829380743857,full_coverage,5.5,0
CL001706,Lisa Hall,Male,65,divorced,Administrative Assistant,93437.07,715,CA,"651 Beard Meadow, Youngborough, NV 49772",707-927-7876,GB37HEJN05705021192505,comprehensive,0.3,1
CL001707,Shelly Daugherty,Female,29,single,Student,39422.9,800,GA,"1702 Sellers Viaduct, Dianastad, SD 19834",(574)969-3443x2228,GB08FCGA27322044840004,comprehensive,7.3,0
CL001708,Elijah Hill,Female,66,widowed,Retail Worker,86416.35,799,IL,"79281 Hernandez Fall, Kerriborough, KS 61798",420.748.4437x628,GB77VLST48482759655987,full_coverage,0.2,2
CL001709,Spencer Welch,Male,67,married,Nurse,79595.8,690,TX,"USNV Best, FPO AE 03732",3878106235,GB21SGYD82446495665660,full_coverage,23.0,0
CL001710,Alfred Simmons,Male,44,single,Construction Worker,28760.12,738,NC,"30961 Steven Fork Suite 857, Vickiport, CA 73476",742-665-4953x7057,GB11TJCK87449150222951,liability_only,5.1,0
CL001711,Nancy Bates,Male,21,single,Truck Driver,46818.76,676,PA,"8116 Bell Village Apt. 490, Hendersonshire, DE 49151",448.800.4869x080,GB65PXQE24909342749784,full_coverage,4.1,0
CL001712,Christopher Gordon,Male,45,divorced,Warehouse Worker,50875.63,669,NY,"56249 Jodi Dam Suite 204, North Cody, AR 38309",(663)875-9972,GB59UQLQ57605057599753,liability_only,3.2,0
CL001713,Victoria Montoya,Male,71,single,Retail Worker,103694.27,750,NY,"44713 French Road, South Danny, IN 85387",001-702-216-9797x296,GB80HBUZ42897317912868,liability_only,0.4,0
CL001714,Angela Rice,Female,46,divorced,Administrative Assistant,108152.94,741,OH,"405 Mason Ville, Robertstad, PW 23115",001-518-293-5805,GB68OMRE05426024421173,full_coverage,0.5,1
CL001715,Kathy Mendez,Female,73,divorced,Manager,174985.19,807,MI,"3684 Johnson Brooks Apt. 342, East Mark, MD 98243",4442057106,GB50QUBE01104125886049,full_coverage,1.8,2
CL001716,April Day,Male,45,married,Teacher,41266.64,682,FL,"011 Rogers Locks, South Donaldberg, NM 05770",(961)825-9279,GB47AIBF71830100849525,liability_only,1.1,1
CL001717,Amanda Smith,Female,74,married,Business Owner,34791.56,594,NY,"188 Joshua Island Suite 649, Scottshire, PW 60004",+1-826-591-1616x466,GB56FNNH18829787682458,full_coverage,1.2,1
CL001718,Katie Flores,Male,71,widowed,Retired,53943.23,591,IL,"3575 Schwartz Trace, Markport, AK 45863",416-583-3142x147,GB36ZQBG27055440274124,full_coverage,1.7,1
CL001719,Xavier Mullen,Male,79,single,Police Officer,42845.6,673,OH,"92711 Graves Fords, South James, GA 64684",783-557-9376,GB09WVDE01327968559652,liability_only,12.3,1
CL001720,Brandon Mclean,Female,69,married,Consultant,66458.42,697,PA,"28105 Cassandra Unions, North Nicholas, AS 94446",267-902-1492,GB92QGIA10772502109859,liability_only,1.2,0
CL001721,Mark Watts,Male,73,married,Mechanic,46982.0,723,FL,"82913 Kemp Tunnel Suite 118, Thomasview, HI 79915",531.375.6136,GB51DLSM95549178088557,full_coverage,1.7,1
CL001722,Dennis Curry,Female,48,widowed,Mechanic,64794.17,638,NC,"16402 Shannon Ports Apt. 045, Ponceview, CT 88657",(298)760-3779,GB51IEKZ31702777217887,comprehensive,2.1,0
CL001723,Kimberly Gibson,Female,43,married,Chef,18871.45,684,NC,"USCGC Peterson, FPO AE 82550",812.435.4836,GB86KHTM71832395302155,liability_only,2.2,1
CL001724,Charlotte Lewis,Female,72,married,Electrician,88866.9,562,GA,"Unit 9315 Box 9105, DPO AP 12730",+1-350-279-7228,GB81XRSD88708985000388,full_coverage,3.6,0
CL001725,Lisa Garcia,Female,18,married,Administrative Assistant,43861.86,653,OH,"Unit 2036 Box 0960, DPO AE 30218",949.561.2690x7280,GB74WJJZ69690910231937,liability_only,0.4,0
CL001726,Sandra Goodman,Male,27,widowed,Warehouse Worker,180492.69,714,FL,"4600 Rollins Common, Brendaborough, MA 81662",001-220-727-3049x978,GB28KYBD44301116705121,full_coverage,1.2,1
CL001727,Erik Landry,Male,45,married,Truck Driver,44807.91,836,IL,"236 Caldwell Trafficway Suite 558, Catherineberg, SC 72552",(764)824-9148,GB91DQTJ65854739893016,full_coverage,2.4,0
CL001728,Christopher Harrison,Male,56,divorced,Software Engineer,181299.68,658,CA,"62811 Davenport Brooks Suite 168, East Dustin, WV 15966",711.746.7530x1570,GB69OXBD43027679918244,liability_only,0.3,2
CL001729,Vincent Thomas,Female,63,married,Retired,37529.7,669,GA,"2009 Adams Camp, Davidmouth, PA 91119",(476)342-6333x13256,GB14FUOI14055162977291,full_coverage,3.3,0
CL001730,Michael Huynh,Male,54,divorced,Sales Representative,46728.31,617,TX,"9617 Foster Plaza, Garretthaven, HI 07883",595.920.7570x4648,GB90CKGY03763174816743,comprehensive,6.1,0
CL001731,Scott Thomas,Male,37,married,Police Officer,141442.86,682,TX,"2596 Walker Hill, Stewartborough, SD 14211",889-079-7171,GB51IDLO96142823428209,liability_only,2.6,0
CL001732,Jonathan Kaiser,Female,59,married,Freelancer,75563.85,683,IL,"Unit 3534 Box 2213, DPO AP 20933",001-886-287-9732x598,GB89TSZW39475859893443,full_coverage,6.2,0
CL001733,Jose Hammond,Male,43,single,Freelancer,94558.21,681,OH,"80981 Sanchez Meadows Suite 203, Brookeville, MT 40768",419-678-5628,GB06XMSM74930919249034,liability_only,0.3,2
CL001734,John Thomas,Male,79,single,Retired,46381.23,634,GA,"6546 Lewis Pass Suite 930, Buckleytown, KY 52569",(760)452-2612x47130,GB03AMIW09191706693548,full_coverage,0.9,0
CL001735,Michele Johnson,Male,28,married,Student,108947.68,738,NY,"40915 Mcguire Cove, Burnsborough, NC 28809",799.870.4983,GB65HFPP03619328875257,liability_only,0.1,0
CL001736,Robert Ochoa,Male,36,single,Nurse,41299.21,605,FL,"80981 Sanchez Meadows Suite 203, Brookeville, MT 40768",630.730.7053,GB22GTRS09837801820433,comprehensive,5.4,0
CL001737,Matthew Sullivan,Male,77,single,Student,57051.13,640,GA,"975 Matthew Curve Apt. 719, South Aliciamouth, OK 73478",(763)549-4590,GB89OLZY49904951141010,liability_only,10.8,0
CL001738,Morgan Buckley,Male,20,married,Mechanic,30768.56,592,MI,"9059 Cole Flats, Leeberg, VI 49787",001-566-695-9818x370,GB24PXHW12549707514976,comprehensive,9.4,0
CL001739,Anthony Fry MD,Male,50,married,Chef,58345.04,606,TX,"0731 Williams Groves, Schmidtberg, PR 44860",(966)412-8240x828,GB10OUYJ06470887044916,full_coverage,4.2,0
CL001740,Karen Lee,Male,32,single,Retired,66826.33,769,NY,"5879 Oneal Divide, West Brandonton, WI 78377",+1-443-565-9607x54542,GB59GNAN94347296932152,liability_only,1.0,0
CL001741,Laura Berry,Female,44,divorced,Administrative Assistant,103286.96,576,PA,"088 Olsen Plains Apt. 882, Adamstown, TX 77787",512-654-7246x330,GB13KRWX40943089436664,full_coverage,7.8,0
CL001742,Michael Cook DDS,Male,76,single,Administrative Assistant,84828.0,657,TX,"30695 Steele Mountains Apt. 308, East Donnahaven, NJ 70109",327-924-4069x53517,GB98DDRQ22131723613280,full_coverage,0.6,0
CL001743,Phillip Greene,Male,61,married,Administrative Assistant,26953.17,587,OH,"87495 Jeffery Glens Suite 705, Barronborough, MO 88320",614-602-2695x620,GB06WUMC80288239884377,full_coverage,4.4,1
CL001744,Toni Jones,Male,75,married,Manager,54789.72,720,CA,"517 Valdez Bypass, Martintown, KS 66074",001-768-218-2041x292,GB25NSRU32144568631468,liability_only,1.4,0
CL001745,Yolanda Smith,Female,30,divorced,Nurse,48484.36,585,FL,"51669 Edwards Ridge, Port Christopher, CT 91071",224-964-8807,GB54BZOP30983922282102,liability_only,1.5,1
CL001746,William Noble,Female,57,married,Nurse,83922.01,619,NY,"71932 Mark Course Suite 791, Bradport, CT 78375",973.220.3607x149,GB61GOQW44576763141319,full_coverage,4.3,0
CL001747,Lisa Mccormick,Male,47,married,Nurse,19766.45,668,IL,"478 Madison Canyon, West Anthonychester, NV 15582",(266)936-8568x801,GB48YGIR29045057326630,comprehensive,1.0,0
CL001748,Christian Kelly,Male,26,married,Software Engineer,121499.3,703,NC,"37091 Collins Shore, Terriside, MH 28188",560-549-6091,GB88APOF62928750453282,full_coverage,0.9,0
CL001749,Elizabeth Weaver,Male,58,single,Retired,80024.33,727,NC,"92711 Graves Fords, South James, GA 64684",783-557-7888,GB70WEFH40140822815775,liability_only,2.4,0
CL001750,Sean Jones,Female,75,married,Sales Representative,55092.06,764,CA,"559 Fitzgerald Summit, Jackbury, WY 36669",532-842-6289,GB69KDTL65456035661973,comprehensive,1.8,0
CL001751,Lisa Morton,Male,44,single,Warehouse Worker,70712.79,695,OH,"6465 Sarah Flats, Lake Katrina, AK 95818",670-718-4094x35334,GB87INQW34146511131290,liability_only,4.5,0
CL001752,John Charles,Female,38,married,Truck Driver,51593.41,544,OH,"0779 Perkins Extensions Apt. 032, Pamelafurt, MS 25986",802.916.9870x9126,GB30DPGR23379713027151,full_coverage,8.7,0
CL001753,Travis Robinson,Female,49,single,Warehouse Worker,93337.48,561,IL,"87363 Brooks Fall, Tateburgh, AR 71246",001-660-902-1912x4164,GB97TNQR24893231748487,full_coverage,7.2,0
CL001754,Ashley Thomas,Male,62,single,Software Engineer,33016.33,751,MI,"47548 Laura Corner, Torresbury, NY 31807",001-766-894-7183x4499,GB39JOEL53655560592338,liability_only,8.6,0
CL001755,Nancy Flores MD,Male,22,divorced,Business Owner,48073.89,673,MI,"06831 Brooke Pine, Austinview, GU 11735",759.307.0671,GB40KFLZ86217008781329,liability_only,2.3,0
CL001756,Angela Cameron,Male,27,single,Nurse,58511.41,611,TX,"798 Brown Rue, South Jim, WV 48598",+1-798-465-9898x920,GB69IYKZ50316307335998,liability_only,0.6,0
CL001757,Thomas Bridges,Female,52,single,Warehouse Worker,196344.62,777,NY,"537 May Path, Alexaside, FL 88577",510-542-0710x156,GB97SDQX07576449322933,comprehensive,0.8,0
CL001758,Thomas Petersen,Female,25,married,Software Engineer,57166.57,725,TX,"89310 Andrews Points, South Anneview, AZ 53885",472.413.6615,GB08FISN38256971699175,liability_only,4.2,1
CL001759,Eddie Davis,Male,70,married,Mechanic,75692.2,598,NY,"1130 Christopher Summit, Andreashire, VA 79040",001-811-344-3424x9415,GB95GLJM63907387565619,full_coverage,5.9,0
CL001760,Brandon Jackson,Female,27,married,Sales Representative,48865.12,745,NC,"0127 Susan Inlet, New Susanfort, MI 04391",(688)773-3817,GB04JTRW56275777783218,comprehensive,3.2,0
CL001761,Jodi Harris,Male,59,single,Mechanic,93982.29,741,OH,"5683 Jackson Center, West Leonardfurt, WI 48885",(291)451-7827x335,GB97DJFD72199898237224,full_coverage,2.1,1
CL001762,Charles Esparza,Female,43,single,Truck Driver,24185.81,539,NC,"071 Tina Stream, North Eric, MA 28558",+1-700-372-3248x44440,GB76GVOJ88705548005725,liability_only,0.5,0
CL001763,Ruth Banks,Female,44,married,Truck Driver,20619.87,677,CA,"99823 Mary Underpass, North Michael, PW 87771",(882)333-2018,GB04YZMF64560980787211,comprehensive,2.5,0
CL001764,Ricky Spencer,Male,74,married,Retail Worker,56725.37,720,CA,"0227 Preston Flat, Lake Melissaton, MP 98662",001-938-529-5536x315,GB04OBHR85772603336063,full_coverage,1.9,0
CL001765,Justin Watkins,Female,18,married,Software Engineer,20780.31,582,CA,"23685 Krystal Bridge Suite 817, Emilyview, OR 50442",851-386-3563,GB70TSVF01166918362644,full_coverage,6.6,0
CL001766,James Fowler,Female,20,married,Sales Representative,59583.98,750,NY,"37788 Michael Haven, Ortizmouth, TX 78867",+1-956-216-4840x85887,GB30XSGX19525690409836,full_coverage,0.4,0
CL001767,Daniel Garcia,Female,64,married,Mechanic,41429.38,725,CA,"115 Arellano Radial, New Bruce, MS 68996",417-851-8689,GB39KJLD05265016731882,comprehensive,4.4,1
CL001768,Gary Suarez,Male,39,divorced,Consultant,57997.97,764,NY,"52162 Stacy Lodge Suite 221, New Allisonchester, ME 96812",871-833-4181x291,GB63BMFK36138184878677,comprehensive,0.5,0
CL001769,Benjamin Pitts,Male,34,married,Police Officer,38137.3,619,CA,"20762 Horn Forest, South Cassandrachester, FM 20238",+1-459-216-9158,GB23TCAA36675808273377,comprehensive,2.3,0
CL001770,Patty Cole,Male,38,divorced,Administrative Assistant,50128.72,690,NC,"58936 Kennedy Row, Williamhaven, MA 71381",632.357.4433x8723,GB52YIES39911968621137,full_coverage,3.5,1
CL001771,Jeffrey Mason,Male,27,married,Accountant,95356.14,757,OH,"67972 Anna Drives, New Glenshire, SD 48258",+1-449-600-1038x01219,GB55UJMX33029739959927,full_coverage,0.5,2
CL001772,Amber Harris,Female,23,divorced,Manager,54500.85,597,PA,"32839 Robert Summit, Lisaton, WV 42255",256-539-3513,GB07TTJS20133034228995,liability_only,1.1,1
CL001773,Anna Stanley,Male,54,single,Chef,79013.86,794,CA,"25650 Park Hill Suite 455, Watkinstown, IL 26041",(954)753-1574x3479,GB09NJUH27332999604320,full_coverage,4.1,0
CL001774,Bailey Davis,Male,80,married,Warehouse Worker,115884.71,653,CA,"043 Berry Track Suite 084, East Kelsey, DC 33329",974-890-9782,GB82TRDP16420743751777,liability_only,1.9,0
CL001775,Elizabeth Odom,Female,48,single,Accountant,32941.73,740,GA,"816 Curtis Plains, Hansenland, CA 75374",(274)877-5316x2797,GB53XMST95515403289262,full_coverage,4.1,1
CL001776,Gary Sparks,Female,30,widowed,Retired,29682.27,766,NC,"33230 Villanueva Cliffs, West David, MS 75175",+1-794-361-4554,GB86DZXP55958398215709,liability_only,5.3,0
CL001777,Margaret Parker,Male,55,single,Warehouse Worker,36874.97,613,NC,"15921 Joshua Roads Suite 698, Shawnchester, CT 92484",889.285.6257x532,GB46KSGD10919392845679,liability_only,16.8,0
CL001778,Michele Kelly,Female,74,divorced,Truck Driver,90193.86,783,NY,"08554 Robinson Loop, Tammyshire, IN 63041",379-808-8768x8384,GB62SPDX57628948063351,full_coverage,4.6,0
CL001779,Paula Fisher,Male,25,single,Retail Worker,111054.15,743,CA,"94383 Ali Locks Suite 881, Goodmanton, MS 98800",432-804-4195,GB47CFBD35157011314916,liability_only,14.9,0
CL001780,Carlos Ellis,Female,67,single,Business Owner,43832.74,735,NY,"05696 Luis Plain Apt. 823, North Raymondshire, PA 23141",+1-284-363-9555x64226,GB25OZLT70119080479490,liability_only,0.7,1
CL001781,William Meyer,Female,35,single,Mechanic,62995.48,682,NC,"8120 Stephanie Estates, Lindsayhaven, MH 16533",+1-314-516-8950x6573,GB52FRKC55297428667719,full_coverage,1.8,0
CL001782,Carrie Proctor,Female,34,single,Freelancer,42506.0,669,TX,"287 Amy Tunnel Suite 079, Traviston, MA 17910",001-417-975-0863,GB38OWMS84311240986043,full_coverage,0.4,0
CL001783,Joseph Elliott,Female,70,married,Police Officer,58317.93,568,TX,"18535 Wright Forks Apt. 642, New Marissabury, WI 40624",(510)387-5986x0786,GB18FJBK79268248375160,full_coverage,0.1,0
CL001784,Austin Schneider,Female,62,single,Mechanic,45327.99,683,IL,"1957 Benjamin River, Carterstad, DC 37033",534.683.1145x06453,GB75WTXK69240138598646,comprehensive,2.3,1
CL001785,Stephanie Meyer,Female,77,divorced,Administrative Assistant,34217.93,808,MI,"228 Kevin Orchard Suite 323, Sawyerhaven, SD 22163",299-855-1140x68400,GB57PTJO19912011162820,liability_only,9.3,1
CL001786,Jacqueline Myers,Female,21,single,Consultant,22438.64,646,CA,"397 Jody Ridges, Mcgeeton, ME 80667",(921)705-6121,GB32FLIP07883599447251,liability_only,2.0,0
CL001787,Melissa Martinez,Female,24,married,Student,35150.26,680,MI,"550 Timothy Cove Suite 305, Seanfurt, IL 36867",215-313-6124x036,GB67FPUQ27091760240263,full_coverage,6.2,0
CL001788,Melissa Hammond,Female,44,married,Truck Driver,81417.19,658,OH,"552 Antonio Viaduct Suite 291, Greenechester, NJ 05972",+1-232-538-7825,GB63VJBY01704764003816,comprehensive,5.1,0
CL001789,Alexander Thomas,Male,43,widowed,Sales Representative,28697.11,575,MI,"784 Danielle Inlet, Lake Stevenmouth, KY 86156",(873)447-0724,GB40KTTS79896862055067,full_coverage,3.5,1
CL001790,Carlos Price,Male,33,married,Retail Worker,63851.13,755,NC,"765 Chavez Springs, Whitechester, MH 26999",001-528-223-1319x79912,GB28RUPN28335056110707,comprehensive,1.8,0
CL001791,Patrick Mitchell PhD,Male,19,married,Electrician,90569.27,672,PA,"951 Wilson Overpass, West Kelsey, MD 32519",001-547-872-3133,GB15DJGJ56486711539573,liability_only,0.6,1
CL001792,Traci Clark,Male,63,single,Mechanic,71456.64,646,NY,"PSC 1604, Box 6290, APO AP 63650",7954014275,GB95MHLI05701363249384,full_coverage,1.6,0
CL001793,Shelly Ford,Female,33,single,Police Officer,97560.43,613,IL,"9914 Matthew Green Suite 161, Jonesburgh, NM 15316",871-818-5630x690,GB52UCGD21298874668351,liability_only,0.4,0
CL001794,Angela Acosta,Female,34,married,Retired,64589.91,627,MI,"1192 Harris Ranch Apt. 090, Strongstad, NC 85256",(528)630-0946,GB93QCRN95596168914908,liability_only,0.0,0
CL001795,Lisa Case,Female,26,divorced,Truck Driver,99181.7,706,NC,"30827 Jessica Meadow, Lake Victoria, MA 54682",456.996.5420x9582,GB44UKAU44656701629988,liability_only,2.3,0
CL001796,Michelle Kelly,Male,25,married,Warehouse Worker,36336.1,641,PA,"5849 Paige Highway, South Aliciafurt, AK 45918",(257)534-9985,GB03BQGQ92449009154221,comprehensive,1.8,0
CL001797,Regina Gonzalez,Female,81,married,Student,29671.85,648,FL,"Unit 2307 Box 4874, DPO AP 46553",440.710.7490,GB75PGWV59728046674649,full_coverage,8.5,0
CL001798,Brandy Rodriguez,Male,45,divorced,Freelancer,80707.48,616,CA,"2701 Stevenson Valleys Apt. 985, Harthaven, AR 53092",(865)952-4885x30346,GB54GAIB00953656737292,liability_only,3.0,0
CL001799,Raymond Vasquez,Male,77,married,Retired,117993.9,633,TX,"844 Larry Land, Lake Jesse, AK 22733",+1-969-908-8775,GB72GLSI46342853574620,liability_only,2.8,0
CL001800,Stephanie Peterson,Female,51,married,Software Engineer,74651.72,689,FL,"281 Mark Turnpike Suite 774, Burnsburgh, WA 37187",331-142-7989,GB16OSBX14754692632967,comprehensive,0.9,1
CL001801,Gary Harper MD,Female,48,married,Business Owner,44658.99,714,NY,"17696 Valencia Roads, Fletcherville, MD 54169",+1-230-275-9257x97766,GB93ZZYZ02731372651255,full_coverage,1.2,1
CL001802,Julie Lane,Male,35,divorced,Consultant,79511.91,742,MI,"40211 Richard Fords, Webermouth, NH 97601",468-245-9420,GB88UJNM53335038363358,full_coverage,5.5,1
CL001803,Jennifer Johnston,Female,43,married,Mechanic,56318.7,663,GA,"380 Angela Radial Apt. 781, Warrenstad, TX 23496",986.390.3004x5129,GB61XNXO16137018110735,comprehensive,0.6,0
CL001804,Christopher Snyder,Male,74,married,Retired,66723.92,675,FL,"71053 Kyle Ridges, Sheppardmouth, ND 85778",+1-641-956-7978x086,GB72NEKW99672334617891,full_coverage,8.4,0
CL001805,Karen Brown,Male,79,divorced,Student,35180.62,838,TX,"37864 Sarah Plains, Shawnfort, CA 60495",001-993-888-6848,GB25YHRF46987168551312,liability_only,9.8,0
CL001806,Mr. Daniel Rivera,Male,34,married,Freelancer,84194.46,668,OH,"11161 Cain Point Apt. 988, Elizabethchester, MI 87708",318.637.6452x088,GB31WNDF48156985700272,full_coverage,1.3,0
CL001807,Rebecca Calderon,Male,66,single,Administrative Assistant,128628.07,807,GA,"3612 Jennifer Square, Lake Paulport, MA 11743",+1-328-358-9130x89817,GB71WKTV87248343067416,full_coverage,2.7,0
CL001808,Ashley Young,Male,45,married,Police Officer,114158.38,774,PA,"99796 Hunt Rest, Pattonview, ID 65046",(843)567-5235,GB83ODAV89733561308524,full_coverage,5.2,0
CL001809,Kenneth Kirby MD,Female,50,single,Construction Worker,51966.28,654,OH,"038 Thomas Fields Suite 728, Mathisport, WI 50551",001-974-513-5312x34692,GB31OYBC24710103833311,full_coverage,0.0,0
CL001810,Wayne Conway,Male,32,single,Administrative Assistant,75652.12,779,FL,"5276 Middleton Spur Apt. 428, East Tracy, MO 29201",588.931.3066x712,GB47RNRS43383645482739,liability_only,0.3,1
CL001811,Joshua Caldwell,Female,29,divorced,Administrative Assistant,30830.44,745,PA,"49871 Zachary Trace Apt. 968, New David, SD 46109",+1-709-447-2155x632,GB48LQWV88582124023814,comprehensive,1.0,0
CL001812,Matthew Massey,Male,71,married,Truck Driver,56230.62,744,TX,"873 Jeremy Coves, Lake Victoria, MT 92659",+1-809-763-4893,GB84SJLU57017278539874,liability_only,2.9,1
CL001813,Gail Stokes,Male,43,single,Nurse,41145.45,637,NC,"1492 Campbell Avenue Apt. 810, Lake Fredericktown, FM 06823",(210)479-6366,GB41AKDA93282125285520,full_coverage,1.5,1
CL001814,Beverly Willis,Male,54,divorced,Mechanic,81085.5,739,NY,"2833 Amy Junction, Emilyfort, OH 55583",296.230.2359x8860,GB45AAIV68352415076523,liability_only,6.8,0
CL001815,Emily Williams,Female,45,married,Truck Driver,136309.09,738,GA,"5092 Richard Square, Sarahville, MI 18000",801.627.4012x967,GB50EITW54767192247822,liability_only,0.4,1
CL001816,Michael Jennings,Male,28,divorced,Freelancer,106956.58,711,OH,"6129 Monica Alley, Ortegabury, SD 50873",(212)411-2379x2814,GB53FYTQ35874744124043,full_coverage,9.4,1
CL001817,Chelsea Duffy,Female,51,single,Retail Worker,110303.33,688,IL,"28749 Solis Gardens, East Blakechester, SD 36648",001-711-458-2702x4528,GB10HJJN33211194701172,comprehensive,10.5,0
CL001818,Cynthia Carroll,Female,21,single,Accountant,143038.65,766,NC,"901 Stephen Mews, East Travis, NY 49528",(267)412-3016x743,GB96DYEA66326739589483,full_coverage,2.0,1
CL001819,Kelly Bennett,Male,52,married,Software Engineer,31923.73,597,IL,"1266 Anthony Ramp Suite 832, East Jeffrey, NJ 62396",736.749.3354x6817,GB46PTKR78066866096850,comprehensive,0.1,1
CL001820,Mr. Stephen Clark,Female,47,married,Student,57364.01,729,IL,"710 Harrison Mill, Jackton, KS 63117",+1-407-390-3202x0417,GB64KGVV13122068155839,full_coverage,8.3,1
CL001821,Christopher Lee,Female,74,married,Teacher,54296.2,722,NY,"17958 Sharon Harbor, Robertchester, AR 29079",662-838-0255x57817,GB48GEVT51467470237561,liability_only,0.9,0
CL001822,Amanda Wright,Male,53,married,Manager,71210.81,670,GA,"41674 Hill Underpass Suite 839, Williamsview, FM 66943",718.221.1814,GB90NDRO99634406088247,liability_only,1.6,0
CL001823,Rebecca Anderson,Male,74,single,Construction Worker,68577.89,725,TX,"309 Sean Ports Apt. 293, Lake Pamelastad, WY 98976",(932)377-7705x503,GB36RCYV96247665905349,comprehensive,9.2,0
CL001824,Heather Gonzales,Male,28,single,Software Engineer,31530.4,810,GA,"15984 Ward Glen, Sarahchester, DC 28539",(817)691-4018,GB68GWLX71617029727202,full_coverage,2.9,0
CL001825,Heather Peterson,Female,63,married,Manager,39883.25,633,MI,"61424 Meyer River Suite 175, Martinton, OH 80947",(912)469-4465x5173,GB67HJEV38238925658466,full_coverage,0.1,1
CL001826,Michelle Trevino,Male,51,married,Accountant,77826.76,562,PA,"828 Hill Rue Apt. 594, South Rebekah, WA 48986",001-618-915-8084,GB94NUMU27387248863592,comprehensive,0.8,0
CL001827,Russell Ortiz,Male,78,married,Chef,67360.66,738,MI,"PSC 3375, Box 3614, APO AE 23006",(399)653-7688x2409,GB09UZDF29547034899319,full_coverage,1.5,1
CL001828,Jennifer Parker,Female,47,single,Administrative Assistant,59711.28,763,OH,"982 Shawn Tunnel, Christinestad, RI 84850",967.439.2112x19618,GB90XABC02927182290944,comprehensive,17.5,0
CL001829,John Smith,Male,63,single,Freelancer,124724.39,721,IL,"6122 Vasquez Harbors, North Richardborough, AS 80785",+1-964-950-6761x4611,GB97MXSM93911098983973,full_coverage,3.4,0
CL001830,Brittany Robinson,Female,52,single,Retired,59600.06,666,GA,"30450 Gibson Streets Suite 243, Port Scott, GU 31735",001-300-271-3659,GB54NDQG55496944710792,full_coverage,7.8,1
CL001831,Stacey Howard,Female,72,single,Construction Worker,81905.9,498,OH,"72545 Bradford Expressway, Gregoryburgh, UT 87118",001-421-647-6228,GB71FRAG10846175926599,liability_only,2.3,0
CL001832,Mark Hampton,Female,65,single,Chef,138172.23,721,GA,"828 April Radial Suite 672, Rodriguezmouth, AS 03749",+1-381-846-3580x80579,GB84GHUS28298118624380,full_coverage,0.5,0
CL001833,Patricia Davis,Female,44,married,Sales Representative,71252.21,612,IL,"865 James Camp, Reidfurt, MO 85874",257-851-8423x81490,GB87MNHY22581602237799,full_coverage,4.0,1
CL001834,Wayne Dougherty,Female,64,single,Accountant,38119.39,647,NC,"44713 French Road, South Danny, IN 85387",705.212.9276x63723,GB07MDIC50937710040901,liability_only,2.6,0
CL001835,Stephanie Decker,Male,24,single,Business Owner,114030.13,850,CA,"224 Hanna River, Ernesttown, MN 90303",459.927.7513x09373,GB20ZFSZ14022680814635,comprehensive,3.7,0
CL001836,Alan Foster,Female,31,married,Electrician,50535.33,674,IL,"19656 Moody Gateway, Deannabury, OH 79275",(444)220-9494x079,GB36WJOB90063353310600,liability_only,3.4,0
CL001837,Tara Coleman,Female,79,married,Accountant,40634.29,623,NC,"USCGC Lee, FPO AE 20809",+1-348-676-3290x9279,GB82CUXI35989262566093,liability_only,0.6,0
CL001838,Mallory Campbell,Male,26,single,Construction Worker,26420.08,629,NC,"137 Matthew Road Apt. 132, Curtisburgh, VI 31167",766-825-7832x16844,GB76KKEB13320573719402,full_coverage,1.3,0
CL001839,Sheri Rodriguez,Female,35,single,Student,60364.47,704,TX,"1910 Ronnie Run Suite 082, Port Daniel, WY 80671",(572)465-7552,GB73PNPH30229308485111,full_coverage,13.9,0
CL001840,Wayne Singh,Female,71,single,Teacher,20065.39,652,NY,"956 Jimenez Union, Rebeccaberg, NY 13051",380-401-5113,GB71TWOY51811698173748,full_coverage,2.7,1
CL001841,Ashley Brown,Female,63,married,Chef,55925.15,821,OH,"3961 Tracy Plains Apt. 152, West Anne, MP 26162",+1-772-569-9519x13205,GB18YPIZ85804827642336,liability_only,0.3,0
CL001842,Kristine Conley,Female,35,single,Software Engineer,67813.03,696,NC,"00809 Derrick Motorway Apt. 782, North Markmouth, VA 91452",838.906.6525,GB86AKXL34353565026715,full_coverage,11.1,0
CL001843,Donald Edwards,Female,19,single,Business Owner,72968.88,661,MI,"44992 Miller Cape Apt. 790, Rollinsside, AZ 34956",886-656-7385,GB72VQRB01253905321596,comprehensive,4.4,0
CL001844,Jason Norton,Male,30,married,Warehouse Worker,64172.08,665,PA,"94746 Barbara Pike Apt. 797, Sherrystad, SD 05998",933-789-6010x52822,GB22AHJM07791570814843,comprehensive,0.1,0
CL001845,Courtney Vazquez,Male,81,single,Freelancer,40720.16,841,NY,"7817 Jasmine Crossroad Suite 571, West Christianfort, IL 39252",001-677-578-4265x9798,GB21MYFB17111423081837,liability_only,0.1,0
CL001846,Stephen Tate,Male,47,married,Police Officer,75173.14,755,TX,"463 Shawn Ridges, East Johnfort, IA 83373",001-963-969-9691,GB66XBAD74538832219740,liability_only,0.2,0
CL001847,William Sanchez,Female,30,single,Business Owner,86521.99,682,NC,"03590 Andrea Passage Apt. 021, West Bruceburgh, MD 33014",+1-712-704-4697,GB52THWM65455218085954,liability_only,1.8,0
CL001848,Kelly Young,Male,31,married,Mechanic,62242.87,691,NC,"691 Bell Mount Apt. 499, Lake Dennisville, IA 40527",+1-527-771-6701x45089,GB68UGZC53779599594652,liability_only,2.3,0
CL001849,Amy Walker,Female,70,single,Mechanic,54798.44,675,GA,"0810 Cardenas Way, Gregoryfort, MT 11992",+1-688-402-4274x341,GB26IGKX04814853968318,full_coverage,5.6,0
CL001850,Christopher Ramirez,Female,77,divorced,Software Engineer,35686.65,526,TX,"3725 Wallace Brook Suite 385, Danafurt, CA 88564",001-908-906-3425,GB51OFMF57622978248918,full_coverage,0.5,0
CL001851,Eric Hahn,Male,46,married,Software Engineer,44777.23,850,FL,"USNS Espinoza, FPO AA 23000",220-909-2996x952,GB24BPXV71881585822793,full_coverage,1.7,1
CL001852,Charles Rogers,Male,69,divorced,Sales Representative,31488.45,513,CA,"4349 Ford Centers Suite 389, Lake Ashley, TN 12532",001-428-211-0180x13805,GB69NGKP24344048902177,comprehensive,7.2,0
CL001853,Jim Trevino,Female,81,single,Truck Driver,59223.5,594,CA,"6439 Daniel Falls, New Jesse, WA 58945",519-982-8704x85959,GB69RPEZ61969716877541,full_coverage,1.0,0
CL001854,Edward Moody,Female,70,single,Construction Worker,149846.76,734,NC,"494 Manning Course Suite 171, East Hollymouth, NE 85148",609.701.5730,GB63EGCS13437574676654,comprehensive,2.2,0
CL001855,Stephen Nichols,Female,19,married,Electrician,49261.17,826,GA,"0707 Daniel Passage Apt. 442, North Eriktown, OR 96772",5167744361,GB22GQKQ24068588938135,full_coverage,1.7,0
CL001856,Brenda Wang,Male,57,widowed,Software Engineer,36963.94,642,TX,"0217 Brown Isle Apt. 836, Schroedershire, CT 02724",+1-792-320-8969x582,GB18PWJT14559253460581,full_coverage,0.4,0
CL001857,Kevin Taylor,Female,42,single,Student,68836.14,611,TX,"1657 Ryan Street Suite 987, Grahamshire, KY 42746",8249819346,GB46KSGD10919392845679,comprehensive,1.3,0
CL001858,Ashley Henry,Male,25,married,Student,55711.54,615,GA,"2459 Eddie Knolls, Lake Noah, MI 72225",(943)231-1459x39207,GB51QZGT54063516098414,liability_only,4.8,1
CL001859,Melissa Blackburn MD,Female,40,single,Retail Worker,61786.25,562,OH,"65512 David Pines Suite 076, Simpsonshire, AZ 38792",001-307-882-4336,GB46AXNX30258366824063,comprehensive,0.7,0
CL001860,Lydia Wilcox,Male,59,single,Electrician,74884.59,678,MI,"17495 Alicia Mills Suite 798, Mccoyport, LA 27637",212.254.7560,GB23OTHV76224141981025,comprehensive,4.5,0
CL001861,Richard Glover,Female,64,single,Construction Worker,60338.29,658,MI,"350 Kayla Meadows, Sharpberg, MP 26869",+1-682-578-1469x67671,GB67RMJR87887381294657,comprehensive,13.1,0
CL001862,Tanya Johnson,Male,25,married,Construction Worker,30708.88,673,IL,"124 Knight Brooks Apt. 596, South Ronaldtown, CO 64332",589-509-0130x287,GB23FUBZ67146703128691,comprehensive,4.3,0
CL001863,Nicole Martinez,Male,59,single,Student,143393.75,731,GA,"PSC 5252, Box 8438, APO AA 26088",(722)917-0507,GB71XRAI79941264288797,liability_only,5.5,0
CL001864,Patrick Young,Female,61,single,Teacher,27991.27,560,PA,"7901 Black Square Suite 181, Taylorfurt, MP 18558",(421)847-1195,GB86ZMLG30677395447556,full_coverage,3.1,0
CL001865,Breanna Murphy,Female,52,married,Retail Worker,69405.81,782,CA,"PSC 2771, Box 8551, APO AA 70369",+1-277-500-1848x45648,GB85LMOX61156405873422,full_coverage,5.2,0
CL001866,Heather Lopez,Female,18,married,Sales Representative,59393.23,546,IL,"817 David Forks, New Loriton, VA 23279",4686183691,GB75QTVO13738872400243,full_coverage,1.4,1
CL001867,Aaron Cooper,Female,26,divorced,Police Officer,72285.24,644,MI,"113 Kara Plains Apt. 813, Hubermouth, TX 84673",(641)774-2265,GB51DBDA21133407814266,full_coverage,14.5,0
CL001868,Thomas Edwards,Male,67,divorced,Business Owner,75278.55,668,NC,"755 Stephanie Shore Suite 978, Welchshire, OR 57618",923.686.6429,GB41UEEI41753967753621,full_coverage,5.5,1
CL001869,Brenda Mcintyre,Male,72,single,Construction Worker,59227.8,850,PA,"107 Edward Oval Suite 670, Sawyerfort, AZ 24746",001-914-574-5501x48234,GB16DRIK75431706783676,liability_only,7.2,0
CL001870,Melanie Armstrong,Female,53,married,Chef,62288.28,536,IL,"928 Allen Center Apt. 539, North Michaelbury, CA 50029",+1-870-840-4922x2406,GB11AYZM40646278866380,full_coverage,4.4,1
CL001871,Craig Lee,Male,61,widowed,Warehouse Worker,17503.52,618,GA,"8780 Chavez Mills Suite 583, East Emilyland, FL 77616",885.352.9648x9398,GB94WDGS55434054162558,liability_only,1.3,0
CL001872,Robert Atkins,Female,45,single,Warehouse Worker,112489.38,733,FL,"6688 Tracy Groves Suite 706, Elizabethfurt, VA 22133",001-943-497-3598x9334,GB80HBUZ42897317912868,comprehensive,4.4,0
CL001873,Peter Bridges,Male,45,single,Student,185318.6,684,GA,"2887 Ryan Lakes Apt. 103, Tonistad, OH 31354",+1-395-225-8000x963,GB02YYBS86331665937350,full_coverage,6.2,0
CL001874,Steven Stone,Female,45,married,Sales Representative,130817.1,676,NC,"958 Gonzalez Crossing, Port Kevin, KY 16582",+1-692-934-8222,GB39CLUK15152854895987,full_coverage,3.9,2
CL001875,Ann Mata,Male,69,married,Student,34930.52,699,IL,"PSC 9021, Box 3868, APO AA 09663",+1-218-639-4975x2712,GB69FJAQ27461981644337,full_coverage,2.6,0
CL001876,Lawrence Johnson,Male,30,widowed,Manager,22860.22,744,FL,"913 Jordan Bridge, Rebeccaton, MS 30915",314.876.7300,GB91JMCT15853089674631,comprehensive,6.0,1
CL001877,Nancy Carter,Male,45,married,Retail Worker,90012.64,617,NC,"621 James Lodge, Lake Paulmouth, KY 29911",644.712.6326x23763,GB38SMFN35352277480766,comprehensive,8.4,0
CL001878,Randall Montes,Female,80,divorced,Freelancer,34575.1,810,IL,"PSC 9654, Box 5925, APO AA 37743",001-551-476-4249,GB72PHRI88761005948270,full_coverage,1.2,1
CL001879,Linda Williams,Male,70,widowed,Construction Worker,66755.66,819,OH,"19728 Hunt Center, Port Laurie, NC 21274",8647602883,GB68PRNB15804393988186,full_coverage,2.3,0
CL001880,Jennifer Cook,Other,80,single,Mechanic,48267.19,781,NC,"4307 White Causeway Suite 802, Lake Stephen, IN 74759",+1-909-998-8953,GB70JOWM93045105837849,liability_only,5.6,0
CL001881,Kayla Williams,Female,33,divorced,Manager,45301.59,565,NC,"USNV Taylor, FPO AE 70037",768.290.5507x78843,GB54XYTD81498350265287,comprehensive,0.9,0
CL001882,Victoria Mcdowell,Female,38,single,Retired,87303.87,573,OH,"Unit 7307 Box 7781, DPO AE 70245",001-381-830-5754x1003,GB06STME13923816514243,liability_only,1.5,0
CL001883,Donald Mccall,Female,36,married,Consultant,73263.98,642,CA,"406 Rivera Fort, Veronicaburgh, ME 59385",001-499-741-9735x7188,GB18GHEG19512154878970,comprehensive,1.0,0
CL001884,Emily Wall,Other,37,married,Retired,40379.35,556,FL,"90614 Logan Trafficway Suite 310, East Ian, VI 09788",315-308-2486,GB88JCNG55578841457473,full_coverage,4.7,1
CL001885,Justin Bryant,Male,53,divorced,Nurse,54032.66,744,IL,"6716 Kevin Ville Suite 779, Youngland, WI 99703",797-557-5304,GB06OBPI71314396926192,liability_only,2.3,1
CL001886,Patricia Strong,Female,19,married,Truck Driver,28517.99,683,TX,"930 Contreras Cape Suite 757, Port Annettemouth, ME 90146",741-774-5011,GB57YTHC85719751644785,full_coverage,1.2,1
CL001887,Kimberly Turner,Female,42,married,Nurse,38719.71,656,IL,"762 Julia Stravenue, New Ashleyfort, MH 34801",+1-554-720-8481,GB28DTAI77186730856262,liability_only,3.5,3
CL001888,Mark Adams,Other,50,single,Warehouse Worker,43054.43,530,CA,"281 Mark Turnpike Suite 774, Burnsburgh, WA 37187",6173497136,GB23JHCZ67584252679679,full_coverage,1.5,0
CL001889,Karen Hoffman,Male,33,divorced,Accountant,25752.72,767,MI,"9385 Michael Springs, Cabreramouth, AL 37294",001-465-571-7377x15787,GB75AMAZ89819209382963,full_coverage,8.2,0
CL001890,Emily Park,Female,32,married,Police Officer,65800.5,605,CA,"788 Smith Summit Apt. 212, Laurenchester, PR 41315",661-566-9459,GB34YXAP41399145422897,liability_only,3.5,0
CL001891,Patrick Webb,Male,21,married,Software Engineer,76642.16,732,FL,"PSC 9611, Box 7139, APO AA 06216",+1-438-692-1662,GB28CMLM73868056106217,full_coverage,5.4,1
CL001892,Erin Lopez,Female,58,married,Accountant,50573.61,696,CA,"38331 Kevin Manor, Pettyfort, NM 96386",001-737-398-8900x84384,GB50LWTM98132212495432,full_coverage,1.3,0
CL001893,Allison Hernandez,Female,72,married,Software Engineer,61208.91,755,MI,"4380 Jones Islands, Kaylaburgh, NV 63605",434.504.6650x46382,GB27FNNR08663152717767,comprehensive,3.6,0
CL001894,Walter Jackson,Male,69,single,Software Engineer,46507.97,746,FL,"56609 Nelson Light, Stephensstad, AS 46103",7049796262,GB96QTPN16829689819281,full_coverage,1.8,0
CL001895,Jerry Rodriguez,Female,73,single,Teacher,30328.16,670,NY,"56588 Pierce Estate, South Jeremy, NJ 14384",211-336-3177x626,GB35QHLZ78417087014506,full_coverage,1.1,0
CL001896,Heather Rocha,Male,76,divorced,Administrative Assistant,32047.14,796,NY,"5552 Dominguez Mews Suite 415, Stephenland, RI 07265",298.645.1743x881,GB49WBZA95639445322178,full_coverage,6.0,0
CL001897,Brandon Miller,Female,60,married,Administrative Assistant,33837.94,699,FL,"USCGC Savage, FPO AE 99391",359.963.1364x3962,GB77MIBG93272751421454,liability_only,5.5,1
CL001898,Austin Church,Female,69,divorced,Manager,36642.86,628,NY,"552 Amanda Fall Apt. 766, Dennisland, NV 04423",9018889475,GB30FCQU08163602096286,liability_only,2.8,0
CL001899,Michelle Williams,Male,40,single,Retired,121897.64,542,IL,"99975 Hobbs Circle Suite 185, South Williamchester, HI 06689",437-888-1581x4108,GB45YKEX57569078239448,full_coverage,0.7,0
CL001900,Madison Love,Male,53,married,Accountant,39068.61,724,CA,"0571 Gilbert Pine, Spencerborough, PR 77733",263-443-1520x825,GB81SREK16281672796641,comprehensive,1.2,0
CL001901,Sara Williams,Female,76,married,Police Officer,51050.43,696,IL,"449 Bryan Oval, Port Carl, AK 67223",970.789.0537,GB06CTML28445406497768,full_coverage,0.3,0
CL001902,Veronica Lin,Female,28,single,Student,40892.82,785,NC,"23848 Belinda Well, North Albertstad, UT 85021",001-569-435-4198,GB83BTRS93659552366264,comprehensive,2.0,0
CL001903,Joan Lyons,Female,78,married,Manager,98346.17,749,NY,"7899 Tyler Cape, Port Allison, DC 51733",(617)688-2931,GB16ROXW94769325726044,full_coverage,6.7,1
CL001904,Sandra Weber,Female,44,married,Accountant,80743.24,578,GA,"USS Gates, FPO AP 50358",318-363-8782x94565,GB84CNXO42336293449734,full_coverage,10.2,0
CL001905,Chase Banks,Male,39,divorced,Electrician,53170.63,779,TX,"098 Eric Rue, West Douglas, ME 72973",771-824-4977x8726,GB02KLXA52843044342464,full_coverage,1.0,0
CL001906,Caitlin Williams,Female,58,married,Electrician,50552.0,587,IL,"3318 Phillips Gardens, Herreraburgh, MP 84155",(725)994-5838x52149,GB74WVYT57676024401143,full_coverage,2.2,0
CL001907,Anthony Quinn,Male,25,single,Freelancer,33526.74,532,NC,"72178 Hansen Hills, Lake Michaelton, MN 53134",+1-428-860-7485,GB84OYLK42283924720817,liability_only,1.6,1
CL001908,Samuel Contreras,Male,67,married,Consultant,98945.07,719,OH,"74517 Kimberly Freeway Apt. 959, Martinberg, WY 27583",001-982-599-7968x845,GB80HBUZ42897317912868,comprehensive,4.0,0
CL001909,Jaime Hart,Female,71,single,Chef,24159.84,630,PA,"59623 Carter Spurs Apt. 121, New Lucas, DE 14776",(773)674-9762x2021,GB46YJEH89934758437402,liability_only,0.2,0
CL001910,Martha Stephens,Female,69,divorced,Student,90838.84,751,TX,"209 Frank Junction Apt. 589, Jessicastad, FL 29138",8455142469,GB60PDBS99641249568819,full_coverage,1.0,0
CL001911,Barbara Chan,Male,22,married,Teacher,27718.9,751,FL,"2694 Nicole Trail Apt. 723, Dianafurt, AK 31070",509.801.3171x87180,GB46ZGZC34792190328717,full_coverage,1.0,0
CL001912,Angela Edwards,Male,37,widowed,Student,127577.99,753,NY,"48981 Meadows Squares Apt. 201, Lake Taylorbury, WI 88860",(358)831-0621x288,GB41YSJB49636508829031,comprehensive,1.3,0
CL001913,Kristen Smith,Female,51,married,Nurse,25422.55,727,TX,"166 Hamilton Stream, Port Angelafurt, FM 19165",755-853-8109x042,GB82KRLD37972754581430,full_coverage,0.1,0
CL001914,Brianna Wang,Male,68,married,Accountant,59601.2,624,GA,"USNV Bailey, FPO AP 75046",(774)766-2167,GB36KYON05878917639029,liability_only,0.2,1
CL001915,Andrew Robertson,Male,63,single,Software Engineer,145684.47,710,FL,"580 Nelson Tunnel Suite 996, North Stephanie, NC 64636",+1-218-779-8823x5196,GB81QMBK05581479122515,liability_only,1.1,0
CL001916,Daniel Williams,Female,43,single,Business Owner,75109.04,619,IL,"849 Kendra Pines Apt. 041, Port Melissamouth, PA 88065",+1-529-936-2584x04093,GB50GFMB80828723885656,liability_only,5.3,0
CL001917,Edward Moreno,Female,22,married,Chef,86739.53,850,NY,"63695 Alexander Row, Andrealand, MT 73625",(584)316-5116x399,GB19SOHX30868939777042,comprehensive,4.7,1
CL001918,Stephen Valdez,Male,23,married,Retail Worker,61462.91,670,OH,"90306 Fisher Hill Suite 974, West Marioville, NC 64917",665.715.8543,GB15SFAE13482024633832,liability_only,7.0,0
CL001919,Catherine Soto,Female,44,married,Administrative Assistant,87899.35,747,OH,"94117 Kathryn Village Apt. 784, Adrianamouth, OH 50751",+1-828-357-4331x1647,GB47BKGX60743398998090,full_coverage,10.7,0
CL001920,Anthony Rowe,Female,65,married,Consultant,42816.68,758,CA,"9998 Smith Lodge, New Carl, PA 33261",268.883.0116,GB31ICMM81357631197921,liability_only,0.0,1
CL001921,Tricia Miller,Male,77,married,Electrician,65462.56,618,NC,"5351 Tran Meadow Apt. 858, Kathleenmouth, VT 18698",001-567-595-0355x88905,GB78FKKP59748876970422,comprehensive,4.7,2
CL001922,Caitlin Ramirez,Male,80,divorced,Sales Representative,55064.09,850,FL,"37024 Dustin Green, Port Williamshire, ND 63923",859.228.6867x14916,GB85CLUU98851011842526,full_coverage,0.8,0
CL001923,Ernest Jones,Female,63,single,Chef,119353.9,555,FL,"04328 Rodriguez Heights, West David, IA 55528",+1-652-828-8515x87996,GB10OHQH95972466572934,full_coverage,3.1,1
CL001924,Kelly Taylor,Male,44,single,Police Officer,22843.46,730,FL,"9521 Durham Drive Apt. 975, Port Stephaniefort, MT 55561",400-472-0322x5857,GB06QKUT71215785504868,liability_only,0.0,0
CL001925,Philip Gardner,Male,48,married,Software Engineer,86005.28,721,IL,"94216 Charles Mountains Suite 797, Millerfort, MA 79462",600.661.7789,GB02ILCV70303687339115,full_coverage,2.0,1
CL001926,Dawn Atkins,Male,19,divorced,Teacher,44545.31,522,FL,"34874 Wendy Park, Katieborough, MD 19511",214-939-8401x0488,GB80JIQQ01927637862825,full_coverage,0.7,0
CL001927,Levi Austin,Female,73,married,Retired,48975.23,768,OH,"Unit 4241 Box 4529, DPO AP 77577",+1-691-943-0040x63886,GB66KSKC86561403544060,full_coverage,16.4,0
CL001928,Willie White,Female,34,married,Retail Worker,50982.03,828,MI,"38061 Cline Trail, Markside, NH 01545",(692)412-4471x7465,GB19NBWY63399129710248,full_coverage,0.6,0
CL001929,Tara Shea,Female,52,single,Business Owner,48049.5,701,IL,"8697 Fernando Avenue Suite 983, Stevenbury, OR 57952",+1-634-712-7083,GB07PGAO11025296573873,liability_only,5.2,0
CL001930,Megan Gould,Female,52,married,Software Engineer,55953.16,848,FL,"205 Jonathan Light Suite 784, Longfurt, FL 58247",831-724-0132,GB50HOHH97850375233554,liability_only,0.1,0
CL001931,Mary Williams,Male,47,single,Student,39112.11,691,MI,"19334 Lewis Meadows Suite 915, East Tyler, MH 27179",+1-795-768-5142x3704,GB82DGDX38436611358884,full_coverage,2.2,0
CL001932,Thomas Hopkins,Female,67,single,Retail Worker,53920.4,708,GA,"975 Kimberly Circle, North Charlesville, OK 44364",4523858930,GB34AOSC08779808745634,full_coverage,1.4,1
CL001933,Mark Allen,Male,48,married,Police Officer,69918.51,724,IL,"1543 Wheeler Flat Suite 124, South Martinfurt, AS 43694",(735)665-1269x4486,GB42FVGP41678725686211,comprehensive,7.1,0
CL001934,Victor Allen,Female,80,married,Teacher,63495.16,673,GA,"63386 Ruben Drives, East Shannon, KY 87823",(717)282-7710,GB24VCWV83255121383083,full_coverage,3.2,1
CL001935,Stephen Lewis,Male,45,married,Nurse,46004.27,597,NC,"64240 Katherine Cove, Ramirezburgh, MN 81385",844-973-8333,GB13BONF80995605244084,full_coverage,1.2,0
CL001936,Dr. Travis Terry Jr.,Female,33,single,Truck Driver,56061.21,655,GA,"789 Nielsen Orchard Suite 811, Campbellton, DC 40516",+1-938-896-6536,GB82GBOF87275731829131,full_coverage,1.3,1
CL001937,Danielle Gray,Other,29,married,Sales Representative,218613.53,809,NC,"4622 Derek Groves, Nicholasbury, RI 53271",+1-539-226-6919x76963,GB85FZJC59844967948471,full_coverage,4.7,0
CL001938,Sarah Crawford,Female,22,single,Warehouse Worker,89649.23,722,TX,"37788 Michael Haven, Ortizmouth, TX 78867",883-420-6799x81364,GB05MHMD12849718594849,liability_only,4.1,1
CL001939,Laura Mitchell,Male,53,married,Teacher,74278.24,563,FL,"8309 Andrea Islands Suite 064, Port Jamesstad, SD 50775",+1-926-440-8595x51495,GB88UVFR16059605267169,comprehensive,7.9,0
CL001940,Juan Lindsey,Male,33,divorced,Police Officer,23115.24,690,TX,"Unit 9873 Box 3340, DPO AE 05981",6653157202,GB64FZPU77546730044079,comprehensive,4.1,0
CL001941,Daniel Moore,Other,42,married,Business Owner,65194.53,769,NY,"4819 Daniel Rue Apt. 707, Lake Daniel, CT 63051",(243)999-6067x52475,GB33ZUCF97258871322875,full_coverage,1.7,1
CL001942,Chris Black,Male,59,single,Police Officer,93145.13,619,PA,"038 Thomas Fields Suite 728, Mathisport, WI 50551",001-771-742-2410x98813,GB83IYOP33937205652780,liability_only,6.3,1
CL001943,Allison Foster,Female,31,married,Accountant,167345.95,607,PA,"943 Mark Harbors, Ambershire, CA 62260",900.286.5787,GB59IDYK74299432159668,liability_only,0.5,0
CL001944,Clayton Webb,Female,73,married,Truck Driver,54013.62,625,PA,"93707 Julian Islands Suite 758, Tonyashire, PA 00971",+1-909-274-9937x5792,GB76WQLL31665043448466,liability_only,2.2,0
CL001945,Sharon Rodriguez,Other,41,single,Sales Representative,44056.84,638,NY,"1623 Isaac Harbors Apt. 981, Lake Miranda, AZ 17331",001-672-557-5226x255,GB27DKZF29301179685145,liability_only,0.0,2
CL001946,Nancy Kelley,Female,56,single,Warehouse Worker,61602.87,722,GA,"48668 Hailey Coves, Rebeccabury, DE 35544",477.201.4389,GB57XJZJ63585211017992,full_coverage,0.1,0
CL001947,John Bell,Female,57,married,Business Owner,46685.19,801,CA,"753 Jason Row, Robertmouth, ID 20474",001-746-401-2884,GB46YSMW93389472697072,full_coverage,1.2,0
CL001948,Judy Smith,Male,66,single,Retired,45929.59,740,NY,"381 Lawson Springs, Brianside, IN 91259",786.455.8991x35466,GB51EQSO53396886010256,full_coverage,16.9,0
CL001949,Sharon Fox,Female,19,married,Consultant,62756.38,695,TX,"699 Schroeder Haven Suite 898, Garrisonborough, DC 61672",654.205.5508x348,GB63GMZE89955444792897,full_coverage,12.0,0
CL001950,Christopher Rivers,Female,45,single,Student,53130.51,671,IL,"11858 Robinson Ford, Port Brittney, NV 90608",+1-565-209-5256,GB08QABB03810741260091,full_coverage,1.6,1
CL001951,Benjamin Fox,Female,52,married,Truck Driver,39140.47,700,MI,"944 Scott Tunnel, East Richard, WY 81890",(640)776-3863x1863,GB48WLKY47060780540712,full_coverage,2.8,0
CL001952,Kelly Wheeler,Male,55,married,Teacher,40531.39,581,PA,"USS Rodriguez, FPO AA 93820",(321)758-8731x45033,GB47EGLF53220812749939,full_coverage,10.5,0
CL001953,Kyle Vaughan,Female,32,divorced,Truck Driver,85606.11,602,OH,"28401 Taylor Forges, Vanessaview, MO 95413",379.752.6890x8268,GB78IEHR29196988049198,full_coverage,0.9,0
CL001954,Andrea Vang,Female,27,single,Retail Worker,81965.82,651,MI,"59197 Smith Mission, Kaitlynbury, SC 88026",778-221-7389x145,GB14LNUW42024464285952,liability_only,0.6,1
CL001955,Carol Bentley,Male,50,widowed,Chef,28838.19,776,NC,"09042 Patel Station Suite 329, East Jenniferfort, VI 73211",8775224414,GB20GFOQ84593050699875,full_coverage,6.7,1
CL001956,Emily Meza,Female,42,married,Electrician,56336.04,766,IL,"9259 Butler Brooks, Port Jacquelineshire, NE 34090",(790)716-4423x70141,GB41CXBY51775786123587,full_coverage,5.4,0
CL001957,Christopher Salazar,Male,34,married,Electrician,45935.0,645,NC,"96323 Ingram Estate, Jacobhaven, NE 28356",9702131688,GB71HHVW23164958649170,full_coverage,5.3,0
CL001958,Richard Lewis,Male,25,married,Freelancer,65021.94,635,PA,"PSC 7146, Box 0109, APO AP 46054",372.244.1113x97303,GB58LDZS68146910764326,comprehensive,0.1,1
CL001959,Ashley Lopez,Male,38,single,Administrative Assistant,56787.34,658,CA,"244 Audrey Isle, West Johnport, CT 05975",380-401-9651,GB38DHUW09637740194228,full_coverage,3.3,0
CL001960,Christopher Collins,Female,46,single,Retail Worker,94447.98,626,OH,"062 Brian Island, West Rebeccaside, DC 62059",534.757.3465x2674,GB45XXCT91773766062593,full_coverage,0.1,0
CL001961,Katherine Mitchell,Female,36,single,Teacher,109264.73,619,MI,"1539 Mcintyre Bypass Suite 048, Adamland, OH 48553",649-768-7368,GB54MCQT13493167550310,liability_only,0.2,0
CL001962,Kendra Gardner,Male,57,single,Consultant,37423.89,738,OH,"3797 Julie Locks Suite 898, North Brendachester, PW 21924",(531)642-1125,GB06AIII40721112596679,comprehensive,1.1,0
CL001963,Heather Garcia,Female,54,married,Retired,50855.56,513,TX,"530 Brandi Turnpike, Rangelborough, IL 76428",897-757-7897x76127,GB10DYIW92410096900418,comprehensive,3.2,0
CL001964,Rebecca Allen,Male,71,married,Chef,49309.98,718,NC,"912 Phillip Underpass Suite 852, New William, NY 05777",(560)983-3181x958,GB22LFSD08677133344762,comprehensive,3.9,1
CL001965,Charles Ortiz,Female,61,divorced,Accountant,88812.74,688,GA,"20117 Diaz Spring, West Sean, IN 09735",7119060030,GB78HPBM12455519513222,comprehensive,4.3,1
CL001966,William Cook,Female,63,single,Teacher,68801.46,665,NY,"70569 George Street, West Markside, WI 72755",371-743-5120x045,GB76QFXR43656858697443,full_coverage,7.0,0
CL001967,Jerry Gilbert,Male,26,married,Sales Representative,97247.34,650,FL,"456 Connie Isle Apt. 205, Benjaminhaven, ID 41422",(876)282-5413x214,GB36PPRC84393957847650,comprehensive,0.5,0
CL001968,Jonathan Simpson,Female,18,married,Electrician,32300.13,734,FL,"13867 James Fall Suite 842, Port Thomas, LA 05716",517-317-5732x28361,GB81JFAV02873403627562,liability_only,0.1,1
CL001969,Brittany Blair,Female,70,married,Police Officer,51014.8,640,NC,"326 Scott Isle, Port Haley, NC 17958",(407)659-8173x11601,GB09XAYG60360827815758,comprehensive,1.6,1
CL001970,Justin Kelly,Female,22,married,Manager,33363.19,570,NC,"109 Daniel Rapids, New Barbara, IN 48146",(723)213-3586x268,GB97HRKU04486010163290,liability_only,1.0,0
CL001971,Eric Cannon,Male,72,married,Teacher,92821.33,702,GA,"607 James Falls, Robertfurt, CA 35166",(506)621-4024,GB71VEDP11522312841527,full_coverage,4.2,0
CL001972,James Cummings,Female,37,married,Nurse,37865.23,704,IL,"3242 Hensley Grove, Howardmouth, NJ 51472",(949)729-8961,GB54FQRV28170262458522,full_coverage,1.8,0
CL001973,Dr. Courtney Reynolds,Male,26,married,Retail Worker,59789.84,824,TX,"388 Norris Meadow, Lake Andrewchester, GA 24543",(759)719-4066x94250,GB96MVES75593384196219,liability_only,0.1,2
CL001974,Nancy Rodgers,Male,31,married,Retail Worker,59689.73,721,FL,"3884 Armstrong Mission Suite 384, Fritzfurt, MA 75127",(876)361-1317,GB80KXUW86504870872840,full_coverage,5.6,0
CL001975,Alexandra Kim PhD,Female,24,single,Retired,67563.46,741,NY,"405 Williams Expressway Apt. 187, East Patricia, GU 44169",001-665-880-9053x8053,GB23KAYG24030703088542,liability_only,2.3,1
CL001976,Sean Reid,Male,75,married,Retired,224472.26,813,NY,"6389 Chen Causeway, Burtonborough, VT 87185",001-565-247-7460x11084,GB68CNYU35875146002530,comprehensive,0.4,0
CL001977,Pedro Ward,Male,24,single,Freelancer,58042.44,629,PA,"34499 Jessica Lakes Suite 017, Carterstad, AK 25600",344-492-5305x81355,GB12VNZV40089387559868,full_coverage,1.6,0
CL001978,Jenna Sullivan,Male,57,single,Administrative Assistant,23955.51,639,CA,"67387 Williams Neck, Davidsonborough, VI 51530",(718)748-1774,GB05QJRX91166173474221,liability_only,0.4,1
CL001979,Andrea Gonzalez,Female,36,single,Accountant,76285.17,694,MI,"970 Rodriguez Summit, East Danielleberg, SD 28945",892-450-9618x3038,GB07RSRD89993284007826,full_coverage,1.5,0
CL001980,Marcia Clark,Female,34,single,Truck Driver,110486.38,672,FL,"44474 Caroline Mountain Suite 252, New Ericaburgh, NJ 80936",909-891-6011,GB23POVR71667417132231,full_coverage,0.8,0
CL001981,Michelle Clark,Female,49,single,Construction Worker,18775.4,702,MI,"5405 Caldwell Island Suite 445, South Justin, MN 03683",623.613.4191x6288,GB17RHLP53148081026233,full_coverage,0.2,0
CL001982,Luke Ortiz,Female,34,married,Student,37480.68,737,OH,"302 Willie Gateway Apt. 242, East Michaelfort, CA 63004",500-662-7344,GB63YOFX30894666298199,full_coverage,6.3,0
CL001983,Joseph Reed,Other,31,married,Consultant,52981.89,725,NC,"41765 John Brook Apt. 919, North Michael, DE 20758",419.681.0984x465,GB85UQRE65234304063252,full_coverage,0.3,0
CL001984,Janice Mcintyre,Male,33,married,Accountant,71968.04,582,NC,"41544 Oliver Squares Suite 818, Traceytown, DE 21946",5836892116,GB75PADM54183842936317,full_coverage,4.9,0
CL001985,Mariah Baird,Female,50,married,Software Engineer,46633.14,755,IL,"14111 Lisa Hill, Lake Markfort, PA 98170",+1-858-364-9079,GB31RJYX04211633401663,liability_only,3.3,0
CL001986,Brendan George,Female,66,married,Retail Worker,33347.85,672,NY,"61798 Green Place Apt. 587, Debrahaven, MA 26863",624-917-5916,GB54UAJN40014913370947,full_coverage,10.9,1
CL001987,Sarah Bird,Male,59,divorced,Student,78812.83,770,NY,"15776 Michael Heights Apt. 551, South Jonathan, PA 31917",+1-501-669-4529x6724,GB96UPBC49279102697428,full_coverage,3.3,0
CL001988,Allison Sanders,Female,61,married,Electrician,77786.84,700,NC,"765 Chavez Springs, Whitechester, MH 26999",836-525-4263,GB40CRCB09825334365947,liability_only,0.6,0
CL001989,Justin Day,Male,30,married,Software Engineer,32912.71,716,CA,"33230 Villanueva Cliffs, West David, MS 75175",468-245-1290,GB88UJNM53335038363358,full_coverage,7.7,1
CL001990,Manuel Olsen,Female,35,married,Accountant,44632.03,837,NY,"6937 Gutierrez Shore, Sanchezhaven, KY 83502",5555372858,GB67VCGJ03607377150613,liability_only,12.4,1
CL001991,Amber Reyes,Female,65,widowed,Manager,39073.11,727,NC,"46001 Matthew Flat Apt. 306, Simmonston, WV 73361",807-416-3973,GB17ZAVX17667347764329,liability_only,6.3,0
CL001992,Joshua Bell,Male,55,divorced,Truck Driver,39740.57,612,NC,"37720 Conrad Port Apt. 453, East Christinastad, CT 76257",768-678-7139x503,GB79GGNM58193209667216,full_coverage,0.1,0
CL001993,Michael Benton,Female,57,married,Retired,48533.03,787,GA,"USCGC Medina, FPO AA 28128",975-485-0808x6105,GB91NUWK28461596543910,liability_only,0.7,1
CL001994,Aaron Diaz,Female,59,married,Software Engineer,53970.36,678,NY,"738 Gary Isle Suite 999, East Madison, MP 17973",+1-893-715-2300x516,GB44EGJZ31946574998164,full_coverage,1.0,0
CL001995,Elizabeth Decker,Female,40,single,Consultant,32855.61,578,NY,"3143 Graham Garden, Charlesview, NE 24325",(295)741-2809x493,GB50VYKG40094674804114,full_coverage,4.0,0
CL001996,William Cain,Female,52,married,Retail Worker,30570.92,612,GA,"157 Ayala Brook Suite 780, North Jackson, NE 86316",(730)972-2995x521,GB94FWHD48897555968413,comprehensive,2.8,0
CL001997,Michelle Herring,Male,42,married,Freelancer,130186.17,640,CA,"6999 Rebecca Street Suite 692, East Amandaborough, MA 18012",001-387-967-5667x31584,GB38DIZO96851990765152,liability_only,2.9,1
CL001998,Richard Murphy,Female,68,married,Electrician,72681.33,704,NC,"Unit 3686 Box 0678, DPO AA 41156",001-464-911-3589,GB78VAAU69821929024507,full_coverage,9.1,0
CL001999,Eddie Powell,Male,49,single,Business Owner,65621.02,597,NY,"9517 Adams Heights, East Christopherfort, AS 08660",(606)834-8323,GB67GICL21386741714485,full_coverage,3.8,0
CL002000,Aimee Marshall,Male,72,married,Retail Worker,28761.91,541,FL,"6845 Davis Via Apt. 484, Port Kimberly, OH 67320",+1-333-404-4981x895,GB88GXUQ67397960086078,full_coverage,0.6,1
CL002001,Kenneth Acevedo,Other,75,married,Accountant,60015.57,689,FL,"631 Laura Skyway, Stephanieville, WI 88019",001-777-269-8367x13908,GB43QKIE40128273154212,liability_only,2.1,0
CL002002,Joseph Williams,Female,23,divorced,Freelancer,69624.18,798,IL,"24452 Tammy Pines Apt. 481, Kennethton, SD 48447",+1-500-798-5168x50529,GB34IDAO37208822574654,full_coverage,1.2,0
CL002003,Kelly Jordan,Female,48,married,Sales Representative,102876.99,786,NY,"6802 Kelly Overpass Apt. 267, Port Diane, AZ 14691",480.638.1459x09707,GB76XRWC49441116496494,full_coverage,3.3,1
CL002004,Lauren Wyatt,Male,58,married,Administrative Assistant,74461.5,733,MI,"USS Greene, FPO AP 40267",001-265-945-9000,GB75HLBC53484298148978,liability_only,4.9,0
CL002005,Kevin Austin,Female,56,single,Chef,109728.07,850,FL,"70290 Jessica Passage Apt. 133, South Adriana, PA 15483",591-748-8377,GB86NWPC94955682106908,comprehensive,0.5,0
CL002006,Stacey Johnson,Female,80,widowed,Retired,65447.17,569,MI,"59662 Erin Inlet Suite 795, Port Amber, NV 65776",+1-829-257-4057x937,GB86ZERR55298002461412,comprehensive,0.5,1
CL002007,Gerald Hansen,Female,35,divorced,Retired,64017.38,514,PA,"511 Michael Prairie Suite 728, Nicholsland, WY 69887",(467)888-6321x623,GB37LUPY24443807744214,full_coverage,3.9,1
CL002008,Robyn Oneill,Male,27,divorced,Electrician,60031.49,765,GA,"Unit 7947 Box 6441, DPO AA 07550",001-479-958-5326x625,GB64WCNT44424987963578,full_coverage,0.8,1
CL002009,Austin Todd,Male,40,single,Chef,57006.25,747,CA,"1302 Jimmy Ford Suite 209, Robertburgh, MI 04368",500-662-4569,GB68IMON37607606942022,comprehensive,2.2,0
CL002010,Rebecca Curtis,Male,18,widowed,Manager,37003.12,669,CA,"107 James Rapid Apt. 869, Villaland, MI 16652",250-339-6015,GB03DSZA21287809280414,comprehensive,4.3,0
CL002011,Amber Briggs,Male,18,single,Mechanic,88640.79,736,CA,"5973 Kimberly Parkways, Dunnfort, CA 62436",+1-875-302-4839x9120,GB94VKKT89283775223565,full_coverage,10.2,0
CL002012,Veronica Miller,Female,81,married,Construction Worker,39613.54,679,NY,"275 Davis Alley, Washingtonhaven, MI 68369",001-383-846-2580x41911,GB84QRAF81259542504344,full_coverage,12.1,1
CL002013,Michael Johnson,Female,78,single,Accountant,37401.76,781,IL,"908 Jonathan Prairie Suite 795, West Jimmy, IA 07565",(466)460-4523x6923,GB32BLAF58028946830537,full_coverage,4.4,0
CL002014,Kim Collins,Male,18,widowed,Nurse,42907.41,713,OH,"8198 Ramirez Pike Suite 466, Ashleyborough, MN 21556",985.271.2122,GB54DDSE35737393250192,full_coverage,5.1,1
CL002015,Matthew Davis,Male,22,single,Warehouse Worker,99982.23,564,MI,"031 Mark Flats Suite 180, North Nancy, VI 32973",+1-537-375-3128x47943,GB64LXUE16644450742178,full_coverage,9.7,0
CL002016,Dr. Alexander Cooper MD,Male,41,single,Mechanic,50097.92,643,GA,"5836 Jacobs Union Apt. 896, Mcdowellside, CA 01564",(430)307-2182x65353,GB55QDAR86429432147493,comprehensive,1.1,1
CL002017,Erin Berry,Female,32,married,Electrician,61525.46,523,OH,"302 Willie Gateway Apt. 242, East Michaelfort, CA 63004",500-662-3781,GB45VJIY66872553681963,comprehensive,2.7,0
CL002018,Scott Martinez,Male,21,married,Business Owner,116929.79,674,TX,"43059 Wilson Brook, Anthonytown, IA 44050",383-486-0400,GB61FUER32800655642458,full_coverage,0.0,0
CL002019,Jesse Kane,Male,24,married,Business Owner,64329.14,663,NC,"42226 Ricardo Freeway, South Katie, AZ 48633",289.744.5249,GB22JXYC32371535795394,comprehensive,19.5,0
CL002020,Gabrielle Holden,Female,63,married,Electrician,17549.65,679,IL,"151 Stanton Mountains, South Patricia, ID 12079",001-733-666-5203,GB02MCEQ05439132255600,comprehensive,2.0,0
CL002021,Brian Fleming,Male,20,single,Freelancer,24324.44,829,NY,"4374 Emily Dale, East Lauren, TN 73367",(918)289-1863x59124,GB67IXGD24021409914921,full_coverage,3.6,2
CL002022,Scott Garcia,Male,63,married,Manager,63631.08,571,MI,"4022 Mccormick Stream, South Johntown, ME 90696",+1-886-533-2002,GB66SOBA73495381013611,full_coverage,11.1,0
CL002023,Olivia Bell,Female,22,married,Chef,79042.41,657,GA,"138 Bradley Wall, East Brandonstad, MS 20172",(702)423-5697x25217,GB24GSPX24042269312163,full_coverage,5.1,0
CL002024,Thomas Bruce,Male,23,single,Police Officer,37989.25,547,CA,"6139 Jones Center Suite 647, West Antonio, IA 56768",684-806-1485,GB90YBBQ11846503207726,comprehensive,3.5,0
CL002025,Ann Reynolds,Female,67,married,Administrative Assistant,108426.04,795,MI,"314 Sullivan Stravenue, Kathleenbury, WY 71674",+1-634-686-3018,GB49KWVA25284312954313,full_coverage,0.8,0
CL002026,Morgan Bentley,Female,22,single,Business Owner,31419.2,651,TX,"8585 Bishop Fields, West Angela, IN 39509",542-804-3805x7198,GB98CRTK47382023684855,full_coverage,5.9,0
CL002027,Raymond Raymond,Male,33,married,Construction Worker,48081.07,795,TX,"390 Karen Lane, Lopezburgh, MD 22671",442-333-1132x7734,GB14ONXS79709984522059,comprehensive,4.8,0
CL002028,Patricia Rose,Female,68,married,Truck Driver,49891.95,685,IL,"554 Jacqueline Stream Apt. 058, South Patriciatown, NY 10393",+1-883-928-1595x7267,GB58YSRZ76059127972882,liability_only,7.7,0
CL002029,Ronnie Stafford,Female,26,married,Police Officer,33179.7,511,CA,"94746 Barbara Pike Apt. 797, Sherrystad, SD 05998",111-556-9969,GB67LLUD96578169172314,full_coverage,6.7,1
CL002030,Deborah Rivera,Male,20,married,Teacher,35960.84,515,NY,"70268 Brian Village, Port Matthewburgh, AR 80717",857.744.1814,GB23VUBP14158046572118,full_coverage,1.0,0
CL002031,Terry Gordon,Male,49,married,Electrician,48341.87,829,NC,"59790 Nicholas Key Apt. 169, Smithfort, SD 68809",001-240-731-0595x325,GB15QAIV26726966824947,full_coverage,1.5,2
CL002032,Mario Murphy,Male,37,married,Mechanic,46383.56,797,MI,"6584 Jason Isle, South Donald, MH 22862",3402784437,GB87AHCZ53912040806376,liability_only,1.0,0
CL002033,George Perry,Female,22,single,Teacher,108694.56,781,NC,"5132 David Corners, Port Shawn, OH 89992",248.330.8637,GB26ENPX70794142824883,full_coverage,1.0,0
CL002034,Donald Simmons,Male,61,married,Software Engineer,57972.61,656,IL,"0180 Salazar Ranch, Lake Lynnchester, MI 81715",(834)279-5765x139,GB95DGDH21070324727122,comprehensive,1.5,0
CL002035,Elizabeth Clarke,Male,34,single,Accountant,55965.51,569,OH,"418 Cunningham Mews Apt. 502, Adamview, NE 69335",+1-877-335-3686x669,GB57OUBF77591107248351,comprehensive,0.3,1
CL002036,Shannon Perry,Male,72,married,Teacher,83833.95,541,FL,"37756 Schmidt Meadows, Briannaview, MO 63369",001-738-252-2197x664,GB57OCTY06457002462956,comprehensive,3.1,0
CL002037,Shawn Ward,Female,28,divorced,Teacher,59136.45,690,GA,"2594 Trujillo Stream Suite 126, Jeffreyport, UT 92641",001-700-302-3767x360,GB02OCHM44592364997985,comprehensive,0.1,1
CL002038,Edward Jones,Female,70,single,Freelancer,21705.44,757,OH,"USNV Reed, FPO AA 92497",(792)331-8314x25603,GB47XRGP33918486061504,liability_only,1.4,0
CL002039,Elizabeth Mendoza,Male,65,single,Accountant,31372.81,744,NC,"20891 Brown Ramp, Ramirezfurt, KY 24244",694-318-2754x3071,GB24OJPU15749964723661,comprehensive,3.6,0
CL002040,Julia Jones,Female,61,married,Retail Worker,44381.32,662,GA,"9404 Jones Cove, Jacksonmouth, TX 94289",001-689-214-6534x6192,GB74ACXE02989554817267,full_coverage,3.4,0
CL002041,Tammy Perez DDS,Other,64,married,Construction Worker,45472.37,747,TX,"0472 Charles Glen, Cynthiachester, AS 08385",(867)514-0620,GB79COVR64897143966009,comprehensive,2.3,1
CL002042,Jeanette Herrera,Female,30,single,Freelancer,76529.74,735,CA,"33034 Gregory Orchard, Susanton, VT 73806",+1-819-739-0154x0562,GB64SLDS75398954769094,liability_only,15.5,0
CL002043,Joseph Braun,Female,23,divorced,Mechanic,40735.85,729,IL,"035 Townsend Prairie Apt. 622, Amyland, IA 75956",+1-229-442-8727x65114,GB51BZAX73106526776763,comprehensive,0.1,0
CL002044,Rebecca Ford,Female,70,divorced,Administrative Assistant,85204.25,648,NY,"341 Jenna Curve Suite 479, East Christopher, VT 98310",001-361-714-7882x448,GB47ZNIE64396945915116,comprehensive,1.2,0
CL002045,Brian Carter,Male,65,married,Retired,39295.35,814,CA,"195 Kent Greens Suite 230, Port Jessicaborough, NM 15370",+1-893-727-6652,GB31HAOY44014366446902,comprehensive,2.0,0
CL002046,Jeffrey Barnes,Male,67,single,Truck Driver,57554.75,608,NY,"502 Jones Parkways Apt. 319, Scottberg, IA 44079",(548)380-7196,GB09JESC85168621243908,liability_only,4.2,0
CL002047,Larry Mcdonald,Male,75,single,Retired,67249.5,692,CA,"97882 Susan Common, North Brooke, TX 31329",976-944-7264x9082,GB58OUWD61768802942409,liability_only,1.1,0
CL002048,Derrick Hansen,Female,27,married,Accountant,96010.18,592,OH,"191 Vargas View, Sarahshire, PW 51938",+1-994-457-2998,GB18XYMA71870975285132,liability_only,6.3,0
CL002049,Miss Kristine Moran,Other,68,married,Accountant,280133.71,818,IL,"37388 Munoz Island Apt. 435, Catherineburgh, VA 95319",879.313.4509x4832,GB51MPMI56879468576786,comprehensive,7.3,0
CL002050,Danielle Johnson,Female,52,married,Administrative Assistant,58048.22,650,OH,"USNS Fischer, FPO AP 05119",+1-670-946-8322x735,GB29CJVL53401099866479,full_coverage,3.1,0
CL002051,Megan Smith,Female,45,single,Teacher,76992.92,636,IL,"0743 Shaw Key, North Karashire, MH 67575",3968559042,GB77QKCZ63577208979188,liability_only,2.3,0
CL002052,Bobby Turner,Male,79,single,Police Officer,98873.77,561,CA,"821 Miller Ways, Aprilhaven, WV 21673",727-581-0830x007,GB11PCJF27690362644332,full_coverage,12.4,1
CL002053,Joy Sparks DDS,Male,56,single,Retail Worker,68705.01,673,CA,"926 Todd Mount Suite 302, South Brandon, CT 55985",(208)775-5173x992,GB71CVPU71888749442318,full_coverage,0.1,0
CL002054,Andrea Brown,Female,74,single,Retired,46824.42,670,GA,"PSC 7319, Box 1975, APO AA 97875",632.867.0456x98763,GB81KIOZ22303085938870,comprehensive,6.0,0
CL002055,Jeffery Jordan,Male,76,single,Warehouse Worker,134151.88,664,CA,"47233 Derek Mill, New Nicholetown, OH 74166",670.734.4480x77383,GB59GMKH59685683890505,full_coverage,7.9,1
CL002056,James Hicks,Male,71,single,Business Owner,60630.29,757,IL,"5640 Smith Wells Apt. 037, Nicoleton, WA 04367",+1-563-592-4948x4031,GB84QGPV74284285177565,comprehensive,5.0,1
CL002057,Gary Holmes,Female,72,married,Consultant,46923.86,619,NY,"165 Wilkins Village, Younghaven, VA 08411",(724)457-9517x064,GB16YUPM16553226642651,liability_only,1.2,0
CL002058,Melanie Mcdonald,Male,52,single,Software Engineer,72604.46,622,TX,"6350 Buchanan Ville, Smithshire, WV 14226",001-578-576-6342x8332,GB62LNFP37119182060454,full_coverage,7.8,0
CL002059,Lindsey Strickland,Male,49,single,Manager,40107.58,529,FL,"01134 Robert Street, Christopherside, SD 58233",+1-634-881-9571,GB87HTPA90355297096501,full_coverage,4.3,0
CL002060,Chris Allen,Male,38,married,Consultant,26990.39,661,NC,"97691 Susan Gardens, New Kaylabury, IN 50511",(789)542-7838x164,GB13PMND41801374258711,full_coverage,6.7,0
CL002061,Jonathan Torres,Female,80,divorced,Electrician,33668.7,664,OH,"4109 Roth Mission Suite 685, Dustinchester, MS 58455",724-694-4348,GB46EAWY98609784838939,full_coverage,3.8,0
CL002062,Eric Keller,Male,21,divorced,Chef,89116.34,787,CA,"44474 Caroline Mountain Suite 252, New Ericaburgh, NJ 80936",909-891-6204,GB23POVR71667417132231,comprehensive,1.2,0
CL002063,Kathy Tanner,Female,66,married,Sales Representative,72179.44,627,FL,"83674 Chambers Gardens, East Kellyshire, KY 51274",202.576.8067x048,GB83RGJW30690355641672,full_coverage,0.2,0
CL002064,Adam Elliott,Male,48,divorced,Construction Worker,49693.67,667,MI,"706 Rhodes Freeway, Bishopmouth, IN 70494",719.750.0528x1273,GB92KBEP45644948562572,full_coverage,0.5,1
CL002065,Tommy Castro,Female,69,married,Student,20396.92,621,IL,"263 Alexis Vista, Port William, AR 73962",+1-462-896-6292x31912,GB96NOLL53837357998734,full_coverage,10.3,0
CL002066,Jennifer Erickson,Female,67,divorced,Retired,35319.03,703,NC,"185 Daniel Trail, Moniqueshire, WY 41661",+1-793-686-9383x038,GB52OXEQ95942114585619,full_coverage,5.1,0
CL002067,Dr. Alexander Osborn,Male,55,married,Manager,52505.17,692,TX,"902 Colin Terrace, New Christopherview, AZ 60618",+1-229-748-8318x1007,GB42VZPH77339871409619,comprehensive,7.6,1
CL002068,Dana Rojas,Female,67,married,Retail Worker,31604.69,663,NY,"32544 Amy Crest, South Lisa, VT 64091",001-376-531-1513x665,GB54ANPT13384346318476,comprehensive,3.1,2
CL002069,Christopher Johnson,Female,29,married,Truck Driver,93405.27,666,IL,"378 Jennings Hill, Port Josephfort, PW 63580",001-632-808-2841,GB28SKRV47136864368128,full_coverage,1.6,2
CL002070,Brad Robinson,Other,70,single,Student,126162.91,747,FL,"2156 Tyrone Point, North Laura, IN 36631",(899)726-4769,GB37BHAC85077309559771,full_coverage,0.7,1
CL002071,Mark Duke,Other,44,single,Sales Representative,48365.51,699,CA,"171 Franklin Corner Apt. 046, Kennethfurt, DC 62082",380-401-9356,GB71TWOY51811698173748,liability_only,0.4,2
CL002072,Ryan Hoffman,Male,72,married,Consultant,78533.84,629,NC,"302 Willie Gateway Apt. 242, East Michaelfort, CA 63004",500-662-3005,GB45VJIY66872553681963,full_coverage,9.7,0
CL002073,Deborah Freeman,Female,31,single,Student,83818.18,638,FL,"54346 Baldwin Bridge Suite 718, New Victorland, MP 63921",409.576.3292x373,GB98LDJY23544324086328,full_coverage,2.0,1
CL002074,Jeffrey Potter,Female,63,married,Warehouse Worker,69224.03,731,NY,"USCGC Kelley, FPO AP 23509",808.265.0213x6080,GB49RHUC74274489988168,comprehensive,7.1,0
CL002075,Cynthia Torres,Female,76,divorced,Warehouse Worker,77742.25,791,OH,"62504 David Islands Suite 657, Garciatown, OH 21812",783.846.9090x69554,GB49XYGG52526159826810,comprehensive,4.1,0
CL002076,Maria Meadows,Male,41,divorced,Administrative Assistant,89370.16,564,OH,"80981 Sanchez Meadows Suite 203, Brookeville, MT 40768",+1-937-832-3429x0004,GB06XMSM74930919249034,comprehensive,2.0,1
CL002077,Carmen Parrish,Male,70,married,Truck Driver,73477.88,607,PA,"25619 Sarah Gateway, Littleville, LA 47597",+1-467-357-7616x4804,GB28BJXM32884621841292,liability_only,3.3,1
CL002078,Kenneth Miller,Male,32,single,Warehouse Worker,36725.96,743,MI,"4952 Gray Loaf, Michaelton, TN 20352",001-469-914-8040x541,GB69HGJL05635384762362,comprehensive,2.1,2
CL002079,Jose Odonnell,Female,58,single,Accountant,104113.49,671,NY,"PSC 1685, Box 0542, APO AE 45292",728-860-4765x801,GB58KTJC65162319818984,full_coverage,3.1,0
CL002080,Martha Marshall,Female,79,divorced,Software Engineer,93706.2,638,NY,"669 Sanchez Lock Suite 139, Stevenmouth, PA 40535",949.367.7873,GB45VLFW73300627727113,comprehensive,0.4,1
CL002081,James Mcguire,Male,62,single,Consultant,73300.09,667,FL,"126 Walker Isle Apt. 733, Lake Johnnytown, NJ 34179",+1-400-568-3262x021,GB48ASAQ61208858306563,liability_only,1.6,1
CL002082,Ryan Harris,Female,32,single,Retail Worker,39151.4,738,NC,"302 Jones Square Suite 572, South Kelly, AL 26483",9677509919,GB62KKUJ90476639056529,full_coverage,2.1,1
CL002083,Tom Long,Male,57,married,Freelancer,67225.68,631,PA,"3420 Bailey Mountains, Pricebury, AL 30012",5603195677,GB81ZRRI22478930692905,comprehensive,0.0,0
CL002084,Jade Beck,Male,77,single,Electrician,97439.97,646,PA,"582 Lewis Plains, North Isaiahport, CT 93472",(760)735-4258,GB98QZBC32644739847097,comprehensive,0.5,1
CL002085,Kendra Haynes,Male,81,single,Freelancer,85409.25,686,OH,"740 Scott Alley, New Charles, NE 45659",+1-612-228-1606x48422,GB25NEYF72847657041200,full_coverage,7.7,1
CL002086,Michael Lewis,Male,68,single,Student,88379.48,842,TX,"USNS Neal, FPO AP 85452",(252)379-9366x254,GB92UWBH17487041877863,liability_only,4.3,0
CL002087,Joy Brown,Male,73,divorced,Sales Representative,71636.55,598,GA,"733 Kevin Valley Apt. 597, Lake Jennifer, MI 96679",915-452-4157,GB12UKRU53092266582381,comprehensive,0.1,0
CL002088,Debra Waller,Female,57,married,Manager,30427.46,778,PA,"94383 Ali Locks Suite 881, Goodmanton, MS 98800",432-804-2185,GB47CFBD35157011314916,comprehensive,0.9,0
CL002089,Jonathan Ball,Female,30,married,Manager,48353.09,716,IL,"08121 Cole Gardens Suite 126, South Paula, NV 24613",330.914.0850x7085,GB24MOKW16102779885339,liability_only,0.3,0
CL002090,Leslie Cohen,Male,26,single,Retired,67899.39,670,NY,"8283 Gibson Mall, Port Dontown, AS 87644",395.697.0932x1418,GB16HZYT79017403972234,full_coverage,4.0,0
CL002091,Matthew Bradshaw,Female,27,married,Retired,72865.92,656,NC,"007 Lacey Skyway, East Robert, UT 58744",001-898-291-4685x64922,GB95IFDP25401486127139,full_coverage,0.2,0
CL002092,Cory Anderson,Male,78,divorced,Chef,62907.33,778,CA,"35389 Ashley Trail Suite 946, Hernandezberg, VI 39968",3583073656,GB26QUOX40749911553901,full_coverage,0.9,0
CL002093,Marcus Lin,Male,34,widowed,Consultant,36450.32,759,TX,"50701 Karen Prairie Suite 050, Reillyfurt, CO 01431",+1-216-650-4939x805,GB65ZJFC85120362653365,liability_only,6.2,0
CL002094,David Knight,Female,45,married,Warehouse Worker,51242.41,668,OH,"5425 Martin Hills, Lake Joanne, WI 37248",756-888-0728,GB75AAPH88950180510511,comprehensive,2.7,1
CL002095,Robin Harris,Female,44,married,Freelancer,118383.19,654,GA,"0411 Wagner Crossroad Apt. 825, Stevenmouth, MP 01641",(298)707-1956,GB12EQLU62558136661880,full_coverage,2.3,1
CL002096,Matthew Mcdaniel,Male,67,divorced,Police Officer,47941.33,700,CA,"552 Rhonda Vista Apt. 155, Maldonadoville, TN 36865",+1-340-645-6847x75626,GB47FXFU92710697675583,liability_only,1.5,1
CL002097,Angela Patel,Male,35,single,Administrative Assistant,82192.33,659,OH,"8932 Peter Route, Christopherville, ND 57174",398-517-6080x79466,GB76BGAX35622135064720,comprehensive,3.9,0
CL002098,Teresa Brooks,Male,71,single,Mechanic,38864.39,652,IL,"121 Haley Causeway, Stuartland, AS 47713",395-593-3725,GB10HRNY39975468238573,comprehensive,10.4,0
CL002099,Jacob Lewis,Female,76,single,Freelancer,49696.22,669,PA,"3399 Kim Extension, Morganberg, NE 53171",909-937-3001x63881,GB72EVEA10328311103974,comprehensive,3.2,1
CL002100,Victor Lang,Male,69,divorced,Electrician,46971.96,592,OH,"4694 Haynes Cliffs Apt. 072, South Danielburgh, NY 32168",596-206-1648x312,GB83MQCF58781102527061,comprehensive,5.7,2
CL002101,James Johnson,Female,40,married,Software Engineer,61561.61,626,IL,"2458 Nelson Hill, Juliahaven, HI 30185",538-242-8733,GB88OOGO53474746402305,full_coverage,4.9,0
CL002102,Heather Parker,Male,73,widowed,Electrician,74099.05,690,PA,"42835 Long Cliff, Lake Robertville, MH 37327",5337676912,GB98VZOS10033167590620,liability_only,0.8,0
CL002103,Spencer Church DVM,Male,23,single,Retired,98644.92,665,FL,"951 Harris Circles Suite 585, Jillfort, GU 90140",354.748.1607x172,GB62NNGS62795493040648,comprehensive,8.3,0
CL002104,Jillian Smith DDS,Male,37,married,Electrician,38710.87,766,GA,"964 Craig Mountains, Kellyview, AZ 16573",361.360.7599,GB49ZABW01283702562028,comprehensive,2.1,0
CL002105,Robin Sullivan,Male,75,single,Retail Worker,15000.0,589,NY,"Unit 0438 Box 9500, DPO AA 36527",231-765-8712,GB13BDEE32713209046612,full_coverage,1.9,0
CL002106,Samantha Jones,Male,36,married,Business Owner,137004.69,740,NC,"9717 Tammy Curve Suite 782, West Michaelfurt, NH 96864",111-556-6004,GB22AHJM07791570814843,liability_only,6.5,0
CL002107,Jeremy Simmons,Female,65,single,Warehouse Worker,106774.41,843,OH,"911 Munoz Loaf Apt. 911, Harperborough, VT 71387",883.440.2586x26380,GB96OHED08737742443564,comprehensive,6.9,1
CL002108,Karen Duncan,Female,64,married,Truck Driver,31284.48,579,OH,"9305 Carlson Throughway, Parkerside, OH 59299",001-433-446-2246x44287,GB41HDXU30400512948693,liability_only,0.5,0
CL002109,Alejandro Lawson,Male,23,divorced,Administrative Assistant,42731.76,735,MI,"35270 Emily Extension Apt. 361, South Mary, MO 29594",001-483-284-2481,GB46ARTL41352622898108,full_coverage,0.0,0
CL002110,Scott Johnson,Other,32,married,Nurse,61481.05,691,NY,"976 Mcdonald Hill, North Kristiton, ID 13751",001-471-411-7087,GB51HQKK47684767506344,full_coverage,2.6,1
CL002111,Kevin Downs,Female,77,married,Sales Representative,44810.95,707,NY,"0766 Evans Crescent Apt. 619, North Veronica, WY 83700",612-422-0387x6738,GB79SXCQ46122391824514,comprehensive,3.6,1
CL002112,Natalie Lester,Male,31,single,Administrative Assistant,121344.03,391,NY,"USNV Young, FPO AE 22193",+1-626-567-3167x850,GB49PYIJ31975423972801,comprehensive,0.1,0
CL002113,Nicole Snyder,Male,22,married,Business Owner,116671.83,784,NC,"453 Darryl Trafficway, Williamsland, TN 88625",881-239-8298x108,GB89JIUD59385098181496,comprehensive,1.9,0
CL002114,Jennifer Nelson,Female,53,married,Chef,190941.63,850,MI,"715 Cross Underpass, East James, IL 36217",618-225-1486,GB98ZEFS48302204872874,comprehensive,11.4,0
CL002115,Marissa Glass,Male,32,married,Mechanic,82388.7,657,PA,"621 Crystal Place Suite 180, Wilsonmouth, OH 07122",001-388-965-9854,GB83YGFG42513861755651,full_coverage,5.6,0
CL002116,Matthew Shelton,Male,66,single,Business Owner,34340.61,739,IL,"Unit 2620 Box 6194, DPO AP 29322",685-320-5847x085,GB62VEJW47884300507353,liability_only,9.0,0
CL002117,Christopher Parker,Female,26,divorced,Sales Representative,108771.52,652,NC,"579 Kelley Route, East Angelicafurt, AL 07782",842.922.5624,GB70PKCM66303172116244,full_coverage,1.5,0
CL002118,Jason Craig,Male,20,widowed,Retired,65119.64,700,NC,"0004 Jaclyn Stream Apt. 936, Sheltonfurt, MO 17965",(708)795-5883x7103,GB55RILG77973417404715,full_coverage,5.6,0
CL002119,Brenda Rodriguez,Male,39,married,Business Owner,41576.83,755,NY,"588 Booker Burgs, Jamieton, MH 71517",8467899009,GB02NPYZ33459840717524,full_coverage,0.1,1
CL002120,Shane Harper,Female,57,married,Retired,72958.58,782,MI,"20052 Sanders Harbor Apt. 624, Amyville, ID 37037",361.654.0012x880,GB08HJDR24538806772243,full_coverage,3.0,0
CL002121,Adam Knight,Female,35,married,Business Owner,19904.55,655,CA,"223 Andrew Corners Apt. 512, East Thomas, AK 92724",590.303.0224x279,GB68MMHX24180814784152,comprehensive,1.9,2
CL002122,Jonathon Moore,Male,28,single,Mechanic,72163.53,743,TX,"24387 Christopher Locks, North Justin, FL 61425",+1-949-419-2933,GB26YZSO45935506294204,comprehensive,5.1,1
CL002123,Katherine Clark,Female,25,divorced,Teacher,50979.41,773,MI,"20514 Rocha Skyway, Davidfort, OH 74198",(671)701-2739x786,GB20DMPR85051809701315,full_coverage,4.5,0
CL002124,Mary Huang,Male,64,widowed,Construction Worker,75416.98,509,GA,"2729 Turner Estates, Carrillohaven, FL 24861",(934)223-2230,GB77WCWF68213342374362,full_coverage,4.0,0
CL002125,Brandy Conway,Female,74,single,Student,98171.57,551,OH,"0066 Christina Field, Schultzview, DC 24469",993.946.2907x522,GB53KQQQ71436539347970,liability_only,0.3,0
CL002126,Joseph Phillips,Male,21,single,Teacher,42264.53,668,MI,"5659 Weaver Garden Suite 792, New Cindyport, MI 53285",421-807-5791,GB74NVDP01363530046522,liability_only,0.6,0
CL002127,Lisa Holmes DDS,Male,58,married,Software Engineer,85332.72,654,MI,"59482 Jones Trail Suite 821, East Amy, CT 50508",(231)384-9834x13457,GB17PPKV34337479945530,liability_only,23.0,0
CL002128,Briana Wells,Female,58,single,Warehouse Worker,100195.42,609,FL,"005 Young Mission, Teresabury, ND 20605",+1-682-759-9785,GB97ZLKA41587904806067,comprehensive,10.6,0
CL002129,Tiffany Ewing,Male,31,married,Electrician,36979.47,643,TX,"5868 Crosby Crescent, Gregoryview, AZ 14709",274-456-4240,GB12UXHQ90309143639102,full_coverage,0.9,1
CL002130,Douglas Green,Male,31,married,Retired,22854.93,752,FL,"Unit 3923 Box 1820, DPO AA 79278",2466840894,GB52GIPI79797826862458,comprehensive,0.3,1
CL002131,Michael Johnson,Female,47,single,Police Officer,40962.98,671,PA,"47270 Kelsey River Apt. 954, West James, MT 18897",(996)577-5063,GB68YFWU55490418458623,full_coverage,4.6,0
CL002132,Christina Price,Female,61,single,Software Engineer,39667.58,716,IL,"1467 Tyler Branch, South Kennethburgh, VI 97979",635.829.0133x4369,GB84JLSJ45004017767520,full_coverage,1.2,2
CL002133,Eric Morrison,Female,46,divorced,Nurse,85748.13,682,NC,"52992 Carter Causeway, Codyside, MS 62436",(940)930-5465,GB17ZJUX76851932986327,liability_only,8.1,0
CL002134,Blake Rodriguez,Female,61,widowed,Student,68822.25,681,CA,"988 William Track, Danielborough, NH 54769",001-697-508-6329x5675,GB97DSPW43627141722283,liability_only,2.8,0
CL002135,Jose Barnes,Female,47,divorced,Consultant,73702.2,694,IL,"853 Burton Gateway, Port Kylieshire, PW 91500",(523)640-2164x6671,GB18VETR62482922943227,comprehensive,20.0,0
CL002136,Sue Jones,Female,51,married,Accountant,191457.61,821,NC,"PSC 3578, Box 1481, APO AP 08519",(305)640-5827,GB70AIDX86905638040045,liability_only,1.7,0
CL002137,Ronald Sellers,Male,74,divorced,Warehouse Worker,64714.08,646,IL,"0679 Ricky Plaza Apt. 345, New Ryanchester, IA 00513",001-856-675-5037,GB07XPQS13390074628691,full_coverage,1.0,0
CL002138,Stephen Lin,Male,43,divorced,Accountant,86961.59,746,NC,"8776 Lee Coves, Jonesside, UT 57837",205-837-6704x151,GB34CFYU52060579934121,liability_only,0.2,0
CL002139,Tonya Shaw,Female,70,single,Business Owner,30555.52,645,TX,"45795 Williams Manor Apt. 737, Wallerland, WV 16200",882.342.0512x53220,GB68SIVX17371442140209,comprehensive,4.8,0
CL002140,Michael Blair,Female,23,single,Accountant,57714.98,597,MI,"486 Grace Spur, Louismouth, GU 89652",001-375-343-7295x41252,GB83XDZX69736654080043,full_coverage,1.8,1
CL002141,Pamela White,Male,36,married,Warehouse Worker,89463.47,797,IL,"86053 Stacey Cape Apt. 584, East Robertshire, PR 45791",(656)556-6633x08025,GB95OGDM76987514646062,comprehensive,3.6,1
CL002142,Michelle Bird,Male,44,married,Freelancer,73959.52,790,TX,"281 Mark Turnpike Suite 774, Burnsburgh, WA 37187",331-142-4100,GB58MFMS79553606496219,full_coverage,1.3,1
CL002143,Mr. Samuel Fox,Female,38,single,Retired,46019.94,653,NY,"Unit 1778 Box 5079, DPO AE 48694",274-456-4240,GB97JRPB49478730024471,full_coverage,2.7,1
CL002144,Michele Wilson,Male,18,divorced,Consultant,81441.54,695,TX,"1133 Alvarez Terrace, Vangton, OK 35290",568-840-6157,GB97HLNC90628360065116,comprehensive,7.1,0
CL002145,Alexandra Griffith,Male,64,divorced,Consultant,58586.46,747,MI,"75926 Vanessa Street, South Jose, AR 35098",3797820633,GB76VBNU79264207121138,full_coverage,4.1,0
CL002146,Bryan Moore,Male,62,married,Administrative Assistant,68935.55,751,IL,"83971 Mathews Track Suite 871, West Sharon, SC 05200",001-783-497-5713x495,GB03EYLZ76500744914223,liability_only,2.1,0
CL002147,Julia Miller,Female,35,married,Chef,50357.69,646,OH,"USS Peterson, FPO AA 16256",001-379-432-1544x09874,GB57NDTT89052698148871,full_coverage,0.9,1
CL002148,Dr. Leah Mckinney,Male,22,single,Retired,30198.64,632,MI,"46589 Erin Ways Suite 317, Owensville, NC 11851",506.612.1268,GB09FGWY19660058749945,full_coverage,1.3,2
CL002149,Annette Johnson,Male,54,single,Nurse,25333.83,811,NC,"66840 Collins River, New Renee, NV 59723",001-931-787-9878x11132,GB48URVF10626126240892,comprehensive,3.6,1
CL002150,Wendy Johnson,Female,31,divorced,Consultant,77803.37,802,NC,"249 Wilkins Dam Suite 958, South Cathystad, IL 01962",(503)731-5413,GB55AGOS70354915751404,liability_only,2.1,1
CL002151,Raymond Walsh,Female,19,single,Administrative Assistant,50302.17,603,OH,"28749 Solis Gardens, East Blakechester, SD 36648",(262)512-6137x164,GB90ITKC92798990816686,liability_only,0.7,0
CL002152,Thomas Garcia,Female,40,divorced,Police Officer,83009.39,708,NC,"48731 Barrett Views Suite 010, Seanfort, GU 48297",214.830.1711,GB58KQGQ52772828975855,full_coverage,3.0,0
CL002153,Cesar Cross,Female,44,married,Construction Worker,45492.51,629,TX,"488 Brown Squares Apt. 467, Danielleview, PR 66944",969-209-3636x6205,GB50IFOR77112781613168,full_coverage,2.5,0
CL002154,Kristin Hoover,Female,38,single,Construction Worker,70050.46,792,GA,"78556 Rivera Estate, North Shannonland, SC 21242",001-208-313-3241x25496,GB47XGHJ85368190987767,liability_only,0.3,0
CL002155,Jason Miller,Female,44,divorced,Construction Worker,117423.75,671,TX,"1250 Samantha Circle Apt. 911, South Jessicaborough, WY 62877",554.862.8406x1632,GB32POLV72985407149918,comprehensive,6.0,0
CL002156,Ashlee Moore,Female,43,divorced,Electrician,38957.38,615,FL,"148 Schneider Isle, Lake Jacqueline, WA 90339",+1-515-685-1743x2806,GB76VVDM59152017774905,full_coverage,7.3,0
CL002157,Christian Guzman,Female,47,single,Sales Representative,78788.22,736,MI,"14104 Weaver Coves, Katiechester, CO 19297",(806)767-1555,GB16AIVM76550560572364,full_coverage,8.8,0
CL002158,Elizabeth Allen,Female,43,married,Administrative Assistant,68457.59,751,NY,"6714 Moore Islands, North Darlenehaven, GA 86455",001-422-948-8458x195,GB79ODCH15176788235513,comprehensive,6.5,0
CL002159,Christopher Bell,Male,57,married,Teacher,58907.87,668,OH,"99403 Cheryl Stravenue Suite 878, Bryanport, TN 48053",888.652.8386,GB19UOAU98636794339595,comprehensive,7.6,1
CL002160,Denise Taylor,Male,57,single,Retired,49306.63,684,PA,"081 White Valleys Suite 803, Andersonhaven, DE 80462",(623)264-9569x17578,GB60CGXM62206336066027,full_coverage,12.3,2
CL002161,Timothy Lozano,Female,64,married,Freelancer,68226.55,718,FL,"2533 Carpenter Points Apt. 530, South Carolfort, PW 83244",+1-572-230-7445,GB62WLDV22063870781592,full_coverage,2.9,0
CL002162,Bryan Harper,Male,57,single,Retired,116601.25,717,TX,"2574 Trevino Ville Suite 157, Shelbyside, AL 66148",(863)316-4895x9353,GB83ZBHR74871644569020,liability_only,1.1,0
CL002163,Gary Sanchez,Male,18,single,Chef,59338.46,667,PA,"USNV Smith, FPO AE 61756",001-865-789-1497,GB81VCSA17499383797857,full_coverage,3.5,1
CL002164,Tricia Porter,Male,54,single,Retail Worker,44846.92,674,OH,"770 Kenneth Drive Suite 276, Brandimouth, IN 96740",610-274-4303x2081,GB78CQID86422359605396,comprehensive,1.0,0
CL002165,Sabrina Lozano,Male,50,married,Retired,150669.93,625,NY,"4829 Holmes Mill Apt. 263, Ericchester, NH 19922",337-414-0828x663,GB36SADK44014015250300,liability_only,6.8,0
CL002166,Lori Baker,Female,61,single,Sales Representative,57655.39,664,CA,"173 Emily Junctions Apt. 994, Kellifurt, NJ 83844",(668)711-1041,GB04WCOJ90646351140190,comprehensive,0.4,3
CL002167,Elizabeth Hoffman,Male,59,divorced,Sales Representative,131868.6,626,OH,"38955 Miller Mountain, Joelmouth, MD 29471",(232)473-3791,GB46KBUE26652826481312,full_coverage,0.2,0
CL002168,Dawn Smith,Female,72,married,Nurse,41986.8,731,NC,"USNV Lane, FPO AP 50577",656.444.1322x07108,GB78LMLR92848815906192,comprehensive,2.2,0
CL002169,Brittney Thompson,Female,60,single,Consultant,40401.17,703,CA,"Unit 2648 Box 4764, DPO AE 61527",514.610.8878,GB76MDRQ45243452436801,comprehensive,0.2,1
CL002170,William Arnold MD,Male,61,divorced,Mechanic,74674.39,676,GA,"04085 Henry Streets Suite 575, West Lorifurt, RI 48944",860-376-8231x457,GB16DBEF51446484132697,liability_only,19.0,1
CL002171,Karen Barrett,Female,73,single,Administrative Assistant,30476.4,706,NC,"85864 Tony Cliff, Mariamouth, PR 05253",363-394-3665,GB63EVEP47319874062152,liability_only,8.8,4
CL002172,Tina Macias,Female,51,married,Freelancer,90559.0,772,CA,"556 Malone Land, Sharpfort, MN 22754",(914)422-0798x2730,GB13EWBO05342026349607,comprehensive,1.3,0
CL002173,Michael Norton,Female,47,married,Business Owner,82935.34,656,FL,"6688 Tracy Groves Suite 706, Elizabethfurt, VA 22133",698.712.3878x0038,GB92OUGR99756341085628,liability_only,0.0,0
CL002174,Kevin Evans,Female,25,married,Warehouse Worker,73962.17,850,FL,"31553 Daniel Crest, Johnshire, MP 05830",330.422.3779x64439,GB26AXSX23717035480719,full_coverage,4.8,1
CL002175,Cynthia Oliver,Female,30,divorced,Sales Representative,31863.59,641,CA,"6015 Andrew Inlet, New Michael, HI 68577",(591)241-3270x43917,GB97GEGY11093878812956,full_coverage,5.5,0
CL002176,Melissa Harris,Male,48,married,Retail Worker,38101.44,630,NY,"312 Rachel Parkways, New Timothy, MA 56958",001-688-964-7149,GB51IYMS23760179434337,comprehensive,1.1,1
CL002177,Michelle Adams,Male,58,single,Retired,31445.3,606,MI,"PSC 9025, Box 0392, APO AP 52706",359.587.6220x234,GB10OHQH95972466572934,full_coverage,2.8,2
CL002178,Jillian Leon,Male,33,single,Retired,46222.68,745,MI,"22868 Leonard Underpass, Port Adam, KS 97477",+1-225-963-4431x21690,GB10SGSV69068287007625,liability_only,0.3,1
CL002179,Tammy Russell,Male,29,married,Truck Driver,35568.97,628,GA,"PSC 4926, Box 1425, APO AE 79561",586-575-6836x3331,GB41HZRF46609373282015,full_coverage,2.8,0
CL002180,Melissa Kim,Female,48,married,Accountant,148230.53,610,OH,"18603 Daniel Inlet, Floresport, PA 79234",369.606.5227x20438,GB17CECI55664457720080,comprehensive,2.1,0
CL002181,Alicia Beck,Female,67,single,Administrative Assistant,35397.92,556,FL,"954 Walter Falls Apt. 158, Lake David, ME 21906",111-556-7821,GB22AHJM07791570814843,liability_only,3.4,0
CL002182,Heather Salinas,Male,61,divorced,Chef,48058.0,671,FL,"2178 Waller Avenue Apt. 667, Edwardsbury, NC 66796",438-905-3343x26588,GB89NQRD50885002999077,comprehensive,4.2,1
CL002183,Thomas Taylor,Male,72,married,Police Officer,58276.86,669,GA,"273 Stephens Mills Suite 280, Maryhaven, NE 74806",350-430-9137,GB58RHPT00027363793589,full_coverage,0.4,0
CL002184,David Davis,Female,45,married,Electrician,50060.43,673,OH,"9849 Rowe Coves, East Makayla, OK 19170",001-585-902-7494x06067,GB33BHTG96876712237392,liability_only,0.1,1
CL002185,Amanda Walsh,Female,51,married,Consultant,70097.34,670,NY,"57026 Williams Vista Apt. 298, South Angelaland, GA 96885",+1-216-504-9018x92650,GB06TSCL68343471135139,comprehensive,1.3,0
CL002186,Michael Irwin,Male,56,married,Freelancer,103762.61,762,NC,"468 Roberto Avenue Apt. 688, South Mary, MI 63629",340-469-2471,GB92HKDO35957244937631,comprehensive,0.3,0
CL002187,Angela Weaver,Female,58,single,Chef,97824.31,674,FL,"49917 Reed Shore Suite 177, Woodberg, IN 13793",(658)964-7026x01680,GB80ZIGN94680546354153,full_coverage,2.1,2
CL002188,Connor Rose,Female,32,divorced,Warehouse Worker,72170.24,659,OH,"2539 Jennifer Port Apt. 469, Foxland, FL 53272",001-273-490-8694x38374,GB82LWKF84003532445768,liability_only,1.1,0
CL002189,Natasha Anthony,Male,40,single,Chef,48547.6,705,NC,"6077 Adrienne Lock, Leemouth, NY 70410",(486)871-9713x20923,GB93PPFF76723232907568,full_coverage,0.3,0
CL002190,Robert Duran,Female,35,single,Consultant,96695.5,733,FL,"7447 Terry Loop Apt. 901, Franklinland, AK 80615",+1-983-209-2450x0496,GB33QSHN16222700261669,liability_only,1.2,0
CL002191,Philip Walker,Male,31,single,Chef,71280.37,801,MI,"646 Anthony Course, Lindaville, MO 57640",5722898658,GB09SQHN64165076567385,comprehensive,2.1,0
CL002192,Austin Griffin,Female,48,married,Truck Driver,56037.01,668,GA,"Unit 5224 Box 1491, DPO AP 95066",2906539040,GB96XJID81769350837006,full_coverage,5.4,1
CL002193,Jay Romero,Male,24,married,Nurse,27505.67,769,TX,"37920 Gonzalez Burg, Patrickshire, MT 82345",529.800.6438x4282,GB24HSDM38888705276837,comprehensive,6.5,0
CL002194,Danielle Rivera,Female,20,divorced,Nurse,121390.91,748,IL,"9142 Norton Isle Suite 255, Ericashire, FL 91067",553.638.7657x58240,GB74DLQW58393660553782,comprehensive,17.6,1
CL002195,Veronica Garcia,Male,80,single,Truck Driver,36501.79,583,NY,"71627 Roberts Groves Apt. 905, Forbeshaven, OR 47318",+1-884-329-5249x6726,GB16TUDF38050833504258,full_coverage,3.7,1
CL002196,Rachel Wolfe,Male,72,single,Freelancer,25957.05,550,GA,"5022 Jones Streets Apt. 183, Barnesmouth, GA 49004",977-933-2945x6255,GB63MIJC34327560417765,liability_only,0.9,0
CL002197,Tyler Tran,Male,39,divorced,Truck Driver,146125.1,776,FL,"1190 Meghan Knoll, South Lauren, VT 47985",(738)885-6853x1935,GB60UJXZ29277823681314,full_coverage,9.3,0
CL002198,Carlos Wright,Male,29,single,Business Owner,109934.09,539,GA,"976 Kerr Shore, Cherylton, FM 02315",(703)822-9698x9314,GB87WNEK28251646530193,full_coverage,3.5,1
CL002199,Elizabeth Scott,Male,39,single,Retail Worker,94639.31,670,FL,"PSC 4775, Box 1525, APO AA 50811",(388)852-5302,GB46PGRA47677839018384,comprehensive,0.7,0
CL002200,Amy Norris,Female,26,divorced,Retired,54610.21,682,OH,"956 Jimenez Union, Rebeccaberg, NY 13051",+1-572-823-5303,GB71TWOY51811698173748,full_coverage,3.1,0
CL002201,Laura Cummings,Male,79,widowed,Mechanic,89568.78,579,GA,"55744 Rogers Manor, West Amanda, MN 33334",803-826-7887,GB20DDHA14444104868906,full_coverage,2.9,0
CL002202,Ryan Foster,Male,63,widowed,Consultant,83596.89,786,IL,"8906 Carpenter Motorway Apt. 013, North Matthewmouth, CT 56971",001-699-943-9185x68674,GB55KQMX21875406570224,comprehensive,5.2,0
CL002203,Gregory Gibson,Male,52,single,Truck Driver,32007.57,706,MI,"59761 Danny Shore, Davidborough, ID 38905",923-915-0337,GB68VVZI74673896000320,full_coverage,0.7,1
CL002204,Steven Jones,Female,48,widowed,Construction Worker,38284.69,650,IL,"712 Tammy Tunnel Apt. 442, Meganville, MS 55766",5726998955,GB21KPLM83482277893484,liability_only,0.1,0
CL002205,Christina Robinson,Male,19,married,Retired,87401.71,652,CA,"900 Madeline Ranch Apt. 938, Stokeschester, TX 87023",+1-714-573-3220x6339,GB69IDAH45550145307300,full_coverage,5.0,0
CL002206,Ryan Vargas,Other,38,married,Manager,78134.79,708,NY,"3765 Wood Trace Suite 462, Port Alexander, TX 25821",(399)495-7538x0299,GB25UAEQ02132640116628,full_coverage,0.9,0
CL002207,Brittany Armstrong,Male,25,single,Electrician,77709.59,730,FL,"155 Johnson Point, Davisbury, TX 06844",258.950.0176x92099,GB33FYOR09085259463089,liability_only,5.0,0
CL002208,Elizabeth Berry MD,Female,23,married,Police Officer,48904.21,701,IL,"1349 Stacy Knolls, Brendashire, MN 23567",+1-692-216-7223,GB28FZZR79573637599532,liability_only,1.4,0
CL002209,Patrick Cruz,Male,69,married,Software Engineer,46769.4,827,IL,"6136 Stephen Lodge Suite 540, West Russell, FM 67850",342.591.2930x431,GB50BCEY15500179225664,full_coverage,3.3,0
CL002210,John Woodard,Other,27,married,Consultant,72533.71,659,CA,"Unit 2948 Box 8064, DPO AP 99934",+1-706-985-8069x84349,GB73TLQY23247114627720,full_coverage,6.3,0
CL002211,Amber Wong,Female,45,married,Manager,37916.1,692,OH,"5381 Randall Locks, East Angelaville, VI 50256",413-320-9635x879,GB74ETKT16039989890521,full_coverage,6.7,0
CL002212,Casey Sharp,Male,27,married,Police Officer,123180.59,676,IL,"92291 Gonzalez Grove Suite 191, Rosemouth, OH 17852",935.262.3261x002,GB68GDWJ42510110900537,liability_only,0.8,0
CL002213,Vernon Adkins,Female,42,single,Administrative Assistant,48060.05,635,PA,"172 Rebecca Trail Apt. 229, Port Tracy, MT 10667",(920)370-7319,GB71PKWO62837967566376,liability_only,2.0,0
CL002214,Scott Hayes,Male,24,divorced,Electrician,41573.69,595,NC,"7240 Alicia Cliff Suite 991, New Ginachester, WA 98682",+1-488-261-5553x5135,GB32OMNP98899684275846,comprehensive,2.6,1
CL002215,Madison Gonzalez,Female,27,married,Sales Representative,120742.99,589,TX,"9578 Coleman Summit, Michaelmouth, KY 40690",555-488-4506x159,GB18DEAP54527985240132,liability_only,2.8,0
CL002216,James Macdonald,Male,78,divorced,Teacher,26705.57,778,CA,"Unit 7876 Box 1870, DPO AA 63042",6814091343,GB50SNNJ31218851821642,full_coverage,0.0,0
CL002217,Adam Jacobs,Male,55,single,Consultant,29288.64,568,GA,"869 Moore Union Apt. 995, Boyleville, WI 96967",6109353048,GB63NSPW39716479909742,full_coverage,7.4,0
CL002218,Brenda Mcdowell,Male,65,married,Nurse,47937.01,707,FL,"93023 Jenna Port, West Ashleymouth, IA 28597",706-600-9621,GB11YRBK86919563938651,liability_only,1.9,0
CL002219,David York,Female,72,single,Software Engineer,35659.98,671,CA,"90658 Amber Creek, East Michaelville, SC 52715",436-457-0594,GB10TQIO83501693933615,full_coverage,1.1,1
CL002220,Tiffany Stevens,Female,75,married,Chef,109435.19,674,IL,"716 Emily Island Suite 266, Timothyside, VI 13996",(357)245-8028x2402,GB80CSYV23702669191572,full_coverage,9.0,0
CL002221,Christopher Beck,Male,72,married,Retired,15000.0,701,MI,"365 Jill Fords, Jamiemouth, NE 85022",+1-740-606-5861,GB15YHKR14918824367580,full_coverage,3.1,0
CL002222,James Moore,Male,66,married,Nurse,55979.71,769,GA,"210 Rebecca Rue, Torresberg, WY 12261",6567901716,GB81IJDD25173841750227,liability_only,9.0,1
CL002223,Courtney Garcia,Female,62,single,Truck Driver,69523.72,644,NC,"784 Danielle Inlet, Lake Stevenmouth, KY 86156",835-381-1288x0133,GB34DBES32184011845826,liability_only,0.2,0
CL002224,Glenn Wright,Female,62,divorced,Sales Representative,83726.3,756,FL,"220 Veronica Estates, Bryantown, NV 22103",+1-612-718-7854x27020,GB71KOIW63990433168207,full_coverage,1.1,0
CL002225,Jacob Mcbride,Female,68,married,Administrative Assistant,46310.35,459,NY,"061 Kerry Crest, Lake Stephen, ID 29365",001-574-350-2145,GB36CLSP49786643913261,full_coverage,4.0,0
CL002226,George Greene,Male,74,married,Manager,35710.78,637,PA,"345 Dylan Court, Melindafort, AZ 80024",380-401-4289,GB71TWOY51811698173748,comprehensive,2.2,0
CL002227,Kristen Sutton,Female,73,single,Nurse,55830.68,791,MI,"24241 Wright Landing Apt. 064, South Diana, VT 12976",9649256908,GB16ZEBZ70496110804661,liability_only,1.4,0
CL002228,Christina Cisneros,Male,34,single,Software Engineer,47444.84,750,IL,"14343 John Burg Suite 897, Kennethview, NE 73916",+1-971-374-9095x52980,GB02PTNW53217091177864,full_coverage,0.9,0
CL002229,Tina Robbins,Female,70,married,Software Engineer,54139.96,568,MI,"588 Munoz Club Suite 758, Scottview, AK 75962",001-492-764-3690x25855,GB45CNDE95401795598983,liability_only,12.1,2
CL002230,Corey Williams,Female,25,married,Retired,66731.38,633,IL,"107 James Rapid Apt. 869, Villaland, MI 16652",250-339-2733,GB03DSZA21287809280414,full_coverage,0.5,1
CL002231,Sarah Gross,Female,18,widowed,Construction Worker,53495.79,662,NY,"765 Chavez Springs, Whitechester, MH 26999",001-521-383-5384x127,GB09ANXG81518049637702,full_coverage,12.3,0
CL002232,Anthony Chen Jr.,Female,18,married,Freelancer,44143.62,582,IL,"99861 Hernandez Port Apt. 191, Mikaylastad, FM 54357",+1-525-680-0106x18175,GB46HAHN62543617213145,comprehensive,0.0,1
CL002233,Alyssa Cuevas,Male,71,married,Truck Driver,113903.91,850,FL,"982 Paul Meadow, Goodwinchester, MP 73273",7425850388,GB92NPZC76534738352141,full_coverage,6.1,1
CL002234,Kelly Johnson,Male,27,divorced,Electrician,130168.02,666,OH,"718 Andrew Fort Apt. 011, South Jose, AZ 87129",640-898-5670x62154,GB51XJYP97618574386625,comprehensive,2.1,0
CL002235,Phillip Mason,Female,27,single,Accountant,110312.2,573,FL,"185 Xavier Shoal, West John, TX 26808",414-610-0957,GB33XVCW99765304827215,full_coverage,0.4,1
CL002236,Philip Lawrence,Female,38,married,Truck Driver,72272.59,771,PA,"16821 King Well, Doyleview, OK 20733",001-620-673-5562x0229,GB84LDGU19894847071730,full_coverage,10.1,0
CL002237,Angelica Powell,Female,19,single,Business Owner,25189.71,622,PA,"613 Steven Crest, South Sarah, LA 67199",835-381-1288x0133,GB60QLHS07895677665754,full_coverage,5.1,1
CL002238,Brian Newton,Female,71,divorced,Retired,89654.25,667,CA,"5984 Murray Estates Apt. 052, South Amandatown, WY 93750",(296)413-8734x35711,GB68XHJO70472902388139,full_coverage,1.8,0
CL002239,Cindy Anderson,Male,49,married,Warehouse Worker,25111.59,656,PA,"Unit 8187 Box 6322, DPO AP 13745",8816440930,GB97RFZP21484634627714,liability_only,7.8,0
CL002240,Brooke Turner,Male,35,single,Retired,77281.84,678,CA,"Unit 6330 Box 7273, DPO AE 18119",001-656-496-6146x9561,GB97VMZN05339203300989,comprehensive,0.8,0
CL002241,Kimberly Harris,Female,47,single,Warehouse Worker,105872.13,580,OH,"7443 Martinez Pines, Port Deannaville, NY 40921",(329)382-0107x2287,GB28NJQQ78983373202535,full_coverage,8.4,0
CL002242,Tony Perry,Male,37,single,Mechanic,38724.14,540,FL,"27865 Williams Harbor Apt. 688, Lake Charlesport, MT 74339",241.298.5538x93175,GB18XSKN14880193943493,full_coverage,3.9,0
CL002243,Nancy Mccall,Female,39,married,Police Officer,33233.89,774,NY,"107 James Rapid Apt. 869, Villaland, MI 16652",250-339-9440,GB03DSZA21287809280414,liability_only,1.3,1
CL002244,Mary Walker,Female,20,divorced,Electrician,36871.64,501,GA,"90692 Rasmussen Dam, Erintown, OR 23825",+1-318-390-0091x3253,GB16ESXB47270031851325,comprehensive,8.3,3
CL002245,Allison Cox,Male,40,single,Construction Worker,78090.64,639,FL,"6585 Cox Burg, Port Justin, VA 57566",8412103740,GB68ZYBJ51266497844376,comprehensive,5.4,0
CL002246,Amanda Hampton,Male,35,divorced,Consultant,47175.87,687,MI,"5287 Joseph Path Apt. 341, Tommyshire, CT 80801",(891)926-8471,GB72DCBB79851921804399,liability_only,0.4,0
CL002247,Christopher Burns,Male,71,married,Teacher,54582.1,705,IL,"343 Nicole Land Apt. 303, Elizabethchester, UT 01556",(948)569-6635,GB21YJYX62321682419753,full_coverage,0.4,0
CL002248,Chad Patton,Male,56,married,Software Engineer,35563.95,721,NC,"Unit 4093 Box 9423, DPO AA 04353",333.865.6418,GB05EGAT27078689100872,full_coverage,12.7,0
CL002249,Catherine Patton,Male,40,widowed,Manager,109426.12,599,TX,"3967 Walker Wall, Port Debra, SD 24448",+1-251-312-6833x1743,GB71TWOY51811698173748,full_coverage,2.2,1
CL002250,Steven Small,Male,45,single,Truck Driver,66021.53,568,IL,"3055 Tina Ridges, Traceychester, AR 83468",(718)212-9957,GB30BVCN78073956238127,comprehensive,10.9,0
CL002251,Rebecca Daniels,Female,19,married,Electrician,77221.56,733,IL,"5618 Oconnell Fords Suite 474, North Ericport, GU 92868",+1-809-973-3977,GB54GOHM34669254812147,full_coverage,0.5,0
CL002252,Amber Hayden,Male,47,married,Electrician,26428.75,639,MI,"74856 Jeffrey Lights Apt. 628, Lopezport, ND 61682",(221)398-2112x1785,GB07EMVA25324840599147,comprehensive,1.4,0
CL002253,Leslie Cannon,Male,77,single,Warehouse Worker,66782.86,659,MI,"64823 Jacobs Court Apt. 578, South Jo, CO 91294",+1-832-894-1116,GB92UZTQ90949516804050,liability_only,1.5,0
CL002254,Lisa Erickson,Male,57,single,Student,60661.64,725,PA,"Unit 7286 Box 6345, DPO AP 30655",3048703194,GB39JXXI43358424670845,liability_only,0.6,3
CL002255,David Cochran,Male,38,divorced,Administrative Assistant,50021.71,725,PA,"28749 Solis Gardens, East Blakechester, SD 36648",574-705-1980,GB54OQRD35432181264150,liability_only,3.0,0
CL002256,Lisa Ortiz,Female,23,married,Police Officer,22275.44,824,TX,"769 Marissa Fall Apt. 135, West Eugene, FM 75447",426.396.1952x54587,GB98GNEE76792790541331,full_coverage,0.1,2
CL002257,Patrick Francis,Other,18,married,Chef,70841.24,695,NC,"636 Matthew Oval, North Kyle, WA 12790",(404)674-6395,GB27MZUU63216038080736,liability_only,3.8,2
CL002258,Sherri Garcia,Female,64,divorced,Freelancer,66321.13,556,PA,"USNS Gonzalez, FPO AA 35348",297-950-1482x188,GB35TBUC43735740012263,liability_only,2.7,0
CL002259,Rebecca Wu,Female,76,married,Electrician,50716.81,704,CA,"298 Cindy Divide, North Benjamin, MI 43536",6858691875,GB58FNCG22168280816217,liability_only,12.5,0
CL002260,Alan Moore,Male,68,married,Electrician,95027.81,772,OH,"6253 Mitchell Meadows, Riveraberg, WA 07934",710-226-8033x076,GB23AROF33951788014312,full_coverage,2.8,1
CL002261,Brittany Hoover,Male,41,married,Electrician,155616.13,676,MI,"826 Mccarthy Keys, South Edward, KY 86900",001-286-339-8771x56510,GB35QAYX35672152409383,comprehensive,6.2,0
CL002262,Brandi Vincent,Female,50,married,Consultant,103009.81,695,CA,"006 Oconnor Expressway, Snyderfurt, MI 72069",001-755-466-1390x60480,GB56KKVZ44518952028457,full_coverage,3.7,0
CL002263,Brad Miller,Male,38,divorced,Truck Driver,62747.35,754,FL,"967 Katelyn Mission Apt. 412, Taraberg, WV 35145",278.219.9357x25637,GB83QEKD23819626336538,liability_only,1.0,1
CL002264,Karina Griffin,Male,57,single,Mechanic,42733.68,647,IL,"34252 Coleman Alley Suite 475, East Michael, MI 60862",782.440.7936,GB72YZQT98855059206337,full_coverage,2.5,0
CL002265,Matthew Montoya,Male,48,married,Business Owner,61411.52,680,CA,"42855 Jensen Point, Gonzalezberg, WY 16206",001-762-982-3088x035,GB58CIYF19236466604589,full_coverage,4.2,0
CL002266,David Hernandez,Female,19,single,Software Engineer,53533.28,787,NY,"7884 Ingram Creek, Heatherview, DE 47676",+1-770-554-1345x304,GB15HWKN65726256265859,full_coverage,2.9,1
CL002267,Rhonda Keller,Male,53,single,Sales Representative,53110.57,563,CA,"0164 Ellis Burgs Suite 436, Lake Daniellemouth, NH 34983",493.241.9961x76443,GB15XJPK92177868205379,full_coverage,1.9,0
CL002268,James Marshall,Female,64,divorced,Sales Representative,106072.84,738,GA,"4649 Day Unions, West Amy, MI 78544",001-410-361-5343x36671,GB82BVOS10848241794652,liability_only,2.0,0
CL002269,Tara Bell,Female,18,single,Truck Driver,62694.27,598,NC,"30530 Miller Unions Apt. 270, Careymouth, TX 90212",466-722-3088x6158,GB64BPCG33959752357965,full_coverage,3.3,1
CL002270,Angela Guzman,Male,46,married,Student,71456.51,746,PA,"77574 Christine Loaf Apt. 242, North Christophermouth, TX 04619",(556)823-6406,GB78GNAL74707670310051,full_coverage,2.8,0
CL002271,Stephen Jackson,Male,76,married,Nurse,28583.81,614,NY,"38672 Dana Shoal Apt. 586, Michaelland, WY 17642",948.555.0563x53067,GB49RJCC07342946411713,full_coverage,0.3,2
CL002272,Kimberly Lewis,Male,53,single,Software Engineer,46620.68,674,MI,"259 Christine Divide Apt. 228, South Jillside, GA 87401",232.294.1946,GB60PRUK18157750411905,comprehensive,3.0,0
CL002273,Joseph Wilson,Male,43,married,Truck Driver,81763.43,637,NC,"39668 Lambert Prairie, South John, DE 96236",286.780.8888x2390,GB32EFHQ92412563747626,liability_only,5.7,0
CL002274,Jordan Sharp,Male,51,single,Mechanic,65151.69,623,NC,"087 Steven Court Suite 174, East Michaelberg, NV 01184",9873803240,GB91NFQH47548002914672,full_coverage,8.7,0
CL002275,Adrian Peters,Male,42,single,Construction Worker,126279.19,715,IL,"72238 Johnson Underpass Suite 209, Lake Dariusport, RI 07131",+1-301-387-1091x2676,GB04RFQW31031939810357,comprehensive,6.4,1
CL002276,Clifford Brown,Male,65,married,Freelancer,107516.99,767,MI,"Unit 7707 Box 3301, DPO AP 81570",(587)329-1310,GB12MGAU98408630936458,comprehensive,9.7,0
CL002277,Kristen Patterson,Male,60,single,Retail Worker,47403.4,739,CA,"78858 Barnett Square Apt. 192, North Bethany, UT 67247",(263)303-5994,GB50EHND66033397905886,full_coverage,16.0,0
CL002278,Thomas Morgan,Male,70,single,Consultant,68277.36,750,PA,"12341 Tucker Junction Apt. 144, Port Robertshire, IN 05570",471.623.2127x509,GB06JQPU37227701559005,comprehensive,7.7,0
CL002279,John Wong,Male,31,divorced,Mechanic,33305.26,802,GA,"7720 Christine Groves, Lake Rebecca, MH 13274",(572)696-9136x0953,GB82TFGA67946733167198,liability_only,0.1,0
CL002280,Kimberly Parker,Male,48,divorced,Manager,40141.91,589,NY,"USS Velasquez, FPO AE 32159",001-792-462-8918x3789,GB38MITE54525241616638,full_coverage,10.8,0
CL002281,Dr. Keith Mccormick,Female,44,single,Electrician,37969.61,641,NY,"1848 Joe Summit Suite 733, Justinville, MT 71465",778.492.6549,GB50PZSP13203133103373,full_coverage,3.0,0
CL002282,Crystal Cruz,Male,80,married,Chef,68068.03,738,MI,"3169 Jennifer Union, East Brenda, ND 70345",425.950.1185,GB33ZPMV38253077601326,comprehensive,3.4,0
CL002283,Denise Rodriguez,Male,23,married,Sales Representative,46466.35,656,TX,"Unit 4906 Box 0467, DPO AP 32648",(236)770-5361,GB75DUUL13490728255146,full_coverage,3.3,1
CL002284,Sarah Daniel,Male,37,married,Teacher,43897.73,795,PA,"339 Nolan Fields Apt. 172, Jamesfort, SC 15569",001-602-823-3348,GB92ABNB30086386499927,comprehensive,2.6,0
CL002285,Deborah Brewer,Female,37,married,Accountant,79735.88,850,TX,"560 Miranda Plains, Josetown, MO 75089",(256)752-9193,GB58WMPV51472678904422,liability_only,4.0,0
CL002286,Miss Pamela Hoffman MD,Female,28,married,Mechanic,96055.57,628,TX,"31718 James Spur, Julieville, PW 56820",554-965-3399x160,GB02UWGW10251173537771,liability_only,1.7,0
CL002287,Peter Ballard,Female,18,single,Retail Worker,51669.19,739,PA,"5459 Smith Corner Apt. 075, Krystalside, SD 61526",001-209-283-7832x198,GB37THOH80338371327903,liability_only,5.3,1
CL002288,Crystal Tapia,Male,32,widowed,Construction Worker,69797.16,618,TX,"049 Austin Place, West Elizabethstad, NY 90702",(930)986-0642,GB56ELSI72141270229572,comprehensive,2.8,0
CL002289,Jamie Rogers,Male,25,single,Retired,65451.76,609,FL,"671 Wagner Pike Apt. 848, South Sandrahaven, MO 35472",(451)388-1431x332,GB88WXUC71073055541398,liability_only,1.5,0
CL002290,Brian Pham,Female,44,divorced,Consultant,37463.58,686,NC,"397 Taylor Glen, Williamside, TX 68978",(427)907-3433,GB89VYEE20390876725449,liability_only,0.6,0
CL002291,Jeremiah Vargas,Male,80,single,Truck Driver,81824.19,727,NY,"909 Robert Prairie, Sarahborough, TN 94373",+1-922-482-0055x7784,GB17WJOU29277423330591,full_coverage,0.9,0
CL002292,Antonio Brooks,Female,25,married,Accountant,69330.37,828,CA,"91878 Miller Port, North Mariahaven, ID 75566",573.497.7406x33569,GB50UVJN27301471959796,full_coverage,3.8,0
CL002293,Douglas Tanner,Male,68,married,Retired,30619.68,791,NY,"5740 Clarke Mall Suite 277, Connieport, PW 31709",668-820-7251x043,GB46RILN86004274998613,comprehensive,1.9,0
CL002294,Nicole Johnson,Female,74,divorced,Sales Representative,52297.82,545,GA,"493 Richardson Park Apt. 832, South Andrewside, MI 83855",001-278-450-8214x8628,GB26DNWA25643471287153,liability_only,5.2,1
CL002295,Rita Green,Male,68,married,Retired,16796.57,516,NY,"5067 Sherri Flat, Port Sabrina, TX 40614",001-320-836-6714x820,GB95UKPN28577738134164,full_coverage,1.7,1
CL002296,Bryan Tate,Female,34,single,Mechanic,80424.79,696,GA,"PSC 7193, Box 2844, APO AE 72139",(978)659-6831,GB12RFPM81014982022507,comprehensive,5.3,0
CL002297,Sherry Larson,Female,20,divorced,Business Owner,73420.8,664,NC,"516 Wilkins Flat, Dorothystad, MD 34429",994.517.0528,GB31YACZ46821243209317,liability_only,3.7,0
CL002298,Mike Johnson,Female,69,single,Chef,96469.34,705,IL,"8692 Cassandra Forks, North Johnville, PA 11180",9268542146,GB39DMUI72953938426400,full_coverage,4.5,0
CL002299,Paula Cohen,Female,26,divorced,Retired,33957.5,615,NC,"2075 Lisa Lane Apt. 638, Port Jamesland, AK 55752",(413)209-9662,GB06NHVJ70136352776426,full_coverage,1.6,1
CL002300,Kurt Gonzalez,Female,55,single,Truck Driver,35473.62,586,IL,"32975 Sharon Summit Apt. 573, Davenportton, MN 00876",+1-744-306-8443,GB47BRNV83858512990650,comprehensive,2.9,0
CL002301,George Walsh,Female,60,married,Accountant,36750.39,727,CA,"886 Holt Circle, Sarahfurt, HI 46606",001-883-549-9566,GB81PFJH80580376650783,full_coverage,4.5,1
CL002302,Susan King,Other,58,single,Electrician,70167.14,687,NC,"8303 Rodriguez Isle, Heatherport, VA 31930",337-242-0282,GB66QVRU43832132131910,full_coverage,1.1,0
CL002303,Pamela Cox,Male,31,married,Construction Worker,34956.35,542,OH,"962 Novak Parkways Apt. 589, Petersview, FL 12707",426.508.2135x9129,GB06DAOQ46695617182327,liability_only,0.6,0
CL002304,Justin Anderson,Female,81,married,Nurse,65894.97,763,NC,"413 Hall Club Suite 706, Nguyenville, ME 75543",+1-604-585-8452x11294,GB38LIAB62174881909607,liability_only,0.3,0
CL002305,Patricia Brown,Male,70,married,Accountant,23571.91,642,NY,"4167 Cynthia Garden, Donnachester, WY 49913",7174157724,GB36ILWN35020005347491,full_coverage,0.9,1
CL002306,Matthew Barnes,Male,27,married,Business Owner,43640.71,567,OH,"85731 Juarez Tunnel Suite 708, West Gabriellastad, AZ 66830",(537)783-8526,GB21WGFL65899317309019,full_coverage,4.4,1
CL002307,Mrs. Sandra Hoover,Female,60,married,Police Officer,21354.67,617,TX,"33230 Villanueva Cliffs, West David, MS 75175",+1-615-918-1933x1043,GB88UJNM53335038363358,liability_only,6.3,1
CL002308,Lauren Torres,Female,34,married,Construction Worker,74144.76,583,CA,"5749 Stevens Summit Apt. 880, West Kevin, KY 02949",+1-769-791-9775,GB94MYPY79420490909594,comprehensive,2.9,0
CL002309,Darlene Wilkins,Male,21,married,Software Engineer,105533.91,634,PA,"6555 Christina Village, Port Travisside, MH 18501",413.900.7815,GB03OVRP02268540277234,liability_only,1.2,1
CL002310,Lisa Brown,Male,75,married,Retail Worker,46567.79,652,NY,"81989 Stephanie Hills, Lake Thomasside, NE 43334",+1-938-363-6458x95496,GB86MAQT06472422131550,liability_only,2.0,1
CL002311,Kylie Martin,Female,34,single,Software Engineer,64645.29,730,TX,"780 Jimmy Spur Suite 316, Port Cynthiaville, NV 22306",719.750.0528x1273,GB70IPSM95450090255905,full_coverage,0.7,1
CL002312,April Bentley,Female,68,married,Administrative Assistant,143211.58,742,IL,"9168 Hernandez Center, Aaronmouth, MI 31258",465.498.9643,GB10YJZS01793635470408,full_coverage,0.4,0
CL002313,David Weiss,Female,62,married,Retired,56948.18,594,MI,"302 Willie Gateway Apt. 242, East Michaelfort, CA 63004",500-662-1548,GB45VJIY66872553681963,full_coverage,1.0,1
CL002314,Cynthia Macias,Other,35,married,Mechanic,81112.84,746,CA,"8430 Tonya Groves Apt. 413, Serranoshire, NY 59592",001-504-354-6437,GB74MPJP42768551461244,liability_only,2.3,0
CL002315,Heather Smith,Male,45,married,Retail Worker,36522.47,639,OH,"61352 Greer Drive, Christinamouth, PW 92970",+1-843-339-7480x87700,GB31VQIY34517929687729,full_coverage,0.6,0
CL002316,Russell Quinn,Female,48,widowed,Retired,37947.9,678,CA,"USNV Green, FPO AA 50871",(527)672-8640x9322,GB44TYEN81322411883245,full_coverage,6.4,0
CL002317,Mallory Rogers,Male,22,single,Manager,72664.23,699,NC,"88764 Evans Hill Suite 595, North Brandon, WY 79655",458.587.1381x11844,GB14HNKK08153413016725,liability_only,5.8,1
CL002318,John Carson,Male,19,married,Retail Worker,44933.82,577,GA,"83651 Chandler Drive, Port Megan, NC 65914",6706336922,GB36OWER65018850535452,full_coverage,2.9,1
CL002319,Damon Thompson,Male,19,married,Electrician,26531.71,658,PA,"093 Diaz Corner, Colintown, MD 95653",472.854.2907x43389,GB09KUMF31939920150412,full_coverage,3.1,2
CL002320,Gina Russell,Female,23,married,Retail Worker,124305.16,724,CA,"982 Kyle Summit Suite 129, Michelleburgh, PW 20961",(469)819-8626x40592,GB78KKXB93488271846707,full_coverage,1.6,0
CL002321,Brianna Hernandez,Male,47,single,Student,64604.07,655,GA,"4012 Ryan Branch Suite 065, Amandahaven, NY 96180",001-640-369-4221x813,GB33AKTP08812362452761,liability_only,0.7,0
CL002322,Matthew Valencia,Female,48,married,Business Owner,72749.82,715,CA,"80088 Brittany Street Apt. 447, New Theresa, OK 81644",(833)353-6438,GB18BWHF25648368437164,liability_only,5.7,1
CL002323,Matthew Martinez,Male,70,single,Freelancer,91773.82,665,PA,"05517 Salinas Trafficway Suite 752, Danielchester, MN 82870",(518)522-2810x73367,GB08GTCE22462718110071,comprehensive,0.8,0
CL002324,Leah Stevens,Male,46,married,Truck Driver,36555.73,753,TX,"677 Dalton Meadow, Ashleyton, RI 97505",438-863-3839,GB60QLHS07895677665754,liability_only,2.7,0
CL002325,Lisa Brady,Male,69,married,Accountant,170033.31,765,OH,"687 David Pine, Marshallfort, SC 53342",750.256.7539x5274,GB39GMGW53243845711637,liability_only,9.6,0
CL002326,Amy Wong,Female,51,married,Retired,68353.31,774,NY,"548 Tammy Roads, Ashleyberg, IL 56263",690.382.1127x293,GB71JMYE76028043066381,full_coverage,3.3,1
CL002327,Joshua Alvarez Jr.,Male,46,single,Accountant,31155.05,649,FL,"5189 Ronald Manor, Mckayfurt, NM 11979",001-332-256-2928x9237,GB08MAHT49258391807320,liability_only,9.0,1
CL002328,Lindsey Huang,Male,43,single,Retired,67426.99,615,IL,"48846 Johnson Corners Apt. 405, Shawfurt, AK 80947",874-223-0654x639,GB39VTPS52552142785125,comprehensive,0.0,0
CL002329,Amanda Mendoza,Male,18,divorced,Mechanic,57104.06,704,NC,"84173 Thomas Parkway Apt. 532, Jameston, AR 38603",(907)257-1968x6176,GB78IHTU13246765817994,liability_only,1.6,0
CL002330,Lisa Green,Female,66,married,Police Officer,68689.81,597,TX,"925 Melissa Course Suite 112, Shaneside, NV 35341",001-358-367-2378,GB49JCVY11518406350878,liability_only,2.4,0
CL002331,Jennifer Hart,Male,71,married,Chef,55813.19,777,NC,"784 Danielle Inlet, Lake Stevenmouth, KY 86156",467.660.7836,GB19AGMV83469162730831,comprehensive,3.9,0
CL002332,Maria Strickland,Male,42,single,Accountant,35326.87,480,TX,"1452 Riddle Curve Suite 194, North Hannahbury, NE 26646",583-845-2706x243,GB84WLHG39029651462139,full_coverage,4.8,1
CL002333,Robert Rodriguez,Female,76,widowed,Mechanic,39800.69,591,NC,"556 Ashley Bridge Apt. 348, South Jonathan, AS 23663",400-957-3573x795,GB33AOTK15270982380773,liability_only,2.3,0
CL002334,Derrick Perry,Male,57,single,Police Officer,38237.88,692,TX,"743 Mark Street, Wongburgh, AL 97050",346.955.4947,GB42BUTO59230450189616,liability_only,1.8,0
CL002335,Ronald Johns,Male,20,married,Mechanic,61733.69,668,CA,"18867 Erika Villages Suite 515, Lake Michaelhaven, PA 32893",(809)639-7114x776,GB12KIZV27722144438747,full_coverage,11.4,0
CL002336,Mark Mays,Male,76,single,Student,141838.05,599,CA,"281 Mark Turnpike Suite 774, Burnsburgh, WA 37187",913.263.6317,GB23JHCZ67584252679679,liability_only,0.8,0
CL002337,Cassandra Torres,Male,61,divorced,Construction Worker,37814.84,654,GA,"932 Larry Key, New Donald, NJ 13795",001-360-741-7684,GB71COBA06962685508441,full_coverage,1.5,0
CL002338,Ashley Blair,Female,71,married,Business Owner,32651.65,815,TX,"21665 Mills Passage, Frazierfurt, MA 71539",959-266-8492,GB21ZXLM22547075983525,liability_only,2.8,0
CL002339,Kevin Powell,Male,31,divorced,Software Engineer,30942.83,642,GA,"9582 Sarah Track, Jamiehaven, WA 57791",(793)341-7427x9792,GB71TRVN27862915814745,full_coverage,1.1,1
CL002340,Danielle Scott,Male,26,single,Police Officer,77667.04,689,IL,"1310 Krystal Bridge Apt. 007, South Jefferybury, CA 15723",556.477.7113,GB29BIER70396633266205,comprehensive,0.6,0
CL002341,James Martinez,Female,29,married,Nurse,26834.92,679,IL,"1539 Thomas Circle Suite 159, South Annchester, DE 90498",(885)450-2940,GB46YUQT82404251497463,comprehensive,1.9,1
CL002342,Laura Edwards,Male,80,divorced,Chef,85512.02,544,GA,"2462 Allen Fork Suite 270, Faulknerside, NC 18076",487.982.9310,GB48WNQS31350305872105,liability_only,1.2,0
CL002343,Jim Bradley,Female,34,divorced,Student,41734.82,591,OH,"2560 Freeman Shoals, South Debraville, NH 52125",736.661.8151,GB39PERI12958553001983,full_coverage,11.3,0
CL002344,Shawn Kim,Female,68,married,Administrative Assistant,124243.57,646,GA,"58945 Hines Lodge, New Caseymouth, VT 81242",001-749-638-2328x71595,GB90PDPK84701978811090,comprehensive,2.7,1
CL002345,Alexandria Ortega,Female,44,single,Software Engineer,50005.96,743,FL,"61978 Lopez Square Apt. 174, Olsonbury, VT 29587",(976)311-7961x6766,GB65LZPD87182017883758,comprehensive,0.3,1
CL002346,Eric Garza MD,Female,18,single,Electrician,65209.47,739,PA,"941 Wendy Flat, Lambland, MH 43957",914-477-0538x33884,GB18PJUS16016923645875,full_coverage,1.3,0
CL002347,Kristy Moore,Male,25,married,Chef,65359.29,784,MI,"6748 Wilson Pass, Christopherfurt, IN 55689",(313)979-6931,GB50PZGK55636934794403,full_coverage,2.3,0
CL002348,Jason Chavez,Male,75,married,Consultant,48482.51,662,FL,"376 Bryan Fork, Ianborough, CO 79329",5726970103,GB28RAHP36101801962260,full_coverage,4.9,0
CL002349,Nicole Miller,Male,34,single,Student,65185.73,840,MI,"86766 Irwin Ports Suite 134, Lauraside, PR 18527",832.437.7683x268,GB67DWSX46110650825726,full_coverage,0.6,1
CL002350,Julia Mata,Female,67,single,Administrative Assistant,97116.55,674,MI,"8996 John Street Apt. 563, Andreamouth, WV 82307",001-252-533-6997x1745,GB49HKPW17726691646220,full_coverage,1.8,0
CL002351,Jason Holloway,Male,38,divorced,Consultant,49064.76,720,NY,"375 Sandy Streets, Lake Jesseborough, WV 10599",702-464-3179,GB49WYLE22991184002520,full_coverage,0.1,2
CL002352,Rodney Mcgee MD,Male,73,married,Police Officer,70316.86,785,PA,"Unit 8186 Box 8425, DPO AA 28720",299.873.8805x285,GB61LMRM51890247232388,liability_only,3.9,0
CL002353,Yolanda Henderson,Male,65,married,Truck Driver,17096.44,669,PA,"92711 Graves Fords, South James, GA 64684",783-557-8090,GB70WEFH40140822815775,liability_only,3.3,0
CL002354,Cheyenne Grant,Male,32,married,Construction Worker,100330.15,792,GA,"10251 Holmes Turnpike, South Carrie, OH 48491",+1-346-978-4272,GB93UTQE50753208159373,full_coverage,4.4,1
CL002355,Bryan Boone,Male,61,divorced,Sales Representative,38087.99,524,NY,"4653 Conway Village Suite 205, New Benjamin, AZ 35580",+1-758-904-7092x88930,GB13LKSL12128698202542,full_coverage,2.6,0
CL002356,Danny Peterson,Female,41,divorced,Retired,95532.42,702,IL,"56164 Jamie Shoals, Wesleyton, ID 17515",621.442.7781x08468,GB71KDMR31084656423245,liability_only,5.5,0
CL002357,Tammy Dickerson,Female,76,married,Business Owner,109702.22,762,IL,"54542 Scott Locks, New Melissaberg, NC 40878",001-989-335-9985x1017,GB75DINO26579372187735,liability_only,2.9,0
CL002358,Melinda Hunter,Female,59,widowed,Business Owner,92259.83,693,OH,"4669 Johnson Neck, Tinashire, MS 49878",(522)234-6297x91514,GB39TXCP78860093916178,liability_only,4.3,1
CL002359,Valerie Garcia,Male,61,divorced,Freelancer,37096.95,591,NC,"544 Ronald Ferry Apt. 812, West Donaldville, LA 94116",5808174838,GB80CEWQ13274807304637,full_coverage,2.6,0
CL002360,Gregory Baker,Male,30,single,Nurse,71219.75,590,OH,"0540 Nathan Ford Suite 394, Port James, WI 88436",001-741-394-9563x78074,GB08LUTR65731799851476,full_coverage,0.1,0
CL002361,Christopher Grant,Female,61,married,Electrician,42075.26,549,TX,"61660 Melissa Rapid Apt. 063, Smithton, KY 69210",(310)423-6899,GB34UPVP57906032099152,liability_only,4.3,2
CL002362,Kenneth Peterson,Male,58,widowed,Nurse,71307.79,680,TX,"923 Bell Fields, New Gloria, WY 22004",(586)644-1418,GB87MNSK08418436064380,liability_only,0.2,0
CL002363,Robin Gonzales,Female,37,married,Police Officer,130500.87,659,NY,"83400 Katherine Plains Apt. 004, New Ambermouth, GU 56275",(558)394-4455,GB44TBLL99818853444859,liability_only,3.4,0
CL002364,Alexander Martinez,Female,18,single,Warehouse Worker,68382.35,613,PA,"PSC 4959, Box 1696, APO AE 85089",741.911.4407x40522,GB92ELSC30003752994558,liability_only,4.5,0
CL002365,Frank Thomas,Female,38,married,Manager,38690.2,718,NC,"71275 Samantha Street, South Cheryl, NY 91251",316-235-9679x5615,GB53TACB22848793074837,full_coverage,2.5,0
CL002366,Jordan Reyes,Female,57,married,Sales Representative,84721.89,666,FL,"24717 Patricia Locks, Amandaton, NC 95060",+1-422-735-1670,GB47UOOZ34758916197237,comprehensive,0.4,0
CL002367,Katie Clarke,Female,52,married,Accountant,59180.78,747,TX,"876 Scott Rapid, Bookertown, MS 48814",(279)561-2422,GB71WTEC01614811769452,full_coverage,0.3,0
CL002368,Matthew Smith DVM,Other,69,divorced,Retail Worker,221736.65,671,TX,"0116 Bell Court, Welchmouth, GU 68604",(429)541-4061,GB71UCIW24130389773126,liability_only,3.3,1
CL002369,Anthony Dougherty,Female,73,married,Accountant,48275.86,648,NY,"3122 Cooper Isle, North Rebeccamouth, GA 54827",717.327.2065,GB38XTJS73863620261386,liability_only,2.9,0
CL002370,Matthew Horton,Male,21,married,Warehouse Worker,45727.13,670,OH,"2775 Owen Stream Suite 169, New Kelly, CT 10995",+1-481-443-5368,GB42BUTO59230450189616,liability_only,1.4,2
CL002371,Erica Keller,Male,37,married,Chef,59789.91,706,MI,"PSC 1870, Box 4503, APO AA 92655",503-547-6334x7594,GB89HCNT65038205270008,comprehensive,7.1,1
CL002372,Jared Parker,Male,35,single,Retired,47457.88,562,OH,"8842 Martinez Tunnel Suite 105, Nelsonland, KS 93866",379.795.6353,GB09QWVO43027169385977,full_coverage,1.0,1
CL002373,Lisa Mann,Male,72,married,Freelancer,35203.93,569,MI,"44713 French Road, South Danny, IN 85387",555-488-4506x159,GB53MITQ78208297374896,full_coverage,1.9,0
CL002374,Noah Francis,Male,48,married,Chef,89732.94,625,NY,"94383 Ali Locks Suite 881, Goodmanton, MS 98800",205-393-0783,GB62MFTQ85774483075584,liability_only,1.6,1
CL002375,Peggy Hart,Female,21,married,Sales Representative,150533.91,629,OH,"38704 Nathan Crossing, Amandaton, VT 79228",487.822.3589x140,GB38LCCW92045315703390,full_coverage,10.7,1
CL002376,James Scott,Female,80,divorced,Sales Representative,70064.82,655,TX,"975 Foster Branch Apt. 037, South Robert, MS 28980",001-275-899-8432,GB98RSJO90840587737459,full_coverage,0.6,0
CL002377,Andrew Callahan,Female,70,single,Chef,53683.08,732,CA,"281 Mark Turnpike Suite 774, Burnsburgh, WA 37187",331-142-7007,GB23JHCZ67584252679679,full_coverage,23.7,0
CL002378,Sabrina Wade,Male,43,single,Manager,119283.4,627,IL,"6798 Shea Park Suite 088, Port Joseph, HI 14904",(457)500-8311x83272,GB13CWPK51348276769941,liability_only,1.7,0
CL002379,Karen Smith DVM,Other,38,married,Accountant,89528.56,638,NY,"764 Tracy Dale, South Patricia, NH 08862",340.995.0264,GB97FHRT69686159206423,comprehensive,1.2,0
CL002380,Rebecca Hawkins,Male,81,divorced,Nurse,53195.28,687,OH,"6809 Lucas Inlet, Smithbury, WV 81378",+1-632-923-4972x79083,GB90BQAJ29860203493423,full_coverage,1.7,0
CL002381,Christine Morris,Female,38,divorced,Software Engineer,97411.64,669,MI,"10231 Laura Freeway, New Stephaniefurt, PA 09331",+1-436-249-1336x402,GB96QFKP91002623126753,full_coverage,0.7,0
CL002382,Eric Cohen,Female,53,divorced,Freelancer,91866.71,606,FL,"USCGC Davis, FPO AE 84610",001-821-769-9586x6934,GB02DSNX42152265576769,full_coverage,1.0,0
CL002383,Debra Diaz,Female,75,married,Accountant,56222.82,583,NC,"749 Thomas Lock, South Ryanmouth, WY 47088",620-811-7389x921,GB55DCSD98391342315306,liability_only,4.2,0
CL002384,Joseph Burton,Male,76,married,Accountant,39693.52,655,PA,"12014 Miranda Keys, Justinfurt, FL 49631",+1-874-401-5171x435,GB04QFLC54083563014516,full_coverage,5.0,0
CL002385,Logan Contreras,Male,40,single,Construction Worker,44549.12,592,MI,"4684 Whitehead Rapid Apt. 625, West Michaelborough, WA 04138",+1-918-248-8242x110,GB10ERQH61956336454950,full_coverage,0.7,0
CL002386,Brandy Harris,Female,62,divorced,Accountant,69541.58,643,NC,"63287 Angela Vista, South Dennismouth, TN 70117",705.212.9276x63723,GB44GJFH42583230241026,full_coverage,0.8,1
CL002387,Patrick Miller,Female,62,married,Accountant,41879.62,603,NY,"162 Jones Greens Apt. 227, Parkerport, MP 37538",3224110811,GB92WDLE00091965685468,comprehensive,0.8,1
CL002388,Donald Kennedy,Female,59,single,Teacher,41580.67,657,NC,"USCGC Martinez, FPO AA 58226",+1-967-827-1067x8853,GB98RGYM16884622076937,full_coverage,2.3,1
CL002389,Francisco Phillips,Female,31,single,Truck Driver,77100.72,688,FL,"0576 Mcneil Turnpike, South Tammie, DC 66337",+1-348-676-3290x9279,GB10WBUM63370502497243,comprehensive,0.8,0
CL002390,Alexander Lane,Female,59,single,Accountant,76810.56,704,TX,"36587 Ross Place Suite 913, Anthonyburgh, FL 40402",209-202-1136,GB40KWOQ83850274094087,full_coverage,2.4,0
CL002391,Eric Christensen,Male,69,single,Chef,65568.07,588,FL,"088 Michael Meadows Suite 096, Valeriefort, ND 91095",(968)603-7941,GB40KLGS34589143374157,liability_only,4.3,0
CL002392,Brian Thomas,Male,79,married,Chef,102944.77,547,NC,"8763 Nicole Summit Suite 247, Laurenbury, VT 70876",+1-427-596-3101,GB40JGYL42495592694694,full_coverage,0.1,0
CL002393,David Glover,Male,50,widowed,Student,38947.04,564,IL,"11691 Matthew Plaza, South Robertside, CO 66571",670-571-0855x5407,GB92YJRN79183963416276,comprehensive,0.3,0
CL002394,James Anthony,Male,79,married,Manager,31242.27,676,NC,"66189 Tamara Course, South Danielleville, AK 86587",+1-943-939-2608x6226,GB95ASAD08163600524938,comprehensive,1.6,1
CL002395,Thomas Harvey,Male,52,single,Nurse,31145.98,619,NY,"58625 Brian Crest, East Cody, PW 89524",001-655-773-2790x7071,GB93XUQY22337039095080,liability_only,0.2,0
CL002396,Melanie Cabrera,Male,73,single,Police Officer,86464.67,588,OH,"59559 Beverly Trafficway, Ashleeton, VT 28625",221.840.8295x946,GB27YJDS33755215502771,full_coverage,4.3,0
CL002397,Tim Davidson,Female,57,single,Teacher,36581.08,682,NY,"513 Krause Forges Apt. 633, Carrilloside, NY 26708",+1-893-596-3044x6155,GB17PXBF77025381528976,full_coverage,1.3,0
CL002398,Jose Alvarez,Female,43,divorced,Truck Driver,117961.89,847,PA,"27505 Kristin Flats Suite 093, Farrellburgh, ID 05920",976-950-1280,GB31FCEC22764251242673,full_coverage,3.8,1
CL002399,Melanie Harrington,Male,74,divorced,Manager,83019.44,621,GA,"24617 Griffith Stream, Alvarezchester, AL 27434",001-756-396-6154x622,GB56JYDF92756571199587,full_coverage,5.0,0
CL002400,Amber Davila,Female,30,single,Truck Driver,92058.91,546,OH,"067 Hill Shores Apt. 359, East Jenniferfurt, NV 72836",971.642.7973x0715,GB70ENTV69344536105138,comprehensive,7.1,1
CL002401,Brian Rogers,Female,71,married,Retail Worker,46976.71,755,PA,"3415 Rivera Crossroad, Port Keith, AS 24404",001-764-328-9216,GB40NAKA74150723895428,full_coverage,0.3,0
CL002402,Paul Taylor,Male,23,divorced,Police Officer,51456.51,637,TX,"042 Tyler Squares, North Johnview, FL 16790",7657390391,GB61TMBU38445705589351,full_coverage,11.9,0
CL002403,Greg Williams,Male,20,married,Retired,249375.4,763,TX,"USNV Browning, FPO AE 50236",(448)773-4324x9238,GB54AXAW00463671457896,full_coverage,6.1,0
CL002404,Ryan Simmons,Male,56,single,Retail Worker,27525.44,689,FL,"41626 Rebecca Estates Suite 539, Port Cameron, AS 46548",393-436-6391,GB32VSVE42806589175260,full_coverage,3.7,1
CL002405,Matthew Brown,Female,44,married,Student,46739.17,642,IL,"162 Beard View Apt. 719, Catherineberg, OH 16396",432-804-7381,GB44HDIS95177565702316,liability_only,9.1,0
CL002406,Daniel Lopez,Male,51,married,Warehouse Worker,42775.57,632,IL,"23585 Katie Causeway, North Brittneyfort, AS 44911",9755808599,GB16LRQV24416729813940,liability_only,9.9,1
CL002407,Crystal Reilly,Male,38,single,Freelancer,54013.43,748,GA,"88888 Peter Mountains Apt. 654, West Kristinastad, IA 96569",+1-789-849-0580x77879,GB76DKSO41218209702316,liability_only,0.9,0
CL002408,Cameron Cole,Male,20,married,Software Engineer,38370.19,593,FL,"67580 Flores Extension, Lake Evelynview, WA 93502",397-397-5760,GB25UAQL28194659402161,comprehensive,6.6,0
CL002409,David Mccullough,Male,59,married,Manager,73981.4,698,FL,"94383 Ali Locks Suite 881, Goodmanton, MS 98800",+1-917-361-6741x48315,GB79WLXE60644900389107,liability_only,0.9,2
CL002410,Samantha Green,Female,26,married,Chef,50661.35,679,NY,"961 Olsen Roads Suite 814, Ingramshire, SD 00637",(733)505-2179,GB18XEEA77748212570265,liability_only,1.4,0
CL002411,Mary Garcia,Male,22,single,Consultant,32204.64,767,NY,"87853 Randall Village Apt. 481, Jenkinsport, VT 20578",+1-923-791-2235x630,GB24VLTP90638061733911,full_coverage,0.7,0
CL002412,Laura Estrada,Female,44,married,Manager,21392.78,677,NY,"8236 Casey Pass, Lake Jessica, OR 69407",620.944.0834,GB64JIRN89683929267134,liability_only,16.5,0
CL002413,Kristen Cobb,Male,35,single,Retired,41146.58,612,TX,"1545 Tara Lodge, Lake Mollymouth, MT 07605",318-363-8782x94565,GB54WYOI74721970546692,comprehensive,0.3,0
CL002414,Ryan Fletcher,Male,73,single,Freelancer,30288.9,645,IL,"42238 Robert Orchard, Port Adamchester, OK 03236",626-605-0572x516,GB89YOVH14682570656320,full_coverage,0.7,0
CL002415,Jesse English,Male,55,widowed,Manager,53078.12,693,MI,"914 Garza Causeway, West Williamborough, AS 74360",(609)622-7172,GB03EEHE35927916005330,full_coverage,1.4,0
CL002416,Heidi Rivas,Male,41,single,Electrician,101476.92,671,NC,"38509 Monique Vista, North Aaronmouth, OR 57581",+1-578-680-6252x91877,GB04FEZB37703295170767,liability_only,9.4,0
CL002417,Michelle Stevens,Male,77,married,Manager,100853.76,672,MI,"0483 Cody Roads Suite 323, Sanchezland, HI 95701",(362)769-0726x3106,GB53XJIV44452376468318,comprehensive,5.2,0
CL002418,Bailey Bailey,Male,43,married,Manager,118549.18,675,IL,"5344 Heath Prairie Apt. 301, East Jane, VT 64655",4896300714,GB58JYVO61770458659244,comprehensive,5.7,1
CL002419,Amy Powell,Other,32,widowed,Nurse,35430.62,616,MI,"302 Willie Gateway Apt. 242, East Michaelfort, CA 63004",891-988-7474x7492,GB45VJIY66872553681963,full_coverage,2.7,0
CL002420,Benjamin Mueller,Female,81,single,Sales Representative,43861.59,689,NY,"872 Hart Views, Zamorastad, AS 51868",+1-867-268-4093x80126,GB64XDXQ34409325145020,comprehensive,3.7,1
CL002421,Megan Campbell,Male,73,divorced,Business Owner,40754.46,656,NC,"70141 Denise Parkways, Lake Sonyafort, GA 67771",909-506-2032,GB05BNHI43629903948111,full_coverage,2.5,0
CL002422,Kenneth Allison,Female,39,single,Software Engineer,49810.71,710,NY,"05158 Perez Vista Apt. 541, Sarahchester, PW 72442",001-281-530-1008x30868,GB07NGUO03616223593662,liability_only,1.1,1
CL002423,Laura Salazar,Male,46,single,Electrician,58656.2,737,CA,"0802 William Isle Apt. 545, Monroeport, NH 78346",+1-917-727-8027x241,GB03MEYE56734214267748,full_coverage,1.3,0
CL002424,Ashley Blackburn,Female,65,married,Teacher,50398.86,648,IL,"7730 Kelley Grove, North Leroy, TX 66454",886-738-2543,GB02SPLD07562692268420,comprehensive,0.4,0
CL002425,Briana Pratt,Female,26,divorced,Retired,95872.82,685,OH,"0579 Carr Estates, Williamsbury, NM 83334",(695)934-3220,GB05NHTI45728261867967,full_coverage,2.9,1
CL002426,Katherine Cooper,Male,42,single,Warehouse Worker,52259.29,722,FL,"860 Vincent Keys Suite 622, Lake Seanport, NE 65633",318-680-5058x389,GB77MFDU89417957581186,full_coverage,1.4,0
CL002427,Timothy Keller,Male,76,divorced,Retail Worker,34754.79,584,TX,"9936 Kendra Street Apt. 271, Michaelborough, OK 11388",+1-873-225-1454,GB33NVBO64903791894499,liability_only,11.3,0
CL002428,Jimmy Parker MD,Female,24,married,Software Engineer,49333.74,685,FL,"33230 Villanueva Cliffs, West David, MS 75175",(799)735-3849x612,GB80KVTF21463287811625,comprehensive,0.7,2
CL002429,Lindsay Weaver,Female,58,single,Mechanic,25763.42,580,IL,"8886 Anthony Knoll Apt. 995, Smithchester, MS 11602",542.531.2209x949,GB76PYLW48015716479473,liability_only,6.3,0
CL002430,Phillip Johnston,Female,58,single,Consultant,64637.43,777,TX,"323 Jeremy Isle, Lake Robertfurt, TN 13998",4742644399,GB12NDZC04865782957877,comprehensive,1.2,0
CL002431,Adam Garcia,Male,53,single,Accountant,92726.79,688,OH,"55084 Frank Highway, Tinamouth, WY 21045",955.256.7070x9161,GB98ZRZX46094567580948,comprehensive,1.1,1
CL002432,Alexander Jones,Female,48,single,Student,70420.18,622,TX,"075 Galloway Square Apt. 183, West Danny, VT 17686",001-246-440-6349x89041,GB48LCDS02441361672687,comprehensive,0.9,1
CL002433,William White,Female,67,married,Manager,41090.56,569,FL,"832 Buck Forge Suite 611, Ramseyville, NV 29562",987.519.1838,GB17GFNQ76377306036179,full_coverage,1.5,0
CL002434,Javier Farrell,Female,21,married,Administrative Assistant,67088.46,739,CA,"PSC 4773, Box 2752, APO AP 83363",001-782-209-5097x4990,GB41SRUP07919158834524,full_coverage,4.7,0
CL002435,Destiny Marshall,Female,65,married,Freelancer,104369.83,685,IL,"08219 Rebecca Haven, Port Erin, SD 03059",(308)896-7191,GB85BSDZ26897539532270,comprehensive,1.0,0
CL002436,Jessica Cooper,Male,35,divorced,Police Officer,47371.47,717,NY,"336 Jordan Prairie, Rhondashire, ME 81412",399-796-4819,GB19TPPQ14658973750700,comprehensive,5.7,0
CL002437,Mr. Joseph Chapman,Male,23,single,Freelancer,110499.27,742,FL,"304 Cooper Summit, Robinsonbury, CO 24239",987-609-7206x8814,GB14YGZD26473868808126,full_coverage,0.3,0
CL002438,Ann Briggs,Female,59,divorced,Truck Driver,57661.46,617,TX,"2775 Owen Stream Suite 169, New Kelly, CT 10995",550-237-5899x75711,GB47IJUF49363123034778,full_coverage,1.6,2
CL002439,Karl Heath,Female,81,single,Sales Representative,32829.25,619,GA,"510 Shawn Islands Apt. 676, West Kayla, VI 50279",+1-403-259-1101x415,GB64HQQE92657162130440,full_coverage,7.7,0
CL002440,Juan Bowman,Male,36,divorced,Business Owner,123945.33,717,MI,"94746 Barbara Pike Apt. 797, Sherrystad, SD 05998",111-556-6247,GB40OZQX65520548374690,full_coverage,1.6,1
CL002441,Eric Hampton,Male,48,married,Mechanic,31668.17,780,FL,"044 Jacqueline Valleys Apt. 369, North Martin, TX 18504",(606)544-1622x03468,GB95QVSK47716048057358,full_coverage,2.2,0
CL002442,Deborah Baker,Female,74,divorced,Manager,97622.11,746,OH,"1570 Thomas Port Apt. 892, East Davidside, ND 14439",255.581.0390,GB23FZUL42864449476614,liability_only,7.9,0
CL002443,Joseph Washington,Male,77,married,Electrician,50439.16,650,GA,"7097 Davis Divide, Charlesmouth, WY 99516",+1-742-445-0920x301,GB02ZERK02471527636687,liability_only,0.1,0
CL002444,Juan Smith,Other,23,married,Electrician,62987.42,657,MI,"472 Steven Ports, Phyllisborough, AS 52737",+1-592-422-8987,GB71MSPB36758813528590,comprehensive,2.5,1
CL002445,Jennifer Carlson,Male,70,single,Manager,74457.05,750,OH,"USNV Stewart, FPO AP 07999",2956398497,GB43PBWH40529419145892,liability_only,7.1,1
CL002446,Amanda Ryan,Female,19,single,Truck Driver,79876.91,609,NY,"8086 Peter Meadow, Lake Debbie, IN 93051",330-771-6952,GB82MVAL69873526909014,full_coverage,2.9,0
CL002447,Wendy Freeman,Female,32,single,Accountant,63554.66,542,OH,"19947 Conner Forks Apt. 879, Port Jason, IN 45960",(899)410-7107x2645,GB16TFYD22106943796270,liability_only,1.7,1
CL002448,Devin Meyer,Female,67,single,Warehouse Worker,95408.88,632,IL,"5022 Jones Streets Apt. 183, Barnesmouth, GA 49004",001-278-450-8214x8628,GB86IPPH20101702695249,full_coverage,1.8,1
CL002449,Brenda Pena,Male,74,single,Electrician,39082.16,730,NC,"8658 Jason Lane, Port Sabrina, VI 55028",(377)478-9283,GB81TRKM23116569502267,liability_only,7.7,0
CL002450,Raven Pearson,Male,31,married,Warehouse Worker,116805.58,679,NY,"9164 Guzman Plain, Dickersonland, HI 42982",(773)586-2774x3576,GB40SVUN21835924916161,full_coverage,3.7,0
CL002451,Sally Sanders,Male,77,married,Consultant,105589.16,670,NC,"92457 Evans Prairie, Lake Deborah, PW 24474",+1-620-267-9385x735,GB42KHSR65551061163894,liability_only,0.1,0
CL002452,Debra Hogan,Female,37,single,Teacher,83723.99,565,OH,"02493 Schwartz Trail, Garciaside, VT 87749",822.275.3262x61205,GB02XXOM47672245484663,full_coverage,0.1,0
CL002453,Eric Walker,Female,64,divorced,Police Officer,84875.7,778,GA,"21423 Joseph Junction, Lake Todd, MN 02279",(519)503-2441,GB32EZUF45778337937086,comprehensive,3.0,0
CL002454,Patrick Richards,Female,33,single,Consultant,54816.48,660,NY,"49672 Christopher Flats Apt. 081, Johnnyfurt, OR 99448",(900)719-6846x873,GB76NCNR14375474014052,full_coverage,2.6,0
CL002455,Deborah Moore,Male,48,single,Sales Representative,39012.25,585,MI,"263 Vargas Villages, South Amy, AR 60209",463.903.2718x4383,GB22LWAV70860442976034,liability_only,2.2,0
CL002456,Matthew Porter,Male,42,single,Freelancer,63926.38,757,NY,"55631 Stewart Roads Apt. 041, Davistown, GU 63662",+1-367-328-0950x4837,GB18VESB63147914394257,full_coverage,0.7,1
CL002457,Gregory Miller MD,Male,36,divorced,Manager,39117.96,692,NC,"Unit 2444 Box 2934, DPO AA 34812",(626)665-7540x17209,GB82AHBE05594214106794,comprehensive,5.3,1
CL002458,Cheryl Brown,Female,63,married,Administrative Assistant,57551.26,558,MI,"65232 Cody Estates, North Justin, GA 40614",514-491-7179x2339,GB93XZLG58161920365841,full_coverage,10.1,0
CL002459,Amy Stevens,Male,67,married,Business Owner,47782.17,552,PA,"162 Wilson Creek, Millerbury, DC 22022",001-533-416-8885x116,GB34ODLJ92765160350086,comprehensive,4.4,0
CL002460,Elizabeth Graham,Male,29,married,Electrician,78295.8,725,FL,"20384 Elizabeth Junctions Suite 097, Lisaport, ME 12174",388.600.7192x107,GB73TCYX82386042019006,full_coverage,9.2,1
CL002461,Patricia Morris,Male,58,single,Sales Representative,117050.0,713,GA,"PSC 7394, Box 0616, APO AA 68889",788-998-7431,GB63OVUF38521329106699,liability_only,1.4,0
CL002462,John Howell,Male,35,single,Administrative Assistant,49060.22,706,PA,"7573 Michael Loaf Apt. 104, Conradville, NE 89020",726.833.2482x7210,GB94RGBQ26015550155385,full_coverage,0.6,0
CL002463,Steven Gilbert,Female,42,single,Retail Worker,25877.01,850,PA,"476 Sutton Villages Suite 172, New Charlesside, NV 92377",+1-620-308-6872x641,GB79SOWJ36271213714591,full_coverage,9.2,0
CL002464,Christina Lopez,Male,81,single,Truck Driver,106639.55,769,TX,"416 York Run Apt. 215, Mcfarlandville, AZ 82536",+1-851-919-7664,GB49DYCS61400456815743,comprehensive,0.5,1
CL002465,Jordan Ball,Female,36,married,Manager,25258.96,559,FL,"7738 Leon Underpass Apt. 148, Clarencebury, TX 41188",+1-789-849-0580x77879,GB68UGZC53779599594652,full_coverage,1.3,0
CL002466,Chad Doyle,Male,22,married,Student,49918.65,752,TX,"2692 Patrick Mall Suite 009, West Saraville, NJ 53320",(356)232-0190,GB89TUIK96765929667149,full_coverage,1.7,0
CL002467,Chelsey Alexander,Male,75,married,Software Engineer,98960.2,683,IL,"7494 David Key Apt. 730, Barnettfort, OH 91223",001-853-756-3309x8002,GB96BCRB99055895963553,liability_only,0.2,1
CL002468,Margaret Davis,Male,60,single,Teacher,41292.15,705,MI,"82863 Andrew Ford, Underwoodchester, KS 61132",568-221-2279x765,GB89DPPB09345746523208,comprehensive,9.9,1
CL002469,Cassandra Bailey,Female,54,single,Truck Driver,114236.85,706,IL,"36576 Benjamin Wall, Lake Kaitlynside, NJ 14071",413-692-3418x68674,GB77KSZB56416505714374,liability_only,0.9,1
CL002470,Cheryl Moore,Male,49,married,Mechanic,133846.02,802,CA,"3800 Williamson Loop Suite 670, Alexandermouth, WY 91396",718.386.6892x658,GB09PXFZ52023661912286,full_coverage,0.1,0
CL002471,Linda Moreno,Male,42,single,Student,104511.4,566,OH,"3023 Reilly Course Suite 127, East Paul, NH 21378",(535)633-9282,GB82SKWG87603299148902,liability_only,2.8,0
CL002472,Vanessa Stafford,Male,24,married,Software Engineer,125166.32,641,NY,"952 Cruz Port, Jillhaven, UT 14429",824.933.6571,GB65GBUH27331784182604,comprehensive,3.3,0
CL002473,Gwendolyn Carroll,Male,33,married,Freelancer,122426.88,711,OH,"30388 Rivera Rapid, Gutierrezmouth, FM 78840",206-220-3646,GB21ZYSW87773564484878,full_coverage,1.3,0
CL002474,Lisa Shaw,Male,77,single,Construction Worker,134605.33,608,CA,"97906 Mcpherson Springs, Deniseview, MH 53497",(809)264-8474x5156,GB44WWBS77537389350578,full_coverage,7.6,0
CL002475,Dennis Martinez,Male,37,married,Electrician,39523.97,750,OH,"7590 Jessica Mount Suite 186, South Mallory, NM 35698",487.982.9310,GB91ROOJ92424375402547,comprehensive,0.1,1
CL002476,Dr. Michael Ortiz,Female,28,divorced,Warehouse Worker,67858.24,631,NC,"100 Russo Rest Suite 483, Julialand, DE 98829",433-476-6699x167,GB63IGTP62397831115023,full_coverage,3.3,0
CL002477,Angela Collins,Female,27,married,Business Owner,54383.23,573,IL,"5334 Kenneth Centers Apt. 128, Brandonshire, SC 53679",001-614-876-0492,GB40CPRW80413378014355,liability_only,2.4,0
CL002478,Kevin Cook,Male,32,married,Sales Representative,64041.36,753,PA,"952 Riley Loaf Suite 924, Carolborough, TX 80124",(929)737-4664,GB60ZWYB32594140575995,full_coverage,1.0,0
CL002479,Emily Myers,Female,76,single,Administrative Assistant,94293.12,699,FL,"28015 Cody Fords, Katrinafurt, AZ 26520",+1-446-675-7419,GB68MLTI15181222290957,full_coverage,1.4,0
CL002480,Christopher Mccarty,Other,45,single,Police Officer,110579.58,703,TX,"756 Christy Fields, Westburgh, NY 54162",778-762-9712x8405,GB80IEHE72970278649133,comprehensive,16.2,0
CL002481,Patty Foster,Male,69,married,Police Officer,57447.0,640,CA,"Unit 4538 Box 7471, DPO AA 43916",899.625.4026x42718,GB23DJLH73368602040251,liability_only,1.2,1
CL002482,Walter Marshall,Female,24,single,Truck Driver,80076.04,766,NC,"8887 Christine Cove Suite 110, Port Josephtown, NE 11377",(615)607-2919x6061,GB90TJWQ22027754410993,full_coverage,3.3,0
CL002483,Glenda Cox,Female,29,single,Manager,108615.64,786,IL,"64719 Christopher Station Apt. 857, South Sandraland, AZ 29672",5107339970,GB04YDLL79536421379115,full_coverage,6.6,1
CL002484,Tyler Riley,Male,43,married,Software Engineer,81845.04,603,NY,"281 Mark Turnpike Suite 774, Burnsburgh, WA 37187",237.246.4380x36723,GB15OTDK46060154827220,liability_only,0.4,0
CL002485,Michael Mcdonald,Male,32,married,Software Engineer,158462.57,765,NC,"489 Kathryn Shoals Suite 467, Henryton, NH 42177",920-514-2969x9885,GB94RVZH41381391405456,comprehensive,3.3,1
CL002486,Caitlin Clarke,Male,51,divorced,Administrative Assistant,59209.41,681,TX,"18980 Clark Springs Apt. 972, South Christopher, PW 72411",577-579-5124x17984,GB94VSRF10419224506442,comprehensive,0.5,1
CL002487,Mark Martinez,Female,65,divorced,Police Officer,70486.12,688,TX,"81167 Maynard Spring, Port Davidtown, WV 78548",001-992-646-0762x632,GB25SEXL61285393311320,full_coverage,1.6,0
CL002488,Carlos English,Female,65,single,Consultant,89030.51,654,CA,"107 Larson Plains Apt. 360, New Craig, MP 81454",(316)218-5762x47275,GB82QWCK48500310827731,liability_only,0.9,0
CL002489,Stephen Aguilar,Female,21,married,Business Owner,49973.22,823,TX,"3400 James Brook Suite 884, Jessicashire, SD 99942",573-719-7887x853,GB82NZQF37117576395321,liability_only,7.3,0
CL002490,Nicholas Cortez,Male,40,married,Software Engineer,61587.77,665,IL,"4664 Austin Island, Hernandezmouth, MN 08887",434-728-6619x210,GB79PEET35533605369857,liability_only,5.0,3
CL002491,Veronica Andrade,Male,39,divorced,Teacher,20799.56,741,GA,"385 Flores Inlet, New Loriville, LA 60044",001-992-921-6009x0003,GB40HWAR71141253839746,liability_only,7.7,0
CL002492,Holly Hamilton,Female,43,widowed,Student,151116.77,690,NY,"8220 Lopez Garden Suite 483, Lake Edwardbury, PA 05683",001-330-252-7347,GB07FEJX84937077442084,comprehensive,0.2,0
CL002493,Derrick Keller,Male,30,single,Construction Worker,43664.66,714,GA,"Unit 2677 Box 3454, DPO AP 08255",709.896.9308x48872,GB44NKFD32833898881671,full_coverage,3.0,1
CL002494,Angela Richard,Female,43,divorced,Administrative Assistant,53640.97,761,IL,"9571 Amber Cliff, Huffmanstad, ID 34961",001-358-211-6657x9270,GB16MJHS59512366237404,liability_only,1.6,1
CL002495,James Holland,Female,51,married,Manager,35642.15,618,NY,"715 Krueger Mountain Apt. 069, West Cory, KS 97242",526-783-1822,GB28DZFW83531855775154,full_coverage,0.5,2
CL002496,Jonathan Pena,Male,60,single,Warehouse Worker,122606.99,731,GA,"58072 Kimberly Track Apt. 750, Sharonville, VI 88572",+1-328-909-4793x4205,GB29OQKF63730235533723,liability_only,1.1,2
CL002497,Jonathan Ewing,Male,47,married,Truck Driver,33208.96,652,MI,"50912 Davis Views Apt. 373, North Daniel, AK 14324",404-530-4457x623,GB42FMWX09173108094502,liability_only,5.4,0
CL002498,Zachary Martin,Female,18,married,Truck Driver,40350.39,594,CA,"461 Flores Row Apt. 741, East Alanville, TN 29112",599-722-7159x57696,GB34JVVA36240896230271,liability_only,0.8,2
CL002499,Dr. Veronica Rodriguez MD,Female,66,single,Chef,38710.58,729,FL,"5025 Isaiah Path, Dawsonborough, NC 36318",951-349-3188x5616,GB19VZUF44433828545826,comprehensive,0.9,4
CL002500,Benjamin Gardner,Female,31,single,Construction Worker,26181.7,699,TX,"18502 Steven Park Apt. 305, Johnstad, SD 74471",606-445-1258x1445,GB08FBHJ04011349976224,comprehensive,0.8,0
CL002501,Miguel Arnold,Female,71,single,Truck Driver,47933.97,661,FL,"034 Joshua Plain, Garymouth, OK 97824",(599)678-7729,GB36ILWN35020005347491,liability_only,3.7,0
CL002502,Nicholas Hays PhD,Other,49,married,Student,29330.36,777,PA,"4047 Burton Prairie, New Jacob, VI 80345",(785)238-7037,GB62VOPU27990881091176,full_coverage,2.1,1
CL002503,James Allen,Male,60,single,Mechanic,52357.2,649,NY,"001 Mary Course, Andrewborough, WI 96642",001-468-651-3498x2734,GB20INZV43994499780481,comprehensive,1.0,0
CL002504,Lindsey Williams,Male,67,married,Manager,113297.53,692,OH,"4636 Miller Rapids Suite 645, Dawnbury, MT 83712",001-471-507-7017x70181,GB17IVJV66589123871972,liability_only,5.2,1
CL002505,Richard Marshall,Female,42,single,Nurse,56565.7,790,GA,"USS Lee, FPO AA 41617",331.249.8643x0098,GB97BBKH75990048964652,full_coverage,0.3,0
CL002506,Joseph Campbell,Female,22,single,Police Officer,38530.08,789,CA,"15611 Jeffery Place, Raymondmouth, AR 88707",400-478-2880,GB89VTOD85017437264425,full_coverage,2.7,1
CL002507,Jeremy Bennett DDS,Female,18,married,Administrative Assistant,117916.32,548,NY,"075 Blankenship Crossing, East Zacharyshire, AZ 87918",+1-640-862-6749x17455,GB52QCZK95769625866630,full_coverage,5.5,2
CL002508,Kevin Moody,Female,71,married,Chef,95797.09,632,PA,"USS Schmidt, FPO AE 30355",(705)930-6490,GB49SICY48008302488764,liability_only,2.0,1
CL002509,Anna Hall,Male,44,single,Sales Representative,89414.27,768,GA,"594 Rodney Port Apt. 785, Lake Timothy, OH 55253",001-200-471-1775,GB37XDRQ34290380695131,full_coverage,1.0,0
CL002510,Melissa Durham,Male,37,married,Truck Driver,31121.62,708,TX,"311 Jeremy Roads Apt. 026, Carlsonborough, MD 91536",801.276.3197x613,GB31ZXMA17429062981451,liability_only,1.1,2
CL002511,Kevin Lang,Female,54,single,Student,118375.42,685,PA,"087 Charles Parkway Suite 801, Briantown, OR 78065",001-212-350-3754x50580,GB91KLVK51490347947764,full_coverage,0.5,0
CL002512,Connie Mendoza,Male,70,divorced,Sales Representative,98161.29,497,PA,"780 Jimmy Spur Suite 316, Port Cynthiaville, NV 22306",(971)628-6391,GB93ZLTF66108573278814,comprehensive,1.1,1
CL002513,Brandy Wu,Male,36,married,Student,68428.52,591,FL,"776 Tammy Heights, North Tara, MA 25979",514-512-3317,GB28MUJE85515306337731,full_coverage,1.0,0
CL002514,Sherry Duncan,Female,27,widowed,Electrician,48539.55,759,NC,"138 Carney Ville, New Jason, WV 56166",925-911-7908x7577,GB29JJMF06090100995850,full_coverage,3.6,1
CL002515,Michelle Nguyen,Male,64,single,Administrative Assistant,56288.67,557,OH,"276 Jason Plaza, Shannonhaven, WV 96318",400.247.2457x12677,GB33OXFB09015466807978,liability_only,0.3,0
CL002516,Mark Stewart,Male,72,married,Warehouse Worker,233079.34,783,MI,"16847 Kyle Knoll Suite 245, Turnerville, PA 52630",+1-345-237-5739x4266,GB08TTLR33053981937175,full_coverage,3.9,0
CL002517,Laura Woodward,Female,40,single,Sales Representative,135178.96,679,IL,"14793 Torres Squares Apt. 665, Evanberg, IA 50766",678-696-1419,GB86NZNJ45370752218509,liability_only,0.5,0
CL002518,Cody Conner,Female,34,single,Electrician,50496.58,672,GA,"27376 Jorge Rest Apt. 291, Jacobsshire, OR 72274",001-808-983-9067,GB39FPBN21987161020145,liability_only,4.5,1
CL002519,Sandra Lowe,Female,65,single,Consultant,32377.25,681,FL,"499 David Plain, North Joseph, MN 46750",741.853.1747x05908,GB07JCOL04658475142202,liability_only,0.5,0
CL002520,Robert Thompson,Female,27,married,Software Engineer,137362.54,586,TX,"5616 Robert Squares, Olsonberg, PR 22279",+1-407-500-2855x823,GB58QKDM01903327176664,full_coverage,0.6,0
CL002521,Tiffany Clark,Female,57,single,Construction Worker,60024.76,760,NY,"97811 Howard Station, Williamton, ND 89829",536.712.6126x3983,GB47BIWT36777639857262,full_coverage,1.8,0
CL002522,James Jones,Female,80,married,Retail Worker,38637.94,586,PA,"76591 Jerry Ways, Nelsonland, TX 37250",+1-965-969-9988x081,GB33MFBZ56341115950342,full_coverage,2.4,0
CL002523,Luis Walker,Female,76,single,Retail Worker,39754.09,842,TX,"0164 Ellis Burgs Suite 436, Lake Daniellemouth, NH 34983",889-079-2731,GB52TQID97102451991739,comprehensive,5.3,0
CL002524,Jason Ellis,Male,18,married,Sales Representative,70055.35,841,CA,"627 Ford Skyway Apt. 918, Port Laurie, TX 76223",+1-806-776-5336x3301,GB98OFJY67468850162614,full_coverage,0.9,0
CL002525,Kayla Edwards,Female,28,married,Teacher,111647.85,605,GA,"022 Oneill Cliffs, Kellyton, RI 36617",(721)750-5744,GB33AVBT86191880254057,comprehensive,10.6,0
CL002526,Robert Webb,Female,61,single,Software Engineer,165968.97,713,NC,"5496 Lisa Island, Brandihaven, OR 86861",001-727-705-8874x33356,GB14SJUQ84755541326049,full_coverage,5.4,1
CL002527,Crystal Moody,Female,34,married,Mechanic,100193.14,747,IL,"05611 Thompson Divide, Livingstonmouth, IL 68355",(702)264-0765,GB16HTQK87200002341432,comprehensive,6.4,0
CL002528,Daniel Atkinson,Female,33,married,Consultant,65932.62,711,CA,"5142 Kimberly Garden Apt. 379, New Sandraview, MS 02133",001-836-675-8457,GB28CKRN76511171181298,full_coverage,0.2,0
CL002529,Andrea Guzman,Male,75,single,Nurse,84494.35,642,FL,"80981 Sanchez Meadows Suite 203, Brookeville, MT 40768",419-678-6899,GB32ILCB09735200063338,liability_only,3.4,1
CL002530,Kimberly Gates,Female,57,married,Freelancer,158607.76,850,NY,"9013 Christina Point, Lisaton, KY 49367",(705)361-8741,GB77TWLJ74684733750987,full_coverage,4.1,0
CL002531,Meagan Jones,Male,18,married,Mechanic,92995.44,703,PA,"71210 Maria Forges, East Madison, MN 90453",670-718-4094x35334,GB16ZEBZ70496110804661,liability_only,2.2,1
CL002532,Jose Rose,Male,79,married,Teacher,79119.6,672,FL,"7700 Decker Club, New Brookefurt, NH 76565",+1-974-746-6609x9353,GB61MVFW91603248413768,liability_only,0.8,0
CL002533,Christopher Mcdonald,Female,51,single,Accountant,43082.05,644,NY,"203 Kyle Street Apt. 899, North Hannahside, AS 21610",669.672.2460x1930,GB32VOWA94522536147684,liability_only,2.9,0
CL002534,Daniel Medina,Female,65,married,Accountant,54281.16,684,PA,"54334 Smith Dale, Jeffreymouth, PW 88561",(392)778-6321,GB97CZVH39398343784537,full_coverage,4.8,0
CL002535,William Robinson,Male,40,married,Consultant,59493.22,696,MI,"345 Davis Inlet Apt. 387, North Lisa, PW 20277",202-869-8945,GB02PLZK05768534434674,comprehensive,0.7,1
CL002536,Margaret Moore,Female,33,widowed,Business Owner,114629.67,598,MI,"625 Davis Mountains Suite 862, Ashleyside, HI 55396",875.639.3930x0344,GB41PZTD14246474000561,liability_only,4.8,0
CL002537,Joseph Gray,Female,24,divorced,Freelancer,100804.57,504,PA,"70788 Conner Pines Suite 223, New Renee, SD 24456",+1-734-209-1046x2388,GB74MLBT43106048693572,full_coverage,8.0,3
CL002538,Eric Berry,Male,46,married,Teacher,38394.8,765,NY,"9009 Porter Islands Apt. 136, Powellchester, TN 01997",574-705-4987,GB96POQP46187224979584,full_coverage,1.6,0
CL002539,Mark Leon,Male,28,divorced,Consultant,82376.13,695,TX,"65675 Young Wall, West Feliciafurt, NC 47429",001-945-712-9772x48303,GB40SPKL34121329140372,comprehensive,0.1,1
CL002540,Austin Nelson,Female,21,married,Business Owner,112081.92,775,TX,"5865 Juan Ranch Apt. 289, New David, MS 66552",936.752.8084,GB23JHCZ67584252679679,full_coverage,4.0,0
CL002541,Lisa Ross,Male,52,married,Truck Driver,125984.88,716,CA,"24499 Riley Valleys Suite 761, Calderonland, MN 07493",715.821.9724,GB11OUDY06815089217890,full_coverage,7.9,1
CL002542,Marvin Odonnell,Female,39,single,Nurse,45994.49,685,NC,"0444 King Course, New Edwardtown, NC 88742",402-769-2669,GB41AXZH98200284431320,comprehensive,5.0,0
CL002543,John Davis,Female,68,married,Software Engineer,45545.35,728,IL,"3936 Richard Mountains, Loganshire, FL 59699",2606425612,GB26PCON97033944540237,full_coverage,1.2,1
CL002544,Connor Silva,Female,36,married,Accountant,89547.49,826,CA,"302 Willie Gateway Apt. 242, East Michaelfort, CA 63004",500-662-2789,GB45VJIY66872553681963,full_coverage,0.1,0
CL002545,Christopher Reyes,Female,32,divorced,Sales Representative,92888.0,661,TX,"Unit 1991 Box 1908, DPO AA 69008",237-716-0973,GB14DCJS60783618595978,full_coverage,1.9,1
CL002546,Anne Briggs,Female,27,married,Business Owner,74326.72,664,TX,"257 Joshua Tunnel Apt. 050, Melissaview, MI 99664",001-566-373-9419x770,GB17EPEP10679517871258,full_coverage,2.4,0
CL002547,Ann Brown,Female,67,single,Electrician,121037.51,690,CA,"6676 Mullins Lake Apt. 811, Bettymouth, WI 57223",221.901.1962x065,GB84ZDZE88496405431506,liability_only,8.7,0
CL002548,Elizabeth Gutierrez,Female,48,married,Teacher,89149.83,736,CA,"PSC 3315, Box 8692, APO AE 21800",339-337-6904x268,GB10NISB78515867342575,comprehensive,13.9,2
CL002549,Laurie Washington,Male,58,single,Construction Worker,38116.18,624,GA,"06274 Eddie River Apt. 201, Michaelborough, NE 35234",612-954-3644x48912,GB26RLHB20926449760110,comprehensive,10.1,0
CL002550,Steven Hines,Male,41,married,Mechanic,145314.67,660,CA,"02079 Mcgee Junctions Apt. 498, Robinsonburgh, VI 80114",001-816-952-0090x49076,GB16AIEM47056806640021,comprehensive,3.0,0
CL002551,Stephanie Parrish,Male,36,married,Mechanic,71507.35,579,IL,"2364 Diaz Drives Suite 422, Belltown, MT 29682",6447167284,GB20GZLU25610369162887,full_coverage,1.5,0
CL002552,Matthew Huff,Male,66,married,Administrative Assistant,184418.89,651,PA,"062 Valdez Prairie Apt. 329, Watsontown, AS 18166",001-610-869-7436,GB25OPGC59683240821813,liability_only,2.4,0
CL002553,Brandon Wilson,Female,36,married,Business Owner,49972.27,711,GA,"PSC 4742, Box 8810, APO AP 05723",(439)539-9201x27760,GB88IYHV15759451134360,liability_only,3.0,1
CL002554,Michelle Smith,Male,76,single,Administrative Assistant,19955.89,550,NC,"13143 Hamilton Crossroad, Margaretbury, WV 29667",725.392.6675x031,GB36AHBA76720007327234,full_coverage,2.8,1
CL002555,Omar Duarte,Female,20,single,Police Officer,43143.49,659,GA,"22691 James Mountain, Tashatown, TX 94967",8996917381,GB59CKEW73230085766656,liability_only,0.7,1
CL002556,Malik Little,Male,25,married,Electrician,37614.84,585,TX,"1275 Young Landing Suite 269, Matthewside, PW 28612",637.969.8956x092,GB45IBDA04220215853654,full_coverage,2.8,0
CL002557,Gary Castaneda,Male,39,married,Consultant,57193.15,770,TX,"3976 Thomas Skyway Apt. 417, Kathleenshire, NH 15915",361-614-3393,GB26ZVGJ39838853426301,liability_only,6.1,0
CL002558,Russell Carpenter,Female,67,single,Electrician,52726.47,692,IL,"9690 Laura Row, Jonesshire, WY 00820",568.838.4123x6111,GB13TUPS38061901552564,full_coverage,7.8,0
CL002559,Nicole Kennedy,Male,24,married,Chef,74139.24,708,CA,"4213 Vicki Center Suite 895, South Ryan, ME 47378",276.223.0503x0510,GB69CAXF53258139633177,full_coverage,11.6,0
CL002560,Connie Davis,Female,81,married,Sales Representative,63354.22,559,OH,"42836 Hill Point Apt. 687, West Shellyfurt, WY 69243",001-520-471-0021x94672,GB30QRVM94611952436402,full_coverage,1.1,1
CL002561,Nicole Martinez,Male,41,single,Warehouse Worker,69816.96,608,NC,"881 Dennis Knolls, Justinside, IL 07119",(921)973-9223x0651,GB18SFJY11703848681747,liability_only,3.1,0
CL002562,Melissa Baker,Female,36,single,Retail Worker,36789.1,828,OH,"780 Jimmy Spur Suite 316, Port Cynthiaville, NV 22306",(818)347-8700x5050,GB16OSBX14754692632967,liability_only,3.5,0
CL002563,Emily Morris MD,Male,36,single,Manager,42918.37,635,FL,"93413 Guerra Crescent, Lake Leahmouth, MS 35267",917.594.4059x1498,GB70LUKL22327425324223,full_coverage,2.1,1
CL002564,Betty Ortiz,Male,34,single,Construction Worker,64916.65,782,OH,"08509 Lindsay Skyway Apt. 186, North Evan, NC 39177",985-442-8118,GB89NTTF76726494088369,full_coverage,1.3,0
CL002565,Daniel Wells,Male,63,married,Sales Representative,74010.28,811,FL,"1189 Henderson River Apt. 005, Lake Robin, VT 29119",584.643.8963,GB24YRDI16764507864097,full_coverage,12.9,1
CL002566,Joel Hartman MD,Female,31,married,Accountant,100609.41,657,NC,"27244 Christian Point Apt. 623, New Danielbury, MO 47321",+1-446-975-7395x409,GB78BYKD41716132490690,full_coverage,0.6,0
CL002567,Mr. Alex Adams,Male,21,married,Accountant,76183.69,552,CA,"9894 Drake Shoal Suite 063, Lake Michaelfurt, MP 17652",953.823.3191x64467,GB02SQFT24065421202853,liability_only,1.0,1
CL002568,Joseph Johnson,Male,77,married,Student,15245.84,633,OH,"4254 Myers Trace, Holmesborough, DE 49795",(622)245-8604x88577,GB58VUVR84351109929598,liability_only,0.4,1
CL002569,Heidi Tate,Male,62,single,Nurse,44321.55,662,OH,"70908 Cline Avenue, West Jennifertown, MH 62868",(476)427-9611x286,GB98FFAP42925778982767,liability_only,14.9,0
CL002570,Angel Richmond IV,Female,60,married,Mechanic,54267.75,600,PA,"174 Kelsey Lights Apt. 855, Port Susan, MD 23049",314-711-7705x9136,GB76MWFA18611451672626,comprehensive,2.5,0
CL002571,Luke Rodriguez,Female,53,single,Mechanic,91850.68,771,IL,"08330 Robert Stravenue, Garciaberg, AL 72636",001-252-318-2307x68104,GB67XEIF95431652669300,liability_only,0.4,0
CL002572,Anthony Kidd,Male,21,single,Software Engineer,62021.45,803,GA,"2235 Ferguson Row, West Christinaton, OR 13553",+1-344-578-5380x57941,GB69HERH48410936184820,full_coverage,1.2,0
CL002573,William Eaton,Female,51,single,Consultant,34507.36,757,NC,"5342 Moore Land Suite 034, Hernandezside, UT 20735",546-368-3121x136,GB94IVEY77349105342132,full_coverage,1.3,0
CL002574,Tiffany Horne,Male,71,married,Mechanic,72116.1,807,NY,"793 Atkinson Manor Apt. 459, North Bradley, FL 24427",+1-583-496-0651x813,GB47XXFU44924424919846,full_coverage,0.9,0
CL002575,Vanessa Reynolds,Female,55,widowed,Electrician,117793.14,785,FL,"2612 Lori Views Apt. 621, South Amberchester, LA 83583",744.477.2879,GB17WERO36379230137688,full_coverage,1.2,0
CL002576,Todd Hernandez,Female,58,married,Nurse,46961.86,657,PA,"3423 Roth View, Roberttown, SD 89588",001-411-632-3502x1351,GB63QVLT90273676708694,full_coverage,5.1,0
CL002577,James Yang,Male,26,single,Construction Worker,66118.68,752,NY,"62218 Chelsey Expressway Suite 532, Jensenmouth, VI 28975",(861)283-0671x98554,GB43JSOK67922877725199,liability_only,6.9,0
CL002578,Jose Black,Male,80,divorced,Retail Worker,34766.13,792,OH,"03165 Christine Shores Apt. 121, Parksland, IL 86068",985.232.0888x45794,GB59MOAL00686273752090,full_coverage,4.0,1
CL002579,David Allen,Male,18,single,Warehouse Worker,84978.18,657,GA,"Unit 7975 Box 4053, DPO AE 80496",409-667-9495x936,GB68UHJG18021309256663,full_coverage,0.7,0
CL002580,Michael Yates,Male,72,married,Warehouse Worker,45930.62,649,NY,"73031 Hall Port Suite 911, Millerport, ND 25983",227.293.0783,GB03NMLZ33567224383988,liability_only,2.6,1
CL002581,Tiffany Brown,Male,72,married,Truck Driver,50408.37,631,OH,"60914 Lozano Fords, New Bethanystad, KS 25685",775-230-5776,GB68XUBW07359007401236,full_coverage,7.3,0
CL002582,James Kirk,Female,47,married,Nurse,85183.1,736,TX,"5820 Holden Lights, Millerfort, CA 66947",889.946.5299x043,GB69RXEB61756987863670,comprehensive,0.9,2
CL002583,Eric Lopez,Male,56,married,Electrician,57493.68,625,OH,"453 Gutierrez Mountains Suite 556, East Michelle, HI 27889",652.677.9758x8706,GB24TCXW32023755876760,liability_only,5.9,0
CL002584,Jeremy Jackson,Male,52,married,Student,108154.0,808,CA,"821 Stacey Mews, Port Stacy, NE 45148",001-976-888-9883x375,GB61UCDQ21059781538255,liability_only,0.9,0
CL002585,David Ortiz,Male,41,widowed,Teacher,95412.19,683,MI,"PSC 6950, Box 0540, APO AE 44680",(304)857-9474,GB20HMDO29671784549394,liability_only,5.1,1
CL002586,Robert Bryant,Female,29,single,Warehouse Worker,37568.07,606,NC,"54484 Goodwin Fort, Port Haileyside, NM 74797",952.367.3698x29429,GB89HJZB33597829842755,comprehensive,1.8,1
CL002587,Jose Nicholson,Female,35,married,Retired,50292.14,749,PA,"29925 Jonathan Vista, Carterside, MN 11974",400-478-9343,GB72BKJN39998916190581,full_coverage,0.4,0
CL002588,Tyler Tucker,Male,36,widowed,Police Officer,94915.36,715,CA,"3010 Walker Pass Apt. 200, Lake Sonyaside, IN 62648",001-959-770-2635x3717,GB04BDZG96377248650736,comprehensive,2.8,0
CL002589,Brian Hooper,Female,76,married,Mechanic,89175.76,480,FL,"2408 Nancy Corners, Cunninghammouth, CT 99533",335-933-8447x41384,GB37UPID18428773824877,comprehensive,2.6,0
CL002590,Christine Moore,Male,20,divorced,Student,101258.77,775,MI,"267 Santiago Summit, Matthewsberg, FM 54880",+1-527-771-6701x45089,GB11MKXM36004125777118,liability_only,4.3,0
CL002591,Pamela Smith,Male,38,single,Teacher,36167.27,723,MI,"147 Sandra Plain Suite 077, West Brittney, DC 90076",380-401-5287,GB41WILL37313322894129,liability_only,7.9,3
CL002592,Nancy Curry,Female,57,divorced,Accountant,55442.61,755,NY,"354 Ramirez Plain Suite 708, North Gloria, NM 62516",(222)971-5811x12771,GB62BSZL71462811187961,full_coverage,0.8,2
CL002593,Victoria Smith,Female,25,married,Electrician,46270.15,792,IL,"Unit 5010 Box 2643, DPO AP 16281",665-708-7079x77485,GB07AYDO07593494682776,full_coverage,19.0,0
CL002594,Deborah Odom,Male,80,married,Administrative Assistant,104542.86,507,FL,"79365 Melissa Ferry, Frazierview, NC 44431",001-444-662-5563x5655,GB04GALF09673373388621,full_coverage,10.9,0
CL002595,George Perry,Male,29,divorced,Teacher,64565.14,674,IL,"44447 Heather Garden Apt. 730, Dwayneberg, MD 20013",448.813.5056,GB68UGER20706720007816,liability_only,0.6,0
CL002596,Autumn Santiago,Female,24,widowed,Nurse,140442.14,725,NC,"USS Navarro, FPO AP 40419",+1-437-402-9521,GB58UDLT21465582662994,full_coverage,0.9,0
CL002597,Alicia Brown,Female,24,married,Teacher,58042.57,534,CA,"392 Smith Trail, Julieview, IA 12288",(349)813-4404x9634,GB85SXRN67634452808574,comprehensive,1.9,0
CL002598,Nicholas Collins,Female,24,divorced,Mechanic,99037.81,773,OH,"39159 Jennifer Spurs Suite 629, Nicholaschester, NV 62361",(872)529-2649,GB94AUXQ50672090119133,full_coverage,2.5,0
CL002599,Connor Aguilar,Male,60,married,Chef,67936.94,784,FL,"302 Adrian Mission Suite 044, Nicolechester, TN 52226",333.587.4699,GB64AYGC58425614293831,full_coverage,7.8,0
CL002600,Emily Carlson,Male,18,single,Accountant,64506.35,599,NY,"107 James Rapid Apt. 869, Villaland, MI 16652",573.497.7406x33569,GB83EPWO28813770285196,full_coverage,4.7,0
CL002601,John Campos,Male,32,single,Consultant,70032.29,719,TX,"728 Dyer Shores, Kathleenmouth, NC 79850",909-891-8225,GB19OWSY81267599882297,full_coverage,1.0,1
CL002602,Angela Reynolds,Female,56,married,Truck Driver,32664.46,639,MI,"776 Kirby Junction, Williamchester, FL 80362",+1-581-581-5826x924,GB29KSJC09083777557993,liability_only,0.3,0
CL002603,Pamela Myers,Female,18,married,Nurse,58013.69,665,TX,"USNS Sparks, FPO AE 87495",001-993-735-3296x1091,GB94VGGY73899308276412,liability_only,4.3,0
CL002604,Jordan Walters DDS,Female,71,married,Freelancer,52899.47,602,NY,"209 Chen Centers Apt. 790, East David, WI 49776",225-810-3167,GB54DXQT07877198588661,full_coverage,2.0,0
CL002605,Philip Ayala,Male,33,divorced,Student,49716.41,651,FL,"59550 Tamara Meadows Suite 784, Gillshire, OR 59359",001-936-687-2878,GB31MJYH07189405676477,full_coverage,0.8,0
CL002606,Patricia Gutierrez,Male,29,married,Retail Worker,65963.24,778,CA,"35946 Brooks Skyway, West Mark, FL 69202",001-675-528-7874x7326,GB82LHJP13791511246353,liability_only,2.6,1
CL002607,Michael Le,Male,79,single,Nurse,104485.41,829,NC,"49931 Cabrera Circle Apt. 133, West Catherinetown, NE 55645",+1-944-481-1791,GB53BFSE75960245038952,full_coverage,15.2,1
CL002608,Nicholas Ellison,Male,73,divorced,Administrative Assistant,90952.07,561,MI,"35705 Anita Common Suite 792, Port David, OR 31734",329.707.0581x0064,GB69WSAX33202378630142,liability_only,2.7,0
CL002609,Lori Michael,Other,61,widowed,Consultant,49906.85,644,FL,"80981 Sanchez Meadows Suite 203, Brookeville, MT 40768",419-678-7995,GB59CKEW73230085766656,full_coverage,1.3,1
CL002610,Daniel Steele,Male,50,married,Consultant,57729.45,638,OH,"954 Cassandra Avenue Suite 152, Carlosstad, AR 33762",844.210.7509x206,GB63OLEO76200900366802,comprehensive,8.0,0
CL002611,Dennis Mays,Male,72,married,Warehouse Worker,51259.62,593,GA,"762 Bradshaw Trafficway, Davisside, IL 68895",346-337-6688x639,GB21FDIZ47752047470324,liability_only,0.7,0
CL002612,Douglas Frazier,Female,32,married,Consultant,82180.57,734,OH,"94746 Barbara Pike Apt. 797, Sherrystad, SD 05998",111-556-3441,GB22AHJM07791570814843,full_coverage,0.3,0
CL002613,Michael Powell,Female,73,married,Administrative Assistant,67413.1,678,CA,"USCGC Adams, FPO AA 96986",(736)731-8242x580,GB43ENXC14339725529060,comprehensive,1.4,3
CL002614,Lisa Alvarez,Male,65,married,Construction Worker,81561.04,688,FL,"8273 Copeland Cape, Michaelstad, AR 78576",231-782-0813,GB53IMKI22695756575964,comprehensive,0.7,0
CL002615,Michelle Williams,Male,80,divorced,Sales Representative,71351.91,706,PA,"PSC 5387, Box 3763, APO AA 80382",258.273.5279x4097,GB98RGMF75434539727799,comprehensive,4.3,1
CL002616,Heather Abbott,Female,47,married,Nurse,41265.7,655,OH,"61946 Gentry Court Suite 637, South Jenniferbury, PR 09491",(606)418-2090x892,GB09OPOR11737123839180,full_coverage,5.4,0
CL002617,Denise Kramer,Male,54,single,Retail Worker,25173.65,725,GA,"62218 Chelsey Expressway Suite 532, Jensenmouth, VI 28975",641.863.8944,GB51RDCG90438303419909,liability_only,0.6,2
CL002618,Susan Williams,Male,66,single,Sales Representative,95788.32,621,NC,"3664 Scott Overpass, Lisaburgh, CA 46069",+1-222-499-5721x6018,GB05DDRV13548236301964,full_coverage,5.2,1
CL002619,Gregory Hicks,Male,77,divorced,Sales Representative,60130.19,850,NC,"77563 Forbes Highway Apt. 682, Robertview, MN 40815",765-514-6829x88658,GB20GXIJ12577911993708,liability_only,2.6,1
CL002620,Sheila Banks,Male,65,divorced,Administrative Assistant,82879.59,591,CA,"770 Rogers Avenue Suite 985, Christopherland, KS 93206",427-331-8243x83454,GB97CNII68162633912657,comprehensive,1.3,1
CL002621,Gina Morgan,Male,61,single,Truck Driver,45620.71,679,MI,"0111 Martinez Haven, Thomasberg, GU 58202",+1-461-489-3775x98864,GB32HDEY99936756973163,full_coverage,0.1,0
CL002622,Brian Williams,Male,45,divorced,Truck Driver,37519.96,801,OH,"038 Thomas Fields Suite 728, Mathisport, WI 50551",+1-455-563-1351x913,GB75MIFZ07240649764773,full_coverage,4.5,0
CL002623,Robin Chavez,Male,46,married,Manager,76261.02,584,TX,"1811 Adkins Plains, New Peterport, IA 12458",787.221.6771,GB88WAZT21101938394423,comprehensive,3.5,1
CL002624,Tiffany Baxter,Female,39,married,Software Engineer,90286.7,841,NY,"42547 Debra Rapid Suite 760, Medinaville, FM 83513",307-437-9964,GB52IKXT68982862879563,liability_only,0.5,0
CL002625,Brandi Allen,Female,59,married,Truck Driver,51392.03,617,NY,"812 Donna Highway Apt. 242, Port Melanieshire, SC 36024",712-384-7206x2042,GB48XPJI46368924452678,comprehensive,5.1,1
CL002626,Tracy Reed,Female,29,divorced,Retail Worker,57031.92,578,PA,"42253 Bryan Village, Carlosside, NY 12265",6529490439,GB15TSRF88684578742980,comprehensive,1.4,0
CL002627,David Proctor,Female,56,single,Consultant,112783.64,627,PA,"2932 Benjamin Run, Taylorborough, NV 67082",001-770-331-3981x67343,GB98RBXJ48741865208358,comprehensive,2.0,0
CL002628,Mary Villarreal,Male,42,divorced,Accountant,64308.11,693,GA,"880 Medina Alley Suite 606, Greenburgh, IN 41021",+1-589-323-3586x6644,GB45JCQD95896676664136,comprehensive,1.0,1
CL002629,Paul Butler,Male,71,married,Warehouse Worker,90150.49,671,OH,"115 Arellano Radial, New Bruce, MS 68996",(723)497-2652x73543,GB64PITI65398402891416,liability_only,2.4,0
CL002630,Brooke Sparks,Male,63,married,Student,58321.25,592,NY,"48740 Cynthia Village Suite 005, Lake Tina, GA 97655",(518)791-4117x39348,GB35JWMB52330276420865,liability_only,3.6,0
CL002631,Richard Burns,Male,64,divorced,Teacher,28377.05,566,CA,"Unit 4065 Box 5967, DPO AE 59142",(591)992-2995x4280,GB92SPQX54550922306360,comprehensive,0.8,0
CL002632,Ronnie Vaughn,Female,63,married,Software Engineer,43877.52,663,PA,"200 Perez Knoll Suite 392, Jeffreychester, SD 85263",792.728.6288,GB56HITW48413529664146,full_coverage,6.7,3
CL002633,Xavier Rodriguez,Male,54,single,Police Officer,29081.93,703,FL,"378 Thompson Camp, North Jessebury, AK 69503",401-962-2499,GB21RNPX16323467299493,liability_only,7.7,1
CL002634,Pamela Conley,Female,23,married,Truck Driver,153764.36,715,CA,"53441 Allen Ridges Suite 293, Nicholaschester, ND 36353",9375141790,GB55ZIQM23388870406102,full_coverage,0.3,1
CL002635,Michelle Berger,Female,77,single,Retired,50482.85,680,GA,"7769 Hays Harbor, Heatherborough, GU 78037",306.735.6606x404,GB49GNLU90490791542518,full_coverage,1.9,0
CL002636,Linda Wilson,Female,60,married,Freelancer,65694.9,717,FL,"7929 Miller Corners Apt. 710, North Samanthamouth, MS 83773",(942)275-0249,GB21EAQK82793465641221,full_coverage,0.4,0
CL002637,Craig Jenkins,Female,38,single,Truck Driver,70138.84,725,IL,"8541 April Mountains Apt. 305, Lake Terri, IN 73629",001-291-221-0494x0324,GB87KMXF56120973321740,liability_only,0.9,0
CL002638,Jennifer Potter,Male,26,married,Retired,103180.17,602,OH,"1673 Gregory Mount Apt. 548, Dannyland, MH 25690",001-302-333-2959x278,GB42DKKD92509917156795,comprehensive,10.3,0
CL002639,David Lynch,Male,65,divorced,Software Engineer,130273.0,674,PA,"3100 Nguyen Camp Apt. 490, New Aaron, PA 41619",(873)862-6171x93151,GB27JAMI13367972743511,liability_only,8.1,0
CL002640,Matthew Winters,Male,20,single,Construction Worker,94308.73,605,NY,"44043 Perez Court Suite 837, South Crystal, LA 37262",221.801.4938x0089,GB06NANL70884136105902,liability_only,8.3,1
CL002641,Brittany Adams,Male,34,widowed,Electrician,78260.94,698,IL,"94383 Ali Locks Suite 881, Goodmanton, MS 98800",001-525-827-6972x10654,GB47CFBD35157011314916,full_coverage,5.0,0
CL002642,Cindy Cox DDS,Female,67,widowed,Retail Worker,95489.58,664,GA,"735 Joel Trace Apt. 553, Kevinstad, FM 67379",471.404.4979x859,GB70LYVL53290896690125,full_coverage,0.9,0
CL002643,Tina Smith,Female,57,divorced,Accountant,55673.59,721,TX,"011 Amy Village Suite 982, Andersonport, MN 05730",4273937145,GB43PCHT15596363212347,liability_only,5.4,2
CL002644,Marcia Grimes,Male,70,single,Student,76455.9,482,IL,"5588 Chavez Prairie Suite 879, Ashleyborough, KY 77370",+1-520-797-8249x04349,GB57YBFF80964186367377,liability_only,3.1,0
CL002645,Hannah Roberts,Male,28,single,Retail Worker,112615.9,492,NY,"0900 Carlson Extensions, Danielhaven, AR 36003",+1-995-478-3169,GB19FHAY75265822806420,liability_only,14.1,0
CL002646,Corey Forbes,Male,80,single,Manager,79591.06,779,MI,"76311 Gomez Loop Suite 010, Chandlerville, IA 25613",591-496-5701,GB21JAUT00348645183760,comprehensive,3.1,0
CL002647,Chris Garcia,Female,81,married,Student,47760.05,739,CA,"69883 Martinez Burg Suite 868, Fuentesburgh, PR 05241",421.443.5551,GB79CVUN72632503250727,comprehensive,1.4,0
CL002648,Andrew Lawrence,Female,31,widowed,Sales Representative,105792.48,684,GA,"997 Christina Trafficway Apt. 802, Robertfurt, DC 30351",001-476-629-6558x174,GB49XIDM58634478326249,liability_only,1.4,0
CL002649,Elizabeth King,Female,53,married,Retail Worker,112728.14,842,FL,"87636 Stevens Inlet Apt. 905, Edwardsview, MI 74318",+1-223-533-6419x0937,GB69ALAC06112895169781,comprehensive,3.7,0
CL002650,Jason Owens,Male,18,married,Accountant,60102.42,696,TX,"2223 Michael Lane, Turnerborough, WY 18660",+1-712-883-1844,GB59ZSZJ25822649710714,liability_only,14.4,0
CL002651,John Wilson,Female,61,married,Consultant,300162.38,729,NC,"2094 Lisa Plaza, New Johnnyside, NE 19139",480-735-3068,GB66PKHG65889662190114,comprehensive,3.8,0
CL002652,Edward Villa,Female,38,married,Police Officer,72562.37,728,FL,"76024 Heather Turnpike Apt. 828, Port Amyfort, KS 37055",904.491.5608,GB03DSZA21287809280414,full_coverage,3.2,0
CL002653,Christopher Mcgee,Male,73,married,Warehouse Worker,66105.52,710,GA,"3499 Thompson Port Apt. 779, Meganberg, AZ 19326",(294)995-5723x255,GB32KGEJ24942096257735,liability_only,1.9,0
CL002654,Carla Kane,Male,77,divorced,Business Owner,69132.38,733,NY,"598 Bennett Mill, Ryanland, OK 99211",(463)273-2888x62584,GB70ZFGI24422991724401,comprehensive,1.5,0
CL002655,Stacy Porter,Female,80,married,Electrician,58440.24,705,OH,"49304 Wheeler Plaza, New Sarahstad, AR 97798",697-981-3461x8572,GB62FHTR57942016315991,liability_only,0.5,0
CL002656,Amanda Johnson,Male,30,widowed,Teacher,51505.36,664,GA,"7528 Mendoza Pass, Michaeltown, AR 60392",001-947-516-4703x41424,GB60VTYL61967755949583,comprehensive,3.6,2
CL002657,Kenneth Salazar,Male,31,married,Retail Worker,69122.36,590,GA,"18753 Kennedy Expressway, South Samuel, FM 24658",743-847-0674x7169,GB88UJNM53335038363358,full_coverage,0.3,2
CL002658,Samuel Pierce,Male,45,married,Chef,103041.51,787,NC,"43006 Fuller Parkway, Hendersonfurt, CO 84457",001-514-806-6504x42717,GB23SXUB83572324665136,comprehensive,0.8,0
CL002659,Steven Reynolds,Male,18,married,Truck Driver,45727.54,627,TX,"0477 Michael Lane Suite 296, Port Christinebury, VT 10135",+1-407-390-3202x0417,GB21JAUT00348645183760,liability_only,0.3,0
CL002660,Christopher Johnson,Female,76,single,Chef,70048.68,479,IL,"629 Nicolas Branch Suite 142, Edwardview, MO 54538",(818)882-2226x157,GB62AJWY95225417094084,liability_only,0.7,1
CL002661,Charles Haynes,Other,65,divorced,Manager,100501.73,664,OH,"USNS Atkinson, FPO AP 82507",001-631-495-3192x106,GB87VNKQ17197798053043,full_coverage,4.0,1
CL002662,Wendy Adams,Male,62,married,Accountant,86416.87,559,TX,"9580 Nguyen Mall Suite 497, Williamsport, DE 95092",001-466-672-0170x76017,GB25CBFW85630713468258,comprehensive,4.0,0
CL002663,Maria Harper,Male,68,widowed,Warehouse Worker,112013.06,475,CA,"Unit 1667 Box 7205, DPO AP 77963",880.320.7615,GB38CPML46304483847011,full_coverage,1.4,0
CL002664,Sara Meyers,Male,57,single,Warehouse Worker,29998.38,754,MI,"881 Rogers Plaza, North Jaimeport, FL 69538",6462586409,GB32KFFZ24628862526753,full_coverage,0.7,0
CL002665,Nicole Hahn,Male,41,widowed,Truck Driver,88651.41,807,CA,"860 John Oval, Soniaside, NV 07316",918-399-7190,GB90SNSV14084364550732,comprehensive,0.7,0
CL002666,Megan Eaton,Male,67,married,Sales Representative,33539.76,613,NC,"302 Willie Gateway Apt. 242, East Michaelfort, CA 63004",8112488424,GB24CGBG93353412074113,full_coverage,4.9,0
CL002667,Rachel Lucas,Male,80,single,Administrative Assistant,79313.56,788,FL,"86420 Brenda Knolls Apt. 969, North Veronica, OR 18424",753.748.1340x4854,GB90XAVF57176014621445,liability_only,5.4,0
CL002668,Kevin Willis,Male,54,married,Business Owner,178488.91,701,TX,"914 Kevin Valleys Apt. 867, Stacyton, MS 21690",(845)625-3121x831,GB43GFPR81281690454592,full_coverage,1.9,0
CL002669,Kelly Wilson,Female,33,married,Freelancer,19601.75,723,CA,"28749 Solis Gardens, East Blakechester, SD 36648",806.266.6320x66595,GB90ITKC92798990816686,full_coverage,4.2,0
CL002670,Nicole Wade,Female,54,single,Business Owner,17251.02,850,OH,"936 Jennifer Branch Apt. 171, West Alan, MS 93691",5722875754,GB69JIGT64151425621909,full_coverage,2.0,0
CL002671,Eric Schroeder,Male,52,widowed,Accountant,71647.43,532,CA,"4428 Travis Stream, East Christophermouth, UT 44837",7902800600,GB39BUFW69433132255706,comprehensive,0.5,0
CL002672,Samantha English,Female,76,single,Warehouse Worker,49145.51,707,TX,"094 Collins Rapids Apt. 644, New Patricia, IN 07060",336.919.2519,GB51KMIV31629482382430,full_coverage,7.3,0
CL002673,Mindy Stephens,Female,78,married,Retired,44371.59,712,OH,"246 Duncan Summit, New Christina, IN 41257",+1-925-288-7014x073,GB22SXOZ13174791486996,full_coverage,0.1,0
CL002674,John Richards,Male,19,married,Retired,48195.87,697,FL,"3269 Perkins Locks, Arellanoview, OR 15255",+1-226-404-4325x69447,GB60QROL80014476223819,comprehensive,1.8,0
CL002675,Kyle Howard,Male,59,single,Nurse,43158.08,700,NC,"801 Fernandez Road Suite 490, Lake Michael, MS 19901",(885)540-6782,GB96XOGU52734334725560,full_coverage,5.5,0
CL002676,Monique Parsons,Female,60,single,Sales Representative,61876.11,656,IL,"6802 Harris Overpass, South Josephport, LA 80272",228-650-4061,GB36ODOU86156344254060,liability_only,5.4,1
CL002677,Nicholas Alvarez,Female,79,divorced,Mechanic,76565.18,765,OH,"71721 Brent Lake, South Kimberlystad, OK 88328",+1-625-966-7349x0900,GB60PSJW16967678176749,full_coverage,0.7,0
CL002678,Lisa Hayes,Male,78,married,Teacher,41810.13,647,TX,"976 Courtney Squares Apt. 673, Sanchezbury, IA 38044",889-720-9144,GB89SQWP11840002754187,liability_only,8.9,0
CL002679,Joseph Wood,Female,29,married,Mechanic,58703.34,658,PA,"652 Cox Isle Suite 195, Cameronstad, VT 13447",520.313.5308x071,GB98HASI69269620120282,liability_only,3.0,1
CL002680,Brian Frazier,Female,79,married,Construction Worker,42812.86,565,FL,"969 Chaney Vista Suite 420, Chavezbury, WI 47265",727-361-2863,GB42NUDU40556842962835,full_coverage,5.8,1
CL002681,Hannah Wood,Female,62,married,Truck Driver,22930.69,707,NC,"3969 Crawford Village Apt. 264, New Emilyhaven, WI 25200",770-802-5394x689,GB64YBXU89538772242884,full_coverage,2.7,0
CL002682,Antonio Shaw,Male,65,divorced,Sales Representative,46244.65,774,NY,"8761 Goodwin Mills Apt. 589, Mendozatown, LA 93565",396.384.7031,GB26HATV18451430912869,full_coverage,14.1,0
CL002683,Jose Underwood,Male,51,single,Chef,67586.15,668,FL,"5359 Sonya Wall, Kayleeton, KY 19743",861-978-8269x602,GB90MHNX67237478432726,liability_only,6.7,0
CL002684,Dr. Tyler Howell MD,Male,59,single,Electrician,60570.9,607,GA,"281 Mark Turnpike Suite 774, Burnsburgh, WA 37187",331-142-1148,GB23JHCZ67584252679679,liability_only,2.8,0
CL002685,Brittney Harris,Female,70,widowed,Accountant,73643.61,615,OH,"36710 Cassandra Key Apt. 418, Alexaland, PR 20829",531-927-5575x679,GB15WPBM66129879879943,comprehensive,2.7,0
CL002686,Isaac Benjamin,Male,25,single,Warehouse Worker,29290.74,680,IL,"7965 Kenneth Highway Suite 801, West Ryanmouth, ME 48728",571.691.9338x318,GB32QRJR66388815037858,liability_only,0.4,0
CL002687,David Rice,Male,58,single,Chef,109878.5,722,IL,"3105 Rasmussen Loop Apt. 422, Bakerfort, MO 90947",(708)619-2057,GB61EFEJ25013498763228,full_coverage,2.0,0
CL002688,Glen Williams,Male,25,single,Chef,25906.27,797,NC,"87795 John Branch, Debraville, AK 42204",2944977254,GB78XSTR29382320414591,full_coverage,2.4,1
CL002689,Richard Chaney,Male,21,married,Administrative Assistant,60830.39,797,PA,"2436 Sophia Ridge Suite 628, South Brittneyhaven, PR 30799",430-999-8786,GB35WTEF13017237394342,liability_only,3.3,1
CL002690,Christopher Simmons,Male,64,single,Student,52606.3,684,MI,"USNV Rosales, FPO AA 23495",601.382.2710x90554,GB31IDGW79837427915335,liability_only,2.9,0
CL002691,Tommy Lewis,Male,36,married,Accountant,43191.05,518,CA,"0875 Price Fall Suite 561, East Dakotaside, WY 88743",590.545.9927,GB58DYMA24487411167965,liability_only,14.0,0
CL002692,Eric Mckay,Female,63,single,Nurse,64278.02,567,TX,"4346 Parker Wall Apt. 342, Castanedaburgh, CT 24787",(861)212-3847,GB70CHVP47932435234862,comprehensive,10.1,0
CL002693,Lisa Manning,Female,45,single,Freelancer,74842.55,738,TX,"474 April Lake, South Jamietown, GU 50533",238.920.5322x65776,GB30SXNI87334929138941,full_coverage,1.1,0
CL002694,Debra Grant,Female,76,married,Mechanic,60632.22,705,MI,"686 Ward Canyon, South Keithland, SC 80131",(714)604-5038x7247,GB43QQTZ20612532407436,comprehensive,1.7,0
CL002695,Gabriel Hunter,Female,19,divorced,Student,83901.39,749,TX,"6371 Thomas Stravenue Suite 887, South Kaylamouth, WY 08115",001-770-939-3066x27476,GB78JZCU10208613833395,liability_only,2.7,0
CL002696,Joseph Thompson,Male,22,single,Warehouse Worker,46366.1,536,PA,"37257 Johnson Brook, South Tammy, OH 83673",9013137080,GB18SUAY01424316340891,comprehensive,4.4,0
CL002697,Karen Nguyen,Male,47,divorced,Administrative Assistant,75313.97,650,TX,"574 Mathews Crossroad, West Timothyview, VA 94833",341.623.8042x72050,GB20EEHN16364351536922,liability_only,1.2,0
CL002698,Raymond Snow,Female,40,married,Retail Worker,54316.35,693,MI,"827 Moody Passage, North Joshuabury, VA 97238",6946784519,GB90EKQI27581491171599,full_coverage,0.7,0
CL002699,Joseph Sanders,Male,76,divorced,Retired,24065.23,707,CA,"Unit 6636 Box 6238, DPO AA 31260",+1-440-521-8737x6350,GB56OCPZ82174533145321,liability_only,6.2,1
CL002700,Andrew Davis,Male,69,married,Mechanic,86433.07,670,OH,"02969 Shaw Fall, Smithton, MO 21125",3138357750,GB93JSHZ69392685234300,liability_only,1.2,1
CL002701,Julia Browning,Female,21,divorced,Police Officer,33393.8,602,OH,"280 Thomas Neck, Port Kathrynchester, ND 32915",(602)799-7167x144,GB02ZUWX50561705640682,liability_only,1.7,0
CL002702,Jamie Ellis,Male,73,married,Freelancer,95247.8,686,NC,"63560 Mary Bridge Suite 467, Carterberg, LA 22611",325-934-8669x781,GB54LBRD67795133245395,full_coverage,1.2,1
CL002703,Daniel Church,Female,70,married,Electrician,49809.91,775,NC,"998 Kristina Plains, Derekstad, CA 09371",(707)364-7173x32368,GB63XKCN49201049121044,full_coverage,4.2,0
CL002704,Mr. Terry Fox DDS,Male,28,married,Electrician,61741.84,697,MI,"093 Lauren Views Suite 271, West Brandonton, VI 70588",+1-471-671-3562x754,GB97VGCY63254043651123,full_coverage,2.9,1
CL002705,Joyce Jones,Male,65,married,Warehouse Worker,71869.26,574,PA,"3406 West Track, New Marissaview, IA 71699",+1-811-750-7420x91418,GB13EGNW96304763398583,liability_only,5.6,1
CL002706,Alisha Rivera,Male,54,divorced,Software Engineer,72554.29,581,OH,"13784 Jack Lodge, North Jasonberg, OK 24481",+1-761-449-2917,GB41TRSN96185028870337,comprehensive,0.2,1
CL002707,Dale Flores,Male,38,single,Nurse,53929.12,574,CA,"003 Mary Road, East David, TN 15494",(692)412-4471x7465,GB32WYNL32863266678507,full_coverage,6.9,0
CL002708,Theresa Winters,Male,31,single,Sales Representative,98621.35,671,FL,"603 Kristen Valley Suite 094, Benjaminfurt, SD 87879",941.792.3438x56390,GB55ZUEK03777658503366,full_coverage,0.8,0
CL002709,Daniel Patel,Other,62,single,Electrician,69823.45,627,IL,"Unit 4262 Box 1543, DPO AP 44384",904.218.8711,GB16FGXU39218537030742,liability_only,4.6,0
CL002710,Christopher Monroe,Female,67,single,Construction Worker,37769.69,759,OH,"400 Bradley Coves, Justinside, NC 65239",(340)658-0085,GB31AMGU45911238296577,full_coverage,5.0,0
CL002711,Kristin Romero,Female,34,married,Warehouse Worker,23507.78,572,OH,"807 Armstrong Pike Apt. 926, East Tanya, AL 88829",586.282.7609,GB50HJSQ52057364771502,full_coverage,4.7,1
CL002712,Connie Petersen,Male,37,single,Sales Representative,51778.16,675,OH,"94581 Kathleen Plains, Karlahaven, MI 67711",(653)994-7881,GB90RJXS93688376265076,full_coverage,4.6,0
CL002713,Daniel Conley,Female,42,divorced,Police Officer,69206.96,582,FL,"90270 Mills Well, Marissaport, UT 93907",(541)249-1168x976,GB87IAIU95583192927302,full_coverage,2.2,0
CL002714,Gloria Payne,Male,32,widowed,Accountant,37348.67,625,IL,"94216 Armstrong Cove, Rachelbury, PA 80512",8007811977,GB67BODW97462942921759,liability_only,1.2,0
CL002715,Michael Bender,Female,73,single,Accountant,31427.26,683,NC,"412 Mcgee Street, Marissaborough, VT 89794",732.663.7734x303,GB69IYIG77554370695459,comprehensive,0.0,0
CL002716,Linda Dennis,Female,77,divorced,Truck Driver,52484.27,636,NY,"950 Phillip Center Apt. 225, Patrickchester, KY 54393",6327877056,GB86ETWM78249843488165,full_coverage,0.7,0
CL002717,Joseph Stevens,Male,81,married,Warehouse Worker,52266.03,780,TX,"1302 Russell Locks Apt. 835, Lake Christine, KY 97216",709-572-7946x849,GB79VGBY05068261635932,liability_only,2.5,0
CL002718,Kathleen Bender,Male,69,married,Police Officer,71967.15,667,PA,"6360 April Views Apt. 812, Garciamouth, NH 89642",+1-796-240-0633x557,GB18HYRS44991261025488,full_coverage,1.4,1
CL002719,Richard Hernandez,Male,34,single,Business Owner,113882.16,635,FL,"518 Warner Ramp, Melissafort, DE 90693",514-279-4534x312,GB59YEED51751359246812,comprehensive,2.5,1
CL002720,Lauren Cantrell,Male,54,married,Accountant,49401.25,681,FL,"784 Angela Ridges, Wesleyshire, NE 41956",758-747-1336x13911,GB89PMGA65703261989067,comprehensive,1.0,0
CL002721,Mark Monroe,Female,77,married,Mechanic,34548.26,660,NC,"326 Karen Burgs Suite 222, Port Ernestport, VT 91466",+1-789-744-0535x3604,GB13NPHT53874644113397,full_coverage,2.4,0
CL002722,Kevin Cooley,Female,19,divorced,Nurse,64461.48,726,IL,"7421 Walker Bypass Apt. 686, Austinbury, MD 55248",001-430-777-3924x765,GB11GQNX30631539210199,liability_only,8.5,1
CL002723,Ricky Castaneda,Male,33,divorced,Freelancer,55441.63,800,OH,"7488 Marc River, Port Sarah, PW 93644",428.505.2572,GB93QKDY32899433796287,comprehensive,0.8,0
CL002724,Brian Rios,Male,64,married,Business Owner,77910.18,710,FL,"232 Gordon Light Suite 877, Carrton, GA 09138",+1-807-545-4143x95174,GB32WPET09920165826105,full_coverage,8.8,0
CL002725,Tammy Myers,Male,22,single,Freelancer,23160.32,638,NY,"73384 Mcgee Pine, Courtneyton, MT 10780",+1-425-328-2252,GB79KDZR31044238593148,liability_only,3.0,0
CL002726,John Brock,Male,40,divorced,Consultant,38754.9,809,FL,"44672 Elizabeth Hollow, Armstrongville, NM 13962",638-359-7158x6984,GB54EAJG19809937588552,comprehensive,7.2,0
CL002727,Steve Townsend,Female,48,single,Consultant,69526.02,767,MI,"361 Douglas Harbors Apt. 990, South Ian, MP 24053",703-411-3995,GB35UYNL25508727394168,comprehensive,1.7,0
CL002728,Jocelyn Harris,Female,73,single,Retail Worker,79695.16,674,OH,"29225 Bell Island, Sabrinaberg, DE 99531",909-891-3885,GB23POVR71667417132231,comprehensive,3.3,0
CL002729,Scott Smith,Male,23,married,Sales Representative,22812.76,614,NC,"320 Michael Springs Suite 149, Garyberg, MH 70704",001-211-991-2207,GB66QGIZ73646257693222,full_coverage,1.9,0
CL002730,Alexandria Hill,Female,18,married,Sales Representative,67270.3,716,MI,"6526 Jason Ferry, Nicholasfort, UT 40055",+1-668-945-4983,GB57ZBAE59267573133549,comprehensive,4.6,0
CL002731,Tanya Weeks,Female,45,divorced,Manager,133736.08,850,OH,"36193 Daniels Cliffs, Kimberlyview, SD 76016",823-343-3579,GB60UFFP51345340482261,liability_only,0.8,1
CL002732,Heidi Smith,Female,40,married,Retired,140662.62,522,NY,"1284 Molly Forges Apt. 157, South Davidchester, OK 81027",001-583-636-0843x170,GB09MMKW20296179273712,liability_only,2.5,0
CL002733,Rachel Huang,Female,64,single,Electrician,118234.3,677,PA,"43112 Dana Prairie, Lake Walterport, NE 83592",+1-937-351-5377,GB61RGWC64074486270126,comprehensive,5.1,0
CL002734,Tanya Tran,Male,50,married,Retail Worker,41394.66,850,FL,"36550 Gomez Circles, Goodmanton, MP 39026",762.953.2832,GB14BEGV69238599167299,comprehensive,2.8,0
CL002735,Lauren Morgan,Male,18,married,Teacher,83257.77,779,FL,"PSC 5629, Box 2721, APO AE 09500",514.648.0426,GB16ZRCJ21134833946191,full_coverage,0.7,0
CL002736,Kim Hendrix,Female,71,single,Warehouse Worker,33606.07,649,GA,"USS Keller, FPO AP 51958",281-820-0033x8932,GB43BQPZ52331408290198,comprehensive,6.9,0
CL002737,Ashley Campbell,Male,53,single,Electrician,40573.09,613,FL,"548 Jessica Oval Suite 993, Kaitlinville, NE 23497",761.951.1225x10558,GB20RHHL28046575219973,full_coverage,2.9,0
CL002738,Debra Sanchez,Male,22,single,Truck Driver,75710.69,788,CA,"90678 Burgess Burg Apt. 817, Meganton, WA 02708",001-481-646-3655x89507,GB54MNGH89363334438543,comprehensive,16.3,0
CL002739,Danielle Spencer,Female,32,married,Chef,148124.88,710,CA,"Unit 4823 Box 5656, DPO AE 45045",334-400-0682x4059,GB05KXUQ10706275244007,full_coverage,0.7,1
CL002740,Katherine Marquez,Male,46,single,Business Owner,61052.54,609,GA,"15342 Marvin Radial, Lopezport, LA 53422",(762)277-4843,GB60YXTD26111086806793,full_coverage,1.3,0
CL002741,Kelsey Brown,Male,21,married,Student,18519.49,654,MI,"060 Ryan Point, Port Margaret, MT 92309",(985)662-2082x09855,GB70YNQS96045672292497,full_coverage,3.6,1
CL002742,Leslie Howard,Male,21,married,Mechanic,79635.08,706,NC,"83727 Dwayne Course Suite 423, Smithtown, HI 21839",900-776-0131x247,GB67TCSW84772697071080,full_coverage,0.9,0
CL002743,Carol Nguyen,Male,56,divorced,Nurse,51510.56,755,NY,"545 Park Light Suite 120, South Joelborough, TX 80280",359.486.3458,GB59NVSD74107450051190,liability_only,2.7,0
CL002744,Kathy Pham,Female,34,married,Software Engineer,46846.1,691,MI,"44217 Monica Stream Suite 184, Barryton, VI 49493",400.403.0145,GB78YVYJ41425515386571,comprehensive,2.2,0
CL002745,Gregory Casey,Female,60,single,Accountant,100309.73,689,NY,"302 Willie Gateway Apt. 242, East Michaelfort, CA 63004",500-662-6588,GB45VJIY66872553681963,comprehensive,5.2,0
CL002746,Wesley Atkins,Male,63,single,Truck Driver,40354.94,715,MI,"04249 Navarro Port, West Karenville, VI 87344",298-470-7821,GB29DBRR14858982171377,liability_only,0.1,0
CL002747,Elizabeth Scott,Male,24,married,Teacher,48532.29,563,TX,"2029 Dustin Knolls, Joannaside, DE 14575",(869)921-8732x1382,GB25DLHV55213962558144,full_coverage,0.1,0
CL002748,Justin White,Male,41,married,Construction Worker,30202.68,698,CA,"9283 Michael Oval, East Cassandraborough, VT 39745",445-554-0512,GB72SDTA81795031604886,full_coverage,5.7,1
CL002749,Sandra Blankenship,Female,26,married,Retired,49140.98,683,TX,"Unit 7695 Box 7295, DPO AP 19011",882.691.0188x6162,GB65RUFL07250849857171,liability_only,9.4,0
CL002750,Jessica Small,Female,53,widowed,Truck Driver,98295.92,705,OH,"2070 Dustin Row, Port Brianburgh, MP 00838",001-228-458-7470x3350,GB31TPZQ96928499734638,liability_only,2.2,1
CL002751,Corey Griffin,Female,21,single,Retail Worker,49147.37,698,GA,"63154 Jones Burg Suite 966, Wardburgh, KY 55035",(710)999-2022x025,GB33QMWK03244967268772,full_coverage,3.2,0
CL002752,Mitchell James,Female,73,single,Software Engineer,41824.45,660,TX,"5859 Melanie Neck Suite 842, East Elizabethside, OK 49520",621.336.2294x9591,GB56JHNV33778533343704,liability_only,3.7,0
CL002753,Ronald Johnson,Female,41,single,Retail Worker,22099.14,664,MI,"9521 Michael Stravenue, Romanside, OR 84873",8964776363,GB24KVCW66006429273220,full_coverage,2.9,0
CL002754,Michael Payne,Male,81,married,Student,32809.54,648,GA,"76952 Andre Centers, New Johnborough, GU 33699",+1-976-276-7287x3944,GB62JIRG80736228901454,comprehensive,5.9,0
CL002755,Michael Moore,Male,46,married,Nurse,54214.47,625,PA,"12083 Jeffery Mountain Apt. 056, Jamesbury, FL 69615",222-421-6291x041,GB64GVXC35680873053829,full_coverage,3.1,0
CL002756,Danielle Thompson,Female,55,married,Accountant,57222.46,621,GA,"626 Clark Fields Apt. 659, East Jennifer, ND 15070",421.780.7410x02094,GB03ZRIZ87205724708276,full_coverage,2.2,0
CL002757,Kimberly Martinez,Female,46,married,Truck Driver,74834.28,757,PA,"38091 Graham Streets Suite 558, Tracychester, MH 62419",214-457-1126x0877,GB83SQZU91850336479071,liability_only,7.9,0
CL002758,Ashley Johnson,Female,79,married,Chef,48863.0,586,NC,"7312 Williams Cliff, New Joshua, MP 63533",421-297-4244,GB07WLOA23756201038518,liability_only,0.4,0
CL002759,Jonathan Hunter,Female,79,married,Truck Driver,42727.76,613,FL,"5164 Pham Station Suite 749, Hannahland, VA 47273",(473)284-4277x33253,GB48GOFV48841469469264,full_coverage,3.6,0
CL002760,Jennifer Shah,Female,56,divorced,Construction Worker,95602.21,754,IL,"943 Brian Drive, West James, IA 44849",816.952.2894x92723,GB35YEII60040458999647,comprehensive,2.4,2
CL002761,Joshua Wilkinson,Female,24,married,Teacher,36191.4,605,NY,"94746 Barbara Pike Apt. 797, Sherrystad, SD 05998",001-411-775-1633x07342,GB22AHJM07791570814843,full_coverage,6.0,2
CL002762,Christine Sanchez,Female,42,married,Consultant,65394.61,641,GA,"PSC 0591, Box 8680, APO AA 81165",+1-769-969-6211x7251,GB15NJHK54764011630823,comprehensive,0.9,0
CL002763,Mitchell Jones,Female,80,married,Truck Driver,85977.12,721,PA,"11500 William Cove Apt. 591, Port Lauratown, FL 32961",385.244.3875x2611,GB42HRQT00219775998230,liability_only,10.8,0
CL002764,Andrew Wilson,Male,29,married,Chef,15000.0,639,PA,"PSC 2529, Box 6446, APO AA 15102",957.278.3920x49314,GB47JEEK78815021216201,comprehensive,1.8,0
CL002765,Timothy Riley,Male,70,single,Software Engineer,41362.24,531,FL,"3447 Sullivan Road Suite 317, East Patrick, VT 95293",546-453-8920,GB33RVGM81404819638830,liability_only,2.6,0
CL002766,Robert Daniels,Male,19,married,Mechanic,55992.94,599,MI,"9752 Russell Summit Suite 867, East Theresafort, MS 64304",944-375-2711x303,GB67UKZX43911589087411,liability_only,4.9,0
CL002767,Willie Santiago,Male,36,single,Warehouse Worker,115917.48,724,MI,"031 Davis Fork Suite 602, North Harold, VA 92755",705-764-6433x384,GB59GORZ31021451865635,liability_only,0.6,0
CL002768,Brenda Velasquez,Other,73,married,Consultant,76080.96,725,CA,"33064 Donald Parks Suite 484, South Marcus, SC 59356",+1-728-688-6234x557,GB09DQPV95613900077480,full_coverage,9.1,0
CL002769,Bruce Walsh,Male,76,married,Retail Worker,64338.18,543,IL,"Unit 8355 Box 1083, DPO AE 19209",752.622.4046x3147,GB94HMPC11760217060908,full_coverage,0.3,0
CL002770,Victoria Alvarez,Female,62,divorced,Teacher,63331.49,546,NY,"841 Baker Summit Suite 816, Tonyton, MS 14090",(252)641-7845,GB64HTIX91429167324442,full_coverage,1.1,0
CL002771,Gina Smith,Female,33,single,Teacher,70313.98,480,MI,"1690 Patterson Circles Apt. 844, Acostatown, PR 56976",7523620698,GB93FVJN84737058173132,full_coverage,0.8,0
CL002772,Samuel Lowe,Male,80,married,Freelancer,66808.16,578,IL,"765 Chavez Springs, Whitechester, MH 26999",836-525-2081,GB28RUPN28335056110707,full_coverage,1.4,1
CL002773,Nicole Williams,Male,20,married,Consultant,64211.61,575,IL,"46207 Timothy Summit, Richardmouth, NC 93389",539.564.6354x79093,GB37UCWS00436965540067,full_coverage,3.5,0
CL002774,Andrea Ball,Female,56,single,Retired,28660.01,636,TX,"PSC 9696, Box 6485, APO AE 46876",(973)839-1197x69945,GB67FWVL29201836272072,liability_only,0.6,0
CL002775,Kevin Diaz,Female,72,single,Nurse,44700.15,704,NC,"55902 Fox Alley Apt. 333, Johnhaven, WI 18632",853.342.4455x12748,GB39XZTD61366410360031,liability_only,0.3,1
CL002776,Dawn Quinn,Male,28,single,Construction Worker,48256.93,725,CA,"4818 Mullins Vista Suite 517, Wernerside, PR 35205",557.208.7075x79270,GB23RIJS09760850926366,comprehensive,5.7,0
CL002777,Melissa Schmitt,Female,27,single,Freelancer,51817.16,652,OH,"644 Young Junction Apt. 507, New Carolynview, SC 73039",431-817-2649,GB26PSUE53756130015975,liability_only,1.8,4
CL002778,Steven Robinson,Male,77,married,Nurse,58834.57,657,NC,"465 Walter Hollow, Perezton, ME 14913",+1-274-597-7356x6817,GB75SZTV97875563804164,liability_only,1.9,0
CL002779,Alison Walters,Male,72,married,Retail Worker,55926.13,742,FL,"4993 Amanda Spur Suite 830, North Christine, DE 92215",265-966-7471x796,GB13AKZB18802325973668,full_coverage,0.4,0
CL002780,Richard Peterson,Female,59,single,Nurse,115907.72,663,GA,"09273 Tracey Parkways Apt. 424, Port Paulport, SC 29565",257-474-6381x813,GB12KYKI74650324818203,liability_only,8.5,1
CL002781,Judith Trevino,Female,22,single,Nurse,42720.77,735,GA,"54352 Holt Ridges, New Lori, OK 52829",(203)524-4751x630,GB74RPQJ32235942210808,full_coverage,5.6,0
CL002782,Todd Macdonald,Other,33,divorced,Administrative Assistant,88313.13,555,IL,"024 Mary Meadows Apt. 130, Davidsonland, GU 39834",(605)941-0592,GB23TABN82290469953996,comprehensive,1.3,0
CL002783,Kimberly Cooley,Male,63,single,Chef,74389.0,644,FL,"562 Tammy Underpass Apt. 461, North Jennifer, KS 24917",5983444041,GB41LMBT13182551103499,liability_only,3.6,0
CL002784,Jaclyn Dalton,Female,79,married,Mechanic,95264.88,723,NC,"82160 Morrison Prairie, Waterstown, IN 94894",(445)326-9889,GB25LTJU23773296413565,comprehensive,9.6,0
CL002785,Douglas Edwards,Female,42,married,Warehouse Worker,71958.17,595,PA,"3158 Arroyo Squares, New Brianmouth, DC 32441",+1-965-567-7819x4744,GB98HNMH57209944940949,full_coverage,0.9,0
CL002786,Megan Preston,Male,59,single,Construction Worker,75119.78,675,MI,"1113 Long Stream, East Brittney, GU 03684",449.505.4108,GB91EMHE80858555197177,full_coverage,8.7,0
CL002787,Lori Harper,Male,41,married,Manager,16150.06,640,OH,"Unit 1766 Box 3294, DPO AP 59002",001-472-569-5532x8457,GB21ZSMR08354908699336,comprehensive,3.7,0
CL002788,Erica Brock,Female,27,married,Software Engineer,88816.99,574,NC,"USNV Solis, FPO AE 42874",534.508.6839,GB15ZTXR35055500333027,liability_only,1.6,0
CL002789,Larry Barron,Male,50,single,Nurse,133763.62,717,PA,"7126 Walker Valley Apt. 503, West Jeffrey, ME 28906",+1-456-819-5987x345,GB89EFUV10631714548762,full_coverage,4.2,1
CL002790,Derrick Parker,Female,26,single,Consultant,109305.58,593,CA,"8747 James Dam Suite 968, North Lynnborough, IA 88260",549.373.7814x0380,GB36WSUW77844464691372,comprehensive,1.7,2
CL002791,Dr. James Nash MD,Female,53,married,Freelancer,53318.01,696,TX,"046 Smith Summit Suite 551, Tiffanyville, MN 37887",+1-861-703-6977x682,GB90UWVL32928613713436,comprehensive,3.4,0
CL002792,Joseph Randall,Male,42,single,Sales Representative,98297.36,581,NC,"19656 Moody Gateway, Deannabury, OH 79275",862.205.5543x8404,GB41WEWH42321611076031,comprehensive,14.4,1
CL002793,Kyle Dodson,Male,53,married,Manager,81219.67,697,MI,"3707 Burke Villages, Lake Matthew, ND 88703",515-352-4069,GB83YCPN65450522888157,liability_only,6.6,0
CL002794,Donald Jones,Other,46,single,Accountant,29305.28,686,CA,"33230 Villanueva Cliffs, West David, MS 75175",468-245-2942,GB41CIAT64995054349410,liability_only,2.7,0
CL002795,Christina Diaz,Female,21,married,Warehouse Worker,84786.03,627,GA,"55292 Lopez Stravenue Apt. 649, Huntmouth, RI 57209",001-839-206-7662x7022,GB80MPER33815512344263,comprehensive,3.1,1
CL002796,Justin Palmer,Male,66,widowed,Sales Representative,68194.57,664,TX,"130 Stewart Roads Suite 073, North Mariahside, MS 28474",847-215-8926,GB46VSAX00237385780280,liability_only,13.9,0
CL002797,Cassandra Davenport,Male,55,divorced,Chef,40898.55,674,MI,"Unit 9124 Box 6398, DPO AP 67409",+1-958-273-7823,GB55VWDX61816211156743,full_coverage,9.7,0
CL002798,Gary Murphy,Female,26,married,Retail Worker,21369.35,641,FL,"146 Richard Creek, New Carlosfurt, MS 96688",414.803.6406x2470,GB67ZXWN81031494968656,liability_only,5.1,0
CL002799,Ryan Williams,Female,41,married,Manager,38738.55,670,NY,"58368 Tammy Court, Jamesburgh, CA 64680",001-583-505-5876x821,GB97QGEM31965733235115,liability_only,4.3,0
CL002800,David Simpson,Female,40,single,Student,56430.03,675,MI,"038 Thomas Fields Suite 728, Mathisport, WI 50551",934.948.8375x18576,GB38UOIJ17288958704747,full_coverage,15.7,0
CL002801,Michael Collins,Male,24,widowed,Freelancer,27627.7,698,CA,"4521 Brenda Fords, Stefaniehaven, AL 31826",790-668-2207,GB65JYIE15345345249963,liability_only,3.4,0
CL002802,Grant Cruz,Female,55,divorced,Truck Driver,37810.34,705,CA,"79762 Gutierrez Courts, Lisaton, MN 20554",001-744-356-2837x38064,GB85YEEZ54497063463998,liability_only,3.9,1
CL002803,Ashley Blankenship,Female,61,divorced,Accountant,53350.72,731,TX,"Unit 2602 Box 5634, DPO AE 92418",+1-853-868-6632,GB56KKVZ44518952028457,comprehensive,1.3,1
CL002804,Stephen Nixon,Male,74,married,Manager,65617.28,684,TX,"8291 Briggs Fords, Port Monicaborough, MO 43353",001-803-850-4969x2952,GB32KLQX07375476038304,comprehensive,6.1,0
CL002805,Nicholas Hamilton,Male,64,widowed,Software Engineer,54787.0,678,NY,"11912 Amanda Tunnel, Lake Don, OH 13946",(313)215-3965,GB09ILCE10141679085550,full_coverage,1.8,0
CL002806,Leonard Johnson,Male,35,married,Student,41309.57,743,MI,"79123 Brandon Village Apt. 396, Port Robert, DE 04559",534-416-6755x363,GB37HYWZ71856626705192,full_coverage,6.4,0
CL002807,Robert Price,Female,50,widowed,Teacher,74166.52,741,NC,"509 Hoover Drive, New Deniseborough, DE 50918",+1-272-559-3338x168,GB04KKWV79031073852038,full_coverage,6.2,0
CL002808,Brandon Clark,Female,58,married,Teacher,72353.42,699,TX,"202 Stephens Bridge Suite 833, Swansonmouth, MN 95661",672.835.1567x466,GB71ACYP06309360461102,comprehensive,4.4,0
CL002809,Matthew Jarvis,Male,23,single,Truck Driver,31909.02,725,FL,"795 Bowman Roads Apt. 512, North Jeffrey, MD 96936",(551)714-5503,GB87VQFJ48564001418587,comprehensive,1.0,0
CL002810,Jeremiah Reid,Male,54,married,Student,70208.51,850,NY,"31998 Brian Stravenue, South Kari, MP 17761",(633)813-5732,GB32YSXM95753048004146,full_coverage,1.3,0
CL002811,Vanessa Hatfield,Male,35,married,Teacher,54197.91,737,NC,"160 Vickie Knolls, New Matthewfort, ND 62067",(404)939-1488x467,GB22AHJM07791570814843,liability_only,1.6,1
CL002812,Timothy Banks,Female,39,single,Retired,48639.21,658,IL,"78747 Tanner Knolls Suite 681, Robertland, WI 59190",7489543511,GB21TDXN27520425845214,full_coverage,2.4,1
CL002813,Jennifer Newman,Male,77,divorced,Chef,88419.84,620,MI,"PSC 6326, Box 1997, APO AE 11895",001-235-541-6273x114,GB72IBCR55297954550758,liability_only,1.2,0
CL002814,Danielle Alexander,Female,44,married,Software Engineer,37530.33,649,FL,"510 Buck Path, West Nancyville, KY 44687",594-755-0171x2579,GB92TODW20376367037963,full_coverage,0.2,0
CL002815,Colton Pena,Male,47,single,Accountant,99197.53,751,MI,"66806 Bennett Pike Apt. 980, Marcusstad, MI 28641",840.507.6583x413,GB31IVVS12098769418254,full_coverage,0.6,0
CL002816,Brandon Weeks,Male,74,married,Chef,48504.3,611,MI,"2438 Hardin Path, Amandahaven, NE 72450",(433)403-7221x8203,GB53YGVU71428774881630,comprehensive,5.5,0
CL002817,Brianna Murray,Male,47,married,Nurse,68646.31,694,PA,"8541 Donna Cape Apt. 616, Danielview, PW 32879",639.918.4945x6899,GB97UTXU95439218604324,liability_only,2.9,0
CL002818,Mary Ferguson,Male,41,single,Software Engineer,80013.33,704,MI,"480 Campbell Gardens Suite 150, Port Joyborough, GA 62333",+1-592-582-5125x1728,GB08LPRZ42487151617148,full_coverage,2.2,0
CL002819,John Edwards,Female,55,divorced,Sales Representative,126421.05,746,FL,"6362 Nguyen Village, Kimberlyberg, IN 77659",713.765.9048x45878,GB50EEWL61807972468984,full_coverage,2.1,0
CL002820,Elizabeth Henry,Male,33,married,Sales Representative,77583.93,688,IL,"082 Bradley Field Suite 029, Hayesmouth, NE 15464",4264572048,GB60RUPT90317791994139,full_coverage,8.0,0
CL002821,Anthony Hunt,Male,63,married,Chef,59504.09,588,FL,"302 Willie Gateway Apt. 242, East Michaelfort, CA 63004",500-662-1685,GB45VJIY66872553681963,liability_only,3.2,0
CL002822,Peter Curtis,Male,58,married,Administrative Assistant,65664.47,674,MI,"9359 Mason Circle, Garciamouth, VT 11554",359.587.6220x234,GB93VHWO27422091241862,liability_only,10.4,0
CL002823,Eric Hansen,Male,44,single,Freelancer,27114.87,701,NC,"661 Nichols Stream, Mitchellborough, WY 04738",7545233367,GB31OTPD53629077305221,full_coverage,15.7,0
CL002824,Thomas Ortega,Female,23,married,Retail Worker,51355.9,705,OH,"6688 Tracy Groves Suite 706, Elizabethfurt, VA 22133",542-804-3805x7198,GB61BREP23590960567303,full_coverage,0.7,0
CL002825,Darlene Reilly,Male,78,married,Business Owner,30926.71,686,NC,"9563 Hill Manor Suite 404, Jamesborough, UT 64601",+1-824-357-4949x202,GB79JIVV81519036542174,liability_only,6.0,0
CL002826,Andrew Contreras PhD,Male,40,married,Sales Representative,81345.38,744,PA,"243 Gabrielle Park Suite 793, East Stevenshire, OR 68704",936.915.6739,GB45RNDZ50091825612829,full_coverage,12.4,0
CL002827,Herbert Hernandez,Male,18,married,Police Officer,82622.51,724,FL,"906 Allen Courts Suite 545, Jensenmouth, TN 65078",3934820207,GB92LHIL89947978360825,comprehensive,0.2,1
CL002828,Alex Snow,Female,48,widowed,Student,29594.93,681,GA,"10466 Steven Ranch, Port Emilystad, AL 44556",216-316-8410x3378,GB78IBBJ76482202752377,full_coverage,7.5,0
CL002829,Amanda Wilson,Female,45,divorced,Software Engineer,30131.68,709,PA,"2784 Elizabeth Plaza Suite 124, North Juliaberg, KY 37431",+1-481-443-5368,GB24GSPX24042269312163,liability_only,3.3,1
CL002830,Jonathan Foster,Other,59,single,Warehouse Worker,44360.81,601,FL,"302 Willie Gateway Apt. 242, East Michaelfort, CA 63004",+1-708-593-7046,GB45VJIY66872553681963,comprehensive,2.7,1
CL002831,Susan Watts,Male,30,single,Construction Worker,65046.5,580,GA,"44474 Caroline Mountain Suite 252, New Ericaburgh, NJ 80936",909-891-9234,GB23POVR71667417132231,full_coverage,1.8,0
CL002832,Mikayla Perez,Female,25,widowed,Nurse,42776.34,605,PA,"PSC 8775, Box 7692, APO AE 34142",(860)745-0964x66368,GB75DRNW38187301386037,full_coverage,3.4,0
CL002833,Mariah Baker,Female,48,married,Teacher,59528.39,689,FL,"6269 Cole Extensions Apt. 965, Lake Joshuahaven, ND 42123",+1-368-566-2412,GB42JBIL44545714083684,full_coverage,1.6,1
CL002834,Tiffany Cole,Male,46,married,Manager,31422.18,723,TX,"64935 Gerald Track, West Stevenborough, VT 39766",290-782-6828,GB11ITXE06259214810043,full_coverage,2.9,2
CL002835,Cindy Kelley,Male,72,divorced,Administrative Assistant,67709.12,723,PA,"18968 Briggs Mountain Apt. 548, New Jenniferborough, MD 54694",(380)781-1425,GB36GYEI42472569269870,liability_only,2.2,0
CL002836,Joseph Johnson,Female,25,single,Retired,89761.06,643,TX,"304 Matthew Drive, East Michaelfurt, MN 25710",(875)382-3978x8356,GB71XJBZ17825126951350,comprehensive,1.2,2
CL002837,Robert Dawson,Female,70,married,Business Owner,61569.79,770,CA,"83081 Erin Flats Apt. 411, Ashleyburgh, TX 15984",655.394.2051x168,GB98NFBN35618611891794,full_coverage,0.5,1
CL002838,Brian Villa,Male,36,divorced,Freelancer,28455.11,656,NC,"6440 Christopher Square, Nicholasfurt, RI 68940",(711)650-4080x4137,GB94WYIW23211432430735,liability_only,0.8,0
CL002839,Julian Brown,Female,22,married,Retail Worker,73503.22,840,NY,"07830 Jeffrey Village Suite 791, Port Jamiechester, CA 92415",+1-524-236-6141,GB17XLNC17239146801574,comprehensive,3.2,0
CL002840,Rita Wilson,Male,78,married,Manager,50188.93,850,NC,"765 Chavez Springs, Whitechester, MH 26999",836-525-6803,GB28RUPN28335056110707,full_coverage,3.8,0
CL002841,Paige Larson,Male,26,divorced,Consultant,30701.89,726,OH,"791 Nicole Drive Suite 044, Johnsonview, ME 18462",111-556-6484,GB68NQSZ72129580213959,full_coverage,0.1,1
CL002842,Sandra Larson,Female,30,married,Consultant,120093.81,666,PA,"652 Rhonda Hill Suite 551, Daybury, AZ 99138",901.380.3761,GB75TTZJ66466791380114,full_coverage,2.2,0
CL002843,Dr. Ashley King,Female,46,married,Electrician,27302.6,683,CA,"0378 Kaitlyn Land, Barkerhaven, IN 76649",479-732-7762,GB84ITOT17106451304770,liability_only,5.6,0
CL002844,Jessica Kaufman,Male,71,married,Nurse,35694.68,691,GA,"93037 Robinson Key, West Matthew, MI 02599",+1-436-792-6940x881,GB48UCJW33831110915710,comprehensive,0.7,2
CL002845,Sheila Johnson,Male,40,divorced,Nurse,95906.38,703,IL,"80764 Mark Summit, West Melissaville, DC 04738",+1-481-790-7760,GB10ALLX58091862232946,liability_only,0.8,0
CL002846,Jennifer Ortega,Female,18,married,Sales Representative,56802.3,609,MI,"615 Johnson Walks Suite 723, Turnerstad, IL 09072",(508)503-3483,GB03QVXT31771379498106,full_coverage,0.2,0
CL002847,Wayne Martin,Male,35,single,Electrician,54089.79,724,NY,"USNV Holmes, FPO AE 73994",001-212-671-6003,GB23XQYZ74391837067255,full_coverage,0.8,0
CL002848,Megan Castro,Female,71,married,Manager,58083.42,707,IL,"01298 Michael Roads, East Brianahaven, AK 35675",(494)956-2818,GB58MEJH40458344611278,full_coverage,2.1,0
CL002849,Jennifer Reed,Male,27,single,Warehouse Worker,60108.75,664,MI,"042 Amber Union, North Donna, AK 17776",001-514-806-6504x42717,GB69UZCR34404963919195,liability_only,3.3,1
CL002850,William Shea,Female,19,single,Chef,34731.31,658,OH,"Unit 1912 Box 8081, DPO AA 02038",2345746492,GB86KBLS73848032162159,full_coverage,1.2,0
CL002851,Francis Johnson DDS,Male,44,divorced,Warehouse Worker,43238.31,593,OH,"39109 Thomas Spring Suite 104, Rickyton, VA 53368",+1-446-467-3188x19126,GB41AZIL24532444190865,full_coverage,11.9,0
CL002852,Jeremy Sanchez,Female,30,married,Accountant,59376.46,635,CA,"9016 Kevin Villages, Port Peterland, AS 85416",647.510.7054x23037,GB41ZFPK31717153714874,comprehensive,4.3,0
CL002853,Alexander Gray,Female,62,divorced,Retired,76422.96,826,GA,"865 Washington Corner, Lisashire, MA 99753",(364)993-3166,GB36VJCI99246471212336,full_coverage,2.9,1
CL002854,Jessica Johnson,Male,58,married,Administrative Assistant,19031.64,812,IL,"180 Chelsea Squares Apt. 351, Masonfort, MT 20537",948.821.8830x431,GB08EANZ61268113767317,comprehensive,2.2,0
CL002855,Cheyenne Gonzalez,Male,74,married,Police Officer,104043.01,673,FL,"37547 Hoffman Road Apt. 148, Michaelburgh, DE 57545",(812)323-2687x86220,GB93JCGC64220691711063,liability_only,5.7,1
CL002856,Ralph Savage,Female,37,married,Chef,36382.81,768,FL,"85838 Jacob Ford Suite 187, Andreport, IL 46178",314.601.7310x7304,GB48NTZE99244016741224,comprehensive,3.4,0
CL002857,Kristen Ramirez,Female,62,married,Nurse,31886.59,491,TX,"51743 Brian Mountains Suite 345, Stevenside, NV 37842",909-891-4997,GB23POVR71667417132231,full_coverage,13.3,1
CL002858,Patricia Shaffer,Male,45,single,Nurse,83306.55,585,CA,"997 Kristie Plains, Smithborough, LA 99305",583-471-1969x5941,GB71OXHB93361147994595,full_coverage,0.6,0
CL002859,Michael Scott,Female,72,single,Accountant,17858.57,571,FL,"107 Rebekah Brook, East Danielfurt, AR 62912",844.831.2115,GB97QHRK90915816063607,liability_only,8.0,0
CL002860,John Lozano,Male,78,married,Retired,186760.92,804,GA,"214 Schwartz Turnpike, Johnsonstad, KS 83907",001-744-508-4857x78263,GB90CMEV40735606597288,full_coverage,3.2,0
CL002861,Sharon Carey,Female,70,single,Teacher,84665.56,632,TX,"683 Potts Square, Allisonmouth, HI 09019",(252)277-0039,GB97CWMV22535303545794,liability_only,1.0,1
CL002862,Melinda Mcgrath,Other,22,single,Student,50164.95,510,PA,"8872 Samuel Island, Anthonyside, NE 07062",+1-249-825-1589,GB23EGRJ83132160827568,full_coverage,1.2,0
CL002863,Daniel Garcia,Female,73,single,Business Owner,122668.45,626,CA,"307 Wagner Branch Suite 701, Lake Todd, NY 66993",779-364-1920,GB86JXBO01502835710017,liability_only,6.0,0
CL002864,Traci Moore,Other,19,married,Retired,41098.65,843,NC,"PSC 7289, Box 9873, APO AA 90133",111-556-9294,GB22AHJM07791570814843,liability_only,9.6,0
CL002865,Kayla Cruz,Female,26,married,Mechanic,75251.83,647,GA,"008 Jessica Inlet, Palmerfurt, AK 36116",(753)353-0243x242,GB13OKTP45538339088773,comprehensive,8.5,1
CL002866,Bryan Gibbs,Male,42,single,Truck Driver,81418.84,654,OH,"2497 Allen Street, South Tinaton, ND 92049",215.259.9438x385,GB35RNCC51645208359087,comprehensive,0.0,0
CL002867,Pamela Griffith,Male,76,married,Truck Driver,83986.29,736,TX,"11090 Cheryl Curve, Raymondview, AL 06493",001-206-609-4363x252,GB40VWTR23734277627076,comprehensive,9.3,0
CL002868,Mark Jackson,Male,58,single,Retired,92556.89,850,IL,"613 Steven Crest, South Sarah, LA 67199",975-470-5120x4618,GB18DDLS40821545447022,full_coverage,5.4,0
CL002869,Kaylee Lam DDS,Male,41,married,Freelancer,51641.48,644,NC,"80981 Sanchez Meadows Suite 203, Brookeville, MT 40768",419-678-5101,GB06XMSM74930919249034,full_coverage,2.6,1
CL002870,Linda Martin,Female,72,widowed,Student,58022.37,656,FL,"244 Landry Throughway, Lake Kylechester, MI 98067",(912)518-1685,GB14EIXE78691633655268,full_coverage,4.2,0
CL002871,Courtney Griffin,Male,75,married,Student,22222.96,551,IL,"44474 Caroline Mountain Suite 252, New Ericaburgh, NJ 80936",909-891-4451,GB23POVR71667417132231,comprehensive,0.2,0
CL002872,Christopher Holmes,Male,76,widowed,Nurse,69721.18,850,CA,"PSC 2076, Box 0219, APO AE 14722",645.273.1607,GB66RASH69587056456628,full_coverage,0.1,0
CL002873,Alexander Smith,Female,37,married,Freelancer,113089.55,635,IL,"645 Amber Pines, Lake Melissaberg, MO 18851",+1-987-953-6229,GB98MOWQ49192602299613,full_coverage,1.8,0
CL002874,Nicole Hernandez,Male,42,single,Truck Driver,61035.43,757,NY,"4281 Daniel Harbors, Allenhaven, LA 70501",332.669.3315,GB25UBNJ98481614444059,liability_only,6.8,0
CL002875,Mariah Ramos,Female,37,married,Warehouse Worker,40372.98,789,GA,"20112 Oconnell Spring, New Kelly, HI 60473",(210)566-9748x15654,GB79OYIU38259951972274,full_coverage,0.9,1
CL002876,Ryan Hood,Male,25,single,Freelancer,45101.12,501,OH,"634 Cook Lights, New Laurentown, NE 01846",001-407-848-6970,GB49OUFC56090710845789,comprehensive,3.2,0
CL002877,Angel Phillips,Female,62,married,Accountant,39371.19,766,GA,"5687 Richard Highway Apt. 959, West Aprilbury, VA 66735",883.424.9737,GB26VEVP66567779202853,liability_only,2.0,0
CL002878,Evelyn Martinez,Male,27,married,Accountant,145132.57,728,TX,"0107 Joseph Views Suite 177, New Courtneyland, MP 92479",927.385.0879x78229,GB79FAHB23348077758741,comprehensive,4.0,0
CL002879,Amy Clark,Female,44,married,Software Engineer,44288.64,689,MI,"667 Barnett Ridge Apt. 295, Benjaminchester, ND 17653",230.441.5172x45838,GB21PRIS21430669493952,comprehensive,0.4,0
CL002880,Emily Bell,Male,74,single,Construction Worker,144154.04,605,CA,"295 Mcpherson Divide, South Jose, AR 55495",617-489-0668x0242,GB14RBHQ61679700169068,full_coverage,3.8,1
CL002881,Robert Ryan,Other,53,single,Business Owner,31493.91,738,NC,"67927 Justin Ridges, Wigginsfurt, GA 31910",273-810-1383x5242,GB13WEET67167590368785,comprehensive,0.4,0
CL002882,Jasmine Johnston,Male,71,single,Sales Representative,87159.96,663,PA,"PSC 9738, Box 2259, APO AP 40142",563.628.6999,GB48JWAY12792054502361,liability_only,3.8,1
CL002883,Mrs. Julie Murphy MD,Male,31,married,Retail Worker,113875.41,809,NC,"955 Erica Coves, New Brian, MT 31443",4724280569,GB15UHDW03545512300651,liability_only,2.8,0
CL002884,Kayla Miller,Female,72,married,Student,73561.97,702,TX,"982 Gregory Flats, Nguyenborough, IL 39427",813.421.6293,GB38IKTQ01027141647516,comprehensive,1.5,0
CL002885,Christopher Fleming,Female,53,single,Mechanic,50012.74,684,PA,"3294 Rivas Points Suite 538, East Lisatown, MD 83284",308.206.4002x09603,GB15RSQC00634580442582,liability_only,20.1,0
CL002886,Charles Goodwin,Male,65,divorced,Mechanic,116478.74,752,TX,"8291 Kyle Stravenue Suite 866, East Teresaland, NV 61558",4273937145,GB21PADC68646225223728,liability_only,1.7,1
CL002887,James Barker,Male,76,single,Electrician,31491.19,577,NY,"PSC 4407, Box 5844, APO AA 69913",(413)670-3920,GB71URFC19160047049636,full_coverage,11.2,1
CL002888,Anna Jones,Male,69,widowed,Student,63511.73,712,PA,"504 Hawkins Station, Port Jacqueline, WI 65288",(753)544-7363x9180,GB30OIYT73897816572731,comprehensive,0.9,0
CL002889,Eric Walker,Male,19,married,Police Officer,57512.45,600,MI,"9467 Cynthia Stravenue Suite 612, Amandaville, DE 27892",234.918.1625x0430,GB11JQHZ36612651655320,full_coverage,1.1,0
CL002890,James Chambers,Male,79,married,Warehouse Worker,44397.23,607,CA,"6486 Finley Curve Apt. 866, Lake Michael, MI 85488",(729)797-0128,GB89WRRX38619276233799,full_coverage,3.1,1
CL002891,Joseph Fernandez,Male,33,married,Retired,37984.91,782,TX,"USNS Walker, FPO AE 53242",+1-604-801-9387,GB71NFRU59834023360772,liability_only,4.0,1
CL002892,Kyle Young,Female,44,married,Nurse,37390.62,625,TX,"823 Schultz Underpass Suite 473, South Sydneyberg, WA 95743",622-395-7785x9122,GB48GWTS42515114043000,comprehensive,1.6,0
CL002893,Randall Atkinson,Male,77,widowed,Manager,38777.65,686,FL,"01237 Mason Junction Suite 895, New Robert, TX 24826",+1-820-935-0400x49222,GB88ZCPO20912596518823,liability_only,1.1,0
CL002894,Julie Gonzalez,Male,53,married,Consultant,41204.12,717,GA,"751 Scott Flat, South Dwayneborough, PA 36459",(561)995-2613x25318,GB97ZQTA46270613220400,liability_only,0.7,1
CL002895,Joshua Burch,Male,38,single,Retail Worker,65933.24,658,NC,"9973 Shea Manors, Leeburgh, NC 63980",605-926-0610,GB39XENR53413327705662,full_coverage,2.9,1
CL002896,Mrs. Nancy Dennis,Male,30,divorced,Consultant,52573.2,567,NY,"543 Joshua Track Suite 633, Riosborough, AZ 74778",(330)879-6932x154,GB96YWIT18598806999487,comprehensive,3.2,0
CL002897,Richard Smith,Male,58,single,Consultant,128664.08,745,NC,"53307 Melinda Parks, Bowmanfort, MT 70941",001-955-201-6196x69998,GB03NFSY06387473640475,comprehensive,5.2,0
CL002898,Jessica Sanchez,Female,75,divorced,Teacher,49649.41,850,FL,"92711 Graves Fords, South James, GA 64684",801.457.3262x640,GB74JXTJ52164501922700,liability_only,1.8,0
CL002899,Nicole Ashley,Female,48,married,Chef,39694.44,601,GA,"474 Diane Mountains, Jenningsberg, MO 70429",001-457-815-9295,GB50SAYX30008494452241,full_coverage,6.7,0
CL002900,Dr. Courtney Nguyen DVM,Male,61,married,Warehouse Worker,73176.36,669,NC,"644 Young Junction Apt. 507, New Carolynview, SC 73039",264-331-1019x6838,GB26PSUE53756130015975,comprehensive,1.7,0
CL002901,Denise Richardson,Male,57,single,Business Owner,71537.25,563,TX,"4796 Harris Flat, New Alexandraburgh, NY 27857",403-966-1369,GB71QHPS95837809319342,comprehensive,0.3,2
CL002902,Sabrina Richardson,Female,23,single,Nurse,31266.71,661,NY,"0176 Stephen Park Suite 570, West Jeremy, AK 20917",574-705-5843,GB90ITKC92798990816686,comprehensive,6.2,0
CL002903,Christopher Yates,Female,27,single,Software Engineer,58092.82,640,MI,"9384 Ryan Prairie, Josephburgh, MI 94294",5929743106,GB87BRDQ50680208151573,full_coverage,1.3,0
CL002904,Beverly Cochran,Male,46,married,Business Owner,55351.53,515,FL,"7190 Edward Port, Christopherbury, DE 73648",+1-688-839-2053x021,GB10EYAW81155626060290,full_coverage,1.9,0
CL002905,William Fox,Female,50,married,Retail Worker,104277.7,691,CA,"765 Chavez Springs, Whitechester, MH 26999",836-525-8456,GB90QLXC91616294053398,liability_only,3.1,0
CL002906,Sean Woods,Other,41,married,Chef,34888.1,659,FL,"6013 Torres View Apt. 161, Rollinsstad, VI 01685",(517)248-6109,GB79BIOD75580611503858,liability_only,2.6,0
CL002907,Janice Holmes,Female,44,single,Consultant,33126.83,618,OH,"00535 Lori Centers, Hufffurt, VT 92193",(875)498-7795x88530,GB59XBYS72270842052604,full_coverage,1.1,0
CL002908,Christina Smith,Female,75,married,Police Officer,29485.03,723,OH,"Unit 6884 Box 4431, DPO AE 51999",001-696-829-1450,GB64PITI65398402891416,full_coverage,1.0,1
CL002909,Melinda Castro,Female,70,married,Mechanic,51730.67,691,PA,"631 Michael Plains, Holmesbury, CO 93239",(663)459-0972x59244,GB31PASN89689222731279,comprehensive,6.3,0
CL002910,Jacob Reyes,Male,62,divorced,Sales Representative,36143.89,664,PA,"9319 Robert Ford, South James, MI 04842",652-561-8228x6378,GB93KJQO62639469179099,liability_only,3.4,0
CL002911,Eric Thomas,Female,54,married,Consultant,50887.25,675,PA,"2116 Francisco Points, Herrerahaven, SD 29025",837.940.1937,GB43BHEV26561127406159,comprehensive,7.4,0
CL002912,Matthew Moreno,Male,27,single,Business Owner,57104.83,674,NY,"44474 Caroline Mountain Suite 252, New Ericaburgh, NJ 80936",909-891-1212,GB23POVR71667417132231,full_coverage,2.4,0
CL002913,Brian Lamb,Female,34,single,Business Owner,47078.21,671,MI,"2014 Stewart Vista, Solomonchester, MI 07439",988.298.4838,GB20GQJO41347350986130,full_coverage,1.6,0
CL002914,Sierra Meza,Female,58,married,Teacher,97193.71,755,NC,"0240 Wright Fort, West Justinfurt, RI 45512",+1-536-841-2376x3529,GB91KKNS58942462097327,liability_only,4.1,0
CL002915,Rachael Stafford DDS,Male,52,divorced,Consultant,46799.3,629,TX,"3416 Jeffrey Island, North Amyborough, PW 56216",8509535736,GB88WFPJ75848761129794,full_coverage,2.8,0
CL002916,Travis Diaz,Male,55,married,Warehouse Worker,46820.53,624,TX,"0492 Brown Stravenue Apt. 448, New Vincent, PW 11478",560.327.9935x1641,GB73OVCC18551463291463,full_coverage,0.8,1
CL002917,Brenda Key,Male,57,single,Freelancer,250515.72,637,TX,"782 Lopez Oval Suite 987, Millerbury, CT 43971",(221)549-7574x99256,GB57PKZD42085967398526,full_coverage,0.2,0
CL002918,Dustin Lindsey,Female,64,married,Truck Driver,30185.8,649,CA,"803 Watson Point Suite 484, West Anna, MP 44912",001-780-371-2360,GB75HXHY34932290608091,comprehensive,0.9,0
CL002919,Emily Ward,Male,61,married,Mechanic,38436.56,850,GA,"221 Robert Cliffs, North Courtneyport, PW 16618",889-079-7796,GB47PNCH67915083214310,comprehensive,1.7,1
CL002920,Ryan Mcgee,Male,37,divorced,Accountant,47451.2,670,OH,"7487 Rivera Pike Suite 825, East Deborah, NV 17230",574-705-8044,GB90ITKC92798990816686,liability_only,1.8,1
CL002921,Matthew Hernandez,Male,54,single,Consultant,48104.55,706,IL,"34795 Garcia Forge, East Davidton, AK 67217",(407)344-0776,GB87OMLD74789475197735,comprehensive,0.6,0
CL002922,Timothy Cook,Male,54,married,Student,72088.32,802,IL,"51330 Michael Isle, Lake Peterview, DE 18806",433.434.6880x369,GB23SAML57107691549317,comprehensive,1.3,0
CL002923,Justin Lynch,Male,38,single,Software Engineer,64697.82,806,FL,"52640 Luke Streets Suite 295, Lake Jaredland, AR 77364",(951)872-5728x36949,GB51KFJV03473758368372,full_coverage,3.3,0
CL002924,Samantha Martinez,Female,67,single,Business Owner,66509.42,620,NC,"091 Luis Drives, Sarahland, ND 58713",694.664.1197x713,GB26ZYRX35183472090028,liability_only,2.9,1
CL002925,Eduardo Cox,Male,53,married,Truck Driver,45545.14,674,OH,"642 John Estates Apt. 540, Carrollmouth, SC 65630",001-317-556-8787x799,GB31TIDD58242122975059,liability_only,12.8,0
CL002926,Christine Jones,Male,19,married,Student,89088.32,656,MI,"294 Morton Flat Apt. 377, Tracyberg, TN 47822",(614)281-6371x13454,GB86PGBD04876570535632,liability_only,3.3,1
CL002927,Brandy Mcdowell,Male,71,widowed,Manager,64736.3,574,IL,"0909 Wall Heights Apt. 953, New John, WV 94994",+1-750-785-0165x790,GB20MKSD71357852945637,liability_only,15.3,3
CL002928,Jesse Herring,Male,49,married,Nurse,118086.87,550,IL,"375 Johnson Oval, Johnville, WI 28098",7363918915,GB88FSPQ95879597045260,full_coverage,0.0,0
CL002929,Kara Johnson,Female,67,married,Truck Driver,97358.6,753,IL,"52833 Cody Run, Allisonton, OR 09269",(828)550-0007x4654,GB39EPKA09657509691685,full_coverage,1.0,1
CL002930,Casey Lewis,Male,64,divorced,Nurse,54677.79,625,TX,"20387 Brown Route, Hopkinstown, AL 70259",431-817-2177,GB26PSUE53756130015975,comprehensive,7.2,1
CL002931,Parker Nicholson,Female,53,widowed,Freelancer,69089.93,779,FL,"096 Charles Expressway Apt. 736, Lake Jamie, FM 27654",(891)890-2660x838,GB67EQXY46708029996762,liability_only,1.7,0
CL002932,Brandy Banks,Male,58,married,Accountant,32068.48,689,NC,"2651 Maria Mall Suite 975, North Jeffreyport, ME 45871",+1-719-815-3187,GB18AFSL94656602335075,liability_only,4.7,0
CL002933,Paul Ford,Female,32,married,Manager,123354.59,724,CA,"302 Willie Gateway Apt. 242, East Michaelfort, CA 63004",500-662-6336,GB45VJIY66872553681963,liability_only,5.0,0
CL002934,Sean Wright,Male,33,divorced,Student,100446.26,654,FL,"06276 Joseph Well Suite 009, West Jon, UT 61086",751.239.9105x0308,GB44BZSM91780201788475,liability_only,1.7,2
CL002935,Michael Baxter,Female,58,single,Police Officer,45478.44,693,TX,"7641 Simon Canyon, North Robert, MT 95278",001-768-845-7709x29162,GB77VYWV92734472932660,full_coverage,0.8,0
CL002936,Kelly Richardson,Male,71,married,Mechanic,33726.46,623,CA,"20546 Johnson Plain Suite 068, New Zachary, WV 96673",(876)844-0315x639,GB58BZTG63174250712936,full_coverage,0.3,0
CL002937,Jessica Webb,Female,28,married,Nurse,54804.13,689,TX,"7738 Leon Underpass Apt. 148, Clarencebury, TX 41188",705.417.2897,GB69TKFA04615265461033,comprehensive,1.1,0
CL002938,John Peck,Male,60,divorced,Retail Worker,50987.44,735,TX,"14924 Mclean Port, Port Stephanie, OR 60988",+1-400-973-9289x792,GB98VAAR74172619406990,full_coverage,0.5,0
CL002939,Tasha Gomez,Male,22,single,Mechanic,65886.62,771,NY,"794 Salinas Station Suite 374, Myersside, MH 56030",912.704.8976,GB80IOHH90378441161130,comprehensive,7.2,0
CL002940,Eugene Wilson,Female,49,divorced,Truck Driver,61661.14,762,NY,"84970 Vanessa Glens Suite 013, Jeffreystad, TX 23721",+1-249-475-9300x363,GB08SEVP76100260497694,liability_only,1.4,1
CL002941,Sherry Arias,Male,44,married,Teacher,42830.14,498,CA,"71087 Cannon Shore Apt. 443, Tammymouth, UT 66210",+1-757-516-9452x88210,GB41SHXD66111103822586,comprehensive,6.7,0
CL002942,Andrew Crosby,Male,32,widowed,Software Engineer,63436.63,607,NC,"39151 David Squares, Port Samanthamouth, NC 33483",(726)939-7024x5875,GB09MUUX92718544001927,full_coverage,0.6,0
CL002943,Rebecca Davis,Male,47,married,Sales Representative,118164.23,685,FL,"41771 Lee Knolls Apt. 926, Lake Matthewville, AK 76913",842.391.9236x450,GB92FKUR81066991700628,comprehensive,0.2,0
CL002944,Sean Malone,Female,53,married,Construction Worker,41095.89,682,OH,"2945 April Squares Apt. 698, West Monica, GA 75198",(973)513-3598,GB73YJEW85810191477962,full_coverage,3.7,0
CL002945,Misty Ryan,Female,37,married,Retail Worker,30568.02,597,OH,"043 William Walks, East William, ME 18331",948-736-3951,GB45WMGY02224394717286,comprehensive,0.9,1
CL002946,Mark Garcia,Male,23,married,Truck Driver,53476.06,696,GA,"08362 Daniel Park Apt. 079, Fernandezport, CA 45842",369.644.5070,GB18KNDA92551461983890,liability_only,4.3,0
CL002947,James Smith,Male,58,single,Software Engineer,85253.57,669,CA,"40835 Crawford Brook Suite 935, Hawkinshaven, CO 30074",001-445-797-2652x343,GB26ZJIT31750831262309,liability_only,2.0,2
CL002948,Anthony Cunningham,Female,46,married,Warehouse Worker,35497.03,665,OH,"1545 Tara Lodge, Lake Mollymouth, MT 07605",670-718-4094x35334,GB31AMGU45911238296577,liability_only,4.1,0
CL002949,Casey Wallace,Female,27,divorced,Mechanic,29383.44,656,GA,"515 Valdez Plain, New Kelsey, CT 42480",(857)420-6280x738,GB29CKFI72851299401146,liability_only,7.9,1
CL002950,Dylan Poole,Male,55,single,Truck Driver,61782.92,589,OH,"2560 Pamela Well, Kathyshire, MS 76849",+1-278-319-3327x310,GB26QPTI01846883536488,full_coverage,11.9,0
CL002951,Katherine Cain,Female,71,married,Nurse,24084.04,714,OH,"268 Klein Summit Apt. 679, East Brandonstad, MT 40175",001-375-767-1175,GB72FREZ20415817560918,full_coverage,3.1,0
CL002952,Jessica Graham,Female,68,married,Manager,55209.79,630,PA,"62438 Gregory Port Suite 825, East Tammy, SD 93314",(565)649-0484x44835,GB81XKJA71320941176232,comprehensive,5.3,0
CL002953,Rickey Romero,Male,21,widowed,Electrician,129561.11,810,NY,"5881 Duffy Overpass, Grahamton, WA 44427",(800)746-1776,GB24RZZI25518931318417,full_coverage,1.7,0
CL002954,Christina Orozco,Male,26,widowed,Administrative Assistant,30849.53,721,OH,"66115 Smith Forks Apt. 838, West Alexandriaport, WI 62181",9919284878,GB21KQXC28113743771541,comprehensive,1.9,1
CL002955,Amy Johnson,Female,38,single,Freelancer,93007.63,719,PA,"7291 Robert Forge Suite 235, South Robert, MH 91981",812-239-7832x987,GB74UBZT27559467267708,full_coverage,10.0,1
CL002956,Katherine Floyd,Female,40,single,Software Engineer,40480.94,633,IL,"7295 Cox Harbors, New Cindyfurt, MN 66193",001-641-681-7434x239,GB03LGEI28719605288251,comprehensive,2.2,0
CL002957,Lauren Wade MD,Male,71,married,Teacher,40712.6,643,MI,"170 Raymond Ways Apt. 402, Blackwellport, PR 17723",379-455-2522,GB73QFAA36828879513436,liability_only,4.0,0
CL002958,Anthony Mendoza,Male,25,single,Nurse,101035.2,661,GA,"687 James Knolls Suite 132, Anthonyview, CA 05080",500-662-7256,GB45VJIY66872553681963,full_coverage,1.5,0
CL002959,Christopher Graham,Female,31,widowed,Retail Worker,63571.81,727,NY,"102 Webb Flat, Patrickport, IN 13243",001-549-308-3631x782,GB53GFWR86392781525679,liability_only,17.9,0
CL002960,Monica Shea,Female,38,married,Chef,32312.33,683,TX,"9159 Lisa Prairie Apt. 520, Williamstown, VA 53868",+1-949-235-4693x6361,GB31QGVO31608403459988,full_coverage,1.5,0
CL002961,Miguel Santana,Female,81,divorced,Freelancer,40275.66,729,OH,"9958 Joshua Brooks Suite 977, East Sarahton, PA 19566",234.868.4272,GB66VTYK70111165407456,liability_only,13.0,1
CL002962,Timothy Neal,Female,78,single,Warehouse Worker,37587.42,617,IL,"76325 Ross Ramp Suite 798, East Tiffanytown, NM 57616",(858)494-5621x7481,GB71PAWL66697127646851,comprehensive,1.8,0
CL002963,Ashley Gonzales,Male,77,single,Software Engineer,57844.0,608,FL,"9607 Kevin Flat Suite 723, Benjaminberg, MA 69549",597.507.2476x879,GB52QDBX77311496066093,comprehensive,2.0,0
CL002964,Laura Brown MD,Male,80,single,Electrician,35888.21,694,MI,"784 Danielle Inlet, Lake Stevenmouth, KY 86156",519-703-6716x029,GB73LGGY25173136504509,full_coverage,2.5,1
CL002965,Timothy Reynolds,Female,73,divorced,Nurse,28849.07,588,TX,"646 Carol Court, Christopherberg, MH 13701",9005872002,GB17HDMM99846054184958,full_coverage,2.5,0
CL002966,Tiffany Mcmillan,Male,34,divorced,Mechanic,83127.45,682,MI,"69023 Barnett Island Suite 451, South Benjamin, MP 06667",606.659.3091x843,GB02FTIY21533385327586,liability_only,5.4,1
CL002967,Justin Payne,Male,55,single,Administrative Assistant,94460.16,614,CA,"4360 Courtney Common Apt. 389, Kevinmouth, NY 97687",+1-936-754-5649,GB51PPNK72493956799714,comprehensive,2.8,0
CL002968,Philip Mcbride,Male,43,married,Truck Driver,89558.86,711,GA,"125 Bowers Ford Suite 866, West Kennethbury, PR 95033",514.271.7259x49432,GB63QLOE57482282186822,full_coverage,11.4,1
CL002969,Ashley Thomas,Female,50,married,Mechanic,64078.32,576,CA,"374 Ralph Walk Apt. 898, North Stacy, NV 23160",001-347-281-2914x28341,GB44PVOE94209548149737,comprehensive,2.0,0
CL002970,Denise Graves,Female,34,married,Warehouse Worker,46535.66,741,NY,"042 Amber Union, North Donna, AK 17776",+1-649-604-7128x14429,GB15CIDR18615155423401,liability_only,3.2,0
CL002971,Walter Peterson,Male,38,single,Mechanic,52209.49,654,FL,"3934 Powell Shore, North Christie, KY 62412",677-385-1311x39840,GB13CSXP71680064212012,comprehensive,0.2,2
CL002972,Thomas Richardson,Female,60,married,Administrative Assistant,38388.55,758,TX,"65612 Williams Lakes, Dakotamouth, ME 83680",+1-689-783-9932,GB11MSYR40504694435735,liability_only,3.5,1
CL002973,Sarah Burton,Male,65,single,Sales Representative,76517.12,638,IL,"6708 Amanda Dam Apt. 050, Samuelfurt, VA 96995",8589865627,GB08XAQD52115073249745,comprehensive,10.9,0
CL002974,Dustin Tate,Female,57,married,Mechanic,60988.6,689,NY,"281 Mark Turnpike Suite 774, Burnsburgh, WA 37187",904.944.0352x958,GB49IXKP08533018285958,comprehensive,1.5,0
CL002975,Kenneth Brooks,Female,68,single,Chef,107409.38,733,TX,"30098 Daugherty Stream Suite 686, North Ericview, ME 02667",(550)933-3751x4531,GB79YCJJ26840278681264,liability_only,0.7,0
CL002976,Rhonda Long,Male,28,divorced,Teacher,62044.24,756,CA,"752 Emily Haven, South Timothy, NH 90798",337.492.2325,GB60RLYI59521892721072,full_coverage,3.4,1
CL002977,Zachary Jensen,Male,72,divorced,Nurse,29950.0,661,TX,"496 Catherine Freeway Apt. 022, Lake Courtneyshire, NM 78551",599-600-0749x309,GB89JHHN32345811708132,full_coverage,3.6,1
CL002978,Gabriela Patton,Female,53,single,Sales Representative,40290.52,706,GA,"96342 Davis Trail, Garrettland, HI 51174",+1-598-597-3277x696,GB59OTKX34066816484817,full_coverage,5.9,1
CL002979,Jacob Stewart,Female,29,divorced,Construction Worker,38049.65,587,NY,"08759 Elizabeth Street Apt. 029, East Coreyborough, SD 62504",+1-850-747-7291x095,GB21NPBF39575462162448,full_coverage,0.9,1
CL002980,Kevin Oconnor,Male,51,widowed,Mechanic,102329.09,612,NY,"444 Douglas Vista, New Megan, MS 79402",001-841-330-0578x777,GB03YXJS97165163115553,liability_only,1.7,0
CL002981,Ryan Reyes,Female,58,married,Accountant,105110.05,823,IL,"0042 Dunn Coves, North Karen, MP 62782",393-436-1652,GB02YNNK56251557776268,full_coverage,1.2,0
CL002982,Dennis Cook,Male,40,divorced,Software Engineer,116241.65,673,GA,"981 Jackson Cape Suite 651, Port Susanside, AZ 89653",372.350.4598x7359,GB23IUVM00036271308374,liability_only,6.9,1
CL002983,Melissa Solis,Female,65,divorced,Accountant,58304.95,575,PA,"211 Ryan Centers Apt. 574, Smithtown, PA 11931",727.971.7242x8192,GB20TIWA60891318373413,liability_only,2.0,1
CL002984,Catherine Merritt,Female,68,single,Accountant,42721.66,609,MI,"17009 Sims Road Apt. 874, Tylerton, PR 61930",974-423-7796x766,GB07PHFM63202773475841,full_coverage,14.2,0
CL002985,Jason Hernandez,Male,23,single,Retail Worker,68304.84,694,TX,"106 Hopkins Mountains Suite 845, North Scottbury, MI 64988",(280)874-8911x02368,GB41RNET97615743562419,liability_only,0.7,0
CL002986,Amanda Miles,Male,18,married,Police Officer,26013.21,733,CA,"45067 Cook View, South Joshua, RI 36949",(372)292-7582x024,GB92BZVM35244827371052,full_coverage,7.7,1
CL002987,Danielle Evans,Male,73,married,Police Officer,87730.69,750,NC,"780 Jimmy Spur Suite 316, Port Cynthiaville, NV 22306",+1-239-528-2722x99275,GB74LFGR05525782841067,liability_only,1.5,0
CL002988,Steven Proctor,Female,67,married,Sales Representative,40608.53,717,FL,"70216 Rivera Greens Suite 345, Jenniferside, MH 44306",+1-833-569-3418x4706,GB63JSRI85163804070793,full_coverage,0.0,0
CL002989,Ian Drake,Male,66,single,Freelancer,58564.38,723,IL,"24241 Wright Landing Apt. 064, South Diana, VT 12976",379.795.6353,GB33HCVI95013649718924,full_coverage,14.3,0
CL002990,Samuel Higgins,Female,24,divorced,Accountant,45691.02,656,TX,"152 Paul Unions Suite 067, Nguyenton, IL 31521",269-248-1835x2678,GB31EANA29015882903749,liability_only,5.5,1
CL002991,Michael Brown,Male,66,single,Chef,55744.56,677,CA,"1272 Thomas Freeway, Deannafort, IL 94463",484.455.9058,GB91JCXP64424455910358,liability_only,1.7,0
CL002992,Danielle Brooks,Female,51,divorced,Accountant,32000.45,643,CA,"28749 Solis Gardens, East Blakechester, SD 36648",401.212.6032,GB90ITKC92798990816686,comprehensive,0.0,0
CL002993,Benjamin Fowler,Female,68,married,Software Engineer,25695.5,539,PA,"123 Bailey Extensions, Johnsonville, DE 29918",931.477.0157x7282,GB84DAXY49208986159517,full_coverage,0.3,0
CL002994,John Ramos,Female,50,married,Teacher,64682.68,692,GA,"643 Castro Point, Port Sarahfort, MD 83657",902.574.4688x20590,GB83WFUT99434965158237,liability_only,1.0,0
CL002995,Brian Jackson,Male,43,single,Business Owner,80036.06,850,CA,"7787 Wilson Via, South Luke, CA 85847",+1-669-896-1938x07836,GB98UDFR17859754348092,liability_only,2.5,1
CL002996,Angela Hoffman,Male,29,single,Warehouse Worker,40344.58,580,FL,"5425 Dawn Parkway Apt. 021, Allentown, OK 77227",001-906-857-6224x314,GB89NPAT65975835867729,liability_only,3.6,0
CL002997,Mr. Nicholas Lawrence IV,Male,59,single,Consultant,92676.6,573,GA,"49618 Hill Circle Suite 469, North Jessicahaven, ND 30056",+1-723-975-4484x05865,GB37ZLGF72587957920452,full_coverage,0.7,0
CL002998,Wayne Kennedy,Male,71,married,Retail Worker,52991.13,740,NC,"759 Torres View Suite 642, Dennisview, MH 47603",001-541-839-4896x88294,GB05DBNH75873863825826,full_coverage,1.7,1
CL002999,Lonnie Daniels,Female,69,married,Consultant,97043.85,680,IL,"975 Valencia Village Apt. 123, New Juan, TX 95220",677.449.4906,GB30YCAC59763933728535,full_coverage,7.9,0
CL003000,Timothy Tran Jr.,Other,35,single,Retail Worker,78269.93,568,OH,"594 Rodney Port Apt. 785, Lake Timothy, OH 55253",400-478-6799,GB89VTOD85017437264425,full_coverage,0.6,0
CL003001,Logan Barnes,Female,75,widowed,Electrician,93979.36,743,NY,"89226 Marie Path Apt. 422, Sarahbury, MI 68513",603.235.2110x392,GB23VOFE56053134026650,comprehensive,2.9,0
CL003002,Jon Dominguez,Female,18,married,Chef,121904.83,653,MI,"26599 Griffin Camp, South Hollyberg, UT 36613",876.505.0244,GB33HNMR79457543604063,comprehensive,10.5,0
CL003003,Bethany Kent,Male,69,divorced,Student,63518.51,818,PA,"125 Lee Course, East Daniel, GA 51257",001-936-668-3528x360,GB48HHJY48815687058654,full_coverage,4.0,0
CL003004,Michael Martinez,Male,44,married,Student,105556.07,701,FL,"737 Jason Hill Suite 104, North Stephanie, FM 80085",(729)328-7081x8583,GB13WYHT74151778279972,liability_only,1.8,1
CL003005,Kelli Taylor,Female,62,single,Business Owner,37405.52,595,NY,"6946 Jacob Walk, West Whitney, KY 27258",9926684730,GB93UZVQ32497932738970,full_coverage,3.8,1
CL003006,Isaiah Edwards,Male,39,divorced,Sales Representative,40841.15,598,FL,"5951 John Throughway, Michaelmouth, MT 14125",628.354.1398,GB18NBXZ62012750547803,full_coverage,0.3,0
CL003007,Nicole Lewis,Female,43,single,Retired,43264.91,697,PA,"68044 Pamela Green Suite 913, New Christopherland, MA 07929",(452)319-1474,GB27IOZG19694570547365,full_coverage,9.7,2
CL003008,Grant Cohen,Male,49,divorced,Retail Worker,46952.7,764,TX,"2666 Luna Radial, Davidtown, FL 37661",+1-661-625-8566x14699,GB94JFWG59536796540851,full_coverage,3.3,0
CL003009,Peter Li,Female,22,married,Construction Worker,102891.9,750,CA,"00846 Hahn Courts Apt. 808, New Garyside, TX 32725",001-540-288-7612x443,GB94GWCT83761743581577,full_coverage,1.0,1
CL003010,Desiree Fuller,Male,20,single,Construction Worker,23895.93,769,CA,"945 Daniel Locks, Port Sheilaville, GU 11033",(579)262-3501x380,GB05WNQN24592847313446,liability_only,1.4,2
CL003011,Adam Ferguson,Female,32,divorced,Truck Driver,36903.09,734,GA,"7075 Brown Rue, North Mikeville, SD 11631",001-604-290-3946x0572,GB03ADEZ54386550750977,full_coverage,1.5,0
CL003012,Christina Thompson,Female,47,divorced,Sales Representative,42543.44,713,IL,"943 Murphy Ford Apt. 055, Bartonmouth, FM 18156",001-874-862-4125x304,GB89BEDF75743100028835,full_coverage,0.1,1
CL003013,Alyssa Harrington,Male,68,single,Software Engineer,111111.17,520,OH,"8514 Lindsay Vista, New Sarahview, AK 24148",(723)497-2652x73543,GB08IUVP15890429025725,full_coverage,1.6,1
CL003014,Gabriela Fuller,Female,46,widowed,Nurse,41364.47,710,IL,"32487 Jordan Pike, Port Timothytown, NM 37020",+1-707-274-6347x16662,GB65PQMU22830763751217,full_coverage,2.5,0
CL003015,James Meyer,Male,40,married,Freelancer,25918.1,602,IL,"2011 Ware Cape Apt. 439, Kendrastad, NJ 14347",001-320-210-0174x833,GB47NVTM18954931811065,full_coverage,0.4,0
CL003016,Jordan Hernandez,Male,20,single,Software Engineer,35380.24,714,CA,"5255 Carol Meadows, South Christopher, SC 92783",461.743.9137,GB87JCMZ08420410794259,full_coverage,2.4,0
CL003017,Erika Wilson,Female,48,married,Software Engineer,86158.27,800,GA,"1485 Boyd Loaf Apt. 913, Christinaburgh, PW 02360",738-353-0960x732,GB92PNYL32939530321069,liability_only,2.0,0
CL003018,Tara Ferguson,Female,37,divorced,Consultant,86137.72,693,NC,"171 Williams Flat, Charlenemouth, NV 61872",+1-910-860-4266,GB46CYOC93400292342532,liability_only,3.0,0
CL003019,Micheal Payne,Female,61,single,Business Owner,53562.12,754,PA,"1645 Johnson Corner Suite 889, Port Leslie, UT 81896",608.472.7461,GB77EIPP46131009776507,liability_only,3.4,0
CL003020,Emily Ward,Female,52,married,Construction Worker,28830.27,726,TX,"91051 Jack Mountain, Deniseport, MA 14489",272.740.8767x6618,GB69MHKP69206245809753,full_coverage,3.1,0
CL003021,Desiree Maxwell,Female,18,married,Mechanic,75769.57,718,OH,"29667 Patrick Meadow Apt. 532, Joshuaberg, AZ 80993",+1-810-474-2799x0772,GB26WDEX84639855474355,full_coverage,2.8,0
CL003022,Mrs. Jocelyn Terrell,Male,30,married,Chef,225106.26,806,FL,"09683 Chase Valley Suite 881, South Patrick, SD 36729",216.753.2613,GB83VMNN56008610529202,liability_only,9.9,2
CL003023,David Snyder,Female,58,married,Administrative Assistant,37050.3,638,MI,"937 Dana Common Apt. 510, Alanmouth, CO 60693",491-497-0732x049,GB41RHLS49972949040835,liability_only,1.8,0
CL003024,Louis Bass,Female,61,married,Freelancer,57228.11,714,OH,"2077 Sharon Point, Port Brett, WY 62175",(834)287-2660x486,GB32DNTX10330995993781,full_coverage,1.8,0
CL003025,Jason Garrison,Female,78,married,Sales Representative,127385.06,674,MI,"21044 Higgins Well, Danielfurt, IA 47327",743-461-9406x307,GB34CZPA98865863264666,full_coverage,2.8,0
CL003026,Joshua Burch,Male,79,married,Freelancer,105376.65,698,NY,"3487 Joshua Club Suite 345, Patricialand, DC 20270",717-899-3136,GB21JAUT00348645183760,full_coverage,2.6,0
CL003027,Adam Cruz,Male,47,single,Truck Driver,48130.38,596,PA,"392 Caleb Key Apt. 311, Perkinschester, MD 36599",(660)255-6903x731,GB23BPXG46768285915659,liability_only,0.6,2
CL003028,Brent Fleming,Female,25,divorced,Electrician,28861.55,676,NC,"35225 Joshua Radial Suite 872, Montgomeryside, WA 25765",431-817-3219,GB09MLPW69217256750343,full_coverage,7.1,0
CL003029,Jennifer Walters,Female,59,married,Student,92260.44,690,CA,"78524 James Shoals Apt. 539, Robertland, ID 05192",(359)415-5420,GB83CNTL67350787390378,full_coverage,8.4,0
CL003030,Samantha Ho,Other,57,widowed,Warehouse Worker,54870.72,642,TX,"228 Nancy Stravenue Apt. 197, Ortizchester, MH 22682",001-241-474-2283,GB11ILNG27336269158544,full_coverage,20.1,2
CL003031,Stacey Duncan DDS,Female,58,single,Administrative Assistant,82241.13,720,TX,"644 Young Junction Apt. 507, New Carolynview, SC 73039",+1-734-397-5007x1125,GB26PSUE53756130015975,full_coverage,0.2,0
CL003032,Tracy Phillips,Female,39,single,Business Owner,75002.08,582,IL,"2072 Rosales Wells, Wrightbury, PA 09582",(238)494-8915,GB79DSDL80596015935769,comprehensive,0.4,0
CL003033,Joshua Kelly,Male,44,widowed,Administrative Assistant,29732.99,559,GA,"806 Rachel Ville, Johnsborough, FM 32445",7726067097,GB92CEWF30394607634595,comprehensive,5.7,0
CL003034,Kirsten Hernandez,Female,58,single,Business Owner,193569.2,750,NY,"05244 Stephen Lodge, Ryanshire, DC 50206",807-416-2635,GB80KQIK98397829086498,liability_only,1.7,2
CL003035,Anthony Kidd,Female,50,divorced,Sales Representative,126423.2,646,TX,"30616 Leonard Gateway Suite 643, Taylorshire, LA 73848",702-634-0333x2427,GB16XMCU25795335170865,liability_only,4.0,1
CL003036,Tyler Gonzalez,Male,76,married,Chef,31365.09,715,CA,"56697 Howard Cove, North Craig, RI 11113",(698)473-1500x904,GB89LLOE51589271259726,full_coverage,0.7,0
CL003037,Alicia Benson,Female,41,married,Chef,69380.79,523,MI,"75216 Nathan Branch, Nicoleville, NE 99039",8034522825,GB13QTAW06721566287170,full_coverage,0.9,0
CL003038,Chelsea Foley,Male,23,married,Manager,32104.52,628,IL,"979 James Hollow, Aprilmouth, NJ 66781",457-874-7239,GB09TNCD67901892926673,comprehensive,3.0,1
CL003039,Leslie Sullivan,Female,42,married,Retired,109493.57,717,PA,"023 Murray Shoals Suite 851, Robinbury, MN 82905",250-339-4590,GB03DSZA21287809280414,full_coverage,1.9,1
CL003040,Patricia Flores,Male,71,married,Software Engineer,70351.57,613,OH,"140 Baker Unions Apt. 826, South Anthonychester, MS 54355",(459)683-9258,GB65WDIR31031295314964,liability_only,7.0,0
CL003041,Emily Willis,Female,61,single,Mechanic,67885.62,603,CA,"460 Drake Mountains, South Timothybury, WI 84884",+1-447-547-9459x934,GB13JWKS31413962916618,full_coverage,2.4,0
CL003042,Joshua Vasquez,Male,80,divorced,Warehouse Worker,114976.49,664,PA,"44474 Caroline Mountain Suite 252, New Ericaburgh, NJ 80936",909-891-2648,GB68UPPT04899895130376,full_coverage,0.5,2
CL003043,Mr. Wayne Smith,Female,81,married,Truck Driver,86011.91,651,IL,"85289 Colin Springs, Coxchester, MI 29016",558.370.8451x961,GB27YGZO25902653588185,comprehensive,2.4,0
CL003044,Tammy Miller,Female,74,single,Freelancer,48460.03,711,FL,"18559 Gordon Ridge Suite 637, Samanthaview, SC 82008",357-351-7574x15909,GB64YTST21629806148980,liability_only,0.7,0
CL003045,Cathy Keller,Female,34,divorced,Manager,78680.67,674,FL,"1737 Brianna Skyway, East Jessicabury, AS 52200",+1-935-983-7345x5646,GB47UXJT22313915103793,liability_only,7.2,0
CL003046,Kim King,Male,27,single,Accountant,45532.59,818,OH,"73328 Christian Pines, Laurenhaven, OR 19632",+1-558-870-1545x84127,GB76WKJU74965781682054,liability_only,2.5,0
CL003047,Steven Smith,Female,20,married,Manager,31237.57,722,NC,"90138 Perez Bridge, Edwardsland, WA 99478",(447)785-3724,GB18CDDP10912361634066,full_coverage,0.6,0
CL003048,Ashlee Henderson MD,Male,19,divorced,Retail Worker,53602.04,787,PA,"USNS Atkinson, FPO AA 90636",899-504-9839x54541,GB16EGYF47648945581789,comprehensive,4.0,0
CL003049,Dalton Austin,Female,35,divorced,Freelancer,30809.93,814,MI,"3287 Taylor Valley Apt. 196, Robertville, VI 08990",(757)502-1416x625,GB83TRWO94568780775332,full_coverage,3.4,0
CL003050,Angel Morgan,Female,51,single,Teacher,70068.1,654,CA,"0330 Cheryl Creek Apt. 592, Davisstad, MS 54903",711.960.8970,GB33DTFT57470800514642,full_coverage,2.8,2
CL003051,Darlene Sullivan,Female,78,divorced,Mechanic,38693.02,598,FL,"010 Cynthia Track Apt. 531, Judithbury, KS 12783",3398282929,GB66WSYH57576024282303,liability_only,3.0,0
CL003052,Michael Webb,Female,81,married,Software Engineer,92187.39,827,NC,"63393 Glen Center, Lewisborough, NV 61455",001-780-951-7256x0519,GB18MUCW12932955972917,liability_only,0.5,0
CL003053,Tony Robinson,Female,52,widowed,Manager,80448.79,770,FL,"516 Ayala Village, Travisside, VA 18481",598-350-3371x4471,GB39MROL28665243423288,full_coverage,4.0,0
CL003054,Jeremy Floyd,Male,39,single,Retired,34904.59,597,CA,"3417 Pierce Square, Popeton, RI 42679",444-997-5553x0759,GB55ZOVZ58091819158214,liability_only,0.8,0
CL003055,Robert Wood,Other,20,divorced,Teacher,127735.26,735,NC,"048 Sandy Trace Suite 738, South Heather, NV 16356",(428)446-8915x5582,GB43LBAK52767017693915,full_coverage,0.3,2
CL003056,Amanda Torres,Male,57,single,Freelancer,79348.48,623,GA,"239 Carroll Village Suite 575, Pagemouth, AK 56347",529-822-0122x337,GB03NMBY48949068048051,full_coverage,5.7,0
CL003057,Jay Sanchez,Female,47,single,Construction Worker,37631.39,617,NY,"93338 Kimberly Plain, West Laurieside, DC 46238",(981)731-5083x6334,GB75YSNO24016656433760,full_coverage,1.2,0
CL003058,Rebecca Alexander,Male,39,married,Nurse,31113.16,623,IL,"4804 Bryant Valleys, Destinyberg, MN 37567",+1-278-202-1644,GB13OVQB94475023309085,comprehensive,3.4,1
CL003059,Anthony Glover,Male,71,single,Mechanic,63049.92,790,IL,"PSC 6884, Box 1973, APO AA 95289",776-372-2977x320,GB75KOBQ50371632449244,full_coverage,3.0,0
CL003060,Kimberly Collins,Female,46,single,Truck Driver,46858.15,530,GA,"0426 Jeffrey Mills, Lake Jamesview, MA 04820",327-820-9370,GB40IQHU01092741792513,comprehensive,0.9,0
CL003061,James Cook,Female,78,single,Electrician,108287.92,705,GA,"486 Benson Stravenue, North Loriville, IL 92065",727-411-8388,GB04DULR72457303517444,full_coverage,2.7,0
CL003062,Makayla Long,Female,60,single,Administrative Assistant,42726.4,731,NY,"PSC 5490, Box 9239, APO AE 18035",8004526647,GB55SPYB50458569203088,comprehensive,1.6,1
CL003063,Susan Perkins,Female,62,divorced,Chef,34461.42,817,NC,"58782 Jarvis Track Suite 523, Lake Mary, WV 94239",(247)747-4909x794,GB36SYCI78251999138674,comprehensive,8.0,0
CL003064,Misty Weeks DVM,Male,58,single,Nurse,133058.3,687,NY,"085 Sandra Harbors, New Marystad, WV 58218",001-536-797-1801x86071,GB75WEAJ77229757962245,liability_only,3.8,0
CL003065,Mary Richardson,Female,39,married,Student,43263.12,723,OH,"985 Mitchell Prairie, East Jimberg, MS 34363",(368)660-4239,GB77HYJQ09545156584388,liability_only,2.6,0
CL003066,Andrea Ward,Male,18,single,Retired,22706.45,754,NY,"767 Cantrell Knolls, East Susanton, GU 18191",356-722-5926x3497,GB51KWCG45180761779680,full_coverage,0.8,1
CL003067,Charles Dorsey,Other,45,married,Construction Worker,19670.17,739,NY,"6497 Whitaker Inlet, West Ronald, RI 90503",(245)260-0155x81556,GB44PSAN69969578295133,liability_only,3.7,1
CL003068,Thomas Miller,Male,53,divorced,Sales Representative,25016.19,579,MI,"88280 Colin Crest Suite 885, Port Shane, IL 98887",(972)935-3172x13110,GB51BCHT10134248460238,liability_only,4.3,0
CL003069,Dawn Martin,Male,35,single,Mechanic,215529.07,706,GA,"690 Rose Isle Suite 553, Welchport, NY 87751",+1-869-293-0568x821,GB59ZRDV46581016782229,full_coverage,1.6,0
CL003070,John Hamilton,Male,52,single,Mechanic,59343.88,767,NY,"USNV Clayton, FPO AP 53763",(951)522-5066x8445,GB71VIJV42136717018366,liability_only,4.0,0
CL003071,Samantha Bowman,Female,41,married,Nurse,35208.07,768,GA,"PSC 9683, Box 9014, APO AP 65236",2685839032,GB70OIVG53948246678722,full_coverage,0.6,0
CL003072,Kathleen Nelson,Male,56,married,Student,51848.67,640,FL,"54395 Smith Summit Apt. 092, Mathisberg, NC 91572",001-609-645-5172x35370,GB92KFLZ32848739847438,full_coverage,2.5,0
CL003073,Pamela Kelly,Male,18,married,Accountant,73714.41,724,NY,"705 Franklin Fall, Lake Garyburgh, CT 48913",727-336-1195x69159,GB91ZRIV08527045849286,full_coverage,7.5,1
CL003074,Pamela Johnson,Male,50,single,Retail Worker,64175.32,586,IL,"302 Willie Gateway Apt. 242, East Michaelfort, CA 63004",500-662-1235,GB65UPOZ79376146823350,full_coverage,10.2,0
CL003075,Casey Schwartz,Other,75,single,Business Owner,51431.14,735,NC,"835 Amanda Islands Suite 449, Jacobbury, ME 79320",865.385.0141x3400,GB17RFNN56807510628574,full_coverage,3.1,0
CL003076,Holly Morris,Female,34,divorced,Police Officer,85221.98,850,PA,"25260 James Flat Suite 236, East Denise, MS 63795",(335)846-2033x190,GB02MNSY69576497910251,full_coverage,4.3,0
CL003077,April Gray,Female,33,single,Freelancer,28287.29,682,PA,"293 Matthew Harbor Suite 513, North Jenniferside, LA 48873",432.396.2510x8661,GB02EUUU09676323049940,liability_only,0.5,0
CL003078,Kimberly Bryant,Other,38,single,Truck Driver,50847.68,715,FL,"94746 Barbara Pike Apt. 797, Sherrystad, SD 05998",001-295-456-4997,GB33GVRN53722184586394,comprehensive,8.0,2
CL003079,Elaine Lopez,Male,52,married,Warehouse Worker,136212.68,768,PA,"8667 Gordon Road Suite 496, Michaelmouth, NE 87601",(558)715-1961x324,GB48HLBB54496341746097,liability_only,0.1,2
CL003080,James Lee,Male,22,married,Consultant,52853.1,630,FL,"35866 Barbara Common Apt. 147, East Jenna, ND 92889",001-581-818-2634x363,GB14KRSQ04373679181100,full_coverage,0.3,1
CL003081,Robert Rogers,Male,25,divorced,Accountant,33771.51,561,IL,"884 Ellis Prairie Suite 296, South Andreamouth, NC 60651",+1-486-718-1546x3293,GB32QVQI76079983745974,full_coverage,8.0,0
CL003082,David Saunders,Male,41,married,Electrician,90251.91,726,NY,"501 Lindsay Islands, West Thomas, CA 35249",689-211-7823,GB39NFCV93359617153639,full_coverage,1.9,1
CL003083,Krystal Ward,Female,34,divorced,Retired,44189.53,738,NY,"2475 Albert Road Apt. 183, Davidstad, FM 09517",(358)827-3902,GB74BEPZ14872717833321,liability_only,2.1,0
CL003084,Adam Evans,Female,81,married,Manager,56452.53,697,TX,"5618 Oconnell Fords Suite 474, North Ericport, GU 92868",709.896.9308x48872,GB91ROOJ92424375402547,full_coverage,7.6,0
CL003085,Joseph Baker,Male,75,divorced,Retail Worker,35692.86,622,NC,"0040 Michael Shoals Suite 077, Angiemouth, MD 25992",246.577.0479,GB38VNXR92097304764745,full_coverage,3.8,1
CL003086,Alexandra Vincent,Male,64,single,Chef,66252.14,782,FL,"880 Walter River, New Nicholas, GA 24204",(778)257-6084,GB56KKVZ44518952028457,full_coverage,9.6,1
CL003087,Herbert Ramos,Female,32,married,Retired,39977.68,613,IL,"74746 Hector Center, East Brian, KS 40887",(778)695-0028x80334,GB07YTDN42567360135836,full_coverage,2.5,1
CL003088,Tina Ortiz,Female,60,married,Mechanic,38592.45,744,IL,"94383 Ali Locks Suite 881, Goodmanton, MS 98800",432-804-6720,GB47CFBD35157011314916,liability_only,1.2,0
CL003089,Elizabeth Barry,Female,43,married,Software Engineer,38330.33,618,IL,"Unit 9873 Box 3340, DPO AE 05981",512-713-6065,GB64FZPU77546730044079,liability_only,3.3,0
CL003090,Faith Chen,Male,59,married,Electrician,27322.33,763,OH,"104 Johnson Lakes, North Renee, MD 98474",+1-533-646-8007x2290,GB39DTKU62525715099768,comprehensive,3.4,0
CL003091,Duane Lopez,Male,51,married,Construction Worker,77270.38,671,MI,"Unit 1760 Box 3648, DPO AE 16317",580-430-5802,GB37GLWM03568255918985,full_coverage,6.9,0
CL003092,Marcus Madden,Female,25,single,Retired,25752.27,720,CA,"771 Green Skyway, Riveraland, IN 61735",(610)813-9538,GB81JWFA29084291348250,comprehensive,13.4,0
CL003093,Robert Le,Female,62,widowed,Teacher,43827.72,663,TX,"8996 Hernandez Isle, South Ashley, IA 65945",(560)983-3181x958,GB26DNWA25643471287153,full_coverage,8.0,0
CL003094,Rebecca Galloway,Male,29,single,Software Engineer,58547.72,637,NY,"60082 Margaret Tunnel Suite 333, North Bruceburgh, WV 47933",881.574.2496x3233,GB21JSKE23499367285869,full_coverage,0.2,0
CL003095,Mary Harrison,Female,81,divorced,Chef,67261.51,674,GA,"USNV Jackson, FPO AP 83454",226-569-2481x8211,GB15DUYL97088203782081,full_coverage,6.1,0
CL003096,Jennifer Miller,Female,59,married,Student,55712.82,753,GA,"281 William View, Wrightchester, MT 31381",4073827349,GB76DCFA27150743281308,liability_only,8.0,0
CL003097,Michelle White,Male,25,married,Software Engineer,44677.29,620,MI,"3952 Daniel Stream Suite 612, Matthewsland, GU 59798",+1-686-363-3752x12432,GB90THXI97849780862387,comprehensive,0.2,1
CL003098,Emily Miranda,Female,34,married,Teacher,94740.47,623,GA,"8309 Thompson Lights, New Thomas, ME 10582",(360)890-8839x41198,GB27ZWEK03483914914370,comprehensive,2.3,0
CL003099,Alexander Kirby,Other,26,married,Retired,38366.98,610,NC,"67804 Joshua Courts Apt. 229, Jonesborough, OR 61862",814.747.3609,GB17FPRF98510807653644,full_coverage,7.3,0
CL003100,Jennifer Watkins,Male,24,single,Consultant,56494.38,712,PA,"281 Mark Turnpike Suite 774, Burnsburgh, WA 37187",337.757.5422,GB79FQUU88683198333592,liability_only,10.3,0
CL003101,Lisa Salazar,Male,18,married,Administrative Assistant,69382.61,673,NY,"37690 Jill Place Suite 604, Joshuaberg, NY 91519",851-386-7305,GB67TCSW84772697071080,liability_only,0.3,0
CL003102,Jade Robbins,Male,57,married,Electrician,24057.67,685,FL,"83164 Christina Village, Andrewmouth, TX 89847",681-349-1359x3456,GB62ULZC14379457332011,liability_only,6.7,0
CL003103,Diana Owens,Female,55,married,Mechanic,115642.63,736,CA,"5787 James Route, Jacquelinehaven, WY 87179",001-476-943-0706x1170,GB11GCXI65754921826553,comprehensive,4.7,0
CL003104,Jordan Blair,Female,72,widowed,Consultant,101367.23,611,GA,"213 Steven Village, Susanton, DE 57771",823-251-0750,GB82ILYR88612839891858,comprehensive,0.9,0
CL003105,Angela Scott,Female,48,single,Truck Driver,22849.28,653,OH,"849 James Bypass Suite 035, Haynestown, SD 71403",305-384-4958x54896,GB92OQUY07471646666301,comprehensive,5.7,1
CL003106,Joseph Hansen,Female,76,married,Police Officer,19574.57,664,GA,"4569 Andrea Pines, Kevinmouth, AR 82639",242-355-4923,GB54HKLK59757886844720,full_coverage,1.3,1
CL003107,Eric Jimenez,Male,77,divorced,Software Engineer,34283.67,600,OH,"15692 Danny Knolls Suite 578, Zacharyfurt, AZ 17650",(340)629-0168x529,GB52FFPU87823017375314,comprehensive,7.7,1
CL003108,Meghan Sanders,Female,52,married,Nurse,69536.18,691,PA,"USS Baldwin, FPO AP 10164",8772778342,GB66ZUGM54618363766735,comprehensive,1.4,0
CL003109,Leonard Rodriguez,Female,81,married,Sales Representative,77023.32,759,GA,"677 Dalton Meadow, Ashleyton, RI 97505",542.782.4172x48251,GB84CNXO42336293449734,full_coverage,7.7,0
CL003110,Charles Page,Male,56,married,Freelancer,60336.85,663,GA,"302 Willie Gateway Apt. 242, East Michaelfort, CA 63004",333.887.1545,GB45VJIY66872553681963,liability_only,2.6,1
CL003111,Robert Watson,Male,28,married,Consultant,36765.2,694,OH,"3820 Moore Isle, Baileyberg, FM 59659",(625)469-9238,GB35ZQOP85900125260792,liability_only,1.2,1
CL003112,Aaron Conrad,Male,21,married,Teacher,76952.17,713,FL,"1020 Cole Rest Apt. 491, Bushtown, SC 54807",783-557-9922,GB70WEFH40140822815775,full_coverage,1.7,0
CL003113,Zachary Jones,Male,62,married,Construction Worker,47221.83,675,OH,"088 Jennifer Summit, Linview, AK 20780",(935)513-4010,GB67ACSS89611256586547,liability_only,5.5,0
CL003114,Benjamin Walker,Male,78,married,Student,73022.2,777,MI,"66805 Paul Vista Suite 707, East Russellville, GA 22984",+1-715-205-5779,GB05WDXO23907027474418,comprehensive,0.7,0
CL003115,David Marquez,Male,24,married,Mechanic,21728.13,620,PA,"USCGC Glass, FPO AE 82130",(285)595-1469,GB76ZBGE11383032246778,full_coverage,6.6,0
CL003116,Heidi Garza,Female,39,single,Manager,66048.03,563,PA,"8069 Murphy Rapids, Hurleyside, CA 18271",+1-848-934-6104x3441,GB53WRHH26186986525104,full_coverage,4.4,1
CL003117,David Newman,Female,22,single,Administrative Assistant,27514.95,681,MI,"126 Amy Hills, Danamouth, CO 73436",546-343-9438x52207,GB83CTMJ88016598437706,liability_only,4.4,0
CL003118,Charles Fitzpatrick,Male,36,single,Warehouse Worker,37991.95,601,NY,"33308 Julie Village, North Dianeberg, NY 74208",234.271.0645x9340,GB27SHNB96536334228301,comprehensive,3.6,0
CL003119,Kristen Huber,Female,47,married,Administrative Assistant,37746.94,676,NY,"77860 Jennifer Inlet Suite 914, Kristinastad, LA 02148",(374)407-9810,GB87UZIT21039710755633,full_coverage,2.2,2
CL003120,Juan Burns,Female,73,single,Business Owner,28641.01,824,FL,"8211 Reeves Pike, Port Jessica, FL 91487",3839077431,GB03LOYK30898399175377,liability_only,0.1,1
CL003121,Benjamin Hill,Female,61,married,Warehouse Worker,77267.35,689,GA,"034 Joshua Plain, Garymouth, OK 97824",(738)804-6827,GB95RVUZ70320320742761,comprehensive,4.8,1
CL003122,Meredith Bell,Male,37,married,Student,74842.87,741,MI,"92261 Danny Field, Claytontown, AS 20237",895-356-5160x732,GB49FDFU76677423904412,comprehensive,1.5,1
CL003123,Wendy Lee,Female,54,single,Teacher,55576.23,742,MI,"785 Nichole Street, Jaystad, MA 54846",+1-309-996-4654x96273,GB35FZDY23370974466269,full_coverage,3.6,0
CL003124,Zachary Moyer,Female,30,divorced,Nurse,90653.31,775,GA,"94383 Ali Locks Suite 881, Goodmanton, MS 98800",432-804-2689,GB47CFBD35157011314916,comprehensive,3.9,0
CL003125,Heather Hill,Female,66,married,Police Officer,76962.04,687,IL,"73448 Henderson Plaza, Randyville, MN 04102",+1-957-933-8071x55836,GB74RJIH15995895748010,full_coverage,0.3,1
CL003126,Raymond Garcia,Female,34,married,Nurse,117273.18,705,NY,"70583 Wolf Loop Suite 931, North Jasmineberg, UT 14803",357-492-8449x9397,GB47VXWN78816524735833,liability_only,2.3,0
CL003127,Michael Allison,Male,68,divorced,Chef,51856.14,672,TX,"1022 William Ford Suite 213, Lake Jennifer, TX 32012",451.387.9323x0720,GB40QCXX07189842497318,liability_only,6.2,1
CL003128,Lynn Wilson,Male,60,divorced,Truck Driver,80670.26,579,IL,"644 Young Junction Apt. 507, New Carolynview, SC 73039",(567)799-8029x4328,GB26PSUE53756130015975,liability_only,2.1,0
CL003129,Fernando Guerrero,Female,37,divorced,Electrician,85112.54,727,OH,"55534 Lawrence Curve Suite 096, Lisaburgh, IA 77094",(477)983-2034,GB85CWKN85230166800365,comprehensive,4.8,0
CL003130,Joseph Taylor,Male,60,single,Consultant,87022.67,534,IL,"33230 Villanueva Cliffs, West David, MS 75175",468-245-9723,GB88UJNM53335038363358,full_coverage,4.5,0
CL003131,Shelly Lopez,Other,47,married,Police Officer,70030.78,547,TX,"96729 Joseph Plain, Leblancbury, MT 39177",(438)771-7647,GB16BZZF27230840510808,comprehensive,1.1,0
CL003132,Kara Bean,Male,78,single,Mechanic,73311.9,643,NC,"935 Solomon Hills Suite 646, Nobleview, WI 45060",900.905.2057x7284,GB88PGXN78289406041549,liability_only,4.3,0
CL003133,David Lambert,Female,28,married,Software Engineer,109879.17,665,TX,"15503 Taylor Hollow Apt. 839, Josephfort, AZ 68678",2217471859,GB50HRJC96716510803682,liability_only,5.1,0
CL003134,Ralph Bailey,Female,47,divorced,Administrative Assistant,31289.32,633,FL,"302 Willie Gateway Apt. 242, East Michaelfort, CA 63004",(943)459-4295,GB05FVTU40574889663333,liability_only,9.8,1
CL003135,Justin Fox,Male,75,married,Nurse,79789.52,750,NY,"85930 Riley Square Apt. 560, Port Nicolemouth, OH 62484",249.651.4761,GB90DQPR40902289514104,liability_only,4.2,1
CL003136,Melanie Rose,Female,23,married,Retail Worker,34739.01,592,CA,"107 James Rapid Apt. 869, Villaland, MI 16652",250-339-1430,GB85QADR34766740778111,full_coverage,0.1,0
CL003137,Zachary Perry,Male,47,married,Chef,15000.0,699,NC,"4945 Valerie Landing, New Don, HI 48763",873.752.0890x37481,GB11IHBQ57664939179297,comprehensive,20.5,0
CL003138,Jamie Higgins,Male,56,widowed,Electrician,30735.43,626,FL,"4549 Jose Lake, North Elizabeth, NH 40714",+1-348-676-3290x9279,GB82RCIU67179576024375,full_coverage,0.4,1
CL003139,Daniel Griffin,Female,34,divorced,Software Engineer,166229.8,764,GA,"196 Anderson Well Apt. 977, Kellytown, WV 36589",(266)599-9945x1755,GB34UKMB03308972909372,full_coverage,3.1,3
CL003140,Sara Hardy,Female,49,single,Nurse,107139.76,644,PA,"0388 Charles Junctions Apt. 328, Port Allison, KS 96116",574-705-2810,GB46DMMO35104125054356,liability_only,2.8,0
CL003141,Karen Padilla,Female,60,married,Mechanic,23924.78,618,CA,"0164 Ellis Burgs Suite 436, Lake Daniellemouth, NH 34983",889-079-1263,GB15XJPK92177868205379,liability_only,5.0,2
CL003142,Douglas Ruiz,Male,37,single,Chef,52894.11,709,IL,"194 Kelly Crossroad, Port Fredshire, CO 02879",4189119678,GB06EHQR29113469351685,liability_only,0.8,0
CL003143,Steven Smith,Male,68,married,Accountant,44331.16,637,NY,"3628 Gregory Shore Apt. 631, West Jordanfort, IN 08007",995.352.9641,GB02GJCP60832531338123,liability_only,4.4,0
CL003144,Christina Malone,Female,24,married,Teacher,41561.38,649,FL,"39408 Gloria Shores, Taylorland, TN 34202",+1-903-230-1191x7182,GB20FDEK84001092589399,liability_only,1.8,0
CL003145,Anthony Cantrell,Male,69,single,Construction Worker,61112.36,669,CA,"82787 Taylor Wells, South Toddstad, FM 39145",+1-548-772-8145,GB28RGBS18218972287369,liability_only,2.9,1
CL003146,Chad Ray,Female,45,married,Software Engineer,71832.47,692,TX,"407 Alexis Cliff, Gallegosbury, OR 24197",001-595-448-2320,GB55JSQE63855381911767,full_coverage,1.7,0
CL003147,Ian Reyes,Female,18,divorced,Teacher,83142.42,725,GA,"642 Mitchell Light Suite 775, Danielberg, SC 59009",469.292.8079x071,GB64ECKA93048001266617,comprehensive,4.9,0
CL003148,Carrie Harvey,Female,29,married,Electrician,53571.12,757,NY,"171 Kimberly Stravenue, West Bethfort, TN 98468",(864)387-8646x9432,GB24RXZC02293984732615,comprehensive,1.0,0
CL003149,Maria Villa MD,Female,61,married,Nurse,86695.99,692,TX,"7741 Lopez Light Suite 270, Scottview, IN 35701",372-702-5909x47985,GB11ZZCP17524214955112,liability_only,3.2,1
CL003150,Amanda Maldonado,Male,56,divorced,Accountant,61810.23,722,NY,"546 Miller Squares Suite 571, Kaitlynport, NY 74683",334.699.7649,GB74LIMJ56392854212708,liability_only,8.2,0
CL003151,Kimberly Sullivan,Male,57,married,Nurse,121353.53,749,FL,"658 Hernandez Expressway Suite 189, New Ambermouth, GU 49847",646.439.1599x0166,GB90GIGW20967859824889,full_coverage,5.0,1
CL003152,Austin Hoffman,Male,72,married,Teacher,69171.36,637,TX,"16454 Peter Orchard, North Debra, CT 83737",001-442-641-7001x373,GB84FGHR05468367484650,full_coverage,2.8,0
CL003153,Theresa Schneider,Female,47,married,Administrative Assistant,22112.35,698,CA,"3826 Evans Squares Suite 776, East Jenniferchester, PW 39096",866-257-1263,GB43JKRK97607353895650,comprehensive,0.9,0
CL003154,Samantha Fritz,Male,19,married,Manager,88841.71,608,NC,"739 Benson Overpass Apt. 121, Thompsonmouth, CO 89882",001-902-527-8469,GB61CYNH92823414363718,comprehensive,2.4,1
CL003155,Justin Craig,Female,75,married,Retired,27865.06,814,IL,"7973 Megan Road, East Shawnview, MS 70696",+1-945-408-4791x621,GB29QZCY96295106195614,comprehensive,1.4,0
CL003156,Susan Hinton,Male,60,divorced,Accountant,43042.79,628,PA,"04243 Stacey Plaza, West Anthonyberg, FM 21679",778.572.0501x1140,GB33GNQS15074420178827,liability_only,3.5,0
CL003157,David Herrera,Male,80,married,Freelancer,43153.71,780,FL,"02147 Travis Mall Suite 911, Sarahton, IA 06380",355.532.0888,GB10ZZUO93257268700158,comprehensive,4.9,0
CL003158,Thomas White,Female,40,married,Software Engineer,75484.48,771,FL,"80620 Troy Common Apt. 054, Wongbury, VI 37160",565-867-0028,GB48AGUP49233831843527,liability_only,0.2,0
CL003159,Martin Miller,Male,44,married,Electrician,50598.32,473,OH,"34082 Walker Points Suite 452, New Sabrinaberg, WY 14396",235-272-4334x911,GB11ILLG10869923427348,full_coverage,6.8,0
CL003160,Amanda Harrison,Male,59,divorced,Truck Driver,41045.37,659,NY,"2292 Scott Streets Suite 051, Lisatown, AL 05992",(553)466-5744,GB44RVWK54569792446811,full_coverage,1.6,0
CL003161,Brenda Adams,Female,24,married,Software Engineer,50085.29,648,FL,"357 Kristin Road Apt. 369, Georgeburgh, AR 47507",+1-276-373-2753x09757,GB85SDVR21340120776834,liability_only,1.7,0
CL003162,Krista Snyder,Other,29,single,Freelancer,36826.9,608,NC,"782 Summer Land, Lewishaven, NH 95264",401.216.0692,GB14XKPE63032823111759,liability_only,2.3,0
CL003163,Heidi Jackson,Other,37,married,Warehouse Worker,85163.02,616,CA,"72556 Green Throughway, Port Rachelhaven, FL 06107",5719527115,GB82LORC07125910213959,full_coverage,2.8,0
CL003164,Miguel Woods,Male,27,married,Nurse,52374.06,559,GA,"956 Jimenez Union, Rebeccaberg, NY 13051",001-421-374-8761x52093,GB35PCFF64539350291766,liability_only,0.8,0
CL003165,Kristin Costa,Male,54,single,Truck Driver,63135.65,696,IL,"USNS Diaz, FPO AE 87563",+1-965-969-9988x081,GB21PADC68646225223728,full_coverage,3.2,1
CL003166,Douglas Smith,Female,34,single,Retail Worker,133167.72,661,GA,"5151 Johnson Route Apt. 957, Martinbury, DC 10988",+1-509-247-1282x2567,GB43XQJA96721810697080,liability_only,3.2,0
CL003167,Mary Leonard,Male,60,divorced,Manager,73043.65,645,NY,"47735 Barbara Crossing, Savannahfurt, WA 18351",001-293-780-0915,GB68DOSQ91230030560848,liability_only,0.0,0
CL003168,Donald Bass,Female,81,married,Administrative Assistant,65663.78,691,FL,"87450 Lopez Avenue, Marshallstad, ID 02030",+1-580-294-4261x531,GB80GBSQ47783801888483,liability_only,3.7,0
CL003169,Valerie Schneider,Female,18,single,Manager,57684.73,813,MI,"0325 Wu Gateway Suite 499, Rebeccaburgh, TX 63868",(253)442-7225x890,GB75ECRE90576816190173,comprehensive,3.3,1
CL003170,Lee Andrews,Male,27,divorced,Teacher,67124.87,651,NC,"821 Arnold Roads Apt. 517, Micheleburgh, MH 94311",5564704276,GB89SXBY28030880044229,comprehensive,7.0,1
CL003171,Timothy Patel,Female,50,single,Teacher,40947.72,740,PA,"41189 Michelle Forge Suite 157, Port Jasminetown, MO 97758",+1-619-608-5802x6032,GB10PALF19476983328211,full_coverage,4.6,0
CL003172,Heather Roberts,Male,33,married,Electrician,36618.71,727,CA,"60426 Kaitlyn Hill, Port Jamesfort, NM 40696",001-773-396-7811,GB22TWDZ91553533944444,liability_only,1.1,1
CL003173,Carly Ryan,Female,68,divorced,Warehouse Worker,91305.33,770,OH,"19656 Moody Gateway, Deannabury, OH 79275",001-315-272-7919x4096,GB46UXMH01367492617647,full_coverage,5.5,0
CL003174,Bradley Bautista,Male,29,single,Freelancer,24675.56,763,GA,"Unit 4390 Box 3785, DPO AE 71495",(397)582-2918,GB53WWKT43746436480579,liability_only,2.0,0
CL003175,Gregory Carpenter,Female,71,married,Construction Worker,65920.89,655,FL,"33230 Villanueva Cliffs, West David, MS 75175",468-245-4213,GB88UJNM53335038363358,comprehensive,4.5,0
CL003176,Debbie Jones,Female,65,single,Accountant,22676.76,491,GA,"367 Wayne Village Apt. 891, Lake Charlesfort, AR 82392",554.554.1886,GB82GYZT57472147707608,comprehensive,7.5,1
CL003177,Morgan Garcia,Male,28,single,Mechanic,92416.73,836,MI,"8316 Roberts Fort, Bartontown, WV 45888",(423)893-5207,GB49FHID12394995392511,liability_only,0.9,1
CL003178,Joseph Stone,Male,44,single,Software Engineer,36930.29,737,FL,"519 Alexis Forge Apt. 787, Port Joan, IN 72615",317-335-4451x7220,GB89LLMD94567827598606,comprehensive,1.6,1
CL003179,Susan Powers,Male,31,married,Accountant,86511.32,643,FL,"738 Cabrera Dam, Lake Joel, KS 97408",2282048242,GB81DWLN75395751521959,full_coverage,1.6,0
CL003180,Robert Fields,Female,39,divorced,Police Officer,37340.12,644,NY,"PSC 4708, Box 1606, APO AE 72008",388.465.5671x7343,GB30ZFBB73937815067678,liability_only,1.1,0
CL003181,Jillian Davis,Female,42,married,Consultant,19348.34,671,OH,"92656 Mitchell Fords Apt. 726, Sellersbury, VA 03096",694.960.5210x217,GB41TBYB88987673981778,liability_only,5.2,0
CL003182,Annette Carlson,Male,19,divorced,Police Officer,78516.69,621,FL,"1696 Amber Knoll Suite 943, Loriborough, WI 32938",+1-613-766-3810x8743,GB10RCLV21760092698300,comprehensive,1.4,0
CL003183,Jamie Brown,Male,19,widowed,Nurse,66782.65,710,OH,"919 Lindsey Rapid, Monroemouth, MT 83023",676-655-3831x225,GB97VUZM95231362814159,full_coverage,1.8,1
CL003184,Cynthia Sullivan,Female,36,married,Business Owner,51488.47,653,IL,"PSC 8809, Box 8991, APO AA 54763",515-298-6258,GB22QVMT59633504915463,liability_only,3.2,1
CL003185,Anna Rice,Female,51,married,Nurse,84560.75,740,CA,"8257 Jasmine Club, New Robert, HI 89445",001-597-719-8085x042,GB69RXNL76249063659093,liability_only,3.9,0
CL003186,Robert Smith,Male,20,married,Accountant,51866.19,749,TX,"062 Jeffrey Shore, Lake Tiffany, TX 29835",+1-269-861-7494,GB62LLRG24753973872090,comprehensive,3.3,0
CL003187,Kari Adams,Male,28,single,Accountant,45685.03,632,TX,"4362 Luke Meadow, Coltonview, MS 49326",(548)268-4691,GB06IOLU38467886744664,full_coverage,0.3,1
CL003188,Jacob Davidson,Male,72,divorced,Mechanic,36534.76,702,NC,"281 Mark Turnpike Suite 774, Burnsburgh, WA 37187",331-142-4999,GB23JHCZ67584252679679,liability_only,0.2,1
CL003189,Rachel Reid,Female,63,married,Chef,70062.25,668,PA,"8531 Day Burgs, Port Amandaside, ND 47884",454-793-7690,GB32DRYS91069738569225,comprehensive,19.2,0
CL003190,Jessica Harrison,Male,63,married,Manager,78796.96,741,NC,"14915 Rebecca Rue Apt. 907, East Christopherchester, AS 97453",907-835-2319,GB17TIJZ89197875551551,full_coverage,4.8,1
CL003191,James Hodge,Other,34,married,Teacher,79679.04,708,CA,"107 James Rapid Apt. 869, Villaland, MI 16652",977.240.7244x8802,GB03DSZA21287809280414,comprehensive,0.6,0
CL003192,John Miller,Male,35,divorced,Retired,82073.04,764,GA,"384 Alyssa Drive, Port Kenneth, IN 71133",(362)699-6886x346,GB63KGVB23457747742450,full_coverage,2.1,0
CL003193,Ms. Angela Noble,Male,41,married,Chef,36559.99,681,OH,"37318 Martinez Vista, Port Andrewstad, KY 69768",312.729.7788,GB34WQSX80963389999595,liability_only,1.3,0
CL003194,Vanessa Hodge,Male,38,married,Retail Worker,94057.77,586,MI,"13407 Cummings Club, New Laurenview, ID 81400",528.773.0634,GB18HHVA20568616445081,full_coverage,2.4,0
CL003195,Steven Moore,Female,26,single,Warehouse Worker,56253.3,623,FL,"80814 Kristin Tunnel Apt. 441, Johnsonmouth, VT 38412",+1-763-567-2403,GB73FEFL23035120374524,full_coverage,3.3,0
CL003196,Thomas Brown,Female,55,single,Accountant,53302.43,669,CA,"490 Oconnor Junctions, Watsonmouth, FM 62072",(722)799-7712,GB07ZPBA72353187516367,full_coverage,1.3,1
CL003197,Kimberly Norman,Female,52,married,Business Owner,57034.17,671,NY,"Unit 1778 Box 5079, DPO AE 48694",489.916.3756x28900,GB10OHQH95972466572934,full_coverage,7.7,1
CL003198,Tara Harper,Male,64,married,Retail Worker,93011.54,710,TX,"9949 Miller Trail Suite 104, North Lori, MD 31360",+1-233-843-5613x5716,GB29FTAW08851974635026,full_coverage,2.4,0
CL003199,Roy Conway,Female,26,married,Consultant,46843.24,538,MI,"0778 Morrow Centers Suite 024, Gregoryshire, NH 77067",582-653-0214x66830,GB06OUQN55648159635031,full_coverage,2.6,3
CL003200,Melissa Mccarthy,Male,40,married,Accountant,105445.96,657,NC,"51401 Anthony Alley, Sandramouth, HI 59454",001-242-293-1110x16837,GB82BHCW46846250939567,full_coverage,3.1,0
CL003201,Louis Parsons,Male,20,single,Police Officer,70044.11,667,OH,"USNV Moran, FPO AE 10535",+1-714-221-1956x37626,GB89QNDN10293781979800,full_coverage,0.3,0
CL003202,Ryan Guerra,Male,31,married,Nurse,88813.56,850,CA,"397 Page Roads Apt. 499, Davidside, SD 07419",367.614.6757,GB04RTGN36172277322809,full_coverage,2.3,0
CL003203,Jeffrey Taylor,Female,51,single,Business Owner,50244.54,599,OH,"2078 Christy Coves, West Jamestown, ID 47344",(493)915-4724x92640,GB68NUFR77639539821963,liability_only,0.3,0
CL003204,Holly Ward,Female,47,single,Accountant,28248.3,800,PA,"37514 Monica Canyon, Leachburgh, KY 85314",(810)815-0447,GB58LWOB35889522512850,liability_only,2.0,0
CL003205,Timothy Simmons,Female,42,married,Mechanic,223226.59,650,NC,"208 Fry Lights, Donnaborough, CA 30062",7615075363,GB52CTBT56534298756424,full_coverage,3.2,0
CL003206,Jamie Clark,Male,51,married,Consultant,95075.09,738,MI,"552 Jill Place Suite 784, East Michael, IN 11756",745.224.2260x90846,GB88DEWO27259829652942,liability_only,0.7,2
CL003207,Stephanie Rich,Male,74,married,Freelancer,31707.57,796,OH,"2254 Thomas Burgs Suite 785, Paulburgh, MD 41923",(945)677-6065x4182,GB21FIAH50044525669458,comprehensive,2.2,3
CL003208,Rickey Evans,Female,50,married,Construction Worker,55969.53,691,NC,"3122 Reynolds Route Suite 477, New Brittany, DE 43562",775-279-1181x57809,GB98XFNQ59736974754965,full_coverage,1.0,0
CL003209,Charlotte Patel,Male,65,widowed,Construction Worker,62330.97,682,GA,"984 Tyrone Burg, Lake Katieberg, MD 92743",001-396-372-7292,GB89BXGP04046404579938,full_coverage,2.1,1
CL003210,Nicholas Freeman,Male,78,married,Business Owner,42597.31,593,OH,"41406 Joann Mission Apt. 425, Helenhaven, SD 60253",(573)272-5247,GB05MTOG84515199583063,liability_only,1.6,1
CL003211,Michele Roach,Female,19,married,Retail Worker,68608.11,696,CA,"PSC 2561, Box 3684, APO AA 63596",455-439-0490,GB15HGQD62199477374214,comprehensive,1.0,0
CL003212,David Walker DVM,Male,19,married,Construction Worker,62773.59,776,NY,"92718 Katherine Field, Toddmouth, PA 29702",001-871-732-3274,GB79UMYB05131456775103,full_coverage,2.6,1
CL003213,Carlos Vargas,Male,31,divorced,Sales Representative,65303.63,649,IL,"PSC 7510, Box 6255, APO AP 85782",7233607720,GB38CDWV42547796002715,comprehensive,3.2,0
CL003214,Sylvia Davenport,Male,26,divorced,Student,77869.48,760,GA,"395 Garcia Mountain Apt. 356, Nicholasbury, ME 04945",927-779-9853,GB50AGAC43013970076357,full_coverage,8.2,1
CL003215,Charles Medina,Male,18,married,Chef,55119.87,606,GA,"9316 Wang Roads, Dicksonside, OR 60777",9909701157,GB54NMBN06145738069538,full_coverage,5.4,0
CL003216,Sarah Hayes,Female,27,married,Mechanic,27383.5,701,MI,"USS Lynch, FPO AE 56055",(438)545-3169x9508,GB49BVCS65162078293867,liability_only,6.5,1
CL003217,Robert Zamora,Male,22,married,Manager,87820.51,591,NY,"94383 Ali Locks Suite 881, Goodmanton, MS 98800",527-353-7617x508,GB47CFBD35157011314916,comprehensive,2.9,0
CL003218,Ann Massey,Female,39,married,Police Officer,48212.11,718,TX,"963 Dustin Landing, New Jessicafort, FL 48235",(272)968-2607x1692,GB51JKDZ28786263365656,full_coverage,6.8,0
CL003219,Vincent Acevedo,Female,22,widowed,Police Officer,82555.97,758,MI,"91658 Cummings Underpass, North Brookestad, WV 76858",+1-372-748-2194x368,GB66HHRD30095688665718,comprehensive,0.7,0
CL003220,Crystal Jackson,Male,39,single,Retired,69952.75,708,FL,"PSC 0900, Box 0165, APO AE 04435",+1-282-984-0816x98286,GB69ULBN42394594060916,full_coverage,0.6,1
CL003221,James Flores,Male,67,married,Chef,56541.33,662,OH,"Unit 5527 Box 1774, DPO AA 78019",4709160166,GB42XIFI08916498373543,full_coverage,0.3,0
CL003222,John Pearson,Female,29,divorced,Consultant,146627.58,785,TX,"277 Deanna Loop Apt. 671, Jacksonport, VI 50798",294-396-9039x64063,GB17XNKN38546922096640,liability_only,1.6,1
CL003223,Jessica Frost,Female,27,married,Consultant,37740.13,781,FL,"PSC 3525, Box 1337, APO AE 19673",9948226262,GB02REOJ42472215522359,full_coverage,1.9,0
CL003224,Vernon Alvarado,Female,59,married,Teacher,105285.82,722,GA,"107 James Rapid Apt. 869, Villaland, MI 16652",001-589-231-2828x478,GB03DSZA21287809280414,full_coverage,1.0,2
CL003225,Cody Arellano,Male,28,married,Freelancer,170150.97,672,PA,"730 Reed Spurs, Teresabury, DE 07498",517.830.3328,GB18CZJZ81792659043824,full_coverage,2.8,0
CL003226,Gregory Allen,Male,54,married,Administrative Assistant,53835.75,584,TX,"98104 Burns Fall, South Elizabeth, ME 63365",4954702887,GB54WZRN29854265633531,comprehensive,3.3,0
CL003227,Catherine Smith,Female,70,single,Teacher,21337.15,513,NC,"0752 Christopher Ramp Apt. 985, East Brianside, DE 84606",584-897-1618x36820,GB36MWGJ53163219125588,comprehensive,0.1,0
CL003228,Michael Rice,Male,29,married,Business Owner,48644.2,709,IL,"543 Brown Pine Apt. 676, Lake Jodi, MH 12355",684.986.2548x0831,GB53ZATD53882238288927,full_coverage,3.0,0
CL003229,Brandon Brown,Female,31,single,Student,36955.08,772,NY,"1957 Patrick Cape, North Howardview, AL 83449",2714690328,GB66WGCO00274169585246,comprehensive,18.4,0
CL003230,Elizabeth Shaw,Male,65,single,Freelancer,40550.76,709,NY,"18078 Andersen Parkways Suite 521, Christyfort, CT 86687",001-289-361-3729x97704,GB14ANQZ36503567244312,liability_only,0.9,0
CL003231,Adam Becker,Male,42,single,Chef,15000.0,630,MI,"5866 Weiss Dam, Ericmouth, NH 44265",782.454.1434x9987,GB24DIOU21802153472519,full_coverage,12.7,1
CL003232,Samuel Nash,Other,49,single,Consultant,97651.03,697,NC,"650 James Highway, Wrightchester, IN 55845",001-739-796-6049x3342,GB79SCCT35098420619712,liability_only,0.6,1
CL003233,Kimberly Day,Female,59,married,Student,96347.99,765,OH,"33230 Villanueva Cliffs, West David, MS 75175",916-781-4406x1557,GB76HRAC57185219810390,comprehensive,0.4,0
CL003234,Joseph York,Female,45,divorced,Nurse,96180.57,707,FL,"5276 Spence Shoal, Kristenchester, MD 27132",001-314-600-7486x205,GB21VWND05327654963279,full_coverage,0.8,0
CL003235,Susan Jones,Female,20,married,Business Owner,126105.69,700,MI,"Unit 8063 Box 2721, DPO AP 46922",354-970-1197,GB15MYIE86523746558269,comprehensive,4.3,0
CL003236,Sean Cummings,Male,35,single,Manager,60745.55,824,IL,"097 Alexandria Stravenue, Hernandezbury, AZ 75548",001-702-216-9797x296,GB76ZAEE58030569067447,liability_only,0.7,0
CL003237,Robert Griffin,Male,33,married,Nurse,75392.04,663,IL,"3217 Martin Cliff, Wilsonbury, ME 53418",231-263-9482,GB85ZPHR08848738288758,full_coverage,1.6,0
CL003238,Lisa Horton,Male,43,single,Warehouse Worker,45703.89,833,GA,"07200 Timothy Orchard, Daniellemouth, OK 60644",489-661-6910x43846,GB72UTSV21779129852259,liability_only,0.6,0
CL003239,Mary Watson,Other,53,married,Police Officer,111940.45,650,NY,"4577 Porter Neck, Toniland, KY 30596",9798738991,GB86MPYC11549470281559,liability_only,1.9,2
CL003240,Nancy Cervantes,Female,18,married,Teacher,44226.98,635,CA,"33230 Villanueva Cliffs, West David, MS 75175",468-245-3362,GB78EGIK97386833071494,liability_only,16.0,0
CL003241,Christian Johnson,Female,20,married,Chef,23400.51,694,TX,"512 Rice Stream, Port Adam, AK 39608",4907421776,GB74LYEJ72863330212606,comprehensive,1.5,0
CL003242,Charles Mitchell,Female,42,divorced,Mechanic,48755.94,719,OH,"51046 Gregory Harbors, Port Michellemouth, DE 56175",332.216.7832x3373,GB15BKPO71895640736655,liability_only,0.3,0
CL003243,Rebecca Jackson,Male,77,single,Freelancer,71433.9,654,NC,"8111 Hill Turnpike Suite 267, North Kellytown, PW 88094",(291)260-6224,GB79OHDT39794897918762,full_coverage,4.7,1
CL003244,Jennifer Velasquez,Female,73,married,Nurse,33826.49,709,NC,"379 Leslie Spurs Apt. 328, Taylorberg, TN 41266",+1-661-271-3989x577,GB02EUOC92723910555894,comprehensive,0.6,0
CL003245,Tony Ferguson,Male,50,married,Student,55587.58,579,GA,"492 Robert Motorway, West Danielville, FL 12116",001-769-351-0058x4240,GB89ZLFY56654080979766,liability_only,3.8,0
CL003246,Patrick Peck,Male,71,single,Construction Worker,77146.82,813,OH,"92595 Patricia Light, Owensfort, PW 03844",810.386.1094,GB39PLZR62648200022808,full_coverage,5.7,0
CL003247,Derrick Alexander,Female,50,single,Administrative Assistant,47073.89,751,PA,"PSC 3221, Box 1678, APO AP 71782",+1-441-657-9279x3443,GB28HILA00956891380807,comprehensive,0.2,1
CL003248,Lynn Moore,Male,57,divorced,Chef,67950.61,553,GA,"720 Ronnie Path Suite 013, Markmouth, FL 71158",304-252-2699x3341,GB34TAFU25446686693248,liability_only,17.0,1
CL003249,Heather Hines,Female,24,divorced,Chef,48859.36,619,IL,"942 Carroll Fords Apt. 690, Lake Stephanie, LA 44436",421.591.7488,GB30TJPI26771768673207,liability_only,4.5,0
CL003250,Robert Morrow Jr.,Female,26,married,Truck Driver,83469.44,726,TX,"423 Garrett Skyway Suite 163, North Michaelchester, NE 78342",001-437-396-5389x224,GB36XIVY85852186464406,full_coverage,6.4,0
CL003251,Paul Mason,Male,73,divorced,Truck Driver,44776.18,781,IL,"24432 Zachary Lane, Ianville, GU 43872",(459)545-2071x3801,GB11BOMI47007239119494,comprehensive,5.9,1
CL003252,Jasmine Mclaughlin,Female,52,divorced,Retail Worker,29581.53,716,MI,"784 Danielle Inlet, Lake Stevenmouth, KY 86156",393-436-6079,GB32VSVE42806589175260,liability_only,2.8,1
CL003253,Hector Mayo,Male,52,married,Administrative Assistant,110758.47,635,GA,"8012 Kenneth Gardens Apt. 706, Jessicachester, UT 87026",001-494-630-3919x6030,GB36VOVF14501406500177,comprehensive,0.3,0
CL003254,Craig Lopez,Female,75,divorced,Administrative Assistant,58397.21,688,NC,"26979 Clark Burg, South Amanda, VI 44571",705-605-4810,GB67REJN97418178106988,liability_only,6.1,1
CL003255,Ryan Coleman,Female,60,single,Police Officer,38671.94,604,IL,"353 Lang Dam, Joshuafort, CA 33488",431-817-2059,GB26PSUE53756130015975,liability_only,8.0,0
CL003256,Veronica Harrell,Male,38,married,Electrician,47844.29,649,CA,"137 Sheila Prairie Apt. 004, Matthewside, MA 33267",231-826-2968,GB98FJBA39701279275428,full_coverage,3.1,1
CL003257,Michelle King,Female,59,single,Mechanic,37524.02,619,NY,"6317 Katherine Mill, West Elizabethstad, WV 58480",001-288-635-4058x79035,GB90KBYM55107091093853,liability_only,11.1,0
CL003258,Todd Newman,Male,65,married,Teacher,53874.4,667,NY,"6497 Stone Knolls Apt. 602, Patrickport, UT 72211",(355)698-5404x9607,GB47DBWZ20387459308503,full_coverage,3.9,2
CL003259,Tara Patton,Male,31,divorced,Software Engineer,81943.92,574,GA,"Unit 1196 Box 9539, DPO AP 66940",001-553-247-0897x20077,GB15ZRGJ06845027128529,liability_only,0.5,0
CL003260,Jessica Adams,Female,77,widowed,Retired,99403.76,729,FL,"205 Gardner Station Suite 929, Henryhaven, WV 93796",+1-720-534-1269x50582,GB30UNXH06779832187499,full_coverage,1.1,0
CL003261,Michaela Johnson,Male,61,married,Warehouse Worker,40494.72,813,IL,"USCGC Rice, FPO AP 00682",(677)838-4492,GB35HJSL32430588749748,full_coverage,0.4,1
CL003262,Melissa Morrison,Female,34,single,Accountant,54177.56,713,MI,"248 Malone Bypass Suite 960, Port David, TX 62615",8199843288,GB08JRDV03634560273238,full_coverage,1.7,1
CL003263,Mary Contreras,Male,30,single,Electrician,16255.08,593,TX,"1882 Williams Lodge Suite 259, Lake Amy, OK 20879",612-227-4683x132,GB72GQCK59572654056021,full_coverage,0.9,0
CL003264,Jeremy Black,Female,39,married,Software Engineer,41764.72,628,GA,"1604 John Trafficway, Michaelton, CT 95167",281.264.2100,GB23ODQM66954840251833,liability_only,2.8,0
CL003265,Cathy Clark,Female,63,divorced,Nurse,55770.76,696,IL,"83489 Ryan Path Apt. 342, Martinezfurt, ID 74199",(281)802-9015x9386,GB95MMDE69441391269081,full_coverage,16.3,0
CL003266,Donald Flowers,Female,29,single,Retired,127570.54,800,NY,"449 Carrie Course, West Kellybury, RI 96893",909-891-4949,GB63YKDP56045539862143,comprehensive,7.4,0
CL003267,Eric Wilson,Female,64,single,Freelancer,37376.26,668,NC,"84154 Grace Junction, Port Nathanielville, RI 93657",431-817-2093,GB26PSUE53756130015975,full_coverage,19.9,0
CL003268,Stephanie Hayes,Female,31,divorced,Freelancer,37139.99,674,TX,"193 Cox Extension, Jacksonville, KS 71185",433-843-7098,GB91HTFJ95260114310230,full_coverage,9.9,0
CL003269,Christy Moore,Male,43,married,Construction Worker,39121.31,640,PA,"49791 Stewart Road Suite 751, Boydmouth, AR 91298",960-541-4401,GB97WFUX62120393553082,liability_only,5.5,0
CL003270,Joseph Newman,Female,49,single,Retired,148539.34,779,NC,"210 Emily Mountain Suite 808, Smithfort, OR 68734",+1-422-237-6890x046,GB45UHFN96335100647855,full_coverage,1.8,1
CL003271,Joel Woods,Female,19,single,Software Engineer,76116.88,804,TX,"8862 Timothy Land, South Kennethview, NE 80277",(561)246-7406x00862,GB62PJNU81794149195257,full_coverage,0.9,0
CL003272,Tammy Cook,Male,54,divorced,Accountant,72067.2,643,OH,"08291 Wood Field Suite 551, Cochranbury, WA 97455",928.883.2277x217,GB03WWOO96446594087080,comprehensive,5.0,2
CL003273,Christine Martinez,Male,75,divorced,Business Owner,21758.79,698,TX,"00472 James Orchard Suite 937, Cochranshire, MT 64551",(660)915-3513x554,GB28NWWR90720646139165,full_coverage,2.6,1
CL003274,Erin Brown,Male,45,single,Administrative Assistant,28545.9,723,NC,"52660 Zimmerman Fort Suite 069, North Jeremy, DC 11193",564.440.9904,GB43XJOD19248592394028,full_coverage,2.7,1
CL003275,Brenda Weber,Female,80,single,Freelancer,17539.44,695,PA,"81168 Shannon Loop Suite 873, Castroville, LA 84742",+1-783-625-6579x6284,GB17IMKW95477550862614,full_coverage,0.2,0
CL003276,Elizabeth Weaver,Female,47,single,Sales Representative,34517.03,550,GA,"15450 Virginia Points, Port Laura, UT 98209",231.897.1051,GB74UVAG31574828010554,comprehensive,8.4,1
CL003277,David Washington,Female,22,married,Retail Worker,83248.61,700,IL,"7426 Wade Roads, New Andrewshire, CO 94165",+1-937-825-6481x369,GB33BFWL46041012777729,full_coverage,0.4,0
CL003278,Darrell Juarez,Female,26,divorced,Retired,78713.29,484,TX,"969 White Walk, Gonzalezmouth, TN 13358",+1-340-677-2671,GB29MBLP63574901626888,full_coverage,8.7,0
CL003279,Heidi Willis,Female,32,single,Chef,60762.72,731,MI,"94301 Hernandez Harbor, Amychester, AZ 95804",637.804.3041x51680,GB09FSQS98611076633016,comprehensive,3.8,0
CL003280,Barry Spence,Female,48,divorced,Truck Driver,98122.26,588,MI,"6145 Buck Corners Suite 221, Lunaland, SD 01562",001-818-289-3668x4773,GB17ACZF22812998037571,full_coverage,0.2,0
CL003281,Amanda Singleton,Female,75,married,Manager,61280.42,803,IL,"63813 Francis Port, Cindyview, OR 15729",382.448.8327,GB20TZYK86614006796158,liability_only,3.0,0
CL003282,Dana Fuller,Male,25,single,Nurse,63030.05,649,TX,"107 James Rapid Apt. 869, Villaland, MI 16652",250-339-1333,GB03DSZA21287809280414,liability_only,5.1,1
CL003283,Glenda Gallagher,Female,20,single,Teacher,30355.48,782,NC,"2723 Thomas Trail, New Kyle, AR 37303",7859397613,GB59QFKV42342762826509,comprehensive,3.4,0
CL003284,Patricia Reed,Male,56,single,Retail Worker,68402.49,727,TX,"15317 David Ridge Suite 148, New Diane, AZ 99488",+1-356-723-1107x452,GB92ONLH07679987855933,full_coverage,5.7,1
CL003285,Valerie Salazar,Male,35,divorced,Accountant,63843.83,800,PA,"107 James Rapid Apt. 869, Villaland, MI 16652",250-339-6542,GB03DSZA21287809280414,full_coverage,0.2,0
CL003286,Donald Wilson,Male,74,married,Warehouse Worker,34586.39,761,MI,"3217 Ramirez Track, Riverastad, MA 96946",(687)748-6803x4508,GB32UWPG36776996339495,full_coverage,9.0,0
CL003287,Rita Stark,Female,20,married,Mechanic,57255.51,665,GA,"601 Webb Fort, New William, DE 30515",001-540-611-5120x16461,GB30JVOP15064074154547,full_coverage,1.6,0
CL003288,Kristy Bell,Female,71,married,Student,53201.06,655,TX,"101 Barr Coves Apt. 122, Duaneland, IN 54944",001-201-845-6927x640,GB87GIAK09576106535079,comprehensive,10.7,0
CL003289,Marc Gray,Female,27,married,Consultant,62135.79,647,GA,"74517 Kimberly Freeway Apt. 959, Martinberg, WY 27583",914-477-0538x33884,GB10WBUM63370502497243,full_coverage,0.2,1
CL003290,Alexis Hinton,Male,40,single,Truck Driver,73417.16,617,PA,"642 Robles Landing, Port Heather, OH 30568",(680)960-4935x234,GB55ORJB31755293692189,full_coverage,4.9,0
CL003291,Kimberly Johnson,Male,41,divorced,Software Engineer,32288.19,664,GA,"3450 Liu Isle, East Tabithaport, OH 36072",645.571.6850,GB83STIB96793445735884,liability_only,4.5,0
CL003292,Heather Ponce,Male,48,single,Manager,50293.49,655,IL,"2594 Caldwell Squares Suite 650, West Phillip, OK 50202",971-673-3676,GB95PJEF54335774539768,comprehensive,0.0,0
CL003293,Elizabeth Hodges,Male,50,single,Retired,136902.21,725,FL,"90914 John Stream, South Rachel, PW 58417",+1-790-991-6056x194,GB22TLDB79158093585381,full_coverage,3.4,1
CL003294,Robert Cross,Male,64,single,Construction Worker,120075.5,821,CA,"921 Owens Junction Apt. 084, Guerreroshire, GU 66226",608.352.8963x746,GB89ZMTC62545436068371,liability_only,2.5,0
CL003295,Michele Black MD,Male,68,divorced,Retail Worker,80303.47,713,TX,"5206 Lee Island Apt. 691, South Jamesberg, MN 44639",+1-392-323-9735x1871,GB69WNML68704030680421,full_coverage,1.1,0
CL003296,Tracy Thompson,Other,71,divorced,Software Engineer,50113.04,600,PA,"6007 Smith Cape Suite 266, East Jesse, MO 01047",6878898107,GB47UUHM32444999084335,comprehensive,2.4,0
CL003297,James Ortega,Female,79,divorced,Warehouse Worker,76413.64,739,MI,"18666 Daniel Glens Suite 491, West Jonathan, PA 49895",(864)596-2599,GB22TOXK76278653785119,full_coverage,0.8,1
CL003298,Haley Tran,Female,34,married,Nurse,78291.11,661,IL,"23022 Morgan Lock Apt. 298, Espinozaborough, AL 10713",(663)753-5610,GB84CHPQ60147423862499,full_coverage,1.3,0
CL003299,Brian Brown,Female,44,married,Construction Worker,81831.42,711,NY,"20547 Hill Shore, Jeffreyfurt, IN 08550",6854665568,GB68APPU81550894136819,comprehensive,2.1,1
CL003300,Joshua Duran,Male,76,married,Student,122674.63,780,NC,"333 Cindy Orchard Apt. 428, South Caitlinfurt, TN 53537",770.704.4406x1858,GB29HABE24666769365345,comprehensive,1.1,0
CL003301,Elizabeth Crane,Female,60,married,Electrician,147423.1,678,NY,"62417 Evans Prairie Suite 065, West Savannahhaven, KS 25930",7838869126,GB12CJFR27688532903861,liability_only,4.7,0
CL003302,Gregory Williams,Male,18,single,Consultant,43734.41,764,NY,"95654 Huffman Drives Suite 529, Port Paulhaven, PA 87501",390.323.4767x0900,GB15OTQJ12906157036708,comprehensive,11.0,2
CL003303,Randy Jackson,Female,21,divorced,Truck Driver,73750.89,718,MI,"8291 Kyle Stravenue Suite 866, East Teresaland, NV 61558",(201)827-9611x4351,GB69UZCR34404963919195,full_coverage,4.3,0
CL003304,Dana Hansen,Female,57,married,Nurse,147224.25,745,MI,"USNS Pena, FPO AP 57876",001-897-518-9861x04255,GB34XYJB42665773337069,liability_only,0.5,0
CL003305,Angela Allen,Male,75,married,Student,123283.24,734,TX,"38626 Rios Prairie Suite 856, Tommyton, PR 31321",(949)536-3549x578,GB45VJIY66872553681963,liability_only,0.8,0
CL003306,Ryan Velasquez,Male,44,single,Freelancer,40655.55,802,NY,"411 Fernando Drive, Marilynborough, MA 77183",+1-446-919-5697,GB64WBTX12475134408830,full_coverage,4.4,1
CL003307,Andrew Allen PhD,Male,21,married,Student,26266.1,778,GA,"981 Anthony Oval, North Chelsea, IA 35866",+1-856-617-3789,GB92FDNV05488236022998,liability_only,0.2,1
CL003308,John James,Female,77,married,Construction Worker,84356.88,686,IL,"94746 Barbara Pike Apt. 797, Sherrystad, SD 05998",111-556-7611,GB38GSQX89057930336220,full_coverage,0.6,0
CL003309,Lisa Robertson,Male,57,single,Sales Representative,29035.33,628,MI,"5404 Smith Junction Suite 136, Parkerborough, NC 52932",468-245-9690,GB88UJNM53335038363358,liability_only,1.6,0
CL003310,Michael Mason,Female,33,single,Police Officer,56559.91,695,TX,"127 Webster Trace, Maldonadoshire, SD 83770",001-695-901-4556x1681,GB36BALI52280156193183,full_coverage,6.5,2
CL003311,Billy Smith,Male,70,divorced,Chef,34023.76,691,NY,"783 Johnson Keys, New Raymondport, HI 17111",811-972-8603,GB84KTBI14714662434412,full_coverage,0.1,0
CL003312,Sergio Patel,Female,37,married,Retail Worker,59960.64,527,TX,"84040 David River Suite 820, East Amanda, VT 09962",255.915.9157x974,GB91FMUZ11779664049774,full_coverage,4.9,0
CL003313,Jeffrey Farrell,Male,66,married,Truck Driver,37650.9,675,NC,"157 Rick Crossroad Apt. 565, Shanestad, VI 51542",246-779-2614,GB60XZDQ82700036121259,comprehensive,0.2,0
CL003314,Katrina Rodriguez,Female,35,single,Accountant,115340.2,681,NC,"51116 Zachary Spring Suite 280, Tammyshire, MP 85967",7029049119,GB55ODHV69684932312010,full_coverage,1.6,2
CL003315,Dennis Wallace,Male,73,married,Electrician,25991.03,768,NY,"421 Lisa Burg Suite 121, Walkermouth, MO 74504",+1-789-716-2334x4182,GB28GING31031233635878,liability_only,0.7,2
CL003316,John Hays,Female,35,single,Software Engineer,114902.98,724,OH,"PSC 0890, Box 2017, APO AE 92390",308.893.3760x11504,GB57SDBY98268212114430,liability_only,4.6,0
CL003317,Susan Hernandez,Male,80,married,Electrician,113002.6,640,NY,"35443 Barrera Gateway, South Dustin, GA 96954",+1-867-304-8826,GB04HSXN63356353448134,full_coverage,7.3,1
CL003318,Heather Hines,Male,55,single,Manager,50523.82,627,CA,"752 Sparks Falls Suite 872, Ellenmouth, PR 48763",+1-741-239-3573x09063,GB53GKXX55068861191201,comprehensive,0.4,1
CL003319,Matthew Elliott,Female,62,married,Business Owner,118292.41,634,CA,"87373 Johnson Cliff Apt. 326, West Sandra, RI 65504",+1-505-714-4949x426,GB09TOCT49277759515913,liability_only,1.4,0
CL003320,Mathew Cox,Female,36,single,Police Officer,56894.71,654,NY,"Unit 8537 Box 2151, DPO AP 08319",001-398-264-5904x11143,GB73SRIN79809162023134,full_coverage,8.3,0
CL003321,Melissa White,Male,55,single,Manager,41203.08,538,PA,"09130 Michael Hills Apt. 120, East Sergio, OH 00758",878.491.7485,GB06HICS83513120008434,full_coverage,4.4,0
CL003322,Christina Wheeler DDS,Male,43,married,Construction Worker,41623.5,804,CA,"5714 Jones Squares Apt. 418, North Jacobberg, WV 36315",(435)702-3277,GB33LKDE63765827406943,full_coverage,4.9,1
CL003323,Kenneth Campos,Female,31,married,Manager,42639.71,815,MI,"7949 Rice Brook, New Vanessaport, NV 46362",265.601.8084x7387,GB48QGZK84128409819444,full_coverage,14.4,0
CL003324,John Anderson,Female,21,single,Student,34038.81,694,NC,"648 Dawn View, North Connieshire, ID 42719",001-603-227-5350x82021,GB16TWZV65845645510380,comprehensive,0.2,0
CL003325,Julia Lopez,Male,23,married,Manager,51723.63,710,IL,"7279 Schmidt Stream, Robertfurt, NV 54485",873.922.4478x84469,GB58HZAV82031306434272,comprehensive,1.7,0
CL003326,Dr. Mary Chambers MD,Male,55,single,Electrician,54097.33,632,NC,"646 Mark Track Apt. 845, South Robert, MA 46798",792.675.3751,GB61MGXR03733288003327,full_coverage,15.6,0
CL003327,Molly Anderson,Male,38,single,Manager,119774.78,611,NY,"90804 Leslie Corner, Donovanmouth, FM 18252",+1-227-578-9880x0859,GB80YFEH83069553171497,liability_only,0.9,0
CL003328,Jennifer Richards,Male,57,widowed,Retail Worker,176451.9,671,TX,"12263 Martin Fall Suite 673, Allisonfort, MO 89623",(213)578-7274,GB42FMDD13278552912369,comprehensive,2.0,0
CL003329,Katherine Hatfield,Male,71,married,Nurse,94125.65,679,NY,"8273 Wood Valleys Suite 929, Robinville, CA 08775",+1-301-277-8854,GB55LIKC61009317852789,full_coverage,3.4,2
CL003330,Derrick Smith,Male,52,married,Software Engineer,45703.09,760,NC,"8880 Henry Gardens Apt. 051, Fishershire, VI 20136",001-678-730-4488x0365,GB28ZXXQ80236052578876,full_coverage,0.8,0
CL003331,Adam Barr,Female,29,married,Student,37949.63,631,NY,"99164 Carter Drive, Melissaview, MP 24894",3359021931,GB40IFXG70400930264870,full_coverage,0.2,0
CL003332,Cindy Day,Female,58,married,Teacher,36431.05,644,PA,"61291 Jasmine Cliff, East Brendan, ND 53651",001-287-992-2348,GB55DXQX19168519323037,liability_only,3.0,0
CL003333,Christopher Olson,Male,61,married,Retail Worker,50812.24,699,IL,"Unit 3886 Box 8738, DPO AP 93861",688.583.2647x77768,GB96TZQB29492830374956,liability_only,2.3,1
CL003334,Jonathan Cabrera,Male,72,widowed,Accountant,31870.6,624,NC,"594 Rodney Port Apt. 785, Lake Timothy, OH 55253",486.932.9646x3820,GB29VMFX91436503530113,liability_only,5.6,1
CL003335,Mrs. Cindy Walls,Female,50,single,Nurse,67704.4,640,PA,"24050 Wallace Island, Kevinhaven, PW 29769",+1-570-627-1203x700,GB03EXFG92637548364177,liability_only,1.2,0
CL003336,Cynthia Bruce,Male,30,single,Software Engineer,29907.99,654,MI,"13689 Joshua Club, Josephburgh, FM 60789",+1-303-328-5340x512,GB68FOVE58969806687735,liability_only,5.3,2
CL003337,William Wright DDS,Female,25,single,Manager,35001.81,686,PA,"2561 Rebecca Shores Apt. 610, Hendersonbury, ID 89991",631.740.8040x884,GB80JUXZ20391908976824,liability_only,0.8,0
CL003338,Joy Casey,Male,21,married,Manager,86340.04,727,TX,"329 Wilcox Passage Suite 161, East Thomas, IA 01396",(939)343-1290,GB58KTJC65162319818984,liability_only,1.1,1
CL003339,Thomas Lewis,Female,43,married,Software Engineer,97882.44,632,CA,"49331 Clements Crescent, Lake Tammyville, VA 32997",+1-211-484-8559x444,GB42OVCL48098056151923,full_coverage,1.3,0
CL003340,Deborah Guerrero,Female,50,widowed,Truck Driver,31135.62,651,FL,"63173 Samuel Hill Suite 971, Michaelburgh, AS 75095",676.736.2663x15864,GB89XYSZ50751515360104,comprehensive,2.2,0
CL003341,Kristin Smith,Female,49,married,Business Owner,63841.54,841,GA,"4505 Amy Squares Suite 591, East Travis, FM 36204",+1-252-830-3906x80264,GB79BXJZ96506696198101,liability_only,0.3,0
CL003342,Christopher Robinson,Female,38,divorced,Police Officer,59447.42,582,NY,"42265 Cody Views, Kellyville, MN 82478",001-532-722-9153x254,GB25RWXD94529326148236,liability_only,5.2,0
CL003343,Thomas Greer,Other,60,divorced,Truck Driver,37117.15,707,FL,"909 Costa Courts, South Emilyport, CA 13715",468-245-1438,GB88UJNM53335038363358,liability_only,1.5,0
CL003344,Angela Malone,Male,56,married,Construction Worker,41001.3,677,FL,"611 Erin Walks, Matthewmouth, ND 01185",780.302.2200x68874,GB76SFME43776304785594,full_coverage,0.8,0
CL003345,Summer Koch,Male,53,single,Construction Worker,53323.29,690,PA,"7418 Wilson Pines Apt. 344, Jonesland, NY 83397",865-803-1861x8236,GB97XUWJ62286655757727,full_coverage,8.9,0
CL003346,Stephanie Smith,Male,81,single,Retired,62173.9,520,CA,"Unit 9904 Box 0570, DPO AE 91088",(359)542-5990,GB05AIBX07763657316839,liability_only,8.2,0
CL003347,Jasmine Hatfield,Male,66,single,Truck Driver,83826.82,786,CA,"0554 Janice Plains, Edwardsborough, MH 30283",220.805.3963x9388,GB42FHKV39587250066299,liability_only,0.7,0
CL003348,Tricia Watson,Male,23,married,Police Officer,50819.63,665,FL,"445 Lee Expressway Apt. 373, Lake Troy, NC 33536",(611)281-3541x179,GB53VTPV72707375615013,liability_only,2.7,1
CL003349,Charles Weber,Female,21,married,Teacher,37111.53,570,CA,"468 Patrick Road Apt. 121, Davidville, ME 63694",001-448-426-8476x98555,GB62YAUT68130389314683,full_coverage,6.9,0
CL003350,Richard Francis,Female,25,single,Retired,120733.68,661,NY,"0164 Ellis Burgs Suite 436, Lake Daniellemouth, NH 34983",+1-404-453-3612,GB15XJPK92177868205379,liability_only,1.8,0
CL003351,Melissa Gibson,Male,38,single,Freelancer,37782.91,711,NY,"81244 Ritter Stream, Silvaside, DE 34979",(677)866-3045,GB08DLUV50679900673219,full_coverage,0.9,1
CL003352,Mary Yang,Male,62,single,Freelancer,79947.28,624,FL,"0363 Larson Views, Mullinsburgh, UT 36224",248.834.6361x962,GB80HXTA25806187169747,liability_only,7.6,0
CL003353,Michael Richardson,Male,51,married,Nurse,67695.65,631,NC,"737 Randall Points Suite 924, Jesusport, DE 31052",709.944.2687,GB06ENUS06849791485413,full_coverage,5.3,0
CL003354,Derek Dixon,Female,66,single,Retail Worker,43706.43,789,CA,"635 Robert Stravenue, Josephland, OK 49365",(861)283-0671x98554,GB52QDQN61794549180172,full_coverage,28.3,0
CL003355,Michael Deleon,Male,72,married,Retail Worker,45103.39,581,GA,"12264 Christopher Pine Apt. 262, Sarahbury, IA 82571",634.328.9256,GB45PHFI36871949234948,liability_only,2.7,0
CL003356,Jenny Macdonald,Male,41,widowed,Retired,44272.63,757,CA,"Unit 9914 Box 2564, DPO AA 40824",001-417-677-5092,GB04HVWW30026387956529,full_coverage,9.3,0
CL003357,Joshua Bell,Female,78,widowed,Truck Driver,86382.5,740,NY,"765 Chavez Springs, Whitechester, MH 26999",4947294294,GB45FDTO05304901535944,comprehensive,11.0,0
CL003358,Tiffany Anderson,Male,44,divorced,Accountant,45172.33,524,IL,"38657 Tara Harbors Suite 767, Kellyhaven, GA 71761",860-826-2867x60140,GB60RMEV75062150205511,liability_only,4.1,0
CL003359,Christina Miller,Female,30,single,Construction Worker,31488.05,674,MI,"482 Martin Greens, Carolinemouth, LA 42751",4825495607,GB21CFIP87936766026029,liability_only,0.5,0
CL003360,Ronald Moore,Male,54,divorced,Teacher,89858.42,687,MI,"47813 Jesus Fall, New Kimberlyfort, UT 00745",471-963-5696x86695,GB74AIAK23932653654745,liability_only,3.3,0
CL003361,Jessica Allen,Female,54,divorced,Accountant,53435.75,709,OH,"Unit 1664 Box 2203, DPO AE 18379",+1-600-808-5300,GB82WRFV77629179743869,full_coverage,1.4,1
CL003362,Robin Carter,Female,53,married,Mechanic,36278.5,700,IL,"201 Ashley Ports, Kathleenfort, MN 12006",2843625831,GB53OBCJ23431837034473,liability_only,2.2,0
CL003363,Michael Olson,Female,61,single,Freelancer,68033.72,771,MI,"2881 Thomas Bypass, Port Kathryn, WV 61588",774.624.8399x70438,GB91AMZX39284906251958,comprehensive,3.8,0
CL003364,James Farrell,Female,29,widowed,Truck Driver,36264.49,677,PA,"4413 Lauren Ways Apt. 856, West Dawnmouth, KY 37954",878.923.7411x3579,GB85GNYH73999355954460,comprehensive,3.8,0
CL003365,Carlos Mcdowell,Female,43,married,Retail Worker,62494.33,800,OH,"3305 Jessica Turnpike, Perkinsburgh, WY 01832",001-302-758-2215x27010,GB97YLRY66140147404261,liability_only,0.0,1
CL003366,Derek Stanton,Male,35,single,Business Owner,60085.45,741,MI,"51038 Susan Fork Apt. 685, East Clintonview, HI 77118",462-789-9116x42606,GB72CPUU76998970836960,comprehensive,4.2,0
CL003367,Jason Ramirez,Male,39,married,Chef,25605.57,773,PA,"898 Collins Lodge, South Kristin, LA 90103",(554)206-1384,GB85XBEP31178790091060,full_coverage,1.5,1
CL003368,Timothy Cook,Male,23,single,Business Owner,35222.58,708,OH,"0364 Tyler Passage, Heatherstad, RI 98740",437-270-4315x21001,GB74PSCH94500763188282,comprehensive,0.2,1
CL003369,Walter Waters,Male,49,married,Construction Worker,104782.89,575,GA,"940 Phillips Mission, Port Edwardshire, PW 60979",569.926.7489,GB06QDDE21850350452853,full_coverage,2.4,5
CL003370,Juan Williams,Female,71,married,Administrative Assistant,45632.63,635,GA,"379 Jesse Route Suite 740, Santanaside, GA 10182",9853899441,GB08ZBEE59999663618637,full_coverage,5.1,1
CL003371,Heather Moreno,Male,49,widowed,Consultant,34341.96,726,TX,"021 Jason Estate, Veronicabury, NE 40859",(925)612-1247x8765,GB06CXPQ15188575766208,full_coverage,1.8,0
CL003372,Julie Bishop,Male,43,married,Software Engineer,66193.94,646,OH,"1208 Lang Path Apt. 209, Robinsontown, NH 86600",338-976-8108x2580,GB26JLVR19032974085967,full_coverage,1.4,1
CL003373,James Miller,Male,37,married,Student,85457.17,751,NY,"PSC 1685, Box 0542, APO AE 45292",417-851-8689,GB76DBFK62588967924082,full_coverage,0.0,0
CL003374,Paula Garcia,Male,46,widowed,Manager,106386.43,682,NC,"96589 Bell Shores, Port Lindsay, PR 25273",821-689-1458,GB34EHSH22207413067013,liability_only,1.1,1
CL003375,Cassandra Miller,Female,51,widowed,Student,86896.12,615,FL,"6346 Carrie Alley, Lake Nathan, IA 20643",667-618-6632,GB14NERW78132709481025,liability_only,0.5,0
CL003376,Angela Duncan,Male,70,single,Police Officer,80979.83,662,FL,"516 Nichols Dam, Lake Lisaburgh, NE 81781",+1-270-846-3795x3882,GB27VJAE21637210707806,liability_only,0.1,0
CL003377,Jessica Mendoza,Female,21,widowed,Construction Worker,45441.99,690,GA,"0397 Samantha Meadow Apt. 051, West James, WY 65360",827.399.1333x46330,GB24HQVH34270980774854,full_coverage,7.2,0
CL003378,Chad Moore,Male,40,married,Electrician,64684.5,689,CA,"1038 Beard Point, Tranhaven, CO 35154",601-450-6319,GB95XMMQ95578649450197,comprehensive,1.4,1
CL003379,Julie Howard,Female,69,single,Business Owner,35471.09,698,NC,"7895 Ford Loop Apt. 703, Port Regina, MS 51740",001-756-442-3987x644,GB27EIZM10784249093277,full_coverage,1.6,1
CL003380,Julia Gilbert,Male,21,widowed,Freelancer,40717.37,644,NY,"782 Hines Hollow, Andreaborough, PR 18936",(332)650-3385x860,GB33TSNH75087187136431,full_coverage,5.0,1
CL003381,Victoria Rowe,Female,26,married,Consultant,89825.28,677,TX,"527 Nathan Divide, Scottport, MP 93175",471.765.5244,GB18ATCB09596731136495,liability_only,3.0,0
CL003382,Christina Sanders,Male,49,single,Software Engineer,44085.58,844,OH,"14826 Stanton Islands, Adrianton, NH 90446",560.895.6781,GB14TGSS14789380155442,full_coverage,2.2,2
CL003383,Kerry Joyce,Female,45,single,Retired,19962.41,827,NY,"094 Jennifer Forge, New Alexanderton, SC 10267",+1-262-529-1893x89120,GB77AGTR96532865393124,comprehensive,0.7,0
CL003384,Mark Christian,Male,41,married,Consultant,68626.7,628,GA,"13864 Theresa River, New Jerryborough, DE 88390",598-955-7151x871,GB05BZRZ88869920275053,full_coverage,21.1,0
CL003385,Jason House,Female,21,married,Electrician,65768.17,846,PA,"98669 Rivera Rapids Apt. 854, Taylorchester, NE 18224",001-345-867-8022x1169,GB62NYZS41075884337383,full_coverage,7.7,1
CL003386,Mario Potter,Female,51,divorced,Business Owner,55914.84,714,OH,"37874 Courtney Place, Tiffanyburgh, VI 66153",5738645114,GB37ONML18448552206204,full_coverage,0.8,1
CL003387,Joan Taylor,Female,21,single,Warehouse Worker,111020.37,739,MI,"640 Daniels Keys Suite 715, Stewartfort, OH 85585",+1-595-841-1874x0601,GB47YHKZ22352551387266,full_coverage,2.8,0
CL003388,Willie Richmond,Female,46,single,Retail Worker,32746.14,729,NY,"3019 Jeffrey Forest Apt. 167, Mistyfort, SC 94667",6768836668,GB06LDSF22157482862899,comprehensive,2.4,1
CL003389,Joshua Hoffman,Female,21,divorced,Electrician,46553.49,762,TX,"92348 Miller Villages Suite 118, Wattsview, IA 53812",001-944-220-8651x6795,GB74WRBC05962590064715,full_coverage,4.4,0
CL003390,Eric Ponce,Female,45,single,Student,122287.09,650,FL,"035 Hopkins Club Suite 716, Terristad, OH 60320",001-660-448-6264x211,GB08FKWS41230473460367,comprehensive,6.6,0
CL003391,Samuel Collins,Female,44,widowed,Construction Worker,55310.61,696,PA,"Unit 3428 Box 0027, DPO AE 40169",(465)675-8811x0371,GB08IFMZ38017065671116,comprehensive,8.1,0
CL003392,Kara Johnson,Female,59,single,Sales Representative,50219.54,597,PA,"0621 Trevor Mount, Masonton, AK 44154",813.444.9441,GB77FRRW16596054377045,full_coverage,9.5,0
CL003393,Kyle Kirby,Female,71,divorced,Warehouse Worker,97007.9,620,MI,"780 Jimmy Spur Suite 316, Port Cynthiaville, NV 22306",+1-881-817-2980,GB35UJYA35533803396852,comprehensive,5.3,1
CL003394,Michelle Cantrell,Female,61,married,Nurse,34668.1,744,TX,"8534 Beard Pine, Heidiview, CO 49046",909-891-4434,GB75QEAX61760533508221,liability_only,9.8,0
CL003395,James Holt,Male,39,married,Truck Driver,15000.0,827,NC,"Unit 6544 Box 4205, DPO AA 65984",9625465146,GB88RVRK68679148635623,comprehensive,1.6,1
CL003396,Amanda Smith,Female,51,single,Sales Representative,66285.36,718,NC,"1206 Stephen Port, Shaneburgh, AL 22632",491.213.4263x136,GB64QFQX60549722277726,full_coverage,4.7,1
CL003397,Joshua Mcguire,Female,65,single,Chef,68536.18,720,FL,"0496 Padilla Land Suite 146, New Joseph, TN 88667",+1-830-597-5780,GB65CPRT78356392429138,liability_only,5.0,0
CL003398,William Davis DDS,Male,56,married,Electrician,100824.96,696,FL,"784 Danielle Inlet, Lake Stevenmouth, KY 86156",393-436-6863,GB32VSVE42806589175260,full_coverage,3.4,0
CL003399,Jennifer Howard,Female,64,widowed,Police Officer,74306.71,621,PA,"08019 Carroll Spurs, East Morganchester, FM 50438",922-383-7969x27029,GB74CNRW72960332874621,liability_only,4.1,0
CL003400,Julie Kemp,Female,48,married,Teacher,92264.54,784,PA,"401 Stone Cove, New Allen, WA 89455",767.601.6710x070,GB31GQZW28594122709578,liability_only,6.6,0
CL003401,Thomas Scott,Other,69,married,Truck Driver,75181.15,733,NC,"4341 Wilson Stream Suite 943, New Jacqueline, LA 51686",424-387-0395x42382,GB50PECY83960987836833,full_coverage,0.7,1
CL003402,Michael Williams,Female,45,married,Software Engineer,56463.36,626,FL,"505 Dennis Port, South Jose, WV 43006",202.891.0958x203,GB64UEWA02573291256298,comprehensive,18.3,0
CL003403,Amanda Meyer,Female,62,single,Chef,80919.55,747,TX,"170 Moore Spur, South Jasmineview, FM 36153",001-595-716-4990,GB83PVFR84406191788374,comprehensive,9.1,0
CL003404,Karen Trujillo,Male,61,single,Manager,40611.47,743,OH,"59774 Shaw Manor Apt. 392, Brettfort, VI 49156",9853899441,GB89FBIL65044818321928,liability_only,0.5,0
CL003405,Adam Adams,Male,19,married,Teacher,66629.91,624,TX,"7834 Mcclain Summit Suite 287, Port Bryanborough, KS 91257",(900)820-4596x151,GB13BFRS62435172946722,full_coverage,1.4,0
CL003406,Jacqueline Pena,Female,66,widowed,Truck Driver,124637.51,839,MI,"5555 Carol Loop, Zacharystad, OK 83730",001-466-554-6389x6783,GB21QIBT35363526727965,full_coverage,4.8,1
CL003407,Linda Rogers,Female,46,married,Truck Driver,75415.69,786,CA,"730 Rodriguez Stravenue Suite 274, Owensville, MA 54785",(333)447-4096,GB26AFIM57267120615400,full_coverage,2.4,1
CL003408,Tracy Pope,Male,81,married,Retired,100399.61,608,OH,"98784 Anna Drive, Port Jared, AL 15143",359.574.4937,GB66VCYO72718452310236,full_coverage,0.2,0
CL003409,Victor Rodriguez,Male,74,married,Manager,52148.64,656,PA,"58094 Matthew Views Suite 218, South Alejandro, FL 87843",524.887.5534x9591,GB64MYTK31900567827311,full_coverage,13.0,1
CL003410,Alexis Wood,Male,74,married,Truck Driver,42019.26,535,GA,"522 Justin Village, Hortonberg, WV 92977",314-513-9755x2314,GB59TJLD47541022526771,full_coverage,1.4,0
CL003411,Joshua Kennedy,Other,31,single,Software Engineer,48903.22,850,IL,"PSC 6001, Box 9801, APO AA 42231",4748680748,GB19OXQF00993825676959,liability_only,6.1,2
CL003412,Ms. Susan Manning,Male,57,married,Construction Worker,116791.38,645,PA,"6564 Suzanne Brook Suite 753, West Jacob, IN 63184",+1-877-685-5459x7693,GB06FKEC88102428361309,full_coverage,8.6,0
CL003413,Anthony Graham,Female,57,married,Police Officer,32561.05,675,TX,"77397 Woods Hill Apt. 305, Port Susanburgh, NJ 86090",(460)601-7889x76651,GB79VATW34221371485281,full_coverage,4.1,0
CL003414,Philip White,Female,71,divorced,Retail Worker,96176.29,758,FL,"330 Mark Glen, Gonzalezmouth, MA 61273",607.244.1166,GB48JVQS75688110962273,comprehensive,0.7,0
CL003415,Jeffrey Escobar,Female,36,married,Teacher,73840.55,731,NC,"1145 Donna River, New John, RI 53550",(913)678-3690,GB43KWOB92662063246341,full_coverage,3.2,1
CL003416,Karen Watts,Male,47,divorced,Chef,44262.96,678,FL,"9233 Rodney Dale Suite 140, Murrayport, NE 70871",508-249-4551x675,GB81VVZJ43928542865383,comprehensive,0.1,0
CL003417,Angela Tran,Female,66,divorced,Freelancer,103740.68,680,OH,"7561 James Ramp Apt. 988, Lake Tonyahaven, MH 63528",+1-510-831-9836,GB65TBWE80484583395769,comprehensive,0.9,0
CL003418,Miranda Murray,Male,30,single,Warehouse Worker,48653.84,792,PA,"83727 Dwayne Course Suite 423, Smithtown, HI 21839",851-386-6698,GB55GSKV62867715491286,full_coverage,6.8,1
CL003419,Michael Ruiz,Male,36,married,Construction Worker,39394.38,692,IL,"31377 Evan Forges Apt. 393, Margarettown, NH 28847",735.383.8524x0624,GB23JRYB68255248623593,liability_only,0.4,0
CL003420,Amber Cardenas,Male,37,divorced,Administrative Assistant,67025.93,694,NC,"107 James Rapid Apt. 869, Villaland, MI 16652",250-339-1161,GB03DSZA21287809280414,full_coverage,0.1,0
CL003421,Ellen Dodson,Other,64,single,Electrician,15000.0,764,PA,"082 Steven Forks, Charlottechester, WY 58026",001-275-834-3639x4291,GB78NYTS00926005349060,comprehensive,1.8,1
CL003422,Aaron Scott,Female,81,married,Chef,85952.85,624,NC,"16627 Robert Spurs, New Donaldberg, RI 37630",(716)932-1740x50502,GB27PIQY46159973402892,liability_only,2.1,1
CL003423,Amanda Cortez,Female,50,married,Police Officer,54531.97,642,PA,"273 Christopher Terrace, Torresbury, AK 51025",359-921-2512x67482,GB39QIGR37176471405671,full_coverage,1.5,2
CL003424,Stacy Edwards,Female,50,single,Accountant,71537.67,673,CA,"00524 Shelby Summit, Bryantview, NH 78750",+1-351-962-5831,GB91XJPU00265523090147,comprehensive,14.4,0
CL003425,John Calhoun,Female,72,single,Software Engineer,54414.46,665,TX,"107 James Rapid Apt. 869, Villaland, MI 16652",250-339-1972,GB52WNMY38902509639175,liability_only,2.5,2
CL003426,Mrs. Yvonne Hinton,Male,69,single,Business Owner,36928.69,766,TX,"566 Jeffrey Alley, Donaldberg, ND 54223",302.779.6151,GB92FBPL80665425319305,full_coverage,10.8,0
CL003427,Melanie Day,Female,71,married,Sales Representative,52482.41,734,PA,"1735 Simmons Grove, Candiceport, UT 69054",725-791-4458x09397,GB71GUAP50358551028898,liability_only,2.4,0
CL003428,Kathleen Thompson,Male,37,married,Student,37873.22,756,FL,"Unit 5732 Box 5234, DPO AE 76053",+1-378-217-5504x6123,GB33HWCS00064833078550,full_coverage,2.9,1
CL003429,Alan Evans,Female,59,divorced,Business Owner,74984.44,634,CA,"881 Costa River Apt. 330, New Jennifermouth, AS 17703",(608)736-6257x336,GB56WREZ18786578344093,comprehensive,0.2,0
CL003430,Erica Thomas,Male,68,single,Retail Worker,37971.37,693,TX,"23899 Deanna View Suite 688, Haileyshire, MN 57734",+1-204-379-2812x520,GB09ZBXQ45435412895076,comprehensive,6.8,0
CL003431,Donald Pittman,Female,40,divorced,Administrative Assistant,78873.26,565,NY,"50619 Joshua Plains Suite 796, New Angelaland, KY 34744",901.577.6269,GB70EESW29930123970429,full_coverage,3.8,0
CL003432,Matthew Rogers,Male,65,single,Teacher,77709.96,618,TX,"94383 Ali Locks Suite 881, Goodmanton, MS 98800",432-804-5716,GB47CFBD35157011314916,full_coverage,0.2,0
CL003433,Caleb Olsen,Male,50,widowed,Police Officer,114297.79,727,CA,"44565 Chavez Fort, East Derekshire, CT 20870",794.227.8816,GB81JLZM69078263337389,liability_only,4.8,0
CL003434,Sally Hansen,Male,31,married,Nurse,100130.56,679,CA,"473 Craig Lights, Sharonbury, DE 53770",001-644-382-1278x8541,GB24HYPV54537003722755,liability_only,0.3,1
CL003435,Walter Turner,Male,74,single,Freelancer,66225.89,649,NC,"5618 Oconnell Fords Suite 474, North Ericport, GU 92868",2385860868,GB78DOSG23023467912141,full_coverage,7.6,0
CL003436,Mark Lane,Female,81,divorced,Nurse,40347.35,731,CA,"82221 Stacy Loop Apt. 396, North Alexis, HI 13497",+1-400-201-4180x537,GB15LSMO19220533015289,liability_only,0.6,0
CL003437,Laura Smith,Female,29,single,Retail Worker,83554.24,750,GA,"73546 Gabriel Fields Suite 338, New Steven, FL 09574",936-674-8658x7485,GB19NFWL79997610904897,full_coverage,12.0,0
CL003438,Rebecca Fritz,Female,25,married,Police Officer,42860.69,618,CA,"783 Catherine Club Apt. 181, Jamesmouth, SD 65662",(291)563-2300,GB24CRRT07812528760847,comprehensive,1.1,0
CL003439,Christopher Hernandez,Male,28,married,Truck Driver,23390.03,543,IL,"82653 Lee Estate, Walkerborough, ND 59229",223-376-6614x30267,GB31WWYI06412165257840,full_coverage,1.0,2
CL003440,Shelley Rodriguez,Male,39,single,Student,226086.74,690,PA,"096 Mike Road, Meyermouth, SD 70004",001-425-524-1852x36998,GB30RWHR20368537919046,liability_only,8.0,1
CL003441,David Ramirez,Male,53,married,Student,43301.89,648,IL,"35509 Marshall Road, Kathleenmouth, PW 75598",620.410.3164,GB87RERG10476936393092,comprehensive,0.9,0
CL003442,Stephanie Frazier,Male,65,single,Freelancer,58149.22,718,IL,"656 Fletcher Ridge, West Josephside, VA 11586",738-330-2160,GB71XOSZ81741356531144,liability_only,2.1,0
CL003443,Jerry Mills,Male,72,single,Accountant,122687.5,760,NC,"9419 Jesse Mews Apt. 322, Butlerside, MS 72339",001-550-795-5571x4130,GB91XXBA65834756691084,full_coverage,6.2,1
CL003444,Brad Maynard MD,Female,21,married,Retired,102207.06,614,FL,"29925 Woodard Station Apt. 480, North Mark, ID 40950",996-210-4483,GB03XCTG22709334206012,comprehensive,4.5,0
CL003445,Savannah Johnson,Female,71,single,Retail Worker,77029.03,675,OH,"428 Jon Via, Chadburgh, FM 11206",4637163754,GB58TSHD70845125199144,liability_only,1.0,3
CL003446,Taylor Williamson,Male,58,single,Warehouse Worker,91283.97,698,GA,"71210 Maria Forges, East Madison, MN 90453",6814062003,GB20MKSD71357852945637,comprehensive,0.1,0
CL003447,Susan Cuevas,Male,41,married,Chef,19596.16,601,PA,"266 Eric Points Apt. 015, North William, VA 24471",745-549-9614x04841,GB26XAAG37692944950695,full_coverage,5.3,0
CL003448,Kayla Mckenzie,Male,68,married,Sales Representative,44918.8,679,CA,"24239 Christina Square Suite 802, North Austin, ID 74676",001-851-340-7888,GB02XIDA88868723904427,full_coverage,1.8,2
CL003449,Wendy Taylor,Male,67,divorced,Teacher,83213.0,637,FL,"USNS Francis, FPO AA 93651",971.838.5825,GB27DBYK88213644129448,comprehensive,0.3,0
CL003450,Melinda Lopez,Male,55,married,Mechanic,30996.86,643,IL,"94746 Barbara Pike Apt. 797, Sherrystad, SD 05998",540-201-5391x1713,GB22AHJM07791570814843,full_coverage,5.2,0
CL003451,Calvin Skinner,Female,30,single,Manager,139193.29,607,PA,"Unit 8376 Box 5522, DPO AA 23120",+1-852-959-0693x652,GB50OPKG20922669141992,liability_only,1.4,1
CL003452,Barbara Brown,Female,67,married,Accountant,46792.59,657,FL,"6834 Duncan Centers, Morganberg, DC 34951",(402)269-4755,GB75WVMZ60985580128921,comprehensive,1.1,0
CL003453,Cynthia Beck,Male,43,married,Chef,53091.67,436,MI,"8459 Lucas Lock, Thomasburgh, MT 72279",840-054-6426,GB73ZDPZ74004732951388,full_coverage,2.7,0
CL003454,Julie Ortiz,Female,53,married,Chef,39916.32,815,GA,"82938 Clark Place, South Williamborough, AZ 14905",001-481-597-4245x375,GB59TXJA61283860086297,liability_only,5.0,1
CL003455,Kristine Wallace,Male,36,married,Police Officer,87556.92,686,MI,"8949 Keith Haven Apt. 684, East Ambertown, WA 47222",587.380.7921,GB33JKPH14902478275564,full_coverage,2.3,0
CL003456,Stephanie Carlson,Male,52,divorced,Mechanic,43518.08,730,FL,"850 Howard Way Apt. 013, Floresfort, VI 91381",+1-737-353-1071,GB38VFLE08751027266192,liability_only,2.0,0
CL003457,William Castro,Female,18,married,Administrative Assistant,55575.01,825,FL,"148 Schneider Isle, Lake Jacqueline, WA 90339",(848)390-9010x0167,GB91ROOJ92424375402547,full_coverage,1.5,1
CL003458,Anthony Wallace,Female,68,single,Student,79127.16,662,PA,"765 Chavez Springs, Whitechester, MH 26999",836-525-1745,GB58KTJC65162319818984,liability_only,3.0,1
CL003459,Arthur Hickman,Male,30,single,Business Owner,110947.62,633,NY,"USNS Watts, FPO AA 39097",620-865-3288,GB70TQTS34208884205479,full_coverage,2.4,0
CL003460,Matthew Malone,Male,58,married,Sales Representative,55253.39,680,CA,"144 Lamb Circle, Cabreraport, HI 37308",+1-271-557-7191x46512,GB18QPVE52865354188616,liability_only,2.6,0
CL003461,Mark Floyd,Male,67,married,Software Engineer,82326.38,629,CA,"2077 Jim River, Brooksstad, KS 67817",+1-574-448-1654,GB10UUQC96840273863814,full_coverage,4.5,1
CL003462,Anna Watson,Female,19,married,Software Engineer,86972.47,688,OH,"994 Fuller Ranch Apt. 575, Brownside, GA 08569",(419)595-1279,GB88OLBL85411431354276,full_coverage,0.8,0
CL003463,Alexander Todd,Male,60,married,Chef,58523.55,850,PA,"493 Kayla Junctions, Lopezchester, PW 97987",(756)494-8042x492,GB28BBZH81780590158278,full_coverage,12.4,0
CL003464,Gail Perkins,Female,62,divorced,Warehouse Worker,45756.75,850,IL,"0081 Mcgee Tunnel Suite 855, Kevinville, MN 68178",354-970-9201,GB56KTJG10030255022868,liability_only,2.6,0
CL003465,Dustin Smith,Female,24,single,Retail Worker,46901.85,767,PA,"587 Natalie Stream, New Benjamin, GU 72961",+1-279-685-8350x51915,GB08TZKT13096292349749,comprehensive,6.7,0
CL003466,Ivan Anderson,Male,28,single,Student,96241.38,747,MI,"60010 Bruce Mount Apt. 276, Rebeccastad, SD 55602",(924)821-6262x8097,GB88GRCT48606512447559,comprehensive,1.3,0
CL003467,Stacy Pena,Female,54,married,Business Owner,28348.61,850,IL,"08591 Madeline Cape, New Michael, MA 87758",+1-527-445-0416x731,GB25TWCC35907018608318,full_coverage,2.4,0
CL003468,Whitney Simmons,Male,64,single,Software Engineer,31049.18,738,GA,"49983 Roberto Dam, Port Steven, NE 97467",515.699.9567x02482,GB36MCTJ01996302881583,comprehensive,1.0,0
CL003469,Donna Peterson,Female,73,single,Mechanic,35085.07,746,MI,"94777 Wilson Alley, Jessicastad, MI 19939",(936)415-1409,GB24RWHT37334595678295,full_coverage,0.0,2
CL003470,Catherine Clark,Female,76,single,Nurse,44430.57,565,MI,"06287 Merritt Junctions Apt. 673, North Kendra, NJ 71731",+1-639-467-7597,GB10LBZA94404919049168,full_coverage,3.8,0
CL003471,Jorge Bailey,Female,40,single,Administrative Assistant,37277.44,663,OH,"9299 Lance Lodge Apt. 455, Port Benjaminport, MN 80319",+1-899-287-2802x512,GB98DHFJ67680692479985,comprehensive,1.7,0
CL003472,Adriana Scott,Female,64,single,Freelancer,85203.07,717,GA,"13743 Rivera Union, Lake Toddmouth, NJ 76827",+1-367-912-8161x0460,GB38QDVH49151664462271,liability_only,5.7,0
CL003473,Tina Rios,Female,57,single,Construction Worker,46012.81,769,CA,"93068 David Crossing, Theresaport, TN 82533",+1-224-913-9517x51476,GB35PDRD39067288267040,comprehensive,0.8,0
CL003474,Ronald Burns,Female,66,divorced,Retired,54680.16,688,NC,"8722 Matthew Trail Apt. 591, North Reginaldshire, LA 67750",+1-234-703-2668x204,GB27FUYS82616759032886,comprehensive,7.0,0
CL003475,Christine Gonzalez,Male,78,married,Construction Worker,87394.28,758,TX,"96563 James Mills Suite 981, Suareztown, WY 13506",001-991-864-4093x830,GB67JAYI36969952134798,full_coverage,1.7,0
CL003476,Jennifer Oconnor,Female,22,single,Accountant,46110.66,850,GA,"043 Kari Coves Apt. 479, Marcoshire, KY 48191",6762744851,GB50IZKB13389790484579,liability_only,1.0,0
CL003477,Jeffrey Smith,Female,65,divorced,Freelancer,63871.79,748,FL,"51864 Cummings Shoals Apt. 519, West Kyle, SD 92052",(702)423-5697x25217,GB43PCHT15596363212347,full_coverage,9.5,0
CL003478,David Pena,Male,77,married,Student,58172.19,653,OH,"430 Ruth Heights Apt. 492, West Lawrence, HI 57838",860.271.3732,GB32UGVD97172128319063,comprehensive,2.5,0
CL003479,Kevin Joseph,Female,79,married,Administrative Assistant,60796.44,736,CA,"50018 Boyle Spur, Port Danielmouth, KS 76598",+1-783-972-5243,GB27FZTA30825382023858,full_coverage,9.2,0
CL003480,Sean Jenkins,Female,57,married,Chef,42092.37,673,NY,"15943 Brittany Cove, Tamarashire, MT 70708",+1-535-379-1292x35852,GB10YELN70721970495404,liability_only,4.7,0
CL003481,Michael Vargas,Male,50,married,Electrician,35107.77,634,NY,"6223 Ho Keys, Williamfort, PW 14651",(830)760-4069,GB13UWBB26066373616977,full_coverage,2.5,0
CL003482,Donald Thomas,Female,22,married,Truck Driver,92560.35,610,IL,"9056 Carol Via Apt. 679, Turnerchester, NE 24371",001-646-934-1463x46473,GB79JAXD72297442409705,full_coverage,13.8,0
CL003483,Amy Lopez,Male,18,married,Retired,45142.49,691,MI,"32885 Keith Inlet, East Andrew, TX 91351",931.488.9666,GB15WWES24698398349108,liability_only,0.4,1
CL003484,Brianna Rodriguez,Male,48,married,Student,60112.41,841,NC,"54970 Smith Creek Apt. 226, Reyesville, WI 54293",219-234-2756,GB08GFJW05772057780305,comprehensive,0.1,1
CL003485,David Morris,Female,34,single,Electrician,48346.46,582,IL,"5625 James Spurs, Lake Lauraside, MD 13574",400-478-6259,GB59GXMW38594241838143,comprehensive,0.4,0
CL003486,Katherine Smith,Female,19,single,Student,42644.02,696,MI,"19663 Anna Garden Suite 474, Gainesville, WA 99306",+1-282-887-1994x091,GB46DKND34325880323250,comprehensive,8.4,0
CL003487,Clifford Martin,Male,24,married,Electrician,128188.27,700,MI,"811 Michael Park, Anthonychester, NY 29936",4999257997,GB16EMFH21953808920433,comprehensive,0.8,2
CL003488,Brandi Parker,Female,78,single,Construction Worker,86604.25,722,IL,"33230 Villanueva Cliffs, West David, MS 75175",468-245-5575,GB82BJQS61893498184535,full_coverage,0.9,0
CL003489,James Moran,Female,60,married,Freelancer,47803.11,701,GA,"182 Nguyen Mount, West Emilyfort, NC 84270",694.523.7333,GB18DDLS40821545447022,liability_only,0.9,0
CL003490,Amanda Pope,Female,69,married,Teacher,98616.46,597,NY,"81910 Hampton Mission, Garrettstad, NC 66170",826-918-7752x4674,GB96VIUB84965864758002,comprehensive,10.8,0
CL003491,Timothy Hatfield,Female,29,single,Construction Worker,24826.09,749,OH,"PSC 9684, Box 9010, APO AE 85595",(458)823-8516x385,GB28WCSG70566195008115,full_coverage,2.2,0
CL003492,Chad Morris,Male,51,single,Accountant,27768.91,641,FL,"Unit 0656 Box 5905, DPO AA 65918",468-950-4149,GB97MCAI64163952940554,comprehensive,0.7,2
CL003493,Joel White,Female,44,married,Freelancer,27156.71,574,IL,"023 Mcintyre Island, South Denise, MN 21644",306.354.3411,GB02SMYR38761343739666,full_coverage,2.2,0
CL003494,Robert Johnson,Male,48,widowed,Retail Worker,42639.31,676,OH,"171 Matthew Inlet, Kelseyhaven, CA 92778",+1-596-455-5346x447,GB32HQFO22395895218263,liability_only,0.3,1
CL003495,Julie Grimes,Female,46,divorced,Mechanic,82263.78,697,TX,"33948 Dustin Heights, Jasonton, MH 14466",(256)300-0172,GB74MRMZ79722765852180,liability_only,2.1,1
CL003496,Carla Hill,Female,57,married,Nurse,72149.85,701,IL,"263 Andrews Ports Suite 761, Port Alexander, MT 31077",(878)565-2744x2780,GB79LQQX98361256974662,liability_only,1.9,1
CL003497,Sheila Watts,Female,29,married,Construction Worker,78340.24,824,MI,"344 Frazier Overpass Apt. 156, Brianshire, ME 08373",+1-266-380-1128x082,GB32QAHU84728328453439,comprehensive,0.5,0
CL003498,Melissa Williams,Female,59,single,Police Officer,60338.76,733,MI,"0799 Sarah Mission Suite 599, North Pam, CA 72788",001-716-915-9951,GB95GVVR84529550552885,comprehensive,3.3,1
CL003499,Kaylee Bell,Other,75,divorced,Accountant,49420.15,637,OH,"0909 Wall Heights Apt. 953, New John, WV 94994",001-684-257-7600x49082,GB24GSPX24042269312163,liability_only,11.1,0
CL003500,Rachel Porter,Female,65,single,Freelancer,44174.03,686,CA,"018 Holly Locks Suite 645, North Allisonfort, MO 13662",(687)230-5716,GB53RZYU09037011504912,comprehensive,0.4,1
CL003501,Richard Higgins,Female,28,divorced,Freelancer,34653.39,685,CA,"03460 Melissa Motorway, Lake Danielmouth, MD 14837",001-252-576-3736x923,GB68RNJZ94523099949601,comprehensive,5.7,1
CL003502,Nicholas Hughes,Male,36,single,Construction Worker,73345.91,694,NY,"750 Karen Springs, Munozbury, NH 77323",8507707590,GB55VPRD43200303614582,liability_only,0.2,1
CL003503,Theresa George,Female,24,divorced,Chef,29823.5,659,MI,"94383 Ali Locks Suite 881, Goodmanton, MS 98800",+1-602-841-5564x118,GB47CFBD35157011314916,liability_only,1.6,0
CL003504,Amber Williams,Male,77,single,Manager,21881.04,621,GA,"18641 Ryan Shore, Nicoleshire, AR 83303",001-686-933-4029,GB94JXYQ30875677507676,full_coverage,2.2,1
CL003505,James Price,Male,63,married,Consultant,79556.48,727,CA,"5911 Holly Key, Swansonland, MA 04296",253-353-4295,GB08NDDW16806018146766,full_coverage,3.0,0
CL003506,Justin Huang,Female,25,single,Mechanic,218087.16,797,MI,"USNS Martin, FPO AE 32129",(421)726-0083,GB93ILZX77346693135509,full_coverage,4.6,1
CL003507,Ronald Riley Jr.,Male,54,single,Warehouse Worker,73525.67,536,NY,"162 George Isle, Henrytown, NE 58751",319.532.7038x69222,GB59APDM85710090258201,full_coverage,0.7,0
CL003508,Dawn Gonzalez,Female,72,single,Retired,79285.87,736,FL,"0248 Sullivan Tunnel Apt. 541, Tracytown, MP 30815",(226)925-4297,GB82IOEH80510864379447,full_coverage,0.1,0
CL003509,Virginia Cook,Male,52,single,Chef,77911.86,677,NY,"817 John Spring, North Christophershire, NM 45503",(687)636-0545x828,GB59EVYQ86634379168142,full_coverage,0.1,1
CL003510,Megan Walker,Other,23,married,Police Officer,62409.31,783,CA,"Unit 9579 Box 8687, DPO AE 97973",001-561-957-1732x030,GB16ZEBZ70496110804661,full_coverage,1.4,0
CL003511,Sharon Morton,Male,71,divorced,Freelancer,34170.66,703,FL,"354 April Spurs, North Sandra, WV 65989",111-556-8967,GB22AHJM07791570814843,full_coverage,0.8,3
CL003512,Allison Ward,Other,54,married,Manager,30217.61,645,MI,"4441 Isaiah Row, South Aaronborough, MA 19876",2888192463,GB55QWTU96170614642848,full_coverage,10.8,0
CL003513,Michael Perez,Female,33,married,Student,33053.09,636,NC,"849 Greene Harbors Suite 476, North Randyfurt, NE 93737",001-559-984-1981x148,GB69JANW85488781600781,full_coverage,1.4,0
CL003514,Daniel Johnson,Female,77,married,Mechanic,100399.01,662,OH,"83973 Philip Camp, Stephaniehaven, VI 86963",7303371745,GB84FZVJ96355713959211,comprehensive,4.7,1
CL003515,Sara Livingston,Female,41,single,Retail Worker,174530.22,756,MI,"29667 Patrick Meadow Apt. 532, Joshuaberg, AZ 80993",717-899-3136,GB21JAUT00348645183760,full_coverage,18.3,2
CL003516,Michael Warren,Male,70,divorced,Administrative Assistant,99626.37,578,NY,"019 Ortega Knoll, South David, WA 37699",371.332.5443,GB10FVYW13223741942783,full_coverage,4.4,0
CL003517,Justin Campos,Male,77,divorced,Consultant,32409.14,664,NY,"58839 Kristin Locks Suite 246, South Jerry, KY 02257",5356463842,GB09JZUG30337430866798,liability_only,1.5,1
CL003518,Alison Hines,Male,26,single,Accountant,113267.91,775,CA,"281 Mark Turnpike Suite 774, Burnsburgh, WA 37187",351-414-1423x3602,GB23JHCZ67584252679679,comprehensive,2.8,1
CL003519,Regina Williams,Female,24,single,Mechanic,105546.82,744,IL,"9928 Scott Corner, Tiffanyfort, IA 95435",+1-718-678-3096x50564,GB26YTEX14515898306195,full_coverage,2.4,1
CL003520,Katie Brown,Female,70,divorced,Sales Representative,50256.9,767,IL,"PSC 7460, Box 9232, APO AP 86246",001-737-327-3288x1261,GB28FDFG97498219883775,liability_only,1.9,0
CL003521,Daniel Morris,Male,66,single,Chef,54941.89,639,MI,"83727 Dwayne Course Suite 423, Smithtown, HI 21839",851-386-8906,GB72UKJD21300220580311,full_coverage,1.9,1
CL003522,Adam Chang,Male,49,married,Construction Worker,22681.0,735,MI,"274 Savage Brook Apt. 971, West Barryland, AL 02312",(867)961-3622x706,GB88XVYX28315908091120,liability_only,1.9,2
CL003523,Jeffrey Snyder,Female,64,single,Sales Representative,74198.78,718,OH,"50974 Joshua Turnpike, Yateschester, RI 75392",001-278-221-3532x1526,GB37URFE81959412754593,comprehensive,10.6,0
CL003524,Miss Jillian Le,Female,72,divorced,Teacher,94181.28,716,IL,"79974 Gabriela Creek Apt. 367, Farrellview, ND 79026",(690)681-5233x28956,GB94XIYP65632641597006,full_coverage,1.1,1
CL003525,Christie Holmes,Other,50,single,Truck Driver,69592.45,808,PA,"39051 Curry Forks Apt. 598, East Williamburgh, MT 74435",571.708.8007x0222,GB60RGLM20421039816549,comprehensive,1.3,0
CL003526,Kimberly Johnson,Male,60,single,Electrician,133596.33,665,MI,"3935 Logan Route Apt. 341, South Timothy, NC 66004",001-352-756-5609,GB20RGOG14719112817626,full_coverage,13.3,1
CL003527,Nancy Mccarty,Male,22,married,Nurse,76086.81,682,TX,"36392 Jared Shoal, Terryborough, OR 58249",2629542815,GB67IWDP70039532527408,liability_only,1.8,0
CL003528,Robert Martinez,Female,51,single,Freelancer,29161.8,738,PA,"33666 Padilla Row Suite 611, Samuelside, MO 24496",753-936-7092x81296,GB79KUSR86755701703673,full_coverage,7.0,0
CL003529,Timothy Holmes,Female,64,single,Accountant,45502.5,657,MI,"787 Ethan Turnpike Apt. 354, Martinezport, SC 99630",(412)881-0404,GB43YQGW77256724929285,comprehensive,6.9,0
CL003530,Hannah Miller,Female,47,single,Freelancer,58706.6,557,IL,"75612 Justin Stream Suite 686, Watersshire, MD 94940",590.413.7769x64049,GB58RTXF62460123400991,full_coverage,6.0,0
CL003531,Antonio Valentine,Male,75,single,Freelancer,44036.3,850,TX,"6218 Joshua Harbor, Lake Kenneth, NY 20841",(864)299-7103x430,GB58ZVRK29239985291166,full_coverage,6.5,0
CL003532,Kevin Browning Jr.,Female,65,married,Truck Driver,75522.91,693,OH,"1296 Crystal Flats, Donaldport, CA 04096",215-444-8332,GB12VAJP70710679039853,comprehensive,1.8,0
CL003533,Shelley Alexander,Female,73,married,Student,139259.78,762,OH,"13706 Joel Fall, New Zacharyfort, RI 88628",505.729.2295x49573,GB87NXFU39324536638722,liability_only,20.6,0
CL003534,Barbara Ramirez,Male,21,married,Warehouse Worker,47783.06,708,OH,"USNS Williams, FPO AP 64726",283-731-8445x64605,GB85EXWE53870630938089,liability_only,5.1,0
CL003535,Gabriel Price,Female,32,single,Consultant,73774.71,705,FL,"27039 Hess Knolls, Bakerfurt, SD 35629",(207)489-3542x5812,GB30UDGE91376087098501,full_coverage,1.4,0
CL003536,Victoria Casey,Male,72,single,Truck Driver,80741.76,560,PA,"8089 Traci Freeway, Port Andrewville, PW 06222",351-910-6100,GB64NNBJ91913215454335,liability_only,7.3,0
CL003537,Jesse Miller,Female,73,married,Sales Representative,72658.07,674,IL,"142 Lisa Turnpike, Rachelland, SC 41408",001-608-481-8029x7857,GB48YCLZ92017564764255,full_coverage,0.2,1
CL003538,Rita Davis,Female,45,married,Truck Driver,55416.28,672,TX,"0105 Woods Lake Apt. 941, Richardfort, AZ 11102",+1-266-350-6736,GB94IKVZ35916432119863,full_coverage,2.2,0
CL003539,Phillip Reese,Female,25,divorced,Student,123598.55,710,GA,"USNS Turner, FPO AE 56089",+1-682-561-5233,GB48XBDY20128450817728,full_coverage,3.0,0
CL003540,Laura Williams,Male,81,single,Warehouse Worker,66815.94,785,FL,"2742 Nguyen Forks, South Edward, WA 01681",001-711-854-6774x3377,GB69XZDJ92201829004682,full_coverage,6.2,0
CL003541,Laura Reilly,Male,35,single,Software Engineer,71149.65,463,NC,"Unit 6073 Box 9748, DPO AE 57965",(520)592-8824x0307,GB22QQZP31677621058168,full_coverage,1.9,0
CL003542,John Barron,Female,65,married,Electrician,74306.56,720,NC,"635 Jacqueline Branch, Shawport, OH 63639",386.434.0188x492,GB41PZKH23398543760114,comprehensive,3.0,0
CL003543,Penny Porter,Male,29,widowed,Administrative Assistant,41344.17,767,NC,"281 Mark Turnpike Suite 774, Burnsburgh, WA 37187",331-142-4445,GB23JHCZ67584252679679,full_coverage,1.6,1
CL003544,Steven Sims,Male,30,married,Consultant,51350.62,558,NY,"10249 Gonzales Mountain Suite 648, Kimton, FM 57127",913.263.6317,GB11IFHY61032664214764,comprehensive,2.3,0
CL003545,Brian Riddle,Other,25,married,Retail Worker,59997.14,540,IL,"USS Fox, FPO AP 83080",944-541-9147,GB03LGAI22824487250294,comprehensive,1.5,0
CL003546,David Sanders,Female,46,married,Business Owner,289586.23,672,PA,"6156 Jeffrey Trail, West Christian, MA 06785",236-203-0307x4597,GB52HOVP64317150529285,comprehensive,0.5,0
CL003547,Michael Blake,Male,69,single,Student,15000.0,635,IL,"710 Hoffman Cliff, Nancymouth, PR 07732",(626)615-8112x32236,GB45KITU77823012353952,full_coverage,0.0,0
CL003548,Robert Bridges,Male,59,married,Electrician,18338.03,526,OH,"48275 Susan Harbors Apt. 088, Nelsontown, KY 74992",(772)398-9422x00225,GB41TXJN27944446851754,full_coverage,18.7,1
CL003549,Rebecca Matthews,Female,48,single,Student,123419.16,677,PA,"3343 Alicia Mills Suite 098, Port Stephaniemouth, NM 44415",+1-421-875-2666x8585,GB16LROV21817216027664,full_coverage,2.1,0
CL003550,Wesley Johnson,Male,43,single,Administrative Assistant,42189.0,587,NY,"8389 Williams Underpass, Claytonville, AL 82329",+1-883-479-5337x875,GB91JPSI58830842417419,comprehensive,9.2,0
CL003551,Leslie Wise,Female,51,married,Consultant,40796.64,620,OH,"76133 Tasha Track Apt. 980, Lake Stephenhaven, MI 14047",860-208-7770x92049,GB22TEJI01128282854253,liability_only,2.0,1
CL003552,Bridget Ewing,Female,60,married,Retail Worker,18981.59,662,NC,"Unit 3567 Box 5694, DPO AA 20721",208-605-4277,GB60LTNP51600459527105,liability_only,5.8,1
CL003553,Mariah Thomas,Male,27,married,Accountant,26848.95,701,PA,"267 Lucas Mews Apt. 696, South Bonnie, PW 62958",(768)434-5557x9358,GB57BHLL92489034007440,full_coverage,0.3,0
CL003554,Andrew Jefferson,Female,45,married,Accountant,60777.12,667,CA,"4790 Sanders Port Apt. 190, Kevinport, SC 05354",750-301-0343x93141,GB70BWVJ13447468332988,liability_only,1.4,1
CL003555,Jeffery Adams,Male,49,single,Manager,46183.0,732,TX,"1334 James Shoal Suite 311, Danielleton, GU 01944",(838)328-1819x3635,GB03FUUM68167804463407,liability_only,7.6,0
CL003556,Bradley Noble,Male,43,married,Warehouse Worker,106524.35,578,OH,"748 Richard Summit Suite 605, Lake Michael, PA 86580",5905861669,GB85JSQQ43688756369764,full_coverage,11.9,0
CL003557,Stacey Cannon,Female,45,single,Chef,30534.84,588,CA,"PSC 6978, Box 8214, APO AE 78663",603-989-0054,GB69EBVH74974222289299,liability_only,0.3,0
CL003558,Ryan Jackson,Female,56,divorced,Consultant,94095.01,585,IL,"033 Bowers Meadow, East Alyssa, DC 78433",905-800-3827,GB30HDVG37495698697200,full_coverage,3.9,1
CL003559,Randy Jones,Female,49,single,Nurse,59360.84,580,CA,"8042 Jeremiah Circles, Karlabury, LA 29798",927.507.6048x36230,GB32TOQL43269024591150,full_coverage,1.0,3
CL003560,Christina Wright,Female,38,married,Consultant,42776.73,591,NY,"188 Diana Junctions Suite 254, East Matthewview, AS 71689",+1-783-748-6812x7807,GB77TSTO16308215031509,liability_only,2.6,0
CL003561,Vanessa Hernandez,Male,47,single,Accountant,35227.16,709,PA,"2266 Chambers Ridges Suite 609, Anitaside, MN 45886",2263870762,GB74EYLS58107128261136,comprehensive,2.0,0
CL003562,Doris Miller,Male,32,single,Teacher,19681.98,639,CA,"765 Chavez Springs, Whitechester, MH 26999",453-218-0319x921,GB28RUPN28335056110707,full_coverage,4.3,0
CL003563,Sarah Costa,Male,19,married,Nurse,24835.77,698,IL,"0081 Mcgee Tunnel Suite 855, Kevinville, MN 68178",9382862912,GB64ZUUC80715695620175,liability_only,25.4,0
CL003564,Ryan Ellis,Female,24,divorced,Retired,31828.63,706,OH,"56117 Thomas Ridge, Hendersonborough, SC 54350",001-211-488-8636,GB58UUTU80629672119289,comprehensive,10.1,0
CL003565,Emma Wells,Female,58,married,Mechanic,38883.15,803,CA,"8496 Fischer Cove Apt. 350, North Karenmouth, TX 35135",733.873.9127x478,GB08SGZD32036252378821,liability_only,1.6,1
CL003566,Brenda Garza,Female,38,single,Police Officer,129358.2,706,TX,"880 Mccullough Ridges, Angelaville, IL 98929",877-650-3832,GB90NPVU04183490066696,full_coverage,5.2,1
CL003567,Sara Fuentes,Female,69,single,Retail Worker,88442.92,661,NY,"7206 Anderson Burg, Lake Douglas, PA 36097",001-914-479-1132x67300,GB02UOII73831390160105,comprehensive,0.2,0
CL003568,Vanessa Moody,Male,76,single,Warehouse Worker,36132.77,661,PA,"627 Crystal Gateway, West Michaelburgh, CA 35863",(710)330-1279x996,GB15ZKZH25470015898162,liability_only,2.1,0
CL003569,Angela King,Female,36,single,Construction Worker,72624.86,590,TX,"219 Baker Overpass, Perezburgh, SD 71200",5108215925,GB08BOEB67371778351088,full_coverage,1.9,1
CL003570,Sara Davila,Male,27,single,Construction Worker,70729.48,637,GA,"28467 Martinez Views, Garychester, VA 58876",001-912-996-5245x0590,GB70ZSVL75351126556030,liability_only,6.8,0
CL003571,James Gonzales,Male,55,married,Retired,153310.82,700,OH,"574 Kaitlyn Stream Suite 821, Port Christopherside, IN 40681",681-639-8796,GB87UUXB17857811297217,comprehensive,0.3,1
CL003572,Chad Church,Female,32,married,Manager,89449.53,707,MI,"6496 David Ports Suite 982, Kelleytown, PR 74306",001-895-758-8614x4929,GB55EDXL54619379311060,liability_only,6.2,0
CL003573,Eric Luna,Female,68,single,Police Officer,50481.55,740,TX,"2365 Abigail Mount Suite 243, Richardburgh, WY 61798",950-675-1685x39682,GB78VSWK05512509277686,full_coverage,4.5,0
CL003574,Ashley Delacruz,Female,73,married,Teacher,49199.65,707,TX,"29624 Rhonda Stravenue, Hallport, OR 64497",+1-611-986-3142x04259,GB04BYZB81018319925078,comprehensive,4.5,0
CL003575,Nicolas Day,Male,23,single,Administrative Assistant,41815.71,719,FL,"622 Diana Ports Apt. 971, Adrianborough, VA 17074",001-665-673-7469x12066,GB53BDPJ59824012438960,liability_only,2.9,0
CL003576,Audrey Thompson,Male,81,married,Manager,71933.5,661,PA,"347 Pierce Wall, New Kevin, MO 13155",(356)842-2285x630,GB51XLCV88877509829226,liability_only,1.4,0
CL003577,Wesley Francis,Female,33,single,Electrician,62723.11,747,NY,"7028 Melissa Pine, West Michaelchester, MH 83172",900-492-3672,GB62QUZV12108644425455,full_coverage,4.9,1
CL003578,Dana Davies,Female,63,married,Teacher,120319.55,850,FL,"USNS Chambers, FPO AP 28654",001-895-490-0123x50199,GB49NKCW28793764349819,full_coverage,1.1,1
CL003579,Kristy Chung,Male,54,married,Chef,92613.01,770,FL,"09313 Linda Island, East Markhaven, VT 50516",(202)712-2907,GB63MDGV53172395701644,full_coverage,0.8,0
CL003580,Mrs. Victoria Rivera,Female,62,married,Construction Worker,60348.0,839,NC,"602 Chaney Summit, Port Michele, AS 99891",977-481-4603x08394,GB34OGPP41076310085417,full_coverage,1.0,1
CL003581,Joseph Mcdowell,Female,21,single,Teacher,88708.28,810,MI,"594 Fletcher Oval Suite 297, Joneston, DE 64045",(571)773-0063,GB14XDJS39987537231636,full_coverage,0.2,0
CL003582,Eric Smith Jr.,Female,19,divorced,Retired,54695.42,698,PA,"4277 Massey Prairie Apt. 810, Hernandezshire, FM 41322",843-887-7305x5820,GB25SIKW67397116120364,liability_only,1.3,0
CL003583,Janet Anderson,Female,75,single,Consultant,91725.96,639,MI,"PSC 7762, Box 7045, APO AP 85245",663-742-8053,GB68IWZJ26021071220145,liability_only,5.6,1
CL003584,Renee Smith,Male,73,single,Business Owner,61337.6,541,TX,"2706 Jessica Mill Apt. 274, Kathymouth, VI 15524",(464)783-6955x5095,GB51XDFY13018974341132,liability_only,3.2,0
CL003585,Samantha Smith,Female,22,divorced,Police Officer,105601.82,775,TX,"315 Martin Vista Suite 943, East Courtneyfort, FL 69301",707.564.2522x09497,GB90GVGO50564757737068,liability_only,3.7,0
CL003586,Angela Rodriguez,Male,26,married,Manager,57955.04,681,NY,"21169 Bryan Ford, East Amandafurt, NC 58987",414-279-5725x5715,GB11ZSHG32416213763881,full_coverage,1.9,0
CL003587,Ronald Wright,Female,46,married,Freelancer,49469.32,657,IL,"36891 Tucker Spur Suite 213, Fordhaven, MA 20185",(264)695-8398x63711,GB03DSZA21287809280414,comprehensive,1.8,0
CL003588,Wendy Norton,Female,19,married,Chef,42287.34,652,NY,"241 Little Cape, Brendachester, MP 13200",995.271.6201,GB18ACSF05685737933872,full_coverage,7.3,0
CL003589,William Salazar,Male,47,married,Mechanic,67346.45,771,PA,"82346 Ruiz Row, Rowlandshire, PR 48581",678.785.8215x1236,GB92UYRT94859506620800,comprehensive,0.6,0
CL003590,Amanda Rios,Female,64,married,Warehouse Worker,26473.24,771,MI,"165 Warren Summit, East Angelahaven, VA 14315",001-415-708-0330,GB44ZOWO77433609711715,liability_only,1.0,0
CL003591,Rachel Rogers,Female,27,divorced,Accountant,55543.69,761,MI,"29667 Patrick Meadow Apt. 532, Joshuaberg, AZ 80993",489.916.3756x28900,GB91FTFW84222231059274,comprehensive,12.6,0
CL003592,Samantha Foley,Female,40,married,Business Owner,56355.46,793,OH,"0164 Ellis Burgs Suite 436, Lake Daniellemouth, NH 34983",577.201.9531x71424,GB15XJPK92177868205379,liability_only,7.6,0
CL003593,John Baker,Female,34,married,Police Officer,56568.86,675,CA,"Unit 6842 Box 7874, DPO AA 56199",(366)977-0154x07953,GB23QUEQ00298655407405,full_coverage,6.7,1
CL003594,Stephen Keller,Male,71,married,Police Officer,47089.6,623,MI,"0081 Mcgee Tunnel Suite 855, Kevinville, MN 68178",354-970-3928,GB15MYIE86523746558269,liability_only,1.4,0
CL003595,Danielle Wright,Female,23,single,Chef,48145.5,679,GA,"391 Novak Heights, Port Dustinville, PW 97456",598.461.6419,GB77SLHA61576014650884,full_coverage,10.7,1
CL003596,Tonya Carr,Female,56,divorced,Accountant,53204.54,828,FL,"26849 Marcus Streets Suite 034, Nancyside, PW 46587",9902279311,GB82SOOI98463975948821,full_coverage,8.4,0
CL003597,Amber Dixon,Female,77,married,Manager,103895.12,668,TX,"49679 William Spur, Jessicafort, PR 50135",001-868-300-7857x47450,GB85BKIL52885920557058,full_coverage,1.7,0
CL003598,Samuel Garcia,Female,21,married,Police Officer,53779.59,718,IL,"9413 Potts Forge Apt. 450, Port Claytonberg, AS 97420",(612)660-1471,GB70NVVC18619559409959,liability_only,14.2,0
CL003599,Jessica Williams,Male,41,divorced,Nurse,78532.92,574,OH,"92711 Graves Fords, South James, GA 64684",783-557-3946,GB52IRXQ67989116527543,full_coverage,4.0,0
CL003600,John Stevens,Female,43,single,Accountant,73809.77,834,NC,"710 Carolyn Ferry, New Corey, CT 46461",409.394.3969,GB49VEHT30351843916380,full_coverage,1.7,0
CL003601,Patricia Jackson,Male,65,married,Chef,38844.36,670,CA,"302 Willie Gateway Apt. 242, East Michaelfort, CA 63004",218.945.5672x89673,GB45VJIY66872553681963,full_coverage,2.8,0
CL003602,Kyle Rodriguez,Other,60,single,Teacher,37899.42,507,PA,"455 Michael Mews Apt. 017, Samuelchester, ND 06603",+1-462-375-7527x903,GB48USTW16980701385601,full_coverage,16.0,1
CL003603,Jeffrey Chavez,Female,78,married,Manager,63894.71,573,NC,"590 James Islands, Youngland, MT 43837",001-775-243-3547x05347,GB44QRHQ62496421307952,full_coverage,1.1,0
CL003604,Andrea Murphy,Female,52,divorced,Freelancer,47563.53,740,CA,"687 Smith Manors Suite 993, Port Chelseaport, NV 07177",539-469-2299x526,GB44EVRX03051339153175,full_coverage,11.7,0
CL003605,Nicholas Long,Male,81,married,Chef,82984.85,772,FL,"54023 Michael Track, Meredithview, NJ 60702",(271)880-5522,GB13BWGP49282969303763,full_coverage,2.4,0
CL003606,Terry Phillips,Male,81,single,Construction Worker,71784.8,571,MI,"214 Brandon Field Suite 401, Wigginston, NJ 41083",(619)332-2211,GB04OLJM23418775162767,full_coverage,1.2,0
CL003607,Chelsea Evans,Male,34,married,Consultant,100958.43,766,NC,"784 Danielle Inlet, Lake Stevenmouth, KY 86156",393-436-4368,GB65NCTA40642090000122,comprehensive,1.7,0
CL003608,Jeremiah Reese,Male,64,married,Electrician,59581.16,617,NY,"83190 Hunt Roads Apt. 875, Taylorland, MH 30279",385.662.4363x0478,GB63EZHJ59130756290936,comprehensive,6.4,0
CL003609,Morgan May,Female,51,married,Teacher,67420.13,725,NC,"154 Sandoval Mission, Riverahaven, UT 18236",(745)434-2736x9355,GB40DFVL09088593732596,full_coverage,12.4,0
CL003610,Dawn Young,Male,21,single,Consultant,28981.04,586,PA,"8991 Nunez Harbor, New Amandaburgh, OH 08312",(661)262-6848,GB46KIST58753140976663,liability_only,0.3,0
CL003611,Lee Boyd,Male,74,married,Sales Representative,29142.75,643,TX,"00426 Kenneth Shoal, Lake Kimberlyshire, PA 59965",(292)284-2954x95635,GB76HPGI85215560832298,full_coverage,2.6,0
CL003612,Kelly Evans,Female,38,married,Warehouse Worker,22896.83,606,CA,"4707 Lindsey Knolls, North Debbie, ME 68157",(652)247-9045x52577,GB68PTJS55401256710398,liability_only,3.9,0
CL003613,Julie Palmer,Male,27,widowed,Freelancer,33595.2,563,CA,"09901 Dana Rest, North Michael, VT 71206",(227)373-4069x85331,GB29KXIZ67133109037782,comprehensive,1.8,0
CL003614,Jessica Harris,Female,70,single,Business Owner,39839.51,540,GA,"66436 Nicole Lakes, Lake Garrett, ME 79490",001-220-519-9503,GB34RUBG07582946181437,liability_only,6.1,0
CL003615,Jason Fox,Other,48,married,Manager,17440.99,703,NY,"24941 Cheyenne Ramp Suite 109, Lake Sean, NH 87168",(676)632-4857,GB91ZHFH79994402181449,full_coverage,2.6,0
CL003616,Julie Grant,Male,59,married,Sales Representative,35898.11,840,CA,"139 Christopher Cliff, North Alexandraview, NH 87876",001-796-716-9351x49193,GB16GXUC89611204890799,full_coverage,3.0,0
CL003617,Meghan Williams,Male,68,divorced,Software Engineer,169321.37,815,GA,"706 Kristin Dale, East Robert, NV 39419",+1-500-373-8427x033,GB90OSWR65329586442295,full_coverage,1.9,0
CL003618,Kiara Freeman,Female,81,divorced,Teacher,122755.45,675,OH,"153 Montoya Lock, West Amyberg, PW 79942",(752)284-7133x31632,GB85ZJBT93067380974532,full_coverage,0.6,0
CL003619,Micheal Bailey,Female,55,single,Retail Worker,62499.2,635,IL,"708 Laura Shores, East Christopher, PW 85016",(299)737-2981x9441,GB70SSXZ50435320876206,comprehensive,5.8,1
CL003620,Mark Kim,Male,44,married,Nurse,43838.94,629,TX,"61247 Elaine Mountains, Lyonsbury, MN 60738",7559471433,GB91QBVI32447870794896,full_coverage,0.2,1
CL003621,Gabriel Freeman,Male,47,married,Truck Driver,86595.3,631,NC,"908 Jennifer Trace, Lake Laura, SD 33056",001-844-880-6446x883,GB22FTCM49877222836452,liability_only,3.5,0
CL003622,Christopher Rodriguez,Male,42,married,Retail Worker,64513.02,646,GA,"62473 Scott Wall Apt. 080, Port Melindaburgh, MT 64154",(738)804-6827,GB59CKEW73230085766656,comprehensive,2.0,0
CL003623,Vanessa Wyatt,Female,73,married,Nurse,98983.6,636,NY,"1456 Dana Inlet Apt. 205, Robertland, IA 62231",+1-591-437-9931x7262,GB82EXSD47568634217233,liability_only,9.3,0
CL003624,Mr. Craig Alexander MD,Female,73,married,Software Engineer,94095.14,684,GA,"784 Danielle Inlet, Lake Stevenmouth, KY 86156",393-436-9803,GB41YWFA24742115385310,liability_only,4.0,0
CL003625,Tyler Hayes,Female,31,divorced,Business Owner,37799.62,587,FL,"39547 Christopher Forge Suite 395, Lake Jason, TX 74690",449-435-6818x99119,GB49EWRV84212643572840,full_coverage,9.4,1
CL003626,Beth Bass,Male,26,divorced,Electrician,89637.01,735,CA,"PSC 9699, Box 5776, APO AA 55286",001-834-319-0865x527,GB24WZQX52807000146118,full_coverage,10.0,0
CL003627,Kevin Howard,Female,25,married,Consultant,17211.29,687,IL,"329 Wilcox Passage Suite 161, East Thomas, IA 01396",+1-956-216-4840x85887,GB36TPMX91567164932898,full_coverage,0.6,2
CL003628,Carla Haley,Female,50,married,Teacher,41508.49,728,OH,"52276 Jeff Corners Apt. 035, New Joshua, FM 01445",(261)499-1409x33917,GB40MAXZ95874782225135,comprehensive,0.9,0
CL003629,John Owens,Male,66,divorced,Chef,37453.6,556,TX,"8251 Cannon Parks Apt. 987, East Ricky, MT 90817",001-865-357-4887x12674,GB50YGSO61081548656924,liability_only,1.0,0
CL003630,Tiffany Burke,Female,24,single,Nurse,47031.39,651,NC,"595 Ashley Causeway, New Francis, AR 28470",(721)249-1976x7272,GB51ABME62701245857255,liability_only,1.4,0
CL003631,Veronica Sloan,Male,64,married,Accountant,64624.64,690,OH,"7190 Edward Port, Christopherbury, DE 73648",473-357-4384,GB30KNXQ18209679042271,comprehensive,0.8,2
CL003632,Dana Patel,Female,67,divorced,Chef,51145.35,766,FL,"164 Kathleen Island, North Gary, OR 01314",887-224-4677x715,GB82TIPH76127705297362,full_coverage,2.1,1
CL003633,Robert Johnson,Male,28,divorced,Retired,40088.33,635,CA,"642 Arthur Knolls, New Derek, GA 14373",858.951.0207x032,GB77HOKK87989498767988,liability_only,0.5,0
CL003634,Deborah Blankenship,Male,67,divorced,Truck Driver,59487.07,688,PA,"3193 Heidi Hollow Apt. 905, Stanleyland, NY 85375",+1-455-969-9023x55770,GB25NEYF72847657041200,full_coverage,0.4,0
CL003635,Margaret Gibson,Female,32,single,Truck Driver,69822.66,595,NY,"07957 Charles Locks, North Jean, WA 11878",632.942.0043x356,GB60BXOC35463122179883,full_coverage,2.6,2
CL003636,John Carter,Female,72,divorced,Consultant,62008.28,652,GA,"81504 Diaz Point Suite 476, West Bradley, MP 49198",(275)551-0388,GB58IOIM59317282887595,full_coverage,0.2,1
CL003637,Stephanie Cox,Male,61,single,Chef,37647.34,744,GA,"38943 Medina Mews, West Allisonfurt, GA 38388",907.728.6660x4142,GB47ZFFP71139284979787,liability_only,3.5,1
CL003638,Jason Jones,Female,71,married,Truck Driver,32351.16,676,PA,"5883 Brandon Causeway, East Robertburgh, AS 04832",(889)391-3603x881,GB73PNOS42200457404420,liability_only,4.7,2
CL003639,Jay Warner,Male,65,married,Student,82692.32,715,TX,"1303 Stewart Knolls Apt. 914, Port Victoriaport, IL 98360",574.291.6947x348,GB97YWRX80944083410492,full_coverage,5.4,0
CL003640,Lindsay Hodges,Male,44,married,Manager,51507.61,648,CA,"911 Ashley Cliffs Suite 677, Maryland, GU 92842",306-623-2567x9896,GB12UCTL25881127257678,comprehensive,0.3,0
CL003641,Lance Mcdonald,Male,30,single,Student,32820.44,624,NC,"784 Danielle Inlet, Lake Stevenmouth, KY 86156",864-768-4297x600,GB32VSVE42806589175260,liability_only,7.2,1
CL003642,Nicole Martinez,Male,18,married,Retired,43516.64,665,NY,"16540 White Via Apt. 182, West Todd, CO 44726",406-597-4234,GB18KENM66256053678697,full_coverage,8.8,0
CL003643,Bryan Gallagher,Male,72,married,Construction Worker,91308.96,626,FL,"1843 Warner Ramp Apt. 915, Warnerton, IA 89983",+1-791-358-8271x1431,GB28GZDA14057476292409,liability_only,1.0,1
CL003644,Gabriel Gilbert,Female,76,married,Warehouse Worker,67252.2,730,NC,"59774 Shaw Manor Apt. 392, Brettfort, VI 49156",+1-881-817-2980,GB45OUAC71302321298338,liability_only,0.4,0
CL003645,Daniel Crawford,Female,65,divorced,Accountant,62733.3,617,FL,"08992 Raymond Club, Robinsonside, NE 83265",(949)332-3901,GB93FKMV40890802148277,full_coverage,13.4,1
CL003646,Heidi Pope,Female,21,married,Accountant,122792.69,625,FL,"379 Kathryn Ridge Suite 942, Lake Rebecca, GU 55415",292-457-5014,GB86DLAD67577470198193,comprehensive,0.9,1
CL003647,Betty James,Female,24,married,Chef,61625.17,720,TX,"3813 Myers Ways Suite 491, Port Joshuamouth, NC 30493",(692)633-7702,GB85CTIQ60811448789029,comprehensive,3.3,0
CL003648,Becky Foster,Male,50,married,Construction Worker,67583.33,850,IL,"Unit 3079 Box 1270, DPO AA 10990",831-311-8981,GB39HHZS07570491459486,full_coverage,6.4,1
CL003649,Brandon Bowers,Male,55,divorced,Truck Driver,78450.42,611,MI,"6740 Lopez Brook, Port Larryhaven, NE 94361",607.871.2859x11958,GB66SLXZ97994114236330,comprehensive,8.2,0
CL003650,David Foster,Male,36,married,Construction Worker,24998.19,700,IL,"56454 Jackson Rapid, Smithport, UT 40284",(291)584-9911,GB19DRKV39158573013925,comprehensive,0.5,1
CL003651,Stephen Brown MD,Male,45,married,Student,64420.84,780,GA,"7428 Owen Road, Bowmanmouth, NY 25113",(888)593-2521x7959,GB31UYNO16658112293225,full_coverage,7.1,1
CL003652,Louis Jones,Female,33,divorced,Police Officer,40594.74,639,CA,"055 Rodriguez Fall Apt. 320, South John, PR 53110",001-517-885-3593x05602,GB81YOSP49978233327494,full_coverage,2.7,1
CL003653,Kevin Jordan,Male,51,single,Manager,83845.71,664,MI,"98582 Laura Ramp Suite 264, Michaelmouth, MO 04069",744-473-4205x6795,GB27WRCA11443228204372,comprehensive,1.9,1
CL003654,Dr. Deborah Mack,Female,77,married,Construction Worker,95192.17,733,MI,"80981 Sanchez Meadows Suite 203, Brookeville, MT 40768",001-644-223-1132,GB72YTWJ21505180746319,liability_only,0.7,1
CL003655,James French,Female,34,single,Software Engineer,44612.57,540,PA,"6892 Christopher Spur Apt. 066, Williamshaven, NC 45637",(249)730-9428x8933,GB20QPXL63886616186440,liability_only,0.7,1
CL003656,Lisa Dunn,Male,30,married,Chef,51112.3,664,FL,"52215 Hodges Rue Suite 534, Melendezstad, ND 96535",457-805-8026,GB28KQVJ94876931709884,comprehensive,2.5,1
CL003657,Roger Harris,Male,68,widowed,Administrative Assistant,35620.89,731,NY,"733 Smith Inlet Suite 640, Amyside, MS 82391",001-903-285-2670,GB86USCV85771411025418,comprehensive,1.9,0
CL003658,Katherine Turner,Male,31,married,Construction Worker,63734.27,691,PA,"751 Amanda River Apt. 507, Collinsmouth, OH 14048",635.898.5250x05573,GB83AQHD77505468680030,liability_only,1.2,0
CL003659,Curtis Montes,Male,18,married,Truck Driver,39541.13,589,NC,"03566 Beth Highway, North Kathrynbury, AS 85477",(904)534-3216x552,GB66YLJG32347765535274,full_coverage,1.3,0
CL003660,Gregory Greer,Male,19,married,Electrician,39307.89,651,OH,"107 James Rapid Apt. 869, Villaland, MI 16652",250-339-8149,GB83XAWN85389097283215,comprehensive,2.4,0
CL003661,Eddie Zhang,Female,59,divorced,Electrician,49824.72,661,MI,"1975 Turner Parkways Apt. 678, Sheilaborough, MN 06666",(499)804-5587,GB47CRME04076947232102,comprehensive,5.4,0
CL003662,Samantha Duncan,Female,19,single,Electrician,34643.14,687,NY,"0081 Mcgee Tunnel Suite 855, Kevinville, MN 68178",275-931-3302,GB15MYIE86523746558269,liability_only,4.9,1
CL003663,Christina Bass,Other,33,married,Retail Worker,79958.16,628,MI,"789 Christopher Trafficway Suite 131, Griffinberg, IN 76569",001-515-682-6972,GB28MLBY04030227641650,comprehensive,4.3,0
CL003664,Manuel Martin,Male,50,single,Consultant,46026.93,737,NC,"0611 Mark Meadows, Hectormouth, LA 09942",(765)890-1611x3346,GB09SIYY59806176326488,comprehensive,1.1,1
CL003665,Cindy Newman,Female,24,widowed,Mechanic,23614.74,802,OH,"1504 Smith Junction, North Tonyaberg, RI 72871",773-841-0056,GB17QEPF47314245983009,full_coverage,4.8,1
CL003666,Bridget James,Female,26,married,Sales Representative,79125.04,617,CA,"6562 Courtney Station, Howardville, FL 36831",433-823-1544x8448,GB03YVZR94048781276252,full_coverage,0.3,0
CL003667,Robert Miller,Female,45,married,Consultant,54155.56,738,IL,"98842 Johnson Parks Apt. 804, North Julietown, NC 32658",+1-540-322-8525x667,GB61HDMJ48908395877355,comprehensive,1.2,0
CL003668,Craig Coleman,Male,18,divorced,Administrative Assistant,62458.74,610,CA,"8047 Davis Radial Apt. 540, New Stephanieshire, GA 10122",(245)777-6846x742,GB65LBTR82201860868731,full_coverage,3.8,1
CL003669,Elizabeth Mendez,Female,73,single,Accountant,57081.27,787,IL,"284 Angela Prairie, New Kelly, SD 06457",001-311-876-5245,GB03UYWA96933016212539,liability_only,0.6,0
CL003670,Anthony Lopez,Female,46,married,Electrician,31507.01,745,OH,"5868 Crosby Crescent, Gregoryview, AZ 14709",(541)540-6029,GB89FBIL65044818321928,full_coverage,3.2,2
CL003671,Brittany Sanchez,Male,32,single,Mechanic,27941.74,681,CA,"805 John Keys Suite 605, Perezbury, AZ 56011",+1-300-241-0664x95084,GB65ECPW65180659495402,liability_only,0.2,0
CL003672,Ashley Stewart,Male,64,married,Nurse,80321.27,692,FL,"7020 Nelson Prairie, Wolfemouth, LA 65230",+1-767-965-8053x98185,GB91JGQR27344243139871,full_coverage,10.3,0
CL003673,Kayla Marsh,Male,45,married,Software Engineer,100499.3,831,MI,"4167 Thompson Drives, Moralesfurt, NJ 47043",001-764-634-9933,GB20AVFZ08546467513853,liability_only,1.9,0
CL003674,Elizabeth Duffy,Female,74,single,Administrative Assistant,78045.24,777,FL,"9007 Tyler Mills, Port Kerri, ME 25564",229-309-8145x80786,GB36YWNH58354937459676,comprehensive,2.4,0
CL003675,Christopher Garrison,Female,37,divorced,Administrative Assistant,73634.14,761,NC,"161 Travis Point Suite 827, North Sylvia, CT 88380",7174560992,GB50ZVKA10905150727200,full_coverage,2.1,2
CL003676,Mr. Richard Terry,Male,41,single,Business Owner,41131.92,667,OH,"4259 Jordan Lakes Suite 986, Harrisport, ME 52667",+1-814-901-2702x282,GB73MEMA02290402224195,comprehensive,5.2,1
CL003677,Jessica Roman,Female,58,single,Teacher,167042.72,790,GA,"4388 Williams Estate Suite 078, South Alyssa, NV 32909",9726587630,GB28EZPY35003425099187,full_coverage,0.7,1
CL003678,Heather White,Male,72,single,Retired,46769.22,711,CA,"632 Flores Stream, North Paulfurt, OH 43247",001-771-742-2410x98813,GB64KGVV13122068155839,comprehensive,1.4,0
CL003679,Amber Smith,Female,42,married,Accountant,54484.94,663,NC,"240 Lauren Walk, Terribury, ND 46319",753.492.6928,GB71AYMW51214000973065,full_coverage,0.7,1
CL003680,Natasha Jones,Female,69,single,Manager,93627.94,721,CA,"42836 Hill Point Apt. 687, West Shellyfurt, WY 69243",401-219-4707,GB77BZVQ90714014011939,full_coverage,0.3,0
CL003681,Crystal Simpson,Female,72,single,Software Engineer,56961.25,562,TX,"891 Hayes Passage, Grantchester, OR 26267",(738)612-2101,GB88EPOU96971642191698,full_coverage,7.5,0
CL003682,Christine King,Female,25,married,Warehouse Worker,68071.4,676,OH,"106 Erin Haven Suite 101, Lake Chad, HI 45352",587.687.2502x612,GB48TEMC01381548135077,full_coverage,6.9,0
CL003683,Rachel Wilson,Male,77,divorced,Nurse,177815.96,649,GA,"008 Richard Rapids Apt. 217, North Gregory, NV 15923",(507)787-9169x6474,GB42RERL51792870081634,comprehensive,1.0,0
CL003684,Ryan Allen,Female,57,married,Teacher,48826.6,723,PA,"7365 Ross Stream, West Ronaldview, MN 20507",349.829.2983,GB10EYAW81155626060290,liability_only,3.6,0
CL003685,John Gomez,Female,38,married,Warehouse Worker,48816.43,548,NC,"8515 Clark Expressway, New John, KY 35616",+1-934-384-5129x47698,GB08EKTI37036152478268,liability_only,5.8,0
CL003686,Wanda Johnson,Male,48,married,Consultant,117051.47,738,OH,"66519 Olson Lakes, Fritzstad, MH 77924",317.500.3253,GB90RAVT02299039533480,full_coverage,2.0,1
CL003687,Joshua Curry,Male,28,married,Sales Representative,79403.86,704,NC,"44474 Caroline Mountain Suite 252, New Ericaburgh, NJ 80936",909-891-3001,GB82PFIL95379086105033,full_coverage,12.6,0
CL003688,Sharon Ayala,Male,43,married,Manager,67979.95,538,CA,"86012 Brian Heights, Smithland, HI 17324",778-878-0902x7413,GB94PNHS90735685057630,full_coverage,0.5,1
CL003689,Sophia Perez,Female,24,married,Accountant,130047.01,790,MI,"PSC 4923, Box 2005, APO AP 49656",969.329.1584x454,GB10GANL30643105890656,full_coverage,3.8,0
CL003690,Lisa Fuller,Male,76,single,Police Officer,70991.94,723,MI,"USCGC Davis, FPO AA 83121",9389912860,GB49LSGP80720673616816,liability_only,1.0,2
CL003691,Sharon Perez,Female,68,married,Truck Driver,32219.63,670,NY,"3970 Christopher View Suite 421, North Wendy, SD 31403",001-828-394-0121,GB15HHWZ18433905878008,liability_only,7.1,0
CL003692,Jeremy Horton,Other,66,single,Teacher,73046.81,659,NC,"4626 Joshua Skyway Apt. 403, Willisfort, MA 87715",+1-834-924-5139x3280,GB54EMLE53238588200607,comprehensive,2.7,0
CL003693,Brittany Thomas,Male,38,divorced,Retired,95999.19,654,CA,"94383 Ali Locks Suite 881, Goodmanton, MS 98800",+1-411-738-3107x554,GB91LLOU23992144020079,full_coverage,1.6,1
CL003694,Scott Payne,Male,75,widowed,Nurse,36495.33,695,MI,"1526 Warner Inlet, South Brad, CA 15077",001-644-650-9427x480,GB07BXFL93460714667021,liability_only,0.0,1
CL003695,Mr. Cameron Francis,Male,56,married,Warehouse Worker,36385.24,814,TX,"39463 Lewis Street, West Anthonystad, NE 75207",(742)751-4117x51325,GB29DRXB73171543090461,full_coverage,0.9,0
CL003696,Gregory Reid,Male,36,divorced,Administrative Assistant,47098.15,589,NY,"7541 Dudley Bypass, Lake Amberfurt, MN 20324",(861)389-0166x7155,GB64ICXY64574257172613,liability_only,1.0,2
CL003697,Ronald Perry,Male,43,single,Chef,34388.28,599,OH,"USCGC Jones, FPO AP 74233",5763433071,GB56LMOF35619251297067,liability_only,5.5,2
CL003698,Bryan Moon,Female,78,single,Nurse,66431.28,543,IL,"6373 Kathleen Lock, Caldwellmouth, MN 23442",8886323361,GB43KRXY05992653053623,liability_only,0.5,0
CL003699,Kevin Brown,Female,74,single,Warehouse Worker,47656.6,760,OH,"9147 Ramirez Wall Suite 064, East Morganfurt, HI 57048",666-503-0750x48800,GB70CBLE68706914181121,liability_only,6.1,0
CL003700,Abigail Anthony,Male,69,married,Accountant,29600.31,727,FL,"46948 Pugh Branch Suite 136, West Johnchester, WY 68649",728.972.1156x739,GB72PQDF23125825568953,liability_only,6.9,0
CL003701,Bryan Scott,Male,54,married,Retired,108041.64,694,GA,"44474 Caroline Mountain Suite 252, New Ericaburgh, NJ 80936",909-891-5837,GB24VHYD51014935008892,comprehensive,7.0,0
CL003702,Terry Rivera,Female,48,married,Nurse,90815.89,710,NC,"3603 Wesley Forks, South Jermaine, WI 44509",6812469655,GB47XQDI66332170131927,full_coverage,3.1,0
CL003703,Amanda Sweeney,Female,68,married,Construction Worker,21305.58,639,TX,"937 Bailey Park Apt. 071, Port Karenbury, ME 46948",001-917-247-9398x91876,GB98ZCBX62727643489363,full_coverage,1.8,1
CL003704,Sharon Graves,Female,59,single,Warehouse Worker,33237.32,659,MI,"5022 Jones Streets Apt. 183, Barnesmouth, GA 49004",001-902-527-8469,GB93ZLTF66108573278814,full_coverage,6.8,0
CL003705,Hunter Jackson,Male,38,divorced,Police Officer,66533.13,668,FL,"597 Love Meadow, West Donna, ND 46713",600-568-6618x4863,GB25RSKQ52478391881392,comprehensive,3.6,0
CL003706,Michelle Morrison,Female,78,married,Chef,89993.44,750,CA,"74632 Sellers Summit Suite 973, New Meganchester, OH 90287",+1-625-611-9817x63048,GB21IANQ45657305785742,full_coverage,0.5,0
CL003707,Karen Diaz,Female,69,married,Business Owner,73979.01,729,PA,"2645 Boyd Groves, Port Shannon, AS 72386",001-790-737-2424x7971,GB36SWHY64067441876740,liability_only,5.9,0
CL003708,Judy Anderson,Male,37,divorced,Teacher,81766.91,601,NY,"988 Maxwell Port Apt. 047, Ryanshire, MN 86802",+1-478-229-3819x924,GB09AYGW35563224035163,comprehensive,8.5,0
CL003709,Edward Gonzalez,Female,32,divorced,Nurse,45532.81,737,OH,"340 Taylor Greens, New Angela, KY 53437",575.304.0992x7945,GB34QOHE62539213429880,liability_only,3.7,0
CL003710,Ryan Spears,Female,47,divorced,Mechanic,48471.31,850,CA,"82594 Jacobs Rapid Apt. 052, Longshire, VA 05457",609.850.1874,GB57XBON88999161846964,liability_only,16.3,0
CL003711,Jacqueline Martin,Male,34,married,Police Officer,45231.3,747,PA,"111 Meyer Haven, Shannonchester, ID 91146",+1-301-631-5855x65311,GB60IRGG50443863847649,comprehensive,1.0,0
CL003712,Kevin Phillips,Male,77,single,Construction Worker,48362.8,608,MI,"USNS Morgan, FPO AE 96234",+1-752-500-9932,GB87XWUT68291368098794,liability_only,7.7,1
CL003713,Rebecca Chambers,Female,18,divorced,Sales Representative,59019.87,691,CA,"4357 Brown Island Suite 045, New Angelaland, ID 94677",727.475.4252x80381,GB29RPOC10955101453358,liability_only,2.4,0
CL003714,Lisa Adams,Male,55,single,Construction Worker,29214.24,661,GA,"PSC 6105, Box 2434, APO AE 46397",+1-321-438-1258x1840,GB82RAQO61167666489126,comprehensive,2.6,0
CL003715,Marvin Brown,Male,63,married,Retail Worker,133929.68,808,MI,"9532 Clay Isle, East Jeffrey, WA 79545",(418)516-5460,GB60DJJV24957740595203,full_coverage,0.9,0
CL003716,Audrey Torres,Female,80,single,Business Owner,48683.45,831,OH,"383 Steven Walk, East Patrickton, AK 82774",+1-323-532-3902x6298,GB42ZVBP32144670476523,liability_only,0.0,0
CL003717,Marc Jackson,Female,20,divorced,Retired,59620.96,642,PA,"44474 Caroline Mountain Suite 252, New Ericaburgh, NJ 80936",(285)296-6296,GB23POVR71667417132231,full_coverage,12.2,1
CL003718,Samuel Espinoza,Female,55,married,Truck Driver,72636.56,630,CA,"28749 Solis Gardens, East Blakechester, SD 36648",253-831-8089,GB90ITKC92798990816686,full_coverage,0.3,0
CL003719,Mary Mitchell,Other,64,single,Administrative Assistant,23592.82,690,IL,"389 Bell Mountain Apt. 841, Christinetown, AL 44448",(335)361-9652x6330,GB04AEPQ65798734096080,liability_only,1.5,0
CL003720,Kathy Nguyen,Male,63,married,Retail Worker,39457.3,609,NC,"34376 Allen Well Suite 816, Davisshire, LA 27438",001-917-815-1404x303,GB85IHRL93736762087268,full_coverage,7.3,0
CL003721,David Wilson,Female,53,single,Administrative Assistant,26753.83,636,IL,"248 Miller Stravenue Suite 035, Powellmouth, NV 01138",(307)586-5550,GB61TXNM51008569608066,full_coverage,14.3,0
CL003722,Chelsey Foley,Male,19,married,Mechanic,46581.21,702,FL,"0468 Stanley Pike Suite 673, Watsonside, WA 25433",431-817-8077,GB26PSUE53756130015975,liability_only,6.6,1
CL003723,David Howell,Female,47,married,Chef,52423.13,608,CA,"8238 Collin Plains Apt. 404, Mcfarlandshire, HI 55320",475.540.9589x66179,GB86GLHP60906275302883,liability_only,5.5,0
CL003724,Eric Lester,Female,35,married,Truck Driver,174503.75,592,PA,"0077 Beasley Trail, Reyeschester, MP 92868",795.997.5025x491,GB57PFGM09950625012934,full_coverage,4.0,0
CL003725,Jay Mcintyre,Female,35,married,Truck Driver,66065.87,777,OH,"05061 Colon Road Suite 310, East Danielle, CO 62572",(381)983-2538,GB51GOAH04531943375047,liability_only,1.3,0
CL003726,Jennifer Roberts,Male,69,single,Student,74330.25,604,IL,"37427 Hernandez Heights Suite 476, Ricemouth, NV 11078",001-353-514-2455,GB59UCZE75193845843538,liability_only,6.6,0
CL003727,Thomas Henson,Female,20,single,Freelancer,81043.06,654,NY,"34046 Kathleen Springs Apt. 876, West Michael, WI 11368",428-541-5775x723,GB23PQBZ06440087282727,full_coverage,0.1,0
CL003728,Marie Terry,Female,81,married,Retail Worker,55616.11,669,IL,"98091 Danielle Prairie Suite 411, Port Kennethberg, VI 43258",(402)541-8271x5564,GB66RZBV53443527120125,full_coverage,5.1,0
CL003729,Kelly Massey,Female,22,single,Truck Driver,73606.45,671,FL,"78529 Michael Knoll, Elizabethton, KY 06346",(855)718-0336x3131,GB75WCTJ93365920361854,liability_only,4.3,0
CL003730,Susan Rose,Female,27,single,Freelancer,35547.51,685,MI,"464 Bruce Flat Suite 713, Armstrongshire, LA 92156",(576)500-8350x58300,GB26GWDV03032432983954,full_coverage,1.6,0
CL003731,Nicole Carter,Male,40,single,Electrician,83756.27,618,GA,"6784 Flowers Creek, South Douglas, MA 62400",001-473-337-5218x31926,GB59QHHV56741702901753,full_coverage,3.3,0
CL003732,Juan Clark,Female,41,married,Software Engineer,47018.28,702,NC,"05270 Austin Mission, North Kimberlyborough, KY 59052",(490)453-1551,GB28KFSN43542735567657,full_coverage,1.6,0
CL003733,Kenneth Campos,Female,56,married,Administrative Assistant,37216.18,548,OH,"06725 Teresa Expressway Suite 418, Ericaburgh, MD 92498",+1-977-312-5059x50967,GB59VVUG33553543171953,full_coverage,5.8,0
CL003734,Debra Olson,Female,59,single,Sales Representative,67182.51,796,NY,"3184 Allison Isle Suite 871, East Mark, WY 62144",(973)513-0051x039,GB74IAWT02459374903707,comprehensive,1.9,0
CL003735,Carolyn Peck,Male,71,married,Business Owner,53096.21,738,GA,"42855 Caroline Lake, Lake Kaitlyn, VI 67919",(486)960-4768x9366,GB73IQZQ21694608809804,full_coverage,2.2,1
CL003736,John Pittman,Female,75,married,Accountant,17857.11,639,NY,"393 Briana Harbor Suite 585, West Davidview, AZ 54692",+1-536-860-7127x81370,GB57BLII63566338560653,comprehensive,1.3,0
CL003737,Laura Fitzgerald,Male,40,divorced,Software Engineer,42714.08,615,NC,"PSC 9131, Box 0802, APO AE 49650",614.756.4561x56707,GB66VAYO86228701155527,liability_only,1.2,1
CL003738,Alison Wheeler,Male,18,single,Accountant,37542.84,615,FL,"992 Trevino Ferry Apt. 354, Popechester, AK 04166",(504)652-6781,GB78GMTS78010834472676,liability_only,7.6,1
CL003739,David Avila,Male,51,single,Truck Driver,60248.92,698,MI,"477 Mcclain Valley Apt. 616, Jamesview, NE 18352",+1-649-471-0688x6597,GB35FPAU15766566109325,full_coverage,3.9,0
CL003740,Christine Bailey,Male,27,single,Chef,51856.49,789,PA,"8031 Chandler Shore, Sanchezmouth, NJ 14180",604-243-1112,GB07KODC85436686464389,liability_only,1.4,1
CL003741,Angela Dyer,Male,57,single,Sales Representative,48951.82,610,FL,"026 Campbell Brook, Port Kellymouth, NJ 28930",331-142-4455,GB23JHCZ67584252679679,comprehensive,0.2,1
CL003742,Mario Williams,Male,54,married,Warehouse Worker,61140.58,645,MI,"4575 Jones Bypass Apt. 803, Nunezchester, NJ 01373",+1-764-412-3186,GB97IHUO46100944090441,full_coverage,4.1,0
CL003743,Jay Mills,Female,39,divorced,Warehouse Worker,52542.59,659,FL,"8585 Wilson Corners, Jenniferview, MT 17691",+1-839-590-4372,GB95ALDK24426439952811,liability_only,0.2,0
CL003744,Isabel Evans,Female,63,single,Truck Driver,103131.5,711,NY,"1299 Graham Port, Carrillohaven, DE 56330",(301)845-0196x232,GB32TOSJ93676861312508,full_coverage,1.2,1
CL003745,Eileen Patel,Female,40,married,Teacher,108477.56,688,TX,"04328 Rodriguez Heights, West David, IA 55528",(944)974-2123x09407,GB32RUTU31734206969421,liability_only,1.3,0
CL003746,Nicholas Martinez,Male,77,single,Construction Worker,70082.98,703,PA,"356 Anthony Mountain Suite 244, West Troymouth, VA 43252",001-345-431-9687x2898,GB83QWNJ30063293425813,full_coverage,9.2,2
CL003747,James Davis,Male,63,single,Warehouse Worker,48635.45,672,CA,"138 Bradley Wall, East Brandonstad, MS 20172",473-357-4384,GB54GOHM34669254812147,full_coverage,3.2,0
CL003748,Angelica Leach,Female,27,divorced,Electrician,52602.89,624,FL,"26530 Franco Parkway, South Jasonchester, CT 07874",(970)337-9353,GB27YEQA09207792535650,comprehensive,3.7,1
CL003749,Tasha Velasquez,Male,79,single,Consultant,74828.12,606,MI,"8996 Hernandez Isle, South Ashley, IA 65945",732.230.9821,GB02SVUO10725636694118,full_coverage,18.2,0
CL003750,James Ryan,Female,33,married,Chef,78512.61,716,PA,"9516 William Extensions, North Brian, KS 06556",4326206237,GB30AQMR90766475428398,comprehensive,0.6,2
CL003751,William Tate,Female,81,married,Police Officer,45433.94,703,FL,"258 Chloe Springs Apt. 785, Robertsshire, OR 13295",6973184610,GB97EHJE25548325142297,comprehensive,5.1,1
CL003752,Troy Simon,Female,41,single,Software Engineer,59984.37,745,OH,"1475 Fox Crossroad, New Ricky, MH 04150",316-818-4838x65099,GB62VGCW80595647185734,comprehensive,1.2,0
CL003753,Margaret Clayton,Other,44,widowed,Chef,24843.18,801,PA,"PSC 1097, Box 1800, APO AE 44265",709.366.8449x78879,GB79XIAJ58931726935201,full_coverage,0.8,0
CL003754,Steven George,Male,55,single,Business Owner,38497.88,507,IL,"62473 Scott Wall Apt. 080, Port Melindaburgh, MT 64154",709.896.9308x48872,GB29YTSH78861405786170,comprehensive,3.5,1
CL003755,David Cohen,Female,73,married,Administrative Assistant,59853.38,655,FL,"459 Mack Fields Suite 276, Aprilfurt, AR 81496",001-359-308-3932x7891,GB82UYXZ96975304303928,full_coverage,5.2,1
CL003756,Heather Webb,Male,60,married,Administrative Assistant,91828.75,773,CA,"7693 Soto Corners, North Thomas, ID 47582",278-820-1740x55943,GB13JJSW55079731933654,liability_only,1.8,0
CL003757,Joshua Anthony,Female,29,married,Police Officer,20988.11,774,GA,"807 Andrea Lane Suite 070, Garciashire, NC 86815",324.326.1615x5728,GB49OTFJ80788793808246,comprehensive,5.2,0
CL003758,Nichole Booth,Female,37,married,Truck Driver,37552.95,780,IL,"513 Stephanie Mountain, Coleport, DC 03671",685.248.1227x389,GB49RBVX62996953820780,full_coverage,0.6,0
CL003759,Joseph Pennington,Male,36,divorced,Teacher,110605.42,835,CA,"Unit 5171 Box 8702, DPO AA 86324",977-933-2945x6255,GB51GOAH04531943375047,liability_only,4.0,0
CL003760,Katie Hale,Other,76,married,Chef,63618.59,599,PA,"1133 Jackson Valleys, Lake Michael, CA 05198",948.280.3490x3317,GB74LZEZ02868725854428,comprehensive,0.2,0
CL003761,Carrie Brown,Female,20,married,Electrician,78918.89,695,MI,"4249 Reeves Fields Suite 134, New Kimberlyside, AR 95501",001-517-518-9428,GB50PULF64709177790679,full_coverage,3.3,1
CL003762,Ronald Davis,Female,58,divorced,Consultant,70354.28,680,MI,"1323 Anthony Expressway, Antonioberg, RI 01375",938.506.6010x3201,GB17JMSB44508527317516,full_coverage,0.5,1
CL003763,John Foster,Male,71,married,Warehouse Worker,95596.24,680,TX,"696 Jose Ways Apt. 922, East Rachel, SC 59470",817.897.6437,GB82DZBH46346613580379,liability_only,1.5,0
CL003764,Frederick Allen DDS,Male,50,single,Warehouse Worker,135466.83,690,IL,"PSC 7038, Box 6167, APO AP 11322",566.347.1571x499,GB38FWTY58129292311092,comprehensive,0.7,1
CL003765,Jack Kennedy,Female,42,married,Construction Worker,54117.59,486,FL,"44565 Chavez Fort, East Derekshire, CT 20870",641.863.8944,GB61CYNH92823414363718,comprehensive,11.8,2
CL003766,Randy Vaughn,Female,33,married,Consultant,64949.13,722,PA,"782 Kelly Manor Apt. 041, East Jeremy, MA 60854",9826322635,GB14RTOX65828859630462,comprehensive,0.8,0
CL003767,John Medina,Female,70,married,Consultant,65681.16,661,NC,"107 James Rapid Apt. 869, Villaland, MI 16652",250-339-9682,GB03DSZA21287809280414,comprehensive,3.6,0
CL003768,Kelly Richards,Male,35,single,Warehouse Worker,50738.65,718,PA,"743 Mark Street, Wongburgh, AL 97050",462-941-1241,GB92LVQM98864976776228,liability_only,3.0,0
CL003769,Tina Jackson,Male,75,single,Freelancer,32547.32,480,OH,"Unit 1260 Box 4223, DPO AE 93744",4709160166,GB15OLQT55168740903802,comprehensive,2.4,1
CL003770,Clarence Jackson,Female,53,married,Student,52409.9,625,PA,"7361 Catherine Street, New Andrewborough, MH 09175",+1-786-395-4956x1403,GB27VLDA49034638534974,comprehensive,8.6,0
CL003771,Megan Houston,Male,32,divorced,Accountant,76978.93,757,IL,"4300 James Mills, South Rodneymouth, MD 19274",641.436.5037x1952,GB97FBIR04706058734875,full_coverage,6.5,0
CL003772,Daniel Lee,Male,44,married,Student,35049.78,606,NC,"70979 Amy Causeway Apt. 788, West Mariaberg, WA 63884",+1-916-440-7516x0051,GB85VTNN68622188465305,full_coverage,1.3,0
CL003773,Mr. Brian Freeman,Female,37,married,Business Owner,50634.29,628,GA,"834 Anna Oval, Jacksonfurt, NV 56848",359-611-0971x333,GB19VHZU07967954810243,liability_only,1.5,0
CL003774,Sherry Wilson,Other,26,single,Chef,120189.92,660,NC,"2979 White Loaf Suite 298, Johnsontown, MA 34097",477-780-4303,GB97WEHV58390240888152,liability_only,0.3,0
CL003775,Thomas Greene,Other,80,single,Manager,124057.29,791,MI,"023 Alexandra Tunnel, Morganfurt, IN 49422",7994253933,GB58DCDC71562632229833,full_coverage,1.6,0
CL003776,Megan Holmes,Female,26,widowed,Warehouse Worker,47985.95,675,NC,"9872 Cuevas Extensions, Douglastown, MO 64932",+1-435-984-7182,GB39FMHC41449389759744,comprehensive,0.7,1
CL003777,Charles Lopez,Female,40,married,Electrician,66615.69,809,NC,"421 Burke Shore Apt. 448, New Stephanieland, NH 58852",(844)957-9449x401,GB84FZEH92380162795924,full_coverage,0.9,0
CL003778,Michelle Bullock,Female,52,married,Chef,72351.4,685,NY,"7388 Jones Via Apt. 146, Harrisview, MN 47138",7852945228,GB10OKVH12342826045007,comprehensive,3.1,0
CL003779,Franklin Howell,Other,70,divorced,Freelancer,41137.51,660,FL,"2116 Adams Circles, North Luke, MD 90638",001-883-218-8615x420,GB81NNUP88072923237994,liability_only,1.8,0
CL003780,Kayla Rodriguez,Female,59,married,Consultant,108766.57,820,FL,"PSC 2487, Box 1556, APO AE 68722",+1-301-651-6673x16821,GB70WEFH40140822815775,full_coverage,0.2,0
CL003781,Adam Lopez,Female,44,single,Electrician,45474.53,669,IL,"10453 Delacruz Rest Suite 246, Longview, MI 96596",507.407.4499,GB87KDND64266030414950,comprehensive,1.1,0
CL003782,Nancy Love,Male,21,married,Manager,67903.71,691,IL,"8467 Anderson Heights Suite 039, West Jeffery, SC 31027",(688)575-8054x58026,GB24UJRF53104190692654,full_coverage,3.8,0
CL003783,Miranda Gardner,Male,53,single,Mechanic,92085.72,649,GA,"28931 Ponce Wall, North Brianna, AS 49810",930.306.5144,GB44RPTU41067462108036,full_coverage,2.8,0
CL003784,Marcia King,Female,45,married,Manager,86527.24,706,CA,"5795 Gibson Field, Lake Laurenfurt, AL 38481",787-255-2792,GB23QTMP90047882014434,liability_only,0.2,0
CL003785,Linda Gray,Female,79,married,Police Officer,59111.46,691,NC,"835 Spencer Parkways, Campbellburgh, NE 59385",434.885.3533,GB27CXMP02113010513021,comprehensive,7.5,0
CL003786,Shawn Kelly,Female,19,single,Chef,63660.82,623,IL,"83727 Dwayne Course Suite 423, Smithtown, HI 21839",851-386-6209,GB83WRII51972495903843,liability_only,0.5,0
CL003787,Mary Rivera,Female,40,single,Administrative Assistant,123023.31,509,PA,"9172 Campbell Ways Suite 068, Watsonton, UT 02923",9175175499,GB11SVAM54526078240119,liability_only,8.1,0
CL003788,Kimberly Stephens,Male,78,divorced,Teacher,70126.18,544,FL,"560 Tony Corner, New James, AL 56068",(813)521-0421,GB79IAJT26307477464066,comprehensive,10.7,0
CL003789,Joseph Elliott,Female,71,married,Business Owner,51936.19,610,OH,"281 Mark Turnpike Suite 774, Burnsburgh, WA 37187",001-863-554-5238x5791,GB54MFXW82061720720357,liability_only,5.7,0
CL003790,Amber Valdez,Male,79,divorced,Nurse,33620.28,835,TX,"133 English Crossing Apt. 064, Lisafurt, MD 34625",+1-493-544-1731x56112,GB88YXKE12204860424922,full_coverage,2.6,0
CL003791,Edward Garner,Female,59,single,Warehouse Worker,79945.76,685,PA,"8412 Blankenship Field Apt. 823, Brittanyhaven, VT 92271",(417)994-9226x8457,GB08PDBL40045692816798,comprehensive,2.5,0
CL003792,David Hubbard,Male,49,married,Police Officer,72432.96,508,CA,"55131 Renee Crossroad, South Antonio, ID 93414",+1-924-289-4836x3359,GB95ZSPY16982507337613,liability_only,1.2,0
CL003793,Elizabeth Fowler,Female,39,single,Warehouse Worker,66435.67,757,NC,"5681 Mitchell Burg Suite 452, New Danielle, PW 15969",(854)523-9798,GB83RIXZ79856849185057,liability_only,5.0,1
CL003794,Kevin Hudson,Male,40,single,Software Engineer,147366.96,745,NY,"070 Flores Islands, West Jessica, VA 84784",(870)649-4388x0461,GB34CXPF72030793094302,liability_only,0.0,2
CL003795,Karen Harrell,Male,62,married,Software Engineer,96424.91,624,MI,"42099 Gregory Orchard, Joshuamouth, PR 45289",001-887-601-4816x415,GB80PBNY63251667682802,full_coverage,2.5,0
CL003796,Melissa Arias,Male,71,divorced,Consultant,47886.87,668,GA,"36853 Amanda Mount Suite 221, East Dustin, AL 74177",(440)446-2851x01215,GB19FAGI06139588257128,liability_only,1.1,0
CL003797,Jessica Smith,Other,73,married,Retail Worker,56183.94,614,NY,"33230 Villanueva Cliffs, West David, MS 75175",468-245-4053,GB88UJNM53335038363358,full_coverage,4.9,0
CL003798,Matthew Peters,Male,71,single,Nurse,26903.01,850,GA,"17470 Jackson Valley Suite 362, Port Kristenside, AS 16550",2234747886,GB59ICMM98052772805209,liability_only,3.7,0
CL003799,Richard Gordon,Female,43,married,Administrative Assistant,37057.45,695,NC,"302 Willie Gateway Apt. 242, East Michaelfort, CA 63004",830-855-5340x6754,GB45VJIY66872553681963,comprehensive,6.5,1
CL003800,Edward Davis,Female,24,married,Sales Representative,64955.42,608,MI,"94746 Barbara Pike Apt. 797, Sherrystad, SD 05998",(903)617-8078x235,GB33YEOK20885474929751,comprehensive,1.2,1
CL003801,Karen Hart,Male,35,married,Truck Driver,86716.87,768,OH,"25442 Michael Alley Apt. 864, Port Leslie, GU 70860",(682)437-1206,GB08LMZL66382782123038,liability_only,0.5,0
CL003802,Ryan Wilson,Female,61,single,Nurse,49446.44,694,NY,"509 Michelle Prairie Suite 200, East Kyle, WI 82971",668-390-3561x8844,GB15XRAX29632040563562,comprehensive,8.2,0
CL003803,David Harrison,Male,22,widowed,Truck Driver,26806.05,744,IL,"0900 Gonzalez Place Suite 220, Lake Nicholasstad, NY 16023",+1-872-259-6072x822,GB24YXYT66952181048728,full_coverage,4.5,2
CL003804,Michele Carpenter,Male,73,married,Administrative Assistant,75219.61,831,FL,"83727 Dwayne Course Suite 423, Smithtown, HI 21839",851-386-7697,GB67TCSW84772697071080,liability_only,1.6,0
CL003805,Scott Wilson,Male,32,married,Retired,67808.36,549,PA,"9249 Lynch Mount, New Haroldville, VT 62159",963.682.3350x7408,GB56SEHJ93106747868903,full_coverage,0.7,1
CL003806,Robert Thompson,Male,65,widowed,Retail Worker,53081.54,688,PA,"42362 Randall Circles Apt. 697, West Raymond, VT 72504",301-578-1102x66594,GB87SXPP73824608144968,liability_only,0.8,0
CL003807,Thomas Shelton,Male,63,widowed,Student,35950.08,647,FL,"29420 Andrew Station Suite 452, North Mikayla, CA 11684",(945)343-8297,GB30VCKS67121232562098,liability_only,4.1,0
CL003808,Sabrina Alvarez,Male,77,single,Warehouse Worker,88567.8,774,IL,"720 Hayden Shore, Allenchester, SC 67600",(372)573-2341,GB10HZWE37732991558718,comprehensive,1.2,0
CL003809,Cameron Mccormick,Female,53,married,Manager,59017.12,764,TX,"909 Brown Extensions Apt. 887, North Jerryland, RI 15870",+1-235-330-5784x06201,GB77LEJX55335247456744,full_coverage,3.4,0
CL003810,James Jensen,Male,67,single,Police Officer,41234.77,745,CA,"02471 Escobar Roads Apt. 357, Kramershire, OR 91484",590-968-0619x287,GB23YGJD69453212753806,full_coverage,6.5,0
CL003811,Charlotte Richards,Male,59,married,Manager,65978.26,683,FL,"1856 Karen Summit, Michaelview, WV 54442",(904)219-4729x1408,GB92OXSN52061755047639,full_coverage,4.2,0
CL003812,Nicole Pittman,Female,76,married,Retail Worker,46425.17,742,GA,"24596 Scott Point Apt. 066, Gregoryburgh, MA 45412",001-619-221-1921x000,GB07HBKD46618908455531,liability_only,1.4,0
CL003813,Thomas Soto,Female,51,divorced,Construction Worker,43727.07,723,TX,"7700 Decker Club, New Brookefurt, NH 76565",247-201-2045x5611,GB85GFAF93908788443448,full_coverage,2.7,0
CL003814,Eric Mathews,Male,64,married,Student,36465.18,805,FL,"1987 Kevin Mission, Bradleyfurt, IN 12432",+1-731-250-4934x506,GB19EYIQ28438665028645,liability_only,4.0,0
CL003815,Michael Fuller PhD,Female,59,married,Electrician,67598.57,504,MI,"0731 Harrell Prairie, West Adam, MD 92910",500.869.3533x203,GB95WBZN08225029506586,full_coverage,2.2,1
CL003816,Oscar Mason,Male,67,single,Police Officer,114593.77,778,FL,"USNV Brown, FPO AA 17903",(284)273-4183x892,GB85WPQB64370343286515,liability_only,0.4,0
CL003817,Shawn Moore,Female,80,married,Retail Worker,168177.66,718,GA,"35124 Christopher Harbor, West Kennethfurt, GA 58586",740.284.0222,GB96LGSV55630944511410,full_coverage,2.9,0
CL003818,Melissa Black,Female,38,single,Accountant,39659.01,776,NY,"36866 Parker Burgs, Moyerland, UT 79323",993.565.1296x86073,GB56WPKB90025303482831,full_coverage,1.2,1
CL003819,Theodore Rollins,Female,73,married,Police Officer,112166.13,742,IL,"7632 Jose Mills Suite 903, Garrettberg, PA 63596",455.743.8647x95462,GB68OGSM26367565590706,comprehensive,2.4,1
CL003820,David Medina,Male,38,married,Freelancer,32232.92,638,CA,"5558 Wolf Turnpike, Kaylastad, LA 74772",+1-771-713-6752,GB83ZDRD81542794630846,full_coverage,0.1,0
CL003821,Jordan Mcbride,Male,77,widowed,Consultant,53751.69,697,IL,"37712 Debbie Extensions Apt. 916, Davidton, IL 28621",940-359-5315,GB50JKTZ15115019809797,full_coverage,1.0,1
CL003822,Lucas Small,Male,44,married,Electrician,61741.69,754,IL,"341 John Plaza, East Aaronmouth, UT 78333",2385860868,GB09QWVO43027169385977,liability_only,10.2,0
CL003823,Kimberly Greene,Male,48,married,Nurse,83583.01,718,GA,"70921 Julia Trail, Norrisland, DE 33721",400-478-7874,GB89VTOD85017437264425,full_coverage,9.6,1
CL003824,Samantha Davis,Female,24,married,Electrician,34850.56,713,GA,"11367 Rachael Shoal Apt. 603, Rodriguezview, MI 18449",(395)311-1659x906,GB50EUJM70435997972305,full_coverage,2.1,0
CL003825,Maria Smith,Female,62,married,Warehouse Worker,57917.34,652,OH,"231 Christopher Island Suite 148, Dominguezview, LA 33005",+1-276-804-4654x148,GB92GQOP36878551596811,liability_only,3.3,1
CL003826,Steve Porter,Female,28,single,Student,54699.27,714,GA,"898 Hoffman Rue, Mariaport, MD 64101",001-846-830-9671x1208,GB94KTFY54071742842815,full_coverage,0.4,0
CL003827,Sean Garrison,Male,46,widowed,Retired,76253.87,667,OH,"USCGC Randolph, FPO AE 31600",468-245-3674,GB88UJNM53335038363358,liability_only,7.6,0
CL003828,Beth Stout,Female,32,single,Retail Worker,97747.17,596,MI,"4789 Stewart Freeway, Boydside, NV 11304",(446)206-7789x88899,GB53KSUO84613201162316,liability_only,10.1,1
CL003829,Anna Stanton,Male,52,married,Business Owner,50384.0,618,TX,"796 Isaac Locks Apt. 040, Tuckerfort, ME 18311",(600)719-3049x032,GB21ZYRI11792069451955,liability_only,0.6,0
CL003830,Jesse Morris,Male,22,married,Chef,60236.7,721,TX,"0507 Christy Prairie Suite 374, Josephhaven, FM 75924",(913)606-5604,GB74VRFQ14013130315226,full_coverage,17.4,1
CL003831,Carolyn Yates,Male,63,married,Retired,44411.76,632,CA,"2866 Hines Garden Suite 375, Lake Gary, VI 94459",+1-499-393-9916x896,GB48BIWG82388663981410,comprehensive,1.2,3
CL003832,Stephen Oconnor,Male,73,widowed,Nurse,87109.13,593,TX,"844 Michelle Parkways Suite 384, Destinyhaven, OK 01139",354-484-0664,GB97LNBC79860028950492,liability_only,0.5,0
CL003833,Christina Sanchez,Female,39,married,Consultant,90716.61,656,NC,"2411 Felicia Wall Suite 496, Carlosside, UT 61824",402-658-0754x56250,GB86EUAZ92653195044253,liability_only,0.6,1
CL003834,Katherine Fernandez,Male,55,single,Student,122284.75,678,OH,"29538 Brown Valley, Hansonmouth, HI 26478",(925)769-2041x2042,GB54HAKC46021277009684,full_coverage,0.6,0
CL003835,Karen Lozano,Female,36,single,Electrician,33822.19,736,CA,"4412 Walton Trafficway, Campbellton, CA 25286",(538)879-0344,GB36UILO80111425936980,full_coverage,8.4,0
CL003836,Kathleen Webster,Male,45,married,Student,72054.69,631,NY,"620 Colon Loaf Suite 204, Garyton, NE 07116",815.664.4922,GB60QDMC82501812298391,comprehensive,2.9,1
CL003837,Virginia Acosta,Female,58,married,Retired,48205.39,701,GA,"979 Oconnor Haven Apt. 043, East Annside, AK 90936",(312)816-3533x427,GB60RPCH19961950235411,liability_only,5.1,1
CL003838,Christine Fowler,Female,71,divorced,Construction Worker,85479.24,793,TX,"00560 Ross Fall, Jonesfurt, WI 02586",+1-550-692-2088x279,GB84BAOU03713696701831,full_coverage,1.0,0
CL003839,Melissa Scott,Female,35,divorced,Electrician,56612.87,641,GA,"61192 Dominguez Corners, Lake Carmenside, WY 50006",+1-564-694-9943x40841,GB46TTAZ74902634096328,full_coverage,0.6,1
CL003840,Erik Strickland,Female,54,single,Retired,48683.43,752,MI,"42836 Hill Point Apt. 687, West Shellyfurt, WY 69243",473-357-4384,GB25NEYF72847657041200,full_coverage,4.3,1
CL003841,Sara Porter,Male,22,single,Nurse,64933.52,580,PA,"2182 Padilla Motorway Apt. 223, Cynthiabury, NM 83471",+1-455-434-3360x03238,GB08GIUH52409646467914,full_coverage,10.3,0
CL003842,William Parker,Female,57,widowed,Administrative Assistant,87101.39,703,TX,"175 Hardin Lights Apt. 056, Lake Teresa, NM 02962",(980)822-4095x1205,GB30AECS28351988383437,full_coverage,1.0,1
CL003843,Tracey Walls,Female,81,divorced,Retail Worker,42515.79,605,FL,"248 David Flat Apt. 815, New Peter, PW 69248",5046840281,GB25BDWR24969597847110,comprehensive,3.4,1
CL003844,George Obrien,Male,74,divorced,Construction Worker,50200.68,618,OH,"4400 Melissa Forges, Lake Danielton, MD 69875",(684)554-6871,GB49SQJZ91746372715483,full_coverage,6.3,0
CL003845,Mr. Terry Barton,Female,22,married,Business Owner,88971.02,652,MI,"USNV Morales, FPO AE 79745",(637)543-4142x88498,GB09FQLU63497268527916,liability_only,0.9,0
CL003846,Kevin Gentry,Male,74,divorced,Freelancer,109898.97,599,MI,"2775 Owen Stream Suite 169, New Kelly, CT 10995",914-477-0538x33884,GB89FBIL65044818321928,comprehensive,0.4,1
CL003847,Jasmine Johnson,Male,49,single,Manager,79875.65,812,IL,"6004 Oliver Flats Suite 238, Contrerasfort, MH 35420",+1-580-516-7995x5530,GB54RAIA77280563193739,full_coverage,15.0,2
CL003848,Frederick Barnett,Female,54,married,Administrative Assistant,120390.88,806,CA,"Unit 4839 Box 9584, DPO AP 28900",8043037099,GB83RLDR71534674273628,comprehensive,7.1,0
CL003849,Carmen Rose,Male,60,married,Police Officer,104653.74,705,PA,"3186 Margaret Islands Apt. 970, West Francis, MA 37123",412.218.9127x261,GB10MFCF80024967818630,comprehensive,1.3,0
CL003850,Casey Spears,Female,75,single,Electrician,71644.46,676,GA,"5655 Mia Isle, Steeleport, TN 52989",001-912-384-7818x913,GB81JLZM69078263337389,full_coverage,1.1,1
CL003851,Wanda Marquez,Female,43,married,Retired,56392.41,672,IL,"4883 Paul Spur Suite 521, New Stevenside, MO 06924",536.537.6562,GB41BJTY48004494443121,full_coverage,0.1,0
CL003852,Roger Elliott,Male,62,married,Truck Driver,106328.58,731,GA,"167 Baker Track Apt. 717, Port Johnbury, ME 49940",(657)552-4275x863,GB78KBVS87568662333525,liability_only,9.8,0
CL003853,Kevin Ward,Other,74,married,Construction Worker,44381.39,660,CA,"99724 Megan Islands, Johnsonhaven, AZ 72788",(674)900-1575x04224,GB67KJUY89527467400424,liability_only,17.9,1
CL003854,Christopher Griffin,Female,70,married,Administrative Assistant,61985.8,627,FL,"41156 Derek Harbor, New Michaeltown, RI 07951",871-656-7328x9828,GB28GTIN08829194394860,comprehensive,0.5,0
CL003855,Sherry Robles,Female,28,single,Mechanic,177007.34,683,TX,"0308 Williams Villages, Kathleenshire, KY 09074",910-647-9610x2539,GB52DKJJ85206850021089,full_coverage,4.1,0
CL003856,Brenda Scott,Female,25,single,Police Officer,172682.84,654,OH,"622 Logan Squares Suite 493, Wilsonmouth, CT 37379",(825)213-5284,GB46LKPQ29161178769262,liability_only,11.4,0
CL003857,Leah Gray,Female,45,single,Chef,31124.87,679,GA,"67184 Brennan Falls Suite 929, West Sean, MH 24833",620-706-9910x893,GB94TOQX78622586560860,full_coverage,2.7,1
CL003858,Donna Johnson,Male,69,single,Consultant,31006.82,697,IL,"USS Kane, FPO AA 14604",(567)223-7810,GB19NKPG37135052947648,full_coverage,1.2,0
CL003859,David Ortiz,Male,39,married,Warehouse Worker,30995.41,806,TX,"0547 Ashley Locks Apt. 958, West Catherine, MA 20691",+1-487-900-0990x523,GB91MQGD46492651422080,full_coverage,0.9,0
CL003860,Luis Snyder,Female,24,divorced,Accountant,57368.85,627,TX,"7610 Benjamin Squares Apt. 791, Lake Michael, NC 37128",+1-703-521-9213x59218,GB64JMIN63014134047940,full_coverage,1.1,0
CL003861,Edwin Flores,Male,76,single,Administrative Assistant,81825.22,623,TX,"188 Andrea Knolls Suite 172, East Misty, MS 13420",239-389-1785x785,GB43XKCX40296027554897,liability_only,10.4,0
CL003862,John Morales,Male,18,married,Chef,31091.97,583,CA,"382 Linda Knolls, Lake Meaganmouth, ID 58540",813-292-0887x6268,GB12ZUQR89888854646993,full_coverage,2.3,1
CL003863,Brandon Chang,Male,21,married,Freelancer,64981.32,599,PA,"6684 Jackson Corners Apt. 588, Loriport, NE 09846",+1-270-208-5094x04931,GB04BMEF95948894461030,liability_only,3.2,1
CL003864,Michael Wang,Male,61,married,Truck Driver,57902.96,630,NC,"76150 Bauer Ports, South Andrea, KS 99662",4354735879,GB96YQCM50863130076333,full_coverage,1.4,0
CL003865,Rodney Cantu,Other,65,widowed,Teacher,101946.11,778,FL,"757 Watkins Flats, Lake Darrell, NE 67898",764-962-6546,GB24ETOB26933833298866,full_coverage,0.9,0
CL003866,Jacqueline Jacobson,Female,19,divorced,Teacher,47301.62,568,MI,"0531 Miller Mills Suite 427, Austinmouth, WV 25920",(972)765-1097x98803,GB17AWCG27498475384333,full_coverage,3.1,0
CL003867,Nicholas Foster,Male,38,single,Business Owner,68349.71,609,NY,"851 Michael Estates, Lawsonland, VT 21807",(368)461-8647,GB38GRSF84872551555622,full_coverage,1.4,0
CL003868,Lisa Hodges,Female,67,married,Police Officer,87793.5,657,OH,"7726 Jennifer Parkways, West Kyletown, MP 97479",(292)610-2314,GB28QRFA03441324642086,full_coverage,5.2,0
CL003869,Mindy Alvarez,Female,51,single,Chef,57188.88,677,NY,"23685 Krystal Bridge Suite 817, Emilyview, OR 50442",372-702-5909x47985,GB85GFAF93908788443448,comprehensive,15.8,1
CL003870,Cynthia Compton,Male,73,divorced,Truck Driver,96539.72,690,NY,"0909 Wall Heights Apt. 953, New John, WV 94994",(944)974-2123x09407,GB84CNXO42336293449734,full_coverage,4.2,1
CL003871,Beverly Peterson,Other,74,married,Police Officer,34940.42,591,NC,"1545 Tara Lodge, Lake Mollymouth, MT 07605",349.829.2983,GB27INRO50635190361332,full_coverage,0.6,0
CL003872,Richard Cook,Female,52,married,Freelancer,39820.85,743,MI,"7793 Patterson Estates, North Markmouth, WY 81696",+1-576-405-9173x254,GB29BLSI56700786211622,liability_only,12.7,1
CL003873,Sandra Davis,Female,20,divorced,Retail Worker,66668.33,664,PA,"1518 Gonzalez Trace, Jeffreyburgh, VI 11882",+1-325-300-1893x17171,GB52FBRX58855637965162,liability_only,5.0,1
CL003874,Clinton Williams,Female,35,married,Mechanic,45800.01,652,TX,"43317 Harris Groves, North Douglas, NY 62379",4028369889,GB29ZSEA36213296708673,full_coverage,1.8,0
CL003875,Brandon Chase,Male,68,married,Administrative Assistant,66297.99,640,FL,"064 Amanda Vista, Alyssaside, SC 34020",553-778-4166,GB40YRSP73377244273182,comprehensive,4.5,0
CL003876,Beth Sanchez,Female,49,married,Sales Representative,59670.02,610,GA,"853 Reginald Village Apt. 490, Shaneborough, GA 70484",896-814-2187x87944,GB47SNCS57025793686527,comprehensive,1.1,0
CL003877,William Hawkins,Female,80,married,Mechanic,37248.69,693,OH,"415 Curtis Parkways Apt. 590, Scottton, AZ 53515",001-942-206-3593x8676,GB13SXNX86299876762505,comprehensive,4.0,3
CL003878,Tammy Kelly,Female,57,married,Accountant,84499.43,641,GA,"99973 Julia Green, Robertton, NC 97245",+1-366-314-1294x8655,GB26KZWU20274066787522,full_coverage,0.1,1
CL003879,Crystal Cook,Male,62,divorced,Administrative Assistant,38296.59,822,MI,"PSC 9485, Box 0940, APO AE 27513",+1-297-520-2512x242,GB74FBEX17371886296609,liability_only,0.3,1
CL003880,Heather Miller,Male,75,married,Business Owner,54071.23,778,IL,"33230 Villanueva Cliffs, West David, MS 75175",468-245-6658,GB08PUPH39963157729139,liability_only,2.7,0
CL003881,Melissa Ramirez,Male,21,single,Construction Worker,102696.37,665,PA,"2951 Brian Rue Apt. 983, Chadberg, HI 64383",363-335-6027x2384,GB58UWDE92530213558254,comprehensive,1.7,0
CL003882,Adriana Hill,Female,24,married,Retired,33194.13,621,FL,"734 Lindsey Extensions, Lake Emily, VI 82408",001-249-659-2474x2024,GB36OYBU25860116395698,liability_only,2.2,0
CL003883,Betty Andrews,Female,21,single,Retired,61242.14,600,NY,"Unit 9777 Box 5761, DPO AE 58435",905-391-4324x1012,GB95MXKY21592288911317,comprehensive,1.0,0
CL003884,Robin Gonzales,Male,52,single,Software Engineer,75720.61,632,IL,"4167 Cynthia Garden, Donnachester, WY 49913",438-863-3839,GB36BALI52280156193183,full_coverage,5.5,0
CL003885,Bradley Holland,Female,45,single,Consultant,79096.84,671,GA,"63501 Ryan Tunnel Suite 131, Simschester, UT 62785",554.254.7733,GB22XJWT78921338067083,full_coverage,7.3,0
CL003886,Carrie Smith MD,Male,56,single,Truck Driver,71550.35,638,CA,"038 Thomas Fields Suite 728, Mathisport, WI 50551",001-982-636-8639x993,GB19YMAO67325108071685,liability_only,3.1,0
CL003887,Michael Fleming,Female,61,married,Police Officer,29233.48,672,OH,"25583 Hall Estates Apt. 485, Wilsonhaven, TN 02737",(394)845-2603,GB06CUPE28232471742359,liability_only,3.5,0
CL003888,Kim Trevino,Male,38,divorced,Student,57065.93,630,CA,"60076 Garcia Mountain Apt. 415, East Mary, VA 05180",001-377-288-7961x1818,GB74QHJA13834610500133,liability_only,8.3,0
CL003889,Donna Lang,Male,28,widowed,Software Engineer,41382.78,609,PA,"958 Carla Key Suite 829, Christianville, AS 57641",+1-221-792-8134x166,GB22YHJD06192187975372,liability_only,4.4,0
CL003890,Paul Green,Female,46,single,Sales Representative,80373.08,736,OH,"650 Johnson Ferry Apt. 745, Fischerborough, NC 19026",+1-818-538-2708x360,GB88DFYS91769998542151,full_coverage,5.3,0
CL003891,Ashley Ortega,Male,65,divorced,Teacher,51268.39,647,GA,"9612 Vazquez Green, Aaronville, WA 27605",+1-483-715-9057x470,GB66GCJG69927367863058,comprehensive,11.0,0
CL003892,Mr. Benjamin Gilbert,Female,76,single,Chef,92168.64,556,NC,"7365 Ross Stream, West Ronaldview, MN 20507",650.620.8021,GB54ULKE13760375482145,liability_only,2.6,0
CL003893,Daryl Hernandez,Male,36,married,Business Owner,27209.72,525,CA,"97407 Day Points Suite 335, Kingtown, AZ 24054",371-929-7870x4575,GB17JMOC25835180012623,liability_only,1.9,0
CL003894,David Jacobson,Male,31,single,Software Engineer,69754.18,642,IL,"92711 Graves Fords, South James, GA 64684",783-557-7778,GB73OQKH68223129501944,comprehensive,0.2,0
CL003895,Anne Spencer,Male,77,single,Nurse,97778.65,700,CA,"98375 Davis Burg Apt. 225, Port Harryburgh, MI 51350",(324)239-6005x127,GB66LXOM63812943055782,liability_only,15.9,0
CL003896,Paula Johnson,Male,52,married,Electrician,92690.68,737,IL,"115 Arellano Radial, New Bruce, MS 68996",4709160166,GB33YEOK20885474929751,full_coverage,5.1,0
CL003897,Elizabeth Parsons,Female,71,single,Retail Worker,37235.64,646,TX,"PSC 5427, Box 6676, APO AE 78116",(286)816-9286x14580,GB23FGQW28664631945962,liability_only,1.3,0
CL003898,Michael Beard,Female,54,married,Retail Worker,162541.16,668,IL,"339 Jamie Bridge Apt. 654, Michaelmouth, WI 35446",5385165300,GB90KEVM54920463123745,liability_only,5.9,0
CL003899,Willie Snyder,Male,49,single,Retail Worker,91558.53,690,OH,"84503 Rodriguez Points, Lake Susan, GU 39083",8409338613,GB10KOQM73654671213898,full_coverage,1.8,0
CL003900,Christopher Gilbert,Male,33,married,Truck Driver,68616.64,667,FL,"353 Heather Mountains, Montoyastad, AZ 99682",339.879.9807x44585,GB63NZDR35062581719999,comprehensive,0.0,0
CL003901,Ricky Hubbard,Female,78,single,Consultant,29208.87,683,FL,"942 Scott Ways Apt. 556, New Christopherberg, VA 06727",+1-323-433-1095x625,GB19FLYR97899333209517,liability_only,3.5,0
CL003902,Samuel Steele,Female,47,single,Teacher,91496.84,680,TX,"6474 Taylor Lane Suite 992, South Kimberlybury, OH 76110",925-893-6218x823,GB06VXFL32103566196659,comprehensive,4.1,0
CL003903,Vincent Brown,Male,65,divorced,Retail Worker,64273.64,772,NY,"2620 Jones Terrace, North Destiny, OR 86726",946-710-3955x240,GB29RHGL26727814906323,liability_only,0.8,1
CL003904,Troy Carrillo PhD,Female,50,single,Sales Representative,109977.96,843,FL,"928 Dustin Village Suite 593, Elizabethton, IN 62110",331-142-5572,GB23JHCZ67584252679679,full_coverage,0.6,0
CL003905,Jonathan Copeland,Male,75,single,Construction Worker,22196.54,720,FL,"38285 Austin Villages Suite 331, Lake Jaime, NE 13452",2977720416,GB65YARJ27995698825752,liability_only,1.5,0
CL003906,Jonathan Walls,Female,59,divorced,Administrative Assistant,68339.7,738,IL,"836 Stafford Flats Apt. 072, Lucasburgh, VT 74190",(428)265-7195,GB93APOY17732200038867,liability_only,22.4,0
CL003907,Dennis Wilson,Male,59,single,Administrative Assistant,66042.41,542,MI,"08121 Timothy Harbors, Brookehaven, DC 82488",818-713-4410x79682,GB32MPHX32095129297432,full_coverage,6.4,0
CL003908,Rebecca Adams,Female,74,married,Police Officer,72789.93,665,OH,"9601 Stephen River, West Paula, NJ 72284",+1-410-625-7884x2380,GB35WYKP27699082734229,liability_only,2.2,0
CL003909,Emily Adams,Female,41,divorced,Mechanic,79371.73,701,NY,"942 Michael Common Apt. 388, New Diamondland, DC 18597",(621)254-0701,GB46WDDD42286124279066,full_coverage,0.6,1
CL003910,Denise Hines,Male,39,married,Sales Representative,71774.32,736,PA,"4161 Sellers Park, Hawkinsstad, MN 51177",414.351.6631x0549,GB73KKWM24269749664816,full_coverage,1.2,0
CL003911,Bruce Miller,Male,52,single,Retired,27364.55,680,NY,"4591 Bridges Plains, Christopherland, OK 45873",(963)838-4428,GB53CZVM15019415152350,full_coverage,4.8,0
CL003912,Ruben Rangel,Female,38,married,Chef,58896.57,725,OH,"47391 Audrey Isle Apt. 343, Lake Christopher, WY 00975",250.651.6336x3550,GB38OCYJ00564945160377,full_coverage,8.6,0
CL003913,Lori Thomas,Male,75,single,Chef,65630.77,814,FL,"PSC 6831, Box 9604, APO AA 14080",+1-218-850-4892x007,GB49EIUT42421987331859,full_coverage,4.6,0
CL003914,Phillip Newman,Male,37,single,Police Officer,66439.05,690,OH,"3645 Ware Trail Suite 862, Port Michael, OR 62492",(320)546-7261x90722,GB69RFSY25590606404549,full_coverage,2.9,2
CL003915,Elizabeth Love,Male,54,married,Sales Representative,50108.21,728,OH,"94470 Patricia Estate, Elliottstad, DC 24860",+1-782-816-2346x249,GB33UROW56623205722722,comprehensive,4.6,1
CL003916,Mrs. Sheryl Mason,Female,18,divorced,Manager,35466.17,648,OH,"7010 Charles Point, Lake Brandonburgh, MN 04161",702-528-5953x366,GB65ZGYU67259581877277,full_coverage,0.8,1
CL003917,Brittany West,Female,48,single,Consultant,55959.2,572,OH,"7255 Taylor Keys, Flynnview, KS 13945",920-531-4221,GB36EFJK03826581609499,liability_only,3.3,0
CL003918,Billy Rollins,Male,23,married,Electrician,66332.15,756,NY,"51257 Rogers Fall, Youngshire, PA 74551",583.774.5245,GB70OCMO01992014570164,liability_only,6.6,1
CL003919,Andrew Lopez,Male,48,married,Chef,68253.78,555,GA,"2033 Miranda Station, Tonyatown, DC 26899",441-569-7206x93649,GB51FBLD76368056755748,comprehensive,5.7,0
CL003920,Julie Mcclure,Female,45,married,Accountant,47805.25,705,GA,"Unit 5849 Box 1422, DPO AP 07104",(492)958-3752,GB36MNSB99894122112592,comprehensive,3.0,3
CL003921,James Young,Female,73,single,Business Owner,90885.07,666,NY,"8665 Brian Locks, South Williamview, VT 33322",787-714-8771,GB29SYMR09164486797095,full_coverage,4.6,0
CL003922,Ryan Alvarez,Male,66,married,Electrician,70110.74,633,NC,"6866 Herrera Pike, East Sharon, NJ 43170",+1-927-831-1809x171,GB03CPDL11656949243981,full_coverage,1.6,0
CL003923,Jennifer Hodge,Male,20,married,Retail Worker,106279.86,751,OH,"75681 Anderson Freeway Suite 924, Port Victoriamouth, MD 06928",(532)584-7349,GB17LRLL11355051280661,full_coverage,4.5,0
CL003924,Joshua Floyd,Male,19,married,Sales Representative,105348.36,691,MI,"92941 Cooper Extensions, Lake Janicetown, FL 07749",2856241492,GB56BMPK90617040188159,full_coverage,1.0,0
CL003925,Mary Jackson,Male,38,married,Police Officer,115460.86,634,TX,"94383 Ali Locks Suite 881, Goodmanton, MS 98800",432-804-2479,GB47CFBD35157011314916,full_coverage,1.9,0
CL003926,Dr. Kristen Wilkinson MD,Male,26,single,Chef,29669.48,566,NC,"USNS Pierce, FPO AA 35128",3068639542,GB93ACOW77375290263730,full_coverage,13.9,1
CL003927,James Butler,Female,41,single,Retired,47901.86,549,NY,"7758 Shaun Views, South James, NJ 35090",354.397.1290,GB80MVQI41477605712980,full_coverage,0.8,0
CL003928,Matthew Boyle,Female,64,single,Teacher,73990.4,697,TX,"6906 Kimberly Place, Riveraberg, MT 34350",375.750.5871x2318,GB63FJXP15626439374015,liability_only,6.6,0
CL003929,Bobby Coleman,Male,73,widowed,Teacher,45122.86,700,NC,"PSC 4376, Box 2522, APO AE 13779",792.373.1629,GB49OBTK88202915103186,comprehensive,3.9,1
CL003930,Mary Pham,Female,61,single,Truck Driver,36999.67,732,TX,"559 Joshua Plains Suite 115, Hensonburgh, FM 40551",390.410.4483x93788,GB50FGIY92068346549160,comprehensive,2.0,1
CL003931,Jacob Morgan,Female,54,married,Freelancer,50333.61,724,OH,"USNV Floyd, FPO AP 93301",001-669-612-4437x32019,GB35IGJI46169234667705,liability_only,0.5,1
CL003932,Sarah Solomon,Male,79,married,Accountant,15000.0,628,OH,"868 Thomas Curve Apt. 815, South Karen, MP 48567",+1-487-413-1822,GB92GXYF96353526571465,comprehensive,0.5,1
CL003933,Kelsey Smith,Male,62,single,Construction Worker,46850.09,594,MI,"4124 Anthony Street Apt. 640, New Cameronshire, MO 92944",512.894.3906,GB90GBZW66406665369397,liability_only,3.2,0
CL003934,Austin Chase,Male,74,divorced,Consultant,39709.64,696,PA,"6162 Joshua Loaf, Lake Yvette, NE 36667",+1-665-278-8396x5408,GB62HXDX60130861821810,liability_only,12.5,0
CL003935,Melinda Solomon,Male,41,married,Software Engineer,63650.56,610,TX,"6865 Scott Lodge Apt. 317, Campbellton, LA 39147",3387059731,GB41QUUD58562858585070,liability_only,0.3,0
CL003936,Theresa Moore,Male,64,married,Consultant,109048.78,808,GA,"35889 Victor Skyway Suite 249, North Andrewtown, OH 93005",640-259-1721x8606,GB64OKEJ89001346924040,liability_only,5.6,1
CL003937,Daniel Smith,Other,38,single,Business Owner,61949.77,762,NY,"4243 Amanda Inlet Suite 208, North Caitlin, HI 31977",(632)469-4273,GB44EKIV14510927556376,liability_only,0.1,0
CL003938,Christopher Smith,Female,18,single,Chef,28668.94,706,TX,"USCGC Willis, FPO AE 02192",521.996.5595,GB08FZHH27350804652025,liability_only,3.1,2
CL003939,Jackie Wells,Male,58,single,Sales Representative,89886.34,731,MI,"29837 Lisa Circles Apt. 739, South Denniston, CO 00850",764-671-5998x3773,GB93ODTV81321180541090,full_coverage,2.7,1
CL003940,Tommy Carey,Female,77,married,Construction Worker,74508.77,730,NY,"Unit 6050 Box 5258, DPO AE 70050",001-559-357-9802,GB70SMGJ05083122330465,liability_only,12.4,1
CL003941,Michael Fitzgerald,Female,54,divorced,Police Officer,89550.8,654,GA,"USCGC Ramirez, FPO AA 20379",(455)290-1722,GB59RUWO29548663292979,full_coverage,1.7,1
CL003942,Mark Stephens,Male,58,married,Retail Worker,89243.62,599,PA,"401 Dixon Underpass, Port Jamesborough, AZ 86695",848.837.8499x729,GB38UYDS25355523885999,liability_only,0.7,0
CL003943,Andrea Rubio,Male,40,single,Nurse,54292.2,568,TX,"502 Matthew Forks Suite 069, Ericchester, NC 40813",561.655.3684,GB58SXJY56250090860580,comprehensive,7.0,0
CL003944,Kristina Rodriguez,Female,48,single,Manager,54495.3,609,NC,"350 Colleen Cove Suite 946, New Susan, VT 02699",(308)828-4103,GB30GOQE78911511186694,liability_only,9.9,0
CL003945,Stacy Johns,Other,70,married,Consultant,16384.25,589,TX,"87913 Booker Turnpike, Port Christopherberg, IA 60674",001-305-905-8752x788,GB94MBQX49263714780502,comprehensive,3.0,0
CL003946,James Brooks,Female,50,divorced,Accountant,99075.27,680,CA,"5564 King Common, Smithside, AR 46371",955.490.4259,GB94GRMN13315520650637,comprehensive,0.9,1
CL003947,Michael Phelps,Female,68,single,Business Owner,43065.87,686,CA,"18586 Brown Key, East Brookeshire, MH 86737",+1-263-570-1124x738,GB83QQIS87745441077404,full_coverage,3.3,0
CL003948,Peter Carlson,Male,33,single,Administrative Assistant,30513.23,742,FL,"63287 Angela Vista, South Dennismouth, TN 70117",717-899-3136,GB76ZAEE58030569067447,liability_only,7.2,0
CL003949,Melvin Garcia,Male,55,single,Business Owner,70930.66,731,PA,"4997 Evan Crossroad Apt. 718, Timothybury, OR 39976",994-653-5360x431,GB95INYN99776093324450,comprehensive,0.3,0
CL003950,Michael Reid,Female,43,single,Police Officer,62218.22,699,CA,"576 Jackson Groves, Robertsside, WV 66253",(646)633-1098x749,GB77MNBU63630856054456,full_coverage,1.7,0
CL003951,Nicholas Weber,Male,40,married,Consultant,74960.92,702,TX,"9811 Sampson Row Apt. 697, Lake John, CT 16381",001-254-589-6047x5891,GB52WAXK03323049430972,liability_only,0.3,2
CL003952,Kim Gallagher,Female,40,single,Retired,59047.55,626,TX,"029 Marc Throughway Suite 913, West Ericmouth, LA 15239",(336)284-6607x39813,GB44VRNN28681791850544,comprehensive,0.6,1
CL003953,Erin Lopez,Male,29,single,Truck Driver,32759.8,710,TX,"937 Kristy Road Apt. 138, Eddiebury, ND 24511",(380)781-7437x14817,GB74SKXN09960456916695,full_coverage,6.2,1
CL003954,Kimberly Hernandez,Male,43,single,Truck Driver,69813.89,778,PA,"22960 David Way Suite 245, Karenmouth, OR 89467",001-970-255-6044x731,GB88OEBK44155518899088,comprehensive,1.9,0
CL003955,Brian Boyd,Female,36,widowed,Student,51164.67,668,NC,"78927 Jones Common Apt. 513, Lake Marieside, VA 96816",(650)507-1100,GB21UQZA21303842215027,comprehensive,0.0,0
CL003956,Adam Hernandez,Female,53,single,Business Owner,44165.76,632,GA,"PSC 4021, Box 5399, APO AE 86120",(218)404-3462,GB84LTQB30099636732594,comprehensive,3.9,1
CL003957,Thomas Gutierrez,Female,73,married,Software Engineer,58916.86,684,MI,"621 Alexander Common, North Alexandra, LA 81646",001-833-762-9720x8505,GB88UJNM53335038363358,liability_only,0.3,1
CL003958,Jeanette Franklin,Male,34,married,Chef,89911.5,666,PA,"29651 Carter Spring Suite 407, Port Albert, WV 78838",5184886802,GB03QTWJ61535397239037,comprehensive,3.9,0
CL003959,Tina Thompson,Female,36,married,Software Engineer,46330.49,604,CA,"1085 Davis Club, Richardchester, AL 29461",001-574-200-6441x187,GB29PUDR80512330454348,comprehensive,0.6,1
CL003960,Micheal Alexander,Male,50,single,Chef,70723.6,655,TX,"8895 Hess Village Apt. 634, Christopherberg, NC 20153",(966)824-6124x177,GB07FHVI58965192687625,comprehensive,2.7,1
CL003961,Jerry Mccarthy,Female,80,married,Retail Worker,21174.35,725,IL,"21736 Christina Walk, South Jessica, GU 26167",442-951-4526,GB27YTDN02663479084730,liability_only,7.8,0
CL003962,Michael Butler,Male,30,single,Electrician,66149.98,553,NY,"Unit 9451 Box 9832, DPO AP 63702",800-874-3292x71296,GB34FCSE12493843089487,full_coverage,6.3,0
CL003963,Ashley Burke,Male,47,married,Police Officer,44845.81,598,NC,"204 Hamilton Brooks Apt. 631, South Sherry, PR 33502",835-939-3158,GB65KIQU24122057148090,liability_only,0.9,1
CL003964,Jillian Walker,Female,58,single,Retired,45183.45,754,PA,"967 Angela Station Apt. 129, Port Kristin, ME 33072",+1-506-226-8489x051,GB54TARH99871209967698,comprehensive,1.9,0
CL003965,Eric Davila,Male,78,single,Software Engineer,93854.88,692,GA,"740 Scott Alley, New Charles, NE 45659",001-606-298-0420x439,GB24CYJT82824674746897,full_coverage,1.5,1
CL003966,Jennifer Lewis,Male,80,divorced,Police Officer,65109.13,614,OH,"7731 Yu Stream, Cynthiamouth, MT 59850",(398)475-0070x32843,GB34ARUY36536219988099,full_coverage,0.2,1
CL003967,Tonya Graham,Other,61,married,Nurse,48908.04,534,CA,"908 Lucas Camp, Port Williehaven, NH 55288",001-308-697-4380x1890,GB43JXCM63555857063199,full_coverage,7.0,1
CL003968,Victoria Calhoun,Male,63,married,Police Officer,50896.16,547,GA,"515 Timothy Fort, Nicholasbury, ND 10694",6295390679,GB65XTFX84917025412205,full_coverage,12.8,1
CL003969,Natalie Cervantes,Female,54,married,Student,101976.26,484,PA,"80612 Bennett Ports Apt. 839, Larsonville, OK 86870",435-316-1205x5412,GB54NQNT36242266682219,comprehensive,2.8,0
CL003970,Bonnie Robinson,Female,30,married,Software Engineer,93008.12,809,GA,"2957 Bethany Rue, Salazarside, OH 15367",544.984.4751,GB05XWCH93725953773180,liability_only,14.6,0
CL003971,Timothy Jackson,Male,25,married,Mechanic,66173.34,721,CA,"650 Joshua Prairie Apt. 420, Mcmillanchester, NY 12274",549.358.4786,GB54KGLJ37655854786322,liability_only,0.2,2
CL003972,Mr. Matthew Mann Jr.,Female,39,married,Software Engineer,75961.09,810,PA,"46481 Larry Trafficway, New Marilyn, NV 91882",854.431.0065,GB90CEVA35096616687083,comprehensive,2.2,1
CL003973,Kevin Park,Female,31,divorced,Teacher,39159.36,557,OH,"31977 Joseph Forge, Robbinsfurt, WV 94331",(895)933-3318,GB98MPSA28236974101950,full_coverage,2.8,0
CL003974,Andrew Johnson,Female,37,single,Nurse,59280.51,668,NC,"21241 Bennett Unions Suite 412, Lake Christy, IA 08324",(531)459-3783,GB35FXBV65685576740437,full_coverage,4.7,0
CL003975,John Grant,Male,66,single,Police Officer,60357.79,635,OH,"83056 Samantha Crossroad, Sanchezland, RI 51556",(246)531-9751,GB89KQSI41758912894292,full_coverage,4.9,0
CL003976,James Bates,Female,35,widowed,Retail Worker,45317.18,637,GA,"316 Rivera Mountain, Brownchester, MS 77057",914-477-0538x33884,GB53MITQ78208297374896,liability_only,9.1,0
CL003977,Aaron Campbell,Female,38,married,Retail Worker,72090.97,673,IL,"281 Mark Turnpike Suite 774, Burnsburgh, WA 37187",331-142-1458,GB23JHCZ67584252679679,comprehensive,1.7,0
CL003978,Stephen Stewart,Female,54,single,Truck Driver,59202.46,826,FL,"2660 Reed Manor Apt. 442, West Philip, UT 98169",001-965-483-4150x089,GB78GNMS41272848717106,liability_only,2.3,1
CL003979,Andrea Cooper,Female,21,single,Electrician,18984.83,663,FL,"8066 Wyatt Views Apt. 832, North Stevenborough, AS 51218",6305539420,GB38UNTF63700007560960,full_coverage,14.8,1
CL003980,Scott Wade,Male,38,married,Nurse,56783.42,670,CA,"470 Goodwin Trafficway, North Connorbury, TX 24353",(731)421-8181,GB60QBIE19408474722616,liability_only,4.8,1
CL003981,Jessica Flowers,Male,42,single,Warehouse Worker,80628.58,668,TX,"613 Steven Crest, South Sarah, LA 67199",555-488-4506x159,GB33MFBZ56341115950342,comprehensive,19.8,2
CL003982,John Garcia,Male,18,single,Teacher,99851.98,696,IL,"1594 Robert Avenue Apt. 223, Jaclynfurt, ME 29877",(294)799-9108x71988,GB21IDXE22143387004078,liability_only,1.2,1
CL003983,Paul Foster,Male,21,divorced,Accountant,83653.33,648,NC,"070 Cain Bypass, South Stevenstad, WI 69790",001-955-218-2207x707,GB30BACA99565928521065,full_coverage,8.2,0
CL003984,Ms. Amanda Herrera,Female,39,divorced,Administrative Assistant,92036.31,819,TX,"94746 Barbara Pike Apt. 797, Sherrystad, SD 05998",(587)650-9868,GB22AHJM07791570814843,full_coverage,3.4,0
CL003985,Stephen Bennett,Female,54,married,Nurse,31747.67,490,MI,"Unit 7126 Box 1709, DPO AP 71566",001-583-539-8861,GB86SIAZ03243094240598,comprehensive,7.6,0
CL003986,Monica Lam,Female,80,divorced,Teacher,111982.18,625,TX,"39900 Mcclure Freeway Apt. 356, Whiteland, MI 77833",001-547-624-8927x583,GB34LMXV33073516028594,liability_only,1.6,0
CL003987,Steven Marshall,Male,54,divorced,Electrician,108641.79,840,NY,"769 Porter Pass Apt. 253, Bakerfort, ID 76806",431-813-3149,GB87FQWH83719082890235,full_coverage,0.4,0
CL003988,Stacy Fleming,Male,29,single,Student,92663.18,721,TX,"397 Donald Shores, Donnastad, KY 22695",261-621-7568,GB09GHYH46804081365490,comprehensive,5.4,0
CL003989,Jennifer Lara,Female,49,married,Freelancer,66103.0,531,PA,"43627 Jones Brooks Suite 373, Tuckerside, AS 61825",2938318311,GB76SWER38140369055555,full_coverage,3.8,1
CL003990,William Hansen,Male,26,single,Student,78652.36,553,NC,"Unit 9840 Box 9350, DPO AA 08687",211-883-4986x821,GB32TQKE78771286912986,comprehensive,3.4,0
CL003991,Betty Scott,Female,67,married,Retired,24830.56,563,NC,"956 Jimenez Union, Rebeccaberg, NY 13051",534.596.9429,GB71TWOY51811698173748,full_coverage,2.3,0
CL003992,James Raymond,Male,46,single,Business Owner,80751.28,757,MI,"42456 Patricia Lake Suite 690, Port Michaelburgh, AZ 74555",(534)865-4134,GB51RJIF98892423855977,comprehensive,5.5,1
CL003993,Michael Butler,Female,69,divorced,Warehouse Worker,46348.63,689,GA,"440 Hernandez Shoals, Danielstad, IN 61987",4293647429,GB54UNUH22341692174570,liability_only,2.6,0
CL003994,Thomas Tyler,Female,33,married,Warehouse Worker,81894.07,656,MI,"4163 John Squares Suite 359, Port Nicholas, NJ 20964",896.845.8186x62550,GB61JFIF80868394430205,liability_only,6.6,1
CL003995,Jennifer Martinez,Male,44,widowed,Retired,61443.18,814,IL,"5087 Brittany Fords, New Christopherfurt, SC 26161",406-595-4810,GB09NULE23535833305794,full_coverage,0.4,0
CL003996,James Jackson,Male,61,married,Manager,87504.32,703,FL,"236 Jennifer Port Apt. 980, Destinyport, GA 87322",688-488-2090x057,GB69BRQQ57758907740607,full_coverage,0.5,1
CL003997,Dana Harrison,Male,54,married,Police Officer,55774.42,603,MI,"585 Smith River Apt. 497, North Margaret, DC 12880",001-419-809-2570x19354,GB45OBWS59904261066460,full_coverage,0.7,0
CL003998,Holly Kennedy,Female,54,single,Warehouse Worker,81509.9,726,NC,"54097 Jacobs Mountain Suite 131, Lake Jacquelineshire, GA 21322",740.553.5739x16854,GB28KBBA13542589921682,full_coverage,1.5,1
CL003999,Jacob Thompson,Male,34,married,Police Officer,61236.82,592,GA,"082 Erin Coves Apt. 702, Dillonview, MT 59780",615.358.6694,GB53HPQO78343014127430,liability_only,2.9,1
