vehicle_id,make,model,model_year,vehicle_type,fuel_type,market_value,vin_hash
VH000000,Hyundai,Santa Fe,2019,suv,gasoline,11492.22,uz42429100XH246189
VH000001,Hyundai,Elantra,2008,sedan,gasoline,2640.0,xC80442350pq428870
VH000002,Hyundai,Sonata,2008,sedan,gasoline,3240.0,ip65475922dg913412
VH000003,Honda,CR-V,2023,suv,gasoline,19903.6,it21270665Oe329132
VH000004,Chevrolet,Tahoe,2017,suv,gasoline,13737.53,vk36102146Of132880
VH000005,Hyundai,Tucson,2016,suv,gasoline,6688.57,em16398872Xh217487
VH000006,Chevrolet,Silverado,2011,truck,gasoline,5224.06,gY51614200Wd520193
VH000007,Toyota,Camry,2023,sedan,electric,19051.09,sS75897047mb785600
VH000008,Hyundai,Santa Fe,2011,suv,gasoline,3960.0,Xt87861030LL605587
VH000009,Honda,Pilot,2023,suv,hybrid,23407.71,Xz18930714qr118520
VH000010,BMW,7 Series,2022,sedan,gasoline,45181.25,Nh58700726oe905201
VH000011,Honda,Odyssey,2018,minivan,gasoline,13592.2,ll37892402Pc776128
VH000012,BMW,3 Series,2024,sedan,gasoline,33286.29,jf82896641CF808069
VH000013,Chevrolet,Tahoe,2017,suv,gasoline,14276.46,IA26815035SJ969244
VH000014,Kia,Optima,2019,sedan,gasoline,10799.89,ou65843056Zp279827
VH000015,Kia,Sorento,2019,suv,diesel,13579.35,Xm72647920Vy490014
VH000016,Kia,Optima,2009,sedan,gasoline,3000.0,GE04235157PC873314
VH000017,BMW,X5,2024,suv,gasoline,46862.29,zJ42865812Nn983814
VH000018,Chevrolet,Malibu,2019,sedan,gasoline,10735.42,Pg64158618pS162636
VH000019,Honda,Pilot,2024,suv,hybrid,33338.5,VU27018924IT579835
VH000020,Hyundai,Elantra,2021,sedan,gasoline,10841.98,bg52718327XU856438
VH000021,Chevrolet,Equinox,2008,suv,gasoline,3480.0,iN37628885jY488630
VH000022,Hyundai,Accent,2016,sedan,gasoline,4803.79,uS96564187tH484595
VH000023,Hyundai,Santa Fe,2016,suv,gasoline,7540.25,Lk95687945cE538113
VH000024,Ford,Mustang,2022,sedan,gasoline,18336.45,PO62039526Cq189650
VH000025,Hyundai,Sonata,2021,sedan,diesel,13122.04,sm74228486UJ646174
VH000026,Ford,Explorer,2013,suv,gasoline,6092.53,Ux63337141lv385364
VH000027,Kia,Forte,2023,sedan,gasoline,15348.34,nt50365356Xt547543
VH000028,BMW,X3,2009,suv,gasoline,5640.0,sQ33549341Ox863549
VH000029,Honda,CR-V,2017,suv,gasoline,9965.6,mJ18374402Xy634470
VH000030,Nissan,Pathfinder,2010,suv,gasoline,4320.0,jD69649478SX490882
VH000031,BMW,7 Series,2018,sedan,hybrid,27770.36,Xz29740400Mg066637
VH000032,Toyota,Corolla,2014,sedan,gasoline,4589.33,DT11586603wE294394
VH000033,Hyundai,Sonata,2009,sedan,gasoline,3240.0,Ic58099814Ev299755
VH000034,BMW,5 Series,2021,sedan,gasoline,26036.95,Pv37579461ic263542
VH000035,Kia,Sorento,2011,suv,gasoline,4245.49,sy64483107RL427514
VH000036,Chevrolet,Equinox,2008,suv,gasoline,3480.0,Vd49180450Cj193415
VH000037,Hyundai,Elantra,2010,sedan,gasoline,2640.0,Ks19099052qu993587
VH000038,Ford,Mustang,2020,sedan,gasoline,13820.54,PV28873126Nk547322
VH000039,Nissan,Pathfinder,2010,suv,gasoline,4417.75,OE13009078oB732885
VH000040,Chevrolet,Silverado,2009,truck,hybrid,4920.0,dR46776302cI514739
VH000041,BMW,5 Series,2019,sedan,electric,20303.12,yX14563666EK101124
VH000042,Toyota,Tacoma,2017,truck,electric,10977.26,yQ16132903Pq634606
VH000043,BMW,5 Series,2020,sedan,hybrid,24051.38,sQ06060328lX760050
VH000044,Toyota,Highlander,2022,suv,gasoline,22003.9,aH42339935UD340914
VH000045,Chevrolet,Cruze,2015,sedan,hybrid,4720.09,FH44395449qd532255
VH000046,Ford,Focus,2024,sedan,gasoline,14451.89,RB71491209Ue796484
VH000047,BMW,X5,2020,suv,electric,29136.91,Jb51226218dv810299
VH000048,Honda,Civic,2019,sedan,hybrid,9013.45,pM80057275Es466857
VH000049,Nissan,Sentra,2008,sedan,gasoline,2520.0,nF41808167fg968771
VH000050,BMW,7 Series,2022,sedan,electric,48092.61,YB12566886Wm866575
VH000051,Chevrolet,Silverado,2008,truck,gasoline,4920.0,IG69977002gr491727
VH000052,Toyota,Camry,2016,sedan,gasoline,6686.07,Ca10348320tq872086
VH000053,Honda,Accord,2023,sedan,gasoline,21567.37,QR91324237Ej346358
VH000054,Ford,Explorer,2020,suv,gasoline,19054.05,Aa14072341Md765679
VH000055,Nissan,Rogue,2016,suv,gasoline,6658.87,eh10517736yc275125
VH000056,Toyota,RAV4,2020,suv,gasoline,12577.73,XQ76689007ZN351212
VH000057,BMW,X5,2017,suv,diesel,16270.71,Ld16063268rc201705
VH000058,Honda,Odyssey,2010,minivan,hybrid,4440.0,qm32056921uu510668
VH000059,Kia,Optima,2019,sedan,gasoline,9785.2,zu52594563Mh589532
VH000060,BMW,3 Series,2022,sedan,gasoline,21919.99,By38865224BS926904
VH000061,Kia,Sportage,2012,suv,gasoline,3411.67,hr29410983MS310216
VH000062,Kia,Sorento,2013,suv,gasoline,5823.43,pz27153541dS084556
VH000063,Toyota,Tacoma,2016,truck,gasoline,7342.93,jq42578049Wf763044
VH000064,Kia,Soul,2014,suv,hybrid,4272.86,iw44878479jR438757
VH000065,Chevrolet,Equinox,2012,suv,gasoline,3883.27,UK75306840FX500043
VH000066,Toyota,Camry,2012,sedan,gasoline,3551.98,BS47589610eJ141214
VH000067,Hyundai,Sonata,2013,sedan,gasoline,4389.68,Rq20573471SA872034
VH000068,Nissan,Sentra,2008,sedan,diesel,2520.0,Rz34468696NU072099
VH000069,Kia,Sportage,2023,suv,gasoline,16761.33,yi43074881Uz781473
VH000070,BMW,7 Series,2018,sedan,gasoline,32756.74,jJ77414130Xb904440
VH000071,Ford,Escape,2020,suv,hybrid,11637.8,uf70517400ny404370
VH000072,Honda,CR-V,2022,suv,gasoline,19454.26,hJ00235573Go295667
VH000073,Toyota,Highlander,2019,suv,gasoline,13754.32,vL44416304DT181867
VH000074,Nissan,Pathfinder,2020,suv,gasoline,14348.42,Nt99047473gl637763
VH000075,Kia,Optima,2022,sedan,gasoline,13965.41,Jw94208350fG693340
VH000076,Hyundai,Santa Fe,2021,suv,gasoline,17512.62,Vx75611109dW474095
VH000077,Honda,Civic,2012,sedan,hybrid,3055.1,LU59159780Ds049120
VH000078,Hyundai,Elantra,2022,sedan,gasoline,11347.97,eF93558172bX506674
VH000079,Honda,Civic,2008,sedan,gasoline,2880.0,mq11888263dn086893
VH000080,Ford,Focus,2008,sedan,gasoline,2520.0,Qc77398961jb055838
VH000081,Toyota,Corolla,2017,sedan,gasoline,6127.29,HG84137126GQ259506
VH000082,Chevrolet,Equinox,2024,suv,hybrid,22303.54,bf08272034oN920609
VH000083,Hyundai,Accent,2016,sedan,gasoline,5123.99,EO85872381lk464300
VH000084,Chevrolet,Malibu,2020,sedan,gasoline,11554.22,Zz15373531LF529460
VH000085,Chevrolet,Equinox,2021,suv,gasoline,16022.16,aQ15461241LL034728
VH000086,Honda,Odyssey,2024,minivan,gasoline,31694.94,hD90207371ZB284937
VH000087,Nissan,Frontier,2008,truck,gasoline,3840.0,bA38333683dq942918
VH000088,Honda,CR-V,2020,suv,gasoline,11858.94,VN49825956GN405244
VH000089,Kia,Sorento,2012,suv,hybrid,4723.52,ae84017406dt338771
VH000090,Chevrolet,Malibu,2009,sedan,gasoline,3120.0,dF13215724bE392795
VH000091,Chevrolet,Silverado,2023,truck,electric,26560.93,bs69685150vn795961
VH000092,BMW,5 Series,2012,sedan,hybrid,8804.83,ay41065443gC667770
VH000093,Kia,Sorento,2022,suv,gasoline,21640.63,aG09383994JN515035
VH000094,Ford,Explorer,2020,suv,gasoline,14451.94,VV62278856sI467435
VH000095,Hyundai,Tucson,2024,suv,hybrid,22280.27,RQ03804163jL547454
VH000096,Ford,Focus,2023,sedan,gasoline,15399.29,td26027177nr842496
VH000097,Nissan,Altima,2020,sedan,gasoline,12705.44,Jw76515160dj638093
VH000098,Toyota,Corolla,2020,sedan,gasoline,10318.37,PF94920996Xd975370
VH000099,Kia,Optima,2020,sedan,gasoline,10397.28,Zb16465141Ik244568
VH000100,Kia,Optima,2020,sedan,gasoline,11075.12,hc80473400dJ353932
VH000101,Toyota,Tacoma,2021,truck,gasoline,15690.35,iq04527362YK285259
VH000102,Nissan,Sentra,2011,sedan,hybrid,2741.26,rw08894787pH299148
VH000103,BMW,3 Series,2021,sedan,gasoline,23442.36,zN52247048tG190517
VH000104,Chevrolet,Silverado,2013,truck,hybrid,7488.41,RV77888939eq944984
VH000105,Chevrolet,Malibu,2010,sedan,gasoline,3120.0,EI44241794eT216619
VH000106,Kia,Forte,2009,sedan,gasoline,2520.0,JK53104622aU924819
VH000107,Chevrolet,Silverado,2017,truck,gasoline,11311.24,oz91638210FC027857
VH000108,Toyota,Camry,2011,sedan,gasoline,3360.0,xB17415715KF796699
VH000109,Toyota,Tacoma,2008,truck,hybrid,4080.0,XS20700438uE085591
VH000110,Chevrolet,Silverado,2023,truck,gasoline,24238.63,yU28296530GZ065711
VH000111,Honda,Civic,2019,sedan,hybrid,9600.82,Ym83221655HF875947
VH000112,Nissan,Frontier,2024,truck,electric,26741.63,xL08826192ce571059
VH000113,Ford,Mustang,2021,sedan,gasoline,17351.36,gF18061905lM143723
VH000114,Chevrolet,Equinox,2010,suv,gasoline,3480.0,kV66118717Wb988078
VH000115,Nissan,Altima,2019,sedan,gasoline,9459.6,Uj27154475yx063099
VH000116,Ford,Mustang,2018,sedan,gasoline,9679.22,FQ04105191XT757110
VH000117,Chevrolet,Silverado,2008,truck,electric,4920.0,bH16429256rV768457
VH000118,Chevrolet,Tahoe,2024,suv,gasoline,41087.7,HK08708119WH309068
VH000119,Honda,Accord,2016,sedan,gasoline,7481.04,mf88284605vc940581
VH000120,Kia,Forte,2015,sedan,gasoline,5173.61,Wg96979868QS076526
VH000121,Toyota,Tacoma,2008,truck,gasoline,4080.0,WN52005483CE458225
VH000122,Honda,Accord,2020,sedan,diesel,13741.5,vI29674284kD277116
VH000123,Kia,Soul,2014,suv,gasoline,3427.69,OU30857455Va282613
VH000124,Nissan,Pathfinder,2008,suv,hybrid,4320.0,bu83939897oI232462
VH000125,Nissan,Pathfinder,2008,suv,hybrid,4320.0,eU54671802hy172282
VH000126,Hyundai,Sonata,2012,sedan,gasoline,3975.39,Qy76565417aN293708
VH000127,Honda,Civic,2020,sedan,diesel,11446.44,DE15772521EU460599
VH000128,Chevrolet,Malibu,2013,sedan,gasoline,4670.5,OI53399829zR582038
VH000129,Kia,Sorento,2022,suv,electric,18476.06,eN64276062hB903525
VH000130,BMW,7 Series,2017,sedan,gasoline,27167.38,ie24849904JH730107
VH000131,Ford,F-150,2013,truck,gasoline,6395.98,Hr60160034AO560628
VH000132,Honda,CR-V,2019,suv,gasoline,10496.31,JX66452572wq538000
VH000133,Kia,Soul,2015,suv,gasoline,4163.0,qo98881015gG896622
VH000134,Kia,Sportage,2021,suv,gasoline,13048.61,Xo71870142rL804759
VH000135,Honda,Pilot,2009,suv,hybrid,4800.0,xi33310407rA575970
VH000136,Kia,Sorento,2018,suv,gasoline,10636.4,au26287186mn332819
VH000137,Honda,Odyssey,2023,minivan,gasoline,26854.5,Ju25015806im740745
VH000138,Kia,Forte,2016,sedan,gasoline,5870.25,HK40778045sA006894
VH000139,Chevrolet,Tahoe,2024,suv,electric,44185.25,sk72470519Zr121646
VH000140,Kia,Soul,2024,suv,gasoline,15676.71,cn87040817kU824206
VH000141,Hyundai,Elantra,2014,sedan,gasoline,4059.93,JY67239706yo491512
VH000142,Kia,Forte,2021,sedan,gasoline,10546.19,xH53924242NY593977
VH000143,Kia,Forte,2016,sedan,gasoline,5654.16,bm80939250cv708986
VH000144,Ford,Focus,2024,sedan,gasoline,17113.47,Aj80133737XJ073341
VH000145,BMW,7 Series,2023,sedan,hybrid,50552.07,xr85741377Pm348058
VH000146,Toyota,Tacoma,2018,truck,gasoline,9800.56,eG83141472Uu941035
VH000147,Chevrolet,Tahoe,2014,suv,gasoline,9220.4,yQ55490528QJ137294
VH000148,Honda,Pilot,2008,suv,diesel,4800.0,Jj11653548Jj119928
VH000149,Hyundai,Sonata,2023,sedan,gasoline,16651.16,Pb21282632tb365454
VH000150,Toyota,Highlander,2021,suv,gasoline,20967.83,Tv93708474gm408202
VH000151,Chevrolet,Equinox,2011,suv,gasoline,3480.0,HX51306676zH310837
VH000152,Honda,Accord,2020,sedan,gasoline,11434.13,wT41993704hv393052
VH000153,BMW,X5,2022,suv,gasoline,40577.85,SV63450108Gt520142
VH000154,Kia,Sportage,2022,suv,diesel,14477.8,rJ98897888nq600677
VH000155,BMW,X5,2012,suv,gasoline,8005.77,EF79278220wu759072
VH000156,Chevrolet,Cruze,2017,sedan,gasoline,5192.11,wq61701028GV166177
VH000157,Toyota,RAV4,2008,suv,gasoline,3600.0,Hq75172431DZ802181
VH000158,Honda,CR-V,2008,suv,gasoline,3720.0,FC78403063VW439884
VH000159,BMW,3 Series,2024,sedan,hybrid,33352.32,of64387261Bq359866
VH000160,Kia,Sportage,2023,suv,gasoline,16576.01,rc94000083pU555237
VH000161,Chevrolet,Cruze,2021,sedan,gasoline,9051.6,ld28333379aQ078340
VH000162,Ford,Mustang,2008,sedan,electric,3840.0,NG09745724mT374681
VH000163,Hyundai,Santa Fe,2017,suv,gasoline,10769.32,FG47200931Qw665160
VH000164,Honda,Odyssey,2013,minivan,gasoline,5514.22,NN39033231MO602138
VH000165,Honda,Civic,2010,sedan,hybrid,2880.0,Eb03354959ff796109
VH000166,Nissan,Frontier,2015,truck,gasoline,7778.75,qX30916340Fq327797
VH000167,Toyota,RAV4,2012,suv,gasoline,4014.95,os69725522qy013408
VH000168,Toyota,Tacoma,2021,truck,gasoline,15542.19,IL72783501ma709845
VH000169,Nissan,Frontier,2012,truck,gasoline,4627.41,LV09565336jB716265
VH000170,Ford,Mustang,2009,sedan,electric,3840.0,ck87310559bt541988
VH000171,BMW,X3,2014,suv,gasoline,9502.31,vJ52071587PK815539
VH000172,Toyota,Corolla,2017,sedan,gasoline,7360.92,PN63286279sD807241
VH000173,Ford,Mustang,2019,sedan,gasoline,13704.16,wP84257497tH589032
VH000174,Honda,Civic,2011,sedan,gasoline,2880.0,HI85915801Jg162187
VH000175,Ford,Explorer,2009,suv,gasoline,4680.0,NU75128572cg794977
VH000176,Honda,Odyssey,2015,minivan,gasoline,7017.05,ti68199380ht969524
VH000177,Toyota,Highlander,2016,suv,gasoline,9943.99,Nj52026617nl865282
VH000178,Toyota,Highlander,2013,suv,gasoline,7044.58,us83913503qG049184
VH000179,Hyundai,Sonata,2010,sedan,diesel,3240.0,Fs42353810iN186599
VH000180,Ford,Escape,2017,suv,hybrid,8321.28,Io23993392zo360324
VH000181,Kia,Soul,2016,suv,gasoline,4721.75,rR26703308OK780917
VH000182,Honda,Odyssey,2019,minivan,gasoline,12087.38,sn87536997we545461
VH000183,Ford,F-150,2015,truck,gasoline,9316.24,Ei87028041Ge674560
VH000184,BMW,5 Series,2024,sedan,gasoline,48694.96,La10229584sx590650
VH000185,Ford,Explorer,2024,suv,gasoline,32870.87,gy78692183tr234700
VH000186,Kia,Sorento,2017,suv,gasoline,9995.69,PC25935448in231474
VH000187,BMW,X3,2008,suv,gasoline,5640.0,QK01466505Tz713510
VH000188,Nissan,Altima,2010,sedan,gasoline,3120.0,yF18970141cY298062
VH000189,Hyundai,Santa Fe,2014,suv,hybrid,5783.07,OK95068835Ti695472
VH000190,Honda,CR-V,2023,suv,gasoline,18686.56,Ce57911144Cp633098
VH000191,Hyundai,Santa Fe,2010,suv,gasoline,3960.0,Oa65699588Lc626027
VH000192,BMW,X3,2017,suv,gasoline,14876.26,qB86322771zc804193
VH000193,Kia,Soul,2022,suv,hybrid,12390.76,Yd63790496Ms142004
VH000194,Chevrolet,Equinox,2011,suv,gasoline,3807.83,Dp14938097Fy304518
VH000195,Nissan,Rogue,2018,suv,gasoline,10768.79,hO31597094rA822240
VH000196,Hyundai,Elantra,2016,sedan,gasoline,5567.75,aO40248370pv789972
VH000197,Kia,Soul,2024,suv,diesel,16596.66,jN50468075Pr025930
VH000198,Kia,Sportage,2022,suv,electric,16748.12,Rd12553904TA306919
VH000199,Chevrolet,Equinox,2013,suv,gasoline,4288.95,Xp92048908to879688
VH000200,Nissan,Frontier,2022,truck,gasoline,17263.29,du96059139lL732437
VH000201,Chevrolet,Equinox,2022,suv,gasoline,17042.92,qg54384220Oh758292
VH000202,Kia,Forte,2016,sedan,hybrid,5958.93,vu97065351iX239174
VH000203,BMW,5 Series,2011,sedan,gasoline,6720.0,qM18255410Xs422470
VH000204,Kia,Sportage,2010,suv,gasoline,3360.0,Dw03538308SF238579
VH000205,Chevrolet,Malibu,2016,sedan,gasoline,5609.3,ss77595992uA306958
VH000206,BMW,X5,2021,suv,gasoline,29920.28,nQ94730162Bq337480
VH000207,BMW,3 Series,2013,sedan,electric,7661.78,Jr05615961NK384237
VH000208,Nissan,Sentra,2015,sedan,gasoline,4767.42,Ly60387509Ul827232
VH000209,Kia,Soul,2021,suv,gasoline,10854.52,pD52858941ff307794
VH000210,Nissan,Rogue,2010,suv,gasoline,3514.79,Gv34949335ac184227
VH000211,Kia,Soul,2013,suv,gasoline,3424.15,kp64478289AK546548
VH000212,Toyota,RAV4,2019,suv,gasoline,12158.24,LH29084800tX239556
VH000213,Nissan,Rogue,2014,suv,gasoline,5012.54,MG22895983Yx784729
VH000214,Hyundai,Elantra,2016,sedan,gasoline,6245.19,OT37409576UQ443742
VH000215,Nissan,Pathfinder,2011,suv,gasoline,4320.0,ih80601282Hg578626
VH000216,Toyota,Camry,2019,sedan,gasoline,10314.99,Hl67898590ll403132
VH000217,Nissan,Sentra,2008,sedan,electric,2520.0,Nt00076382tG544865
VH000218,Chevrolet,Cruze,2020,sedan,gasoline,9302.49,ow67597015ZD024717
VH000219,BMW,X5,2012,suv,gasoline,9143.04,tP57363459AG360551
VH000220,BMW,5 Series,2016,sedan,hybrid,12723.45,wv00339023NU834088
VH000221,Hyundai,Tucson,2016,suv,gasoline,6518.72,gp54949060wB442149
VH000222,Hyundai,Elantra,2017,sedan,gasoline,5943.71,hC66134675gi635104
VH000223,Toyota,Camry,2024,sedan,gasoline,23322.74,xs01411636No530929
VH000224,Hyundai,Accent,2018,sedan,diesel,6945.56,It40413852ov459329
VH000225,Honda,CR-V,2022,suv,gasoline,18222.77,QC38825463cF100305
VH000226,Ford,F-150,2014,truck,gasoline,7794.16,MP67485684vy996802
VH000227,Hyundai,Elantra,2016,sedan,gasoline,5670.46,CT23895052el167927
VH000228,Honda,CR-V,2008,suv,gasoline,3720.0,EX80241589dn019115
VH000229,Chevrolet,Silverado,2021,truck,gasoline,18316.9,HE61421568LD441539
VH000230,BMW,7 Series,2008,sedan,gasoline,10560.0,Fy48735596AD280978
VH000231,Chevrolet,Malibu,2021,sedan,gasoline,14294.32,aY26677145Iy316733
VH000232,Hyundai,Sonata,2020,sedan,gasoline,11819.76,QJ10120950yF486885
VH000233,Honda,Civic,2022,sedan,gasoline,13061.53,ZT53905675Qb502132
VH000234,Hyundai,Accent,2016,sedan,gasoline,5419.74,cL68217336ND150306
VH000235,Ford,Focus,2018,sedan,gasoline,7171.48,oa72204425OT050342
VH000236,BMW,X3,2023,suv,gasoline,28337.04,YR59524455pr805805
VH000237,Kia,Sorento,2014,suv,hybrid,7021.11,ER91191602Uc150750
VH000238,Hyundai,Elantra,2024,sedan,gasoline,18244.75,rJ08638020rW529094
VH000239,Hyundai,Santa Fe,2016,suv,gasoline,7657.36,Ym69752554zi002381
VH000240,Chevrolet,Cruze,2019,sedan,gasoline,7297.19,DA85049077UR650363
VH000241,Hyundai,Tucson,2022,suv,gasoline,16243.44,EL05683687di576762
VH000242,Honda,CR-V,2013,suv,gasoline,5539.74,Qu79772672Jm278246
VH000243,Kia,Optima,2010,sedan,gasoline,3000.0,BB20323450ly385545
VH000244,Honda,Odyssey,2009,minivan,gasoline,4440.0,gu21418762HZ839177
VH000245,Honda,Civic,2019,sedan,gasoline,8936.31,kt58468573dR757178
VH000246,Nissan,Rogue,2012,suv,hybrid,4680.59,Ju22614041lo846094
VH000247,Hyundai,Sonata,2011,sedan,gasoline,3729.88,HJ56114523rk251692
VH000248,Toyota,Highlander,2010,suv,gasoline,4560.0,ud87158577RK989296
VH000249,Ford,Mustang,2013,sedan,hybrid,4492.11,Fi09283073kR718470
VH000250,Kia,Sorento,2011,suv,gasoline,4009.51,Sm53075158lc485705
VH000251,BMW,X3,2015,suv,gasoline,10472.88,lt34357800xu904154
VH000252,Ford,F-150,2012,truck,gasoline,5580.86,FZ98138096CG738358
VH000253,BMW,X3,2010,suv,electric,5640.0,TR01385220EK988195
VH000254,Ford,Focus,2010,sedan,gasoline,2520.0,NQ88037060MK964558
VH000255,Honda,Accord,2010,sedan,gasoline,3480.0,kC62928373Zg979666
VH000256,Toyota,Tacoma,2018,truck,gasoline,10270.88,Sv39158356mO938409
VH000257,Honda,Odyssey,2009,minivan,diesel,4440.0,VO74557284FP152083
VH000258,BMW,X5,2014,suv,gasoline,10868.78,da59982746Gj475553
VH000259,Toyota,Highlander,2017,suv,gasoline,11434.39,Xn52971825gU956844
VH000260,Honda,Odyssey,2018,minivan,hybrid,11164.43,sg38883075XJ897811
VH000261,Chevrolet,Silverado,2022,truck,gasoline,23851.47,Pq06065265rw055002
VH000262,Chevrolet,Cruze,2020,sedan,gasoline,7943.38,Ww87882478gP356825
VH000263,Honda,Pilot,2022,suv,gasoline,24690.8,TP64816777ZL260745
VH000264,Toyota,RAV4,2008,suv,gasoline,3600.0,El56263516zP091077
VH000265,Hyundai,Accent,2015,sedan,hybrid,4204.79,EL64473952uq627779
VH000266,Ford,Escape,2012,suv,electric,3913.41,sY39506946OX004987
VH000267,Kia,Sorento,2012,suv,gasoline,4099.88,nv58724072Gk053404
VH000268,Honda,Accord,2022,sedan,electric,18985.92,Jb60746933Gt470652
VH000269,Chevrolet,Equinox,2024,suv,gasoline,21907.03,FB65574381Om784219
VH000270,Toyota,RAV4,2009,suv,gasoline,3600.0,DX34644681Ym288456
VH000271,Honda,CR-V,2009,suv,gasoline,3720.0,Ka45340476ty304627
VH000272,Toyota,Corolla,2017,sedan,gasoline,6934.96,SX98044506ID812501
VH000273,Chevrolet,Tahoe,2018,suv,gasoline,17092.75,xH90245884UX225680
VH000274,Toyota,Corolla,2010,sedan,gasoline,2760.0,KJ55134339IP313481
VH000275,Chevrolet,Silverado,2022,truck,gasoline,21042.95,vd77841595Dw539525
VH000276,Ford,Focus,2022,sedan,gasoline,12497.65,MM42633645bZ196764
VH000277,Hyundai,Santa Fe,2011,suv,gasoline,3960.0,Nk57088174RH613878
VH000278,Ford,Mustang,2015,sedan,gasoline,6074.0,UP23559968Kr748500
VH000279,Honda,CR-V,2010,suv,gasoline,3720.0,QU90600009lx768653
VH000280,Toyota,RAV4,2012,suv,gasoline,4048.42,Dn97503982hv249327
VH000281,Chevrolet,Silverado,2008,truck,gasoline,4920.0,ot72929413iP912554
VH000282,Chevrolet,Equinox,2018,suv,gasoline,8596.5,pQ90800918iD539450
VH000283,Hyundai,Sonata,2015,sedan,electric,6685.4,KG45338833AV993429
VH000284,Honda,Civic,2018,sedan,gasoline,7639.06,wT19610600tP909600
VH000285,Ford,Mustang,2023,sedan,gasoline,18010.78,ic56726678Tq368405
VH000286,Honda,Civic,2017,sedan,gasoline,6068.81,SN24528071rb478046
VH000287,Kia,Forte,2024,sedan,gasoline,16813.04,wc76219185Sb964633
VH000288,Honda,Pilot,2018,suv,gasoline,11990.86,Is78479916ip414513
VH000289,Kia,Sportage,2022,suv,hybrid,13731.23,WT21799800mD212555
VH000290,BMW,5 Series,2020,sedan,hybrid,25477.07,vR19521688pY720903
VH000291,Honda,Pilot,2012,suv,gasoline,6444.32,cl79818999Mu672354
VH000292,Honda,Civic,2008,sedan,gasoline,2880.0,Ri00777769pF290259
VH000293,BMW,5 Series,2015,sedan,hybrid,11558.46,et54119041iF342387
VH000294,Ford,Escape,2009,suv,gasoline,3480.0,ib32291262bb139885
VH000295,Chevrolet,Tahoe,2023,suv,gasoline,30301.65,kc59900678mb478624
VH000296,Honda,CR-V,2023,suv,gasoline,23379.54,iM07488258qR109898
VH000297,BMW,X5,2010,suv,gasoline,7440.0,kY80143528CA324835
VH000298,Honda,Civic,2009,sedan,gasoline,2880.0,Ws34723066LI858784
VH000299,BMW,X5,2009,suv,gasoline,7440.0,nW16194880Qz126929
VH000300,Nissan,Rogue,2010,suv,hybrid,3480.0,xk27197077KF651516
VH000301,Honda,CR-V,2009,suv,hybrid,3720.0,Gf52599357Cs344611
VH000302,Toyota,RAV4,2024,suv,gasoline,21225.99,Mq51928757rl233218
VH000303,Toyota,Camry,2013,sedan,hybrid,4690.25,vt23354483gM253801
VH000304,Ford,F-150,2019,truck,gasoline,14755.57,MK70812620Oy452742
VH000305,Kia,Soul,2021,suv,gasoline,10491.05,My85509460FI909200
VH000306,BMW,7 Series,2023,sedan,gasoline,64449.31,Wq61875244me072255
VH000307,Chevrolet,Equinox,2015,suv,gasoline,5898.73,EU60872972du114497
VH000308,Toyota,Corolla,2012,sedan,gasoline,3032.6,EV50641820Np306607
VH000309,Kia,Sorento,2014,suv,gasoline,6952.34,QL29360955rZ930690
VH000310,Toyota,Corolla,2015,sedan,gasoline,4519.19,Bb14590255Rn150156
VH000311,Toyota,RAV4,2021,suv,gasoline,15779.54,Tw96489225rm169961
VH000312,Chevrolet,Equinox,2013,suv,gasoline,5117.88,zm21644712lU257895
VH000313,BMW,X3,2008,suv,gasoline,5640.0,ja76060497Qa987471
VH000314,Honda,Odyssey,2017,minivan,gasoline,11760.09,QN70921424RC350003
VH000315,Ford,Escape,2023,suv,gasoline,18578.44,py84351920Xy567345
VH000316,Honda,Civic,2023,sedan,gasoline,15380.79,TK24925569Nt197673
VH000317,Chevrolet,Cruze,2022,sedan,gasoline,12907.2,XQ85966133vx934587
VH000318,BMW,5 Series,2008,sedan,gasoline,6720.0,Kg48564114sP464662
VH000319,Hyundai,Elantra,2018,sedan,gasoline,6921.02,Hf78789088et379771
VH000320,Nissan,Pathfinder,2015,suv,gasoline,7997.26,Cr96181159ue059947
VH000321,Nissan,Sentra,2023,sedan,gasoline,14066.06,Qn68351733ZU117020
VH000322,Honda,Accord,2019,sedan,gasoline,9683.3,SO44016832my302157
VH000323,Ford,Explorer,2011,suv,gasoline,4680.0,Ck18353038EQ778579
VH000324,Ford,F-150,2023,truck,gasoline,28062.15,Ia08042483gU912157
VH000325,Chevrolet,Silverado,2014,truck,hybrid,8394.38,Wm47132627qY301094
VH000326,Kia,Soul,2024,suv,gasoline,13980.48,kc89951508Kb388882
VH000327,Kia,Forte,2011,sedan,gasoline,2520.0,kf47277662Bz311690
VH000328,Toyota,Corolla,2011,sedan,gasoline,2760.0,BO56287024Cs998520
VH000329,Honda,Pilot,2018,suv,diesel,13299.52,Ra09782124sp753571
VH000330,Kia,Soul,2017,suv,gasoline,4881.45,WP99901987hw755212
VH000331,Nissan,Pathfinder,2013,suv,gasoline,5556.06,eS63399430rS263589
VH000332,Ford,F-150,2020,truck,gasoline,15694.73,vK14075935dk150940
VH000333,Hyundai,Sonata,2021,sedan,gasoline,13325.59,fy90171494AK939387
VH000334,Honda,Civic,2018,sedan,electric,7789.28,Dh86286055Ux107001
VH000335,Toyota,Highlander,2011,suv,gasoline,5042.12,lT27688926Lb790817
VH000336,Chevrolet,Equinox,2015,suv,gasoline,5646.26,XJ71000579eu203924
VH000337,Toyota,Tacoma,2020,truck,hybrid,16050.71,xf55782922jq173113
VH000338,Hyundai,Elantra,2020,sedan,gasoline,10030.68,ZO02527481eN588242
VH000339,BMW,3 Series,2024,sedan,gasoline,36076.42,Nm18991400IJ196462
VH000340,Honda,Civic,2024,sedan,hybrid,18774.04,uE23870281Jk938922
VH000341,Honda,Odyssey,2013,minivan,gasoline,5906.13,gb33164610aL604662
VH000342,Nissan,Rogue,2012,suv,gasoline,3701.44,SH87734789xp755479
VH000343,Hyundai,Santa Fe,2010,suv,gasoline,4033.22,FB47705881aI752160
VH000344,Ford,Mustang,2012,sedan,gasoline,5102.01,xM40438781Qc064284
VH000345,Hyundai,Santa Fe,2019,suv,hybrid,14267.48,pT49350379wT898759
VH000346,Ford,Focus,2017,sedan,gasoline,6448.05,lA72283112hd074580
VH000347,Honda,Accord,2012,sedan,gasoline,4686.78,Hw50262738KA755495
VH000348,Honda,Odyssey,2016,minivan,gasoline,9561.3,zf12912187nJ534132
VH000349,Ford,Focus,2018,sedan,gasoline,7756.4,eP45582050NB407794
VH000350,Hyundai,Santa Fe,2024,suv,gasoline,27540.12,zp61256751Ky010472
VH000351,Kia,Sorento,2017,suv,electric,9938.14,oH67659215kG033047
VH000352,BMW,7 Series,2018,sedan,gasoline,28942.75,EG18362384NL479583
VH000353,Toyota,RAV4,2022,suv,gasoline,17417.09,Vo39161094Ci902385
VH000354,Chevrolet,Tahoe,2021,suv,gasoline,29165.86,XY99717747Pf795605
VH000355,BMW,X3,2013,suv,hybrid,8324.84,OZ66916105gB606420
VH000356,Toyota,Corolla,2022,sedan,gasoline,13972.14,up24411194EJ287838
VH000357,Chevrolet,Equinox,2017,suv,gasoline,8929.22,Ej43631000kh557010
VH000358,Honda,CR-V,2016,suv,gasoline,7304.98,QJ96433552aT946263
VH000359,Kia,Sorento,2017,suv,gasoline,9344.55,Tv65095123gF770705
VH000360,Kia,Forte,2011,sedan,gasoline,2520.0,rD67262863Is096619
VH000361,Toyota,RAV4,2015,suv,electric,6821.64,gH14699487Ni327290
VH000362,Honda,Civic,2023,sedan,hybrid,14970.68,xg51179920uf717575
VH000363,Kia,Optima,2008,sedan,gasoline,3000.0,PX19146511Ot263393
VH000364,Ford,F-150,2024,truck,gasoline,33663.19,nI76648076wb245844
VH000365,Nissan,Frontier,2019,truck,gasoline,11437.62,XO87550941Fv815092
VH000366,Kia,Soul,2014,suv,gasoline,3412.16,qt90853570MN450281
VH000367,Chevrolet,Tahoe,2010,suv,gasoline,6240.0,mo60523372bX029789
VH000368,Toyota,RAV4,2015,suv,gasoline,6381.25,VN90883289mA751299
VH000369,Kia,Soul,2018,suv,diesel,7110.39,OT65204992cu423380
VH000370,Kia,Soul,2023,suv,gasoline,13238.86,Yk82060100Mu443875
VH000371,BMW,3 Series,2020,sedan,gasoline,19507.32,as27489512sZ472019
VH000372,Chevrolet,Silverado,2014,truck,gasoline,7804.53,cT04242630IV668944
VH000373,Chevrolet,Tahoe,2015,suv,gasoline,10107.89,tH40923491BV437358
VH000374,Chevrolet,Tahoe,2010,suv,gasoline,6240.0,lw84635575Kz851703
VH000375,Honda,CR-V,2019,suv,gasoline,11199.94,Wt60345987iP867157
VH000376,Ford,Escape,2011,suv,gasoline,3480.0,aj17823173HW071429
VH000377,Honda,Accord,2014,sedan,gasoline,6164.19,Oq91176272nI867339
VH000378,Toyota,Highlander,2012,suv,gasoline,5351.35,Zp87393620vE484763
VH000379,Chevrolet,Equinox,2012,suv,gasoline,4057.38,Nk83017643zD851971
VH000380,Nissan,Altima,2024,sedan,gasoline,19499.35,rW14038780lr863158
VH000381,Ford,Mustang,2017,sedan,gasoline,9657.57,aP81742659mJ382288
VH000382,BMW,5 Series,2008,sedan,gasoline,6720.0,hq69086107NS842632
VH000383,Ford,Explorer,2008,suv,gasoline,4680.0,Hm94031757lW352660
VH000384,Chevrolet,Silverado,2016,truck,gasoline,10916.91,FL46728857Bk840223
VH000385,Honda,Pilot,2011,suv,gasoline,5151.79,Uy74925389oB674987
VH000386,Kia,Optima,2022,sedan,hybrid,13823.82,LX87159972AS673899
VH000387,BMW,X3,2020,suv,gasoline,18415.61,Id83183979Oa262750
VH000388,Nissan,Frontier,2016,truck,gasoline,7005.44,EN93904065rr463135
VH000389,Nissan,Frontier,2016,truck,gasoline,7211.65,AG38873283If224330
VH000390,Toyota,RAV4,2017,suv,gasoline,7698.52,mG80527673tm080159
VH000391,Ford,F-150,2016,truck,gasoline,11910.71,nA92019380xj877061
VH000392,Honda,CR-V,2023,suv,gasoline,18807.79,tb40920681fY748528
VH000393,Kia,Sportage,2017,suv,diesel,8760.52,hV71567875AC772642
VH000394,Hyundai,Accent,2022,sedan,gasoline,10099.62,qK75682373mR944612
VH000395,Honda,Civic,2015,sedan,gasoline,5142.62,zH94991517JX062965
VH000396,BMW,5 Series,2017,sedan,gasoline,15574.76,vH92503813Jq934054
VH000397,Hyundai,Santa Fe,2012,suv,hybrid,4137.98,yP98026235aO314313
VH000398,Honda,Pilot,2023,suv,gasoline,25120.86,UN49980574rM859910
VH000399,Honda,Accord,2023,sedan,gasoline,18279.46,PF85841888nn235549
VH000400,Hyundai,Tucson,2017,suv,gasoline,8657.52,xd27143635yr478761
VH000401,Ford,Focus,2020,sedan,gasoline,9266.5,FX75735727Xi018218
VH000402,Nissan,Frontier,2018,truck,gasoline,10346.7,Kq36020882Ma698736
VH000403,BMW,7 Series,2013,sedan,gasoline,13040.59,fW44687927qC477522
VH000404,Honda,Odyssey,2022,minivan,hybrid,19944.75,JV16084523jp029618
VH000405,Chevrolet,Cruze,2011,sedan,hybrid,2839.29,db79226803Ux677100
VH000406,Toyota,Highlander,2021,suv,gasoline,20793.98,SI55495731BG346027
VH000407,Ford,F-150,2024,truck,gasoline,35096.81,Tp10217076oO469272
VH000408,Chevrolet,Silverado,2015,truck,gasoline,9329.14,bE00211786xD732320
VH000409,Kia,Sorento,2019,suv,gasoline,11409.87,mb15156971Ek421723
VH000410,Ford,F-150,2009,truck,gasoline,5040.0,Bt47338920Vc220584
VH000411,Chevrolet,Tahoe,2016,suv,electric,13674.91,uV84418070hl999183
VH000412,Chevrolet,Silverado,2011,truck,gasoline,5055.37,Ul71232682CY123941
VH000413,Hyundai,Tucson,2023,suv,gasoline,20204.36,VX02290090DB682183
VH000414,Toyota,RAV4,2009,suv,gasoline,3600.0,SB23154658GN984774
VH000415,Toyota,Corolla,2020,sedan,gasoline,11459.94,np29967990KZ139750
VH000416,Ford,Mustang,2018,sedan,gasoline,9290.39,AN96616032lv710315
VH000417,Nissan,Rogue,2009,suv,gasoline,3480.0,LY46477392Yp435694
VH000418,Hyundai,Accent,2015,sedan,gasoline,4362.87,Fy09252798Iu302348
VH000419,Kia,Forte,2020,sedan,gasoline,9526.12,qf98140021vz931895
VH000420,Honda,Accord,2014,sedan,gasoline,5678.51,UN46863490ko258816
VH000421,Nissan,Sentra,2022,sedan,gasoline,10258.69,HQ67240142Uk919208
VH000422,Ford,Escape,2012,suv,electric,3648.47,pI37935486OA599843
VH000423,Hyundai,Elantra,2014,sedan,gasoline,4220.35,Dn83582201cx438244
VH000424,Nissan,Altima,2008,sedan,hybrid,3120.0,zo61856239Rb900826
VH000425,Ford,Explorer,2024,suv,gasoline,32257.76,Wk88633248TF526298
VH000426,Honda,CR-V,2019,suv,hybrid,13099.89,fk85666479jY283786
VH000427,Kia,Forte,2020,sedan,hybrid,9721.18,Tn46493757Rm663124
VH000428,Honda,Accord,2009,sedan,gasoline,3480.0,XX28150634fP481324
VH000429,Kia,Optima,2011,sedan,gasoline,3253.54,EE42702759Nf827501
VH000430,Kia,Forte,2013,sedan,gasoline,3540.91,WL20599187ch982386
VH000431,Nissan,Rogue,2020,suv,gasoline,14226.72,Iu60603565aM461719
VH000432,Chevrolet,Cruze,2013,sedan,gasoline,2913.43,vu21156319wn721898
VH000433,Chevrolet,Silverado,2020,truck,gasoline,19906.17,eR95523376Sx351719
VH000434,Chevrolet,Silverado,2017,truck,gasoline,11012.17,LZ11742287gi028245
VH000435,Toyota,Highlander,2022,suv,gasoline,21341.97,Sv46518493ek091675
VH000436,Hyundai,Accent,2022,sedan,gasoline,10138.92,CB81209597sv338966
VH000437,Kia,Sportage,2017,suv,gasoline,8392.9,vh36176763Ms451946
VH000438,BMW,5 Series,2015,sedan,gasoline,13468.38,ig63333724jZ533226
VH000439,Toyota,Tacoma,2010,truck,diesel,4080.0,Gl91011069oB647745
VH000440,Ford,F-150,2010,truck,gasoline,5040.0,zI68821947aR165522
VH000441,Chevrolet,Equinox,2022,suv,gasoline,14715.79,jU15956300fo774615
VH000442,Honda,Pilot,2017,suv,gasoline,10818.08,Lp66384716Sv583829
VH000443,Honda,Civic,2015,sedan,hybrid,5776.58,eq24062413ez361434
VH000444,Chevrolet,Cruze,2023,sedan,gasoline,12166.72,IN93084709sK498749
VH000445,Kia,Sorento,2015,suv,gasoline,7418.7,Sz22931297FR342167
VH000446,Ford,F-150,2008,truck,gasoline,5040.0,Kj63286508gC658132
VH000447,Chevrolet,Equinox,2018,suv,diesel,10510.18,kq85633875JP930673
VH000448,Ford,Explorer,2022,suv,gasoline,20632.05,jr43169337SZ026060
VH000449,Ford,Escape,2016,suv,gasoline,6875.35,cx99576412im537261
VH000450,Nissan,Altima,2019,sedan,gasoline,9735.81,Xi72600424Lg672479
VH000451,Chevrolet,Silverado,2017,truck,gasoline,12988.3,MB78925843Lk777730
VH000452,Chevrolet,Malibu,2023,sedan,gasoline,14871.77,ku86184025LD295716
VH000453,Kia,Sportage,2022,suv,gasoline,14068.74,Bc21189557Kh929451
VH000454,Toyota,Camry,2023,sedan,hybrid,15923.37,VK75022756Bw564654
VH000455,Honda,CR-V,2015,suv,gasoline,7634.12,QB38426608lQ078269
VH000456,Ford,Explorer,2020,suv,gasoline,17538.24,Sn25222164HU605951
VH000457,Nissan,Sentra,2019,sedan,gasoline,7696.08,EF09414796EI139984
VH000458,Toyota,Corolla,2019,sedan,gasoline,8898.89,nZ05455278nJ536493
VH000459,Chevrolet,Equinox,2014,suv,gasoline,5611.14,WT03034380Eg853510
VH000460,Nissan,Pathfinder,2013,suv,gasoline,5517.7,Ji95675395UF615529
VH000461,Honda,Civic,2011,sedan,gasoline,3245.5,rS98471478uS445008
VH000462,Kia,Optima,2012,sedan,diesel,3492.14,Zl32173860BN433454
VH000463,Kia,Sportage,2015,suv,gasoline,6529.57,uA93253523TM857463
VH000464,Nissan,Altima,2011,sedan,gasoline,3547.67,qA02423757LU090191
VH000465,Hyundai,Sonata,2014,sedan,gasoline,5691.76,Ck99449395ij154732
VH000466,Honda,Accord,2017,sedan,gasoline,7298.92,vY78056970YL959467
VH000467,Hyundai,Tucson,2021,suv,hybrid,14057.2,Vw87514930OF448034
VH000468,Ford,Explorer,2017,suv,hybrid,10806.24,CC80101175zg367506
VH000469,Honda,Odyssey,2020,minivan,gasoline,15297.89,pw91827792Fb060497
VH000470,Ford,Focus,2020,sedan,hybrid,7823.92,NP13595825fx931400
VH000471,Honda,Civic,2023,sedan,gasoline,13953.75,UB34078553Wg503817
VH000472,Hyundai,Santa Fe,2019,suv,gasoline,11616.77,Ft06320889Cq960685
VH000473,Nissan,Sentra,2023,sedan,gasoline,15549.48,oz65693428Yt869609
VH000474,Ford,F-150,2008,truck,gasoline,5040.0,dn41363561pa152589
VH000475,Ford,Escape,2023,suv,gasoline,19229.77,GV59758477gL873999
VH000476,Kia,Sorento,2019,suv,gasoline,12509.19,ku11074510bz677370
VH000477,Kia,Soul,2011,suv,gasoline,2417.13,BY25632028Qa620041
VH000478,Ford,Mustang,2020,sedan,gasoline,14545.19,lS77807657Ej019454
VH000479,Chevrolet,Cruze,2019,sedan,gasoline,7384.66,Hs95791260EO157367
VH000480,Nissan,Altima,2020,sedan,hybrid,11342.63,rT29316876Ts279723
VH000481,Chevrolet,Cruze,2009,sedan,gasoline,2400.0,OI93619203NY666136
VH000482,Chevrolet,Equinox,2008,suv,gasoline,3480.0,tu73636550JU859599
VH000483,Ford,Explorer,2009,suv,gasoline,4680.0,Oi06551297TP400717
VH000484,Kia,Forte,2023,sedan,gasoline,11788.68,TZ57722880eH122217
VH000485,Chevrolet,Equinox,2013,suv,gasoline,5075.31,jc27644815NI712347
VH000486,Chevrolet,Equinox,2013,suv,gasoline,4882.37,Mk96424765XG541242
VH000487,Chevrolet,Malibu,2018,sedan,gasoline,8188.6,yv19517721Kh805775
VH000488,BMW,X3,2016,suv,gasoline,12424.47,qK81448927yv585641
VH000489,Kia,Sorento,2015,suv,hybrid,8196.46,Pv34647328HG383833
VH000490,Nissan,Altima,2012,sedan,gasoline,3303.09,Lr46391934Rd586349
VH000491,Hyundai,Tucson,2016,suv,gasoline,7791.4,Eo34726072rE046221
VH000492,Chevrolet,Cruze,2010,sedan,gasoline,2400.0,MY12711450XN057270
VH000493,Ford,Mustang,2016,sedan,gasoline,7497.12,kv42403977vq525433
VH000494,Toyota,Highlander,2011,suv,gasoline,4809.97,st57837812aW109887
VH000495,Hyundai,Elantra,2014,sedan,gasoline,4492.98,UZ13517987ww997364
VH000496,Hyundai,Sonata,2015,sedan,diesel,6650.63,RB04014659GB987464
VH000497,Hyundai,Accent,2008,sedan,gasoline,2280.0,me52215790kT001731
VH000498,BMW,3 Series,2019,sedan,gasoline,15719.4,Rf71061721SF194211
VH000499,Kia,Soul,2012,suv,hybrid,2856.9,zF14696665nh840926
VH000500,Kia,Sportage,2008,suv,gasoline,3360.0,Sp29792785Tx213221
VH000501,Hyundai,Accent,2015,sedan,gasoline,4211.84,Ej12426227wj714203
VH000502,BMW,X5,2015,suv,gasoline,11937.61,SJ98912379tY660474
VH000503,Nissan,Pathfinder,2017,suv,gasoline,11201.6,gS70720754tV660247
VH000504,Chevrolet,Silverado,2018,truck,gasoline,13727.86,AM15572460jL528873
VH000505,Hyundai,Tucson,2023,suv,gasoline,18852.17,bg70463598PR089496
VH000506,BMW,5 Series,2010,sedan,electric,6720.0,lN87390820Yw583491
VH000507,Nissan,Frontier,2015,truck,gasoline,7686.25,Km99436300Md184033
VH000508,Kia,Soul,2020,suv,electric,7550.35,UP01336870FF606079
VH000509,Kia,Sorento,2020,suv,gasoline,15910.05,Gd76581088Jz453791
VH000510,Nissan,Pathfinder,2023,suv,gasoline,27137.9,pv74530560Fs500524
VH000511,Honda,Pilot,2017,suv,gasoline,10920.37,EB03346894Ej527592
VH000512,Toyota,Highlander,2013,suv,gasoline,6029.44,sT14624006tR701186
VH000513,Honda,CR-V,2016,suv,gasoline,8165.92,xN73073407jp006327
VH000514,Honda,Civic,2013,sedan,gasoline,4191.89,Gg46883269Wl412542
VH000515,Chevrolet,Cruze,2021,sedan,gasoline,10246.25,IH57899202ST313699
VH000516,BMW,3 Series,2019,sedan,gasoline,14154.31,GP62325281ZI238278
VH000517,BMW,X3,2012,suv,gasoline,6297.05,dV04725209oN266542
VH000518,Hyundai,Elantra,2012,sedan,gasoline,2749.73,uU47863782if242517
VH000519,Honda,Odyssey,2010,minivan,gasoline,4440.0,Em45639440qa784893
VH000520,Kia,Optima,2016,sedan,gasoline,5685.88,zR23206003HO763789
VH000521,Kia,Sorento,2009,suv,gasoline,3960.0,ib45998568Km334501
VH000522,Nissan,Frontier,2019,truck,hybrid,12120.66,AU19076563Zk438679
VH000523,Ford,Escape,2016,suv,gasoline,7509.71,Sr90903527ef796162
VH000524,Chevrolet,Equinox,2022,suv,gasoline,15240.99,kv66221866BI170371
VH000525,Kia,Soul,2011,suv,gasoline,2400.0,mL49787588BT573341
VH000526,Toyota,RAV4,2012,suv,gasoline,4073.88,Yk31673739VE127524
VH000527,Toyota,RAV4,2022,suv,gasoline,18062.46,eQ47758978SU492515
VH000528,Kia,Soul,2024,suv,gasoline,16281.93,tD74561078eJ727486
VH000529,Chevrolet,Tahoe,2010,suv,gasoline,6240.0,rr42188541zc415770
VH000530,Toyota,Corolla,2022,sedan,hybrid,14633.5,nY80926713Pk970284
VH000531,Nissan,Sentra,2020,sedan,gasoline,9711.76,ZE21137155tr405881
VH000532,Kia,Optima,2019,sedan,gasoline,10085.73,UH25449224Zc885938
VH000533,Ford,Explorer,2016,suv,hybrid,8865.48,zx60463111VH189288
VH000534,Honda,CR-V,2020,suv,electric,14174.47,SD71101298KC501329
VH000535,Ford,Explorer,2015,suv,gasoline,8522.09,Tu70199425vM497340
VH000536,Chevrolet,Cruze,2011,sedan,gasoline,2632.89,dK95834158Sa421009
VH000537,BMW,X5,2010,suv,gasoline,7440.0,QZ55438717kO515112
VH000538,Kia,Sportage,2021,suv,gasoline,12718.95,SE51274280wT169200
VH000539,Honda,Pilot,2022,suv,gasoline,22813.49,Qy51665338iL934402
VH000540,Chevrolet,Cruze,2010,sedan,gasoline,2400.0,wR57437466ZO975108
VH000541,Chevrolet,Tahoe,2012,suv,hybrid,8276.53,LA44557349of463517
VH000542,Toyota,Highlander,2019,suv,gasoline,12393.32,wZ50339185kN902675
VH000543,Hyundai,Sonata,2020,sedan,gasoline,10629.86,tC41127781dz691771
VH000544,Honda,Civic,2009,sedan,gasoline,2880.0,Mh43401203ym942016
VH000545,Ford,Focus,2012,sedan,gasoline,2894.77,Gd19720622Yk757377
VH000546,Kia,Soul,2018,suv,gasoline,5983.93,nm97948273XQ310158
VH000547,Chevrolet,Silverado,2014,truck,gasoline,7462.34,Kf91034005NU560757
VH000548,Hyundai,Sonata,2021,sedan,hybrid,15042.44,jb99311403Hh600463
VH000549,BMW,X5,2018,suv,gasoline,21284.04,xB78250582ZK170615
VH000550,Kia,Sorento,2020,suv,gasoline,13115.27,Ci81539307vD295027
VH000551,Chevrolet,Tahoe,2022,suv,gasoline,28178.56,WN87560285xW376698
VH000552,Ford,F-150,2023,truck,electric,26496.43,MR91570327rg119082
VH000553,Kia,Forte,2017,sedan,gasoline,6628.7,Wr29675160us021019
VH000554,Nissan,Sentra,2019,sedan,gasoline,8557.62,aP81537193ns100295
VH000555,Nissan,Pathfinder,2024,suv,gasoline,30881.67,Br42566438Lh044294
VH000556,Kia,Forte,2013,sedan,gasoline,3745.23,ZM20567043oQ664146
VH000557,Honda,Accord,2009,sedan,gasoline,3480.0,KI38097188As345440
VH000558,Hyundai,Santa Fe,2018,suv,gasoline,11231.85,ad91039418UB593541
VH000559,Honda,Pilot,2010,suv,gasoline,4800.0,Nk98583797nT290643
VH000560,Toyota,Highlander,2016,suv,hybrid,10211.18,Jd25356853Xm513617
VH000561,Honda,Pilot,2015,suv,gasoline,9269.54,LD63107815zD046153
VH000562,Hyundai,Santa Fe,2012,suv,gasoline,5397.55,Wr38483435Dn873179
VH000563,Kia,Forte,2022,sedan,gasoline,12686.31,Nc59333764Un974828
VH000564,Ford,Focus,2014,sedan,gasoline,3872.61,aK25768787lO697503
VH000565,Kia,Sorento,2019,suv,gasoline,11807.86,jj24939158Sc508346
VH000566,Toyota,Tacoma,2018,truck,gasoline,10915.85,wd41799744mL829515
VH000567,BMW,X5,2017,suv,gasoline,17683.38,Ba77926968IK110201
VH000568,BMW,X3,2022,suv,gasoline,29742.44,Wd03136702kd651716
VH000569,Nissan,Sentra,2010,sedan,electric,2520.0,pk07751846Ry532360
VH000570,Hyundai,Sonata,2017,sedan,gasoline,8259.52,wJ29785783hO920343
VH000571,Chevrolet,Tahoe,2014,suv,gasoline,10544.61,GA14248561Gt531578
VH000572,Nissan,Altima,2009,sedan,electric,3120.0,jP91330634nC387461
VH000573,Chevrolet,Tahoe,2008,suv,gasoline,6240.0,qx54280416vz957055
VH000574,Kia,Soul,2017,suv,gasoline,5458.35,Hd67499863Eb138258
VH000575,Toyota,RAV4,2017,suv,hybrid,8851.61,yo23131035OK996058
VH000576,Toyota,Highlander,2009,suv,gasoline,4560.0,Yv49201693sT981742
VH000577,Hyundai,Elantra,2024,sedan,gasoline,16537.29,KP57285952Cd166359
VH000578,BMW,X3,2022,suv,gasoline,24125.21,iI35878053Gr862044
VH000579,Honda,Civic,2024,sedan,gasoline,20363.04,WC13770266Bg117980
VH000580,BMW,5 Series,2021,sedan,gasoline,29409.45,Nm27828126oz089613
VH000581,Chevrolet,Silverado,2018,truck,gasoline,12478.93,Gl39835219VB103271
VH000582,Toyota,Camry,2015,sedan,gasoline,6476.71,gH86347164aA059912
VH000583,Toyota,Tacoma,2015,truck,hybrid,6749.37,Hc85660430gz850876
VH000584,Toyota,Highlander,2011,suv,gasoline,4560.0,oC55374180Gd333372
VH000585,Hyundai,Accent,2012,sedan,gasoline,2640.93,Qt26099234nU815487
VH000586,Nissan,Rogue,2023,suv,gasoline,21590.81,VX90379426MZ160152
VH000587,Hyundai,Santa Fe,2022,suv,gasoline,18563.14,tS50996122KF534385
VH000588,Hyundai,Sonata,2008,sedan,electric,3240.0,jj04253545zz651867
VH000589,Ford,Focus,2013,sedan,gasoline,3433.85,ES64576202TL515926
VH000590,Toyota,Camry,2024,sedan,hybrid,19905.09,yv40264108yl614264
VH000591,Toyota,RAV4,2019,suv,gasoline,10708.15,GG15617612fm447264
VH000592,Honda,Civic,2009,sedan,gasoline,2880.0,iZ70444466kx559698
VH000593,Chevrolet,Equinox,2015,suv,gasoline,5436.61,WR00138454CC441154
VH000594,Hyundai,Santa Fe,2017,suv,gasoline,9170.03,DT32902204bo927370
VH000595,Kia,Sportage,2012,suv,diesel,4543.53,Jl81837900dj354454
VH000596,Honda,Odyssey,2018,minivan,gasoline,13619.29,IV49272240rc059186
VH000597,Hyundai,Accent,2021,sedan,gasoline,8607.94,JG02764688qL158887
VH000598,BMW,X3,2016,suv,gasoline,13314.02,fO12934307CM276562
VH000599,Honda,CR-V,2014,suv,gasoline,6013.32,we70903011PS411789
VH000600,BMW,X5,2017,suv,gasoline,19719.42,Ci76930070qu765212
VH000601,Honda,Odyssey,2018,minivan,gasoline,13606.15,ok29959211mP463129
VH000602,Kia,Soul,2020,suv,gasoline,7776.88,NU14529978ft985388
VH000603,Toyota,RAV4,2009,suv,gasoline,3600.0,qC81649744Fn752517
VH000604,Kia,Sorento,2017,suv,gasoline,8385.26,ys59344786lK804403
VH000605,Kia,Soul,2017,suv,hybrid,5163.73,zx42359172XN576446
VH000606,Toyota,RAV4,2018,suv,gasoline,10980.98,ea84364992yx194059
VH000607,Hyundai,Santa Fe,2008,suv,gasoline,3960.0,ao64065747lF091022
VH000608,Hyundai,Elantra,2022,sedan,gasoline,14014.8,Ym39080899vK905403
VH000609,Honda,CR-V,2020,suv,gasoline,11660.93,HB81125154lw047746
VH000610,Chevrolet,Malibu,2023,sedan,gasoline,15811.61,tp01011180Bc584847
VH000611,Ford,Mustang,2024,sedan,gasoline,24535.47,aU91540876wp349747
VH000612,BMW,X5,2011,suv,hybrid,7440.0,ks32012214wp218602
VH000613,Toyota,RAV4,2008,suv,gasoline,3600.0,YR19817283lc761605
VH000614,BMW,5 Series,2017,sedan,gasoline,16185.21,cb86732382ZQ178843
VH000615,Kia,Forte,2024,sedan,electric,16558.46,Fi11646956Za708150
VH000616,Honda,CR-V,2022,suv,gasoline,20242.04,bO80915710Vv605636
VH000617,Honda,Accord,2021,sedan,hybrid,16195.85,XI69672762zR031343
VH000618,Kia,Sorento,2019,suv,gasoline,12676.26,aQ30448107Ke837844
VH000619,BMW,X3,2021,suv,gasoline,24566.03,dr53600026ZD660478
VH000620,Chevrolet,Malibu,2016,sedan,gasoline,6301.21,Bl17143321Bz204454
VH000621,Honda,CR-V,2019,suv,gasoline,10840.34,dn33069342va598498
VH000622,Hyundai,Sonata,2024,sedan,gasoline,17858.37,Pl22922273FS720203
VH000623,Nissan,Rogue,2011,suv,hybrid,3575.49,Zd60736055Ni764207
VH000624,Toyota,Corolla,2022,sedan,gasoline,13961.68,cB17586024cq925586
VH000625,Nissan,Rogue,2023,suv,gasoline,16295.65,hW72396149hx781961
VH000626,Ford,Escape,2021,suv,gasoline,14923.11,Di25994123wE929915
VH000627,BMW,5 Series,2009,sedan,hybrid,6720.0,vz55424813qH396436
VH000628,Honda,Odyssey,2010,minivan,electric,4440.0,ti55258128rC224116
VH000629,Kia,Sorento,2020,suv,gasoline,13992.01,mD73506473ai782137
VH000630,BMW,X5,2019,suv,gasoline,20956.55,xd73160136rY252556
VH000631,Chevrolet,Silverado,2013,truck,electric,7031.12,fz31612616ia382939
VH000632,Hyundai,Elantra,2010,sedan,gasoline,2640.0,rj34388901UK975338
VH000633,Chevrolet,Silverado,2011,truck,gasoline,5397.2,EW51932569CZ566114
VH000634,Hyundai,Sonata,2015,sedan,gasoline,5919.65,Kw23735484tu035238
VH000635,Kia,Sportage,2013,suv,gasoline,4832.24,QM62356293dG530929
VH000636,Honda,CR-V,2015,suv,gasoline,5829.2,Te23114509nC828562
VH000637,Hyundai,Sonata,2015,sedan,gasoline,5472.74,EJ19068265SY616363
VH000638,BMW,7 Series,2011,sedan,gasoline,10863.15,Bf25793909AA006789
VH000639,Hyundai,Accent,2017,sedan,hybrid,4848.22,Mt33514603Ex692787
VH000640,Toyota,Tacoma,2019,truck,gasoline,11401.3,cr90757825Mt045985
VH000641,Honda,Accord,2013,sedan,diesel,5093.65,gz89724121Ne379207
VH000642,Kia,Sportage,2014,suv,gasoline,5471.78,Wq86643546Nz143565
VH000643,Honda,Pilot,2019,suv,gasoline,15351.65,gm51648893sA660371
VH000644,Ford,Escape,2011,suv,gasoline,3795.72,jY30464298bo582584
VH000645,Honda,Odyssey,2024,minivan,gasoline,24640.65,BF91340215Zg904106
VH000646,Honda,Odyssey,2009,minivan,hybrid,4440.0,Du73953666WX044827
VH000647,Toyota,Camry,2018,sedan,diesel,9048.47,pU41927006EK655838
VH000648,Honda,CR-V,2020,suv,hybrid,13616.9,HG29897564dC475980
VH000649,Chevrolet,Equinox,2022,suv,gasoline,17746.09,oh15349753ZG139751
VH000650,Ford,Explorer,2018,suv,electric,13372.36,RE42956778dn401529
VH000651,Honda,Odyssey,2008,minivan,hybrid,4440.0,Qy71774857Vv528034
VH000652,BMW,5 Series,2020,sedan,diesel,22942.02,eB70612950WR834741
VH000653,Toyota,Tacoma,2013,truck,gasoline,5798.47,rA72187714ls456337
VH000654,Honda,Accord,2009,sedan,gasoline,3480.0,Zo70334753ss321192
VH000655,Hyundai,Sonata,2010,sedan,gasoline,3240.0,oq45715406zN905954
VH000656,Chevrolet,Equinox,2013,suv,gasoline,4726.74,ZH92161840xW211559
VH000657,Honda,CR-V,2020,suv,gasoline,11432.71,qf25755196QG710145
VH000658,Honda,Accord,2013,sedan,gasoline,4241.07,BA77249080dP744271
VH000659,Hyundai,Tucson,2019,suv,gasoline,11685.77,Vy40583774gH682122
VH000660,Toyota,Camry,2018,sedan,gasoline,10134.58,Fu69187378EM598234
VH000661,Toyota,Corolla,2011,sedan,gasoline,2914.41,rt65152893dL325638
VH000662,Nissan,Rogue,2024,suv,gasoline,20458.94,cD11574060Cj972960
VH000663,BMW,7 Series,2010,sedan,gasoline,10560.0,xp35407689GW664947
VH000664,Honda,Civic,2021,sedan,gasoline,10246.13,BL95404891tn079073
VH000665,Kia,Sportage,2008,suv,gasoline,3360.0,cH72342987Um442520
VH000666,Nissan,Rogue,2008,suv,gasoline,3480.0,gj45670235sd124485
VH000667,Kia,Sorento,2024,suv,gasoline,28642.59,bd49611751ha039998
VH000668,Nissan,Rogue,2013,suv,diesel,4864.9,zj69670391Xo618884
VH000669,Nissan,Altima,2022,sedan,gasoline,15561.32,dx24684497Pv466211
VH000670,Ford,Mustang,2013,sedan,gasoline,4624.2,Pf67720097aY166855
VH000671,Ford,Focus,2019,sedan,electric,7021.48,Wd41458821aB488745
VH000672,Nissan,Rogue,2023,suv,gasoline,18632.93,Tw32150847aL601633
VH000673,Kia,Sportage,2019,suv,gasoline,11417.68,pM89926623cE276908
VH000674,Honda,Civic,2015,sedan,gasoline,5864.18,xH96170293Dr046562
VH000675,Honda,Pilot,2017,suv,diesel,12577.49,CP36781783XY732205
VH000676,Kia,Soul,2017,suv,gasoline,5975.03,vs76604091Lp708043
VH000677,Toyota,Tacoma,2011,truck,gasoline,4085.61,cC71562845sJ073168
VH000678,Ford,Explorer,2012,suv,gasoline,5535.99,Iz88284017lk854479
VH000679,Honda,Pilot,2015,suv,gasoline,9585.55,Wz97316992hD360111
VH000680,Kia,Soul,2021,suv,electric,9932.63,Vv03349626WQ189054
VH000681,Ford,F-150,2020,truck,gasoline,19960.14,vA46878731mn680501
VH000682,BMW,X3,2021,suv,electric,19925.53,nv70452679rU500427
VH000683,Kia,Forte,2011,sedan,gasoline,2727.46,TO02454905bQ435360
VH000684,Kia,Soul,2008,suv,gasoline,2400.0,xd21973391TU525083
VH000685,Kia,Forte,2020,sedan,gasoline,9503.1,Pg63258079xU996243
VH000686,Chevrolet,Equinox,2017,suv,gasoline,9455.19,oc93774149Tq687293
VH000687,Honda,Civic,2021,sedan,gasoline,13430.66,Ni30586408ei607923
VH000688,Chevrolet,Malibu,2010,sedan,gasoline,3120.0,eb84539670dP551102
VH000689,Hyundai,Santa Fe,2014,suv,gasoline,7058.65,Zk15315724Bp108792
VH000690,Ford,Mustang,2010,sedan,gasoline,3957.69,Ip09770032Pa991714
VH000691,Toyota,Corolla,2017,sedan,gasoline,7036.11,FS35617559iL871979
VH000692,Toyota,Camry,2017,sedan,electric,8726.53,oe74671930pc948658
VH000693,BMW,X3,2010,suv,gasoline,5640.0,eA15249384gy461893
VH000694,BMW,5 Series,2015,sedan,gasoline,12201.79,Ee30796967jb363111
VH000695,Chevrolet,Cruze,2012,sedan,gasoline,3019.32,Nh48326178mK930525
VH000696,Honda,Accord,2015,sedan,gasoline,6564.12,YG71041027cA556318
VH000697,Honda,CR-V,2014,suv,gasoline,6473.7,RO74793322yB506073
VH000698,Toyota,RAV4,2017,suv,gasoline,8352.58,nc23070958Ge865562
VH000699,Toyota,Corolla,2019,sedan,electric,8928.97,dP22545790lk351107
VH000700,Kia,Optima,2015,sedan,hybrid,5120.87,He79452310Ze355908
VH000701,Toyota,RAV4,2021,suv,gasoline,16018.87,HD28114288Yi022843
VH000702,Ford,Escape,2023,suv,gasoline,21794.31,pR86423691SV306999
VH000703,Kia,Sportage,2017,suv,hybrid,8652.05,iz92001622gy135711
VH000704,BMW,X3,2008,suv,gasoline,5640.0,hu38487134xF327687
VH000705,Kia,Soul,2018,suv,electric,5782.21,wr82365804xP430176
VH000706,Toyota,Tacoma,2020,truck,gasoline,14824.02,bt45285135bl032927
VH000707,Honda,Odyssey,2023,minivan,diesel,21451.5,qc78362782CO916928
VH000708,Hyundai,Santa Fe,2017,suv,gasoline,9306.81,ci90488918mm355792
VH000709,Nissan,Sentra,2010,sedan,gasoline,2520.0,NT07194130Td061863
VH000710,Kia,Sportage,2016,suv,gasoline,6597.97,dp89855324ma125970
VH000711,Hyundai,Santa Fe,2015,suv,hybrid,6886.24,OM13249570UP366272
VH000712,Chevrolet,Cruze,2012,sedan,gasoline,3077.75,Je92738741Mf923034
VH000713,BMW,X5,2017,suv,gasoline,17920.53,tc83327621ko171144
VH000714,Chevrolet,Silverado,2011,truck,gasoline,4920.0,hW14654461Zw777733
VH000715,Toyota,Highlander,2016,suv,gasoline,8781.81,SQ26301516Qc152496
VH000716,Ford,Mustang,2023,sedan,gasoline,21281.48,Ee69722175ZY173682
VH000717,Honda,Civic,2016,sedan,gasoline,5747.48,lf95901837bk612784
VH000718,Chevrolet,Cruze,2019,sedan,gasoline,6572.42,pv15479511xg624118
VH000719,Nissan,Pathfinder,2021,suv,hybrid,17691.4,Fb29421812Lr953319
VH000720,Nissan,Pathfinder,2019,suv,hybrid,13430.22,cl91066871zY815825
VH000721,Honda,Odyssey,2012,minivan,gasoline,5066.08,Px48903564ht901186
VH000722,Chevrolet,Cruze,2021,sedan,gasoline,11386.69,ZJ30871135mM567921
VH000723,Hyundai,Elantra,2012,sedan,gasoline,2736.01,HN79585741QP701834
VH000724,Nissan,Frontier,2019,truck,gasoline,12196.58,cM07632832dQ209339
VH000725,Hyundai,Sonata,2017,sedan,gasoline,7908.33,Ov14500334im093971
VH000726,Nissan,Rogue,2023,suv,gasoline,21046.37,Sj75331056Nb221093
VH000727,Honda,CR-V,2014,suv,gasoline,5442.23,ty74774576Mw434392
VH000728,Toyota,RAV4,2010,suv,gasoline,3623.32,eT59236579Ds712237
VH000729,BMW,5 Series,2022,sedan,gasoline,34126.18,gD09892589xZ650848
VH000730,Hyundai,Elantra,2021,sedan,electric,10765.19,FL39206026uf596477
VH000731,Kia,Sorento,2024,suv,gasoline,24460.19,ab40961963kz993561
VH000732,Toyota,Tacoma,2011,truck,gasoline,4080.0,jJ99535502GP150055
VH000733,Chevrolet,Malibu,2022,sedan,gasoline,15853.25,UC82315557dG946329
VH000734,Kia,Sorento,2024,suv,gasoline,23477.55,tC10189531cN393046
VH000735,Nissan,Frontier,2012,truck,gasoline,4522.54,EI23039827rk162967
VH000736,Kia,Soul,2022,suv,gasoline,12936.61,go25733194xB686557
VH000737,Kia,Sportage,2015,suv,gasoline,6285.34,Gh72234302mS363935
VH000738,Ford,Mustang,2024,sedan,hybrid,22076.95,YS22999366SA557781
VH000739,Hyundai,Accent,2023,sedan,gasoline,12257.42,aj04417164Jp603145
VH000740,Ford,Mustang,2021,sedan,hybrid,16243.49,WW99338456xX322762
VH000741,Toyota,Camry,2013,sedan,gasoline,3954.38,jz60598280Rx383497
VH000742,Ford,Escape,2008,suv,gasoline,3480.0,Ad68909958xF187920
VH000743,Toyota,Highlander,2015,suv,hybrid,7407.53,AR55640200mD675534
VH000744,Hyundai,Santa Fe,2012,suv,gasoline,4556.83,vH16403318VS555605
VH000745,Nissan,Pathfinder,2023,suv,gasoline,21856.45,yq03709498Rh440853
VH000746,Kia,Sorento,2018,suv,gasoline,12131.81,Ci00378129au837699
VH000747,Kia,Sportage,2010,suv,gasoline,3360.0,XO48016445dL592858
VH000748,Chevrolet,Tahoe,2016,suv,diesel,13478.8,TX76624098uL049208
VH000749,Nissan,Frontier,2011,truck,gasoline,3933.75,HV46244705Ab341341
VH000750,BMW,X3,2016,suv,gasoline,13103.52,YI30456475qo346407
VH000751,Chevrolet,Equinox,2024,suv,gasoline,24767.31,jE55093427mI884895
VH000752,Honda,Pilot,2022,suv,gasoline,21506.83,Ec74165376BO171982
VH000753,Hyundai,Tucson,2013,suv,gasoline,5337.66,Af87189604vN929676
VH000754,Ford,Mustang,2010,sedan,gasoline,3840.0,Wh88185574Aj619738
VH000755,BMW,X3,2022,suv,gasoline,27268.79,eU55685955se788508
VH000756,BMW,X3,2022,suv,gasoline,28317.79,ov25596468iw498118
VH000757,Honda,CR-V,2016,suv,diesel,8740.42,oN41810484DO556900
VH000758,Kia,Forte,2010,sedan,gasoline,2520.0,tf96780110tx529928
VH000759,Hyundai,Elantra,2010,sedan,hybrid,2640.0,gH34937454IF926378
VH000760,Honda,Odyssey,2009,minivan,gasoline,4440.0,gl96948060Ja099198
VH000761,Kia,Sportage,2010,suv,gasoline,3360.0,JP44321864gr664603
VH000762,Nissan,Frontier,2019,truck,gasoline,10858.26,MS03137943hk514101
VH000763,Hyundai,Elantra,2019,sedan,gasoline,8690.2,ze14296070CX277559
VH000764,Kia,Sportage,2008,suv,hybrid,3360.0,tG54402800CQ035212
VH000765,Kia,Sorento,2017,suv,gasoline,10800.67,lt77935175yo123602
VH000766,Kia,Forte,2018,sedan,electric,7527.79,XT44166089BF413096
VH000767,Toyota,Camry,2018,sedan,gasoline,8756.08,CL75484790SM695487
VH000768,Chevrolet,Equinox,2013,suv,gasoline,4839.45,Ef22222864gG833120
VH000769,Ford,F-150,2010,truck,hybrid,5040.0,uT54139172VM178925
VH000770,Kia,Forte,2012,sedan,hybrid,2779.21,tS14824852cv801059
VH000771,Honda,CR-V,2018,suv,gasoline,11637.45,Jz04216108sz172058
VH000772,Ford,Escape,2010,suv,electric,3534.11,pb24921169xS186046
VH000773,Ford,Escape,2010,suv,gasoline,3480.0,zW54747640mQ513493
VH000774,Chevrolet,Equinox,2013,suv,gasoline,5292.21,rs54402306Wy087753
VH000775,Ford,Focus,2008,sedan,gasoline,2520.0,dR13639234Up570237
VH000776,Toyota,Tacoma,2022,truck,gasoline,22363.47,gM80305496wU415410
VH000777,Nissan,Pathfinder,2015,suv,gasoline,7635.19,CT29249464HU177910
VH000778,Toyota,Camry,2020,sedan,hybrid,12389.34,AT80525359EW681367
VH000779,Toyota,RAV4,2013,suv,gasoline,5541.94,VO76448628Gw881795
VH000780,Chevrolet,Malibu,2008,sedan,hybrid,3120.0,lF23752333tK944530
VH000781,Toyota,Camry,2013,sedan,hybrid,4623.56,kY64415099zm893676
VH000782,Hyundai,Sonata,2010,sedan,gasoline,3240.0,tH31124918Ti637385
VH000783,Chevrolet,Equinox,2021,suv,gasoline,15760.37,Kl35261355Cs399326
VH000784,Kia,Sorento,2011,suv,diesel,3960.0,dA35273130Ar876950
VH000785,BMW,3 Series,2012,sedan,electric,6241.64,TB47770647rV816195
VH000786,Hyundai,Tucson,2017,suv,gasoline,7903.31,SK14501709AS813862
VH000787,Toyota,RAV4,2016,suv,gasoline,6991.77,DV49878814Ba033289
VH000788,Ford,Focus,2008,sedan,gasoline,2520.0,uc29922387lS243432
VH000789,Kia,Sorento,2012,suv,hybrid,4872.74,aU22992948ak117464
VH000790,Kia,Forte,2022,sedan,gasoline,12507.0,ew93191291jQ006485
VH000791,Toyota,RAV4,2023,suv,gasoline,19604.07,YK46171505uJ609511
VH000792,Kia,Sportage,2015,suv,gasoline,6805.62,AE52428113XP813184
VH000793,Honda,Civic,2008,sedan,gasoline,2880.0,qH53905573wd328211
VH000794,Ford,Mustang,2010,sedan,hybrid,3840.0,gq86971427VK855611
VH000795,Hyundai,Santa Fe,2024,suv,gasoline,22765.08,gE30938867MC047960
VH000796,Ford,Mustang,2020,sedan,gasoline,13655.82,Ij27399885Pu073953
VH000797,Toyota,Corolla,2021,sedan,diesel,9991.87,zF12470472qf148282
VH000798,Hyundai,Tucson,2018,suv,gasoline,8597.78,Dr09297238rG835632
VH000799,Chevrolet,Cruze,2010,sedan,gasoline,2400.0,cx44231621Fj898204
VH000800,Toyota,Highlander,2009,suv,gasoline,4560.0,Cq75021105ya492567
VH000801,Hyundai,Accent,2010,sedan,gasoline,2280.0,Oz54774449DN590501
VH000802,Ford,Focus,2014,sedan,gasoline,4461.63,EC88144437cA704009
VH000803,Nissan,Sentra,2010,sedan,electric,2520.0,Kp10294668CR959481
VH000804,Hyundai,Santa Fe,2017,suv,gasoline,10780.14,DP90178059lV451173
VH000805,Nissan,Rogue,2012,suv,gasoline,3808.44,jL66168041Bw009111
VH000806,Toyota,Highlander,2020,suv,gasoline,16793.05,Mh65990389kX254309
VH000807,Toyota,Highlander,2022,suv,hybrid,21462.71,Sn34513292Ua806601
VH000808,Honda,Odyssey,2018,minivan,gasoline,12469.61,ux30295943kw207904
VH000809,Honda,Odyssey,2012,minivan,gasoline,5534.61,ea88988727Wi366685
VH000810,BMW,X5,2011,suv,gasoline,8721.12,JE15809013rE869147
VH000811,Honda,Accord,2009,sedan,gasoline,3480.0,aM93713721ne322972
VH000812,Nissan,Rogue,2015,suv,gasoline,7069.07,bE74418787qV542754
VH000813,Nissan,Frontier,2010,truck,gasoline,3840.0,VI48992648Zs534056
VH000814,Hyundai,Sonata,2016,sedan,gasoline,6167.05,JR00437103PK186885
VH000815,Kia,Sportage,2024,suv,gasoline,22278.08,aA84046613fR199015
VH000816,Ford,Mustang,2011,sedan,gasoline,4426.95,hL83678387Zn458947
VH000817,Chevrolet,Cruze,2022,sedan,gasoline,12328.94,Wn54092178Mz828755
VH000818,Hyundai,Accent,2024,sedan,gasoline,15274.24,ky91875934Lf282897
VH000819,BMW,X5,2020,suv,gasoline,27523.58,sR98104964gp688296
VH000820,Kia,Sportage,2023,suv,gasoline,20097.35,BB16388202ZS000702
VH000821,Toyota,Highlander,2018,suv,gasoline,14174.72,YV57779269ML482625
VH000822,Hyundai,Tucson,2010,suv,gasoline,3480.0,oR84278625rV064831
VH000823,Nissan,Sentra,2008,sedan,gasoline,2520.0,VT48794008hZ837497
VH000824,Nissan,Sentra,2013,sedan,diesel,3671.13,IG79982415eV808743
VH000825,Kia,Soul,2023,suv,gasoline,13078.64,fT25873410MD716731
VH000826,BMW,3 Series,2015,sedan,gasoline,9879.56,Ji41986784VK188457
VH000827,Kia,Soul,2021,suv,gasoline,11397.59,Bt32474600aA838609
VH000828,Ford,F-150,2020,truck,hybrid,18746.77,MG48005938tg363415
VH000829,Nissan,Frontier,2019,truck,hybrid,12983.24,Iw42464522RV071635
VH000830,Toyota,Highlander,2020,suv,gasoline,17578.41,rQ76874437ro275470
VH000831,Chevrolet,Equinox,2012,suv,hybrid,4096.5,cL71394733UF294014
VH000832,Hyundai,Sonata,2020,sedan,gasoline,11337.97,qy91134002FT615919
VH000833,BMW,X5,2022,suv,gasoline,35497.24,eW20353393tC236890
VH000834,Toyota,Camry,2011,sedan,gasoline,3513.6,Ss06176104lf557766
VH000835,Hyundai,Tucson,2012,suv,gasoline,4544.6,FD18833082yQ468208
VH000836,Chevrolet,Equinox,2017,suv,gasoline,8870.73,Iw05126676jQ485733
VH000837,Nissan,Sentra,2008,sedan,gasoline,2520.0,il55928667qn323947
VH000838,Nissan,Frontier,2010,truck,gasoline,3840.0,Tw86029753SA971332
VH000839,Ford,Explorer,2013,suv,electric,5960.88,eK61247579Nx212186
VH000840,BMW,7 Series,2012,sedan,gasoline,14266.86,DT27180375nr919933
VH000841,Nissan,Altima,2010,sedan,gasoline,3120.0,eA34452898Up810780
VH000842,Nissan,Pathfinder,2010,suv,gasoline,4320.0,Hu95131068Qi508907
VH000843,Kia,Soul,2022,suv,gasoline,11861.08,Vm99448701QW280152
VH000844,Hyundai,Santa Fe,2012,suv,gasoline,4680.48,pD99118664eK844703
VH000845,Hyundai,Sonata,2018,sedan,gasoline,10013.28,zY99552129Da828336
VH000846,Ford,Mustang,2021,sedan,gasoline,18190.18,fH76499392lD263225
VH000847,Hyundai,Tucson,2017,suv,gasoline,7525.2,zU36053874Sx977886
VH000848,Hyundai,Santa Fe,2013,suv,gasoline,4746.74,cj83499731Oh926728
VH000849,Nissan,Pathfinder,2020,suv,gasoline,14115.4,Qv36521021lv897273
VH000850,Honda,Pilot,2012,suv,gasoline,5396.97,Wc11688546aB019820
VH000851,Ford,Mustang,2016,sedan,gasoline,7225.83,hI30785385ee411357
VH000852,Nissan,Altima,2022,sedan,gasoline,14484.53,kc73523737Em129730
VH000853,Kia,Forte,2014,sedan,gasoline,3740.71,EK47304659HT041939
VH000854,Nissan,Pathfinder,2021,suv,gasoline,19465.97,Wm60801665ob044393
VH000855,Toyota,Highlander,2010,suv,gasoline,4560.0,lP99907566zo879099
VH000856,Kia,Soul,2016,suv,diesel,5409.01,AE79034654ng859391
VH000857,BMW,3 Series,2011,sedan,gasoline,6183.65,Cp00671731ab198090
VH000858,BMW,7 Series,2013,sedan,gasoline,14433.17,PV58599858Og505927
VH000859,Chevrolet,Equinox,2020,suv,gasoline,11831.66,Jq80058141Rr190908
VH000860,Hyundai,Tucson,2013,suv,gasoline,4238.79,mz80489148Wj998447
VH000861,Toyota,Tacoma,2010,truck,gasoline,4120.53,SL95880387ev966132
VH000862,BMW,X3,2019,suv,gasoline,19797.26,Gb25742787mr785046
VH000863,Kia,Optima,2024,sedan,gasoline,19415.07,HQ63326708CA955303
VH000864,Toyota,Corolla,2011,sedan,gasoline,3015.08,GB58547727Sd791712
VH000865,Kia,Optima,2014,sedan,gasoline,4304.56,bs31526853Sq497254
VH000866,BMW,X3,2015,suv,gasoline,10793.89,gF98841170vl506430
VH000867,Toyota,Camry,2012,sedan,gasoline,3756.62,pk76379477th957182
VH000868,BMW,3 Series,2011,sedan,electric,5402.93,Cf60077433Bp748570
VH000869,BMW,7 Series,2009,sedan,gasoline,10560.0,mB31216188IM955452
VH000870,Nissan,Frontier,2022,truck,gasoline,17043.95,Pb62771205dI271141
VH000871,Kia,Soul,2013,suv,gasoline,3012.18,pJ44049060WI921125
VH000872,Hyundai,Tucson,2013,suv,gasoline,5009.88,Na36008692Jg004606
VH000873,Kia,Forte,2021,sedan,gasoline,10112.19,Px93263069Jv937155
VH000874,Hyundai,Accent,2021,sedan,hybrid,8225.24,PV88135602Hf050930
VH000875,Chevrolet,Cruze,2015,sedan,gasoline,4150.28,jf03356378ZO804798
VH000876,Kia,Sorento,2020,suv,gasoline,14553.16,vX24292046hF538855
VH000877,Chevrolet,Equinox,2018,suv,diesel,9670.29,EN34820728CW206283
VH000878,Kia,Sorento,2012,suv,diesel,4328.45,Bb25521136lE320255
VH000879,Hyundai,Tucson,2009,suv,gasoline,3480.0,tP75568356PZ000890
VH000880,Kia,Optima,2024,sedan,gasoline,19858.01,ML88758176sU669578
VH000881,BMW,5 Series,2020,sedan,gasoline,26378.76,Go34205348Bi537338
VH000882,Chevrolet,Equinox,2023,suv,gasoline,19286.91,CN56004260fC389001
VH000883,Chevrolet,Malibu,2010,sedan,hybrid,3120.0,Se96483031xQ951381
VH000884,Honda,Accord,2014,sedan,gasoline,5303.58,HC52627865IU271748
VH000885,Honda,CR-V,2015,suv,gasoline,6421.48,RL59314856vR137340
VH000886,BMW,X3,2021,suv,gasoline,26651.84,TT15468916QB404646
VH000887,Nissan,Frontier,2012,truck,gasoline,4922.61,Rg51694825gk101958
VH000888,Kia,Forte,2018,sedan,gasoline,7922.21,Ik95807769pI274074
VH000889,Kia,Sorento,2015,suv,gasoline,6888.75,mk74777982SD869653
VH000890,Honda,CR-V,2009,suv,gasoline,3720.0,AF60995080QA566169
VH000891,Toyota,Corolla,2023,sedan,gasoline,16171.07,SR26825292Mt871534
VH000892,Toyota,Camry,2016,sedan,electric,6222.74,qK68727197YZ070003
VH000893,Chevrolet,Equinox,2010,suv,gasoline,3480.0,nR21753361lf485342
VH000894,Kia,Sportage,2013,suv,gasoline,4429.73,nD66832090aB796599
VH000895,Ford,Focus,2017,sedan,hybrid,5707.63,iF33071816JN374825
VH000896,Ford,Explorer,2019,suv,gasoline,13340.98,NP41822782CC489713
VH000897,Kia,Forte,2019,sedan,hybrid,7548.84,Bk49087741ip332752
VH000898,BMW,7 Series,2020,sedan,electric,33210.3,Od27854889FR593452
VH000899,Honda,Accord,2016,sedan,hybrid,6956.68,Rx14616915Dr469157
VH000900,Kia,Sorento,2015,suv,electric,6457.15,VJ27231968XX533267
VH000901,Honda,Civic,2010,sedan,hybrid,2880.0,fh97579411iU449749
VH000902,Ford,Escape,2018,suv,gasoline,10001.54,Og48095990sV509524
VH000903,Ford,F-150,2011,truck,gasoline,5040.0,yj37965689ey517917
VH000904,Ford,Explorer,2022,suv,hybrid,21881.26,rn36756510Es639160
VH000905,Kia,Optima,2022,sedan,electric,15888.24,JD20772521SH872371
VH000906,BMW,7 Series,2018,sedan,gasoline,24952.57,cf28268888mU912710
VH000907,Ford,Explorer,2019,suv,hybrid,13550.79,zA42050034TS684590
VH000908,Nissan,Pathfinder,2010,suv,diesel,4320.0,PA15826963Fz404840
VH000909,Hyundai,Santa Fe,2021,suv,electric,14374.66,BD46775468uq811967
VH000910,Nissan,Pathfinder,2010,suv,electric,4320.0,IY29185044Eo507670
VH000911,Chevrolet,Malibu,2014,sedan,gasoline,4593.61,hA00696722bR018979
VH000912,Hyundai,Tucson,2010,suv,gasoline,3480.0,mW91404093XM825085
VH000913,Honda,Civic,2019,sedan,gasoline,9954.96,gu26655017xf773438
VH000914,Hyundai,Elantra,2014,sedan,gasoline,3881.57,FC01843536ny236825
VH000915,BMW,5 Series,2022,sedan,gasoline,31781.77,NJ08412092PT232488
VH000916,Toyota,RAV4,2017,suv,gasoline,7755.45,dP37178791QM439546
VH000917,Chevrolet,Cruze,2022,sedan,hybrid,13081.14,fz65889408rS092978
VH000918,Honda,Odyssey,2013,minivan,gasoline,5591.89,kf97628471sc780451
VH000919,Kia,Soul,2022,suv,gasoline,9797.24,Ek52925827hW666642
VH000920,Honda,Odyssey,2008,minivan,gasoline,4440.0,NF18708471CK854902
VH000921,Nissan,Pathfinder,2018,suv,electric,12054.07,Fh35822181Ed372463
VH000922,Nissan,Pathfinder,2018,suv,gasoline,11103.83,fM82887722Th732006
VH000923,Ford,F-150,2008,truck,electric,5040.0,Fh10544124BQ629104
VH000924,Nissan,Frontier,2015,truck,gasoline,6651.27,Nn07843473Yk762229
VH000925,Chevrolet,Equinox,2015,suv,gasoline,6929.34,sO69974834Ht049517
VH000926,Toyota,Camry,2010,sedan,gasoline,3360.0,od13509082Sg071796
VH000927,BMW,5 Series,2011,sedan,gasoline,7401.04,wq57024349Mh500007
VH000928,Kia,Optima,2015,sedan,gasoline,4910.39,Ws75316144aS031306
VH000929,BMW,X5,2017,suv,electric,18247.59,rQ80987787AW718170
VH000930,BMW,X5,2008,suv,gasoline,7440.0,NO93536513SA490080
VH000931,Toyota,Highlander,2014,suv,gasoline,6662.99,LF13254116gP389397
VH000932,BMW,X5,2010,suv,gasoline,7440.0,IR06633180uO938285
VH000933,Chevrolet,Tahoe,2019,suv,gasoline,18199.57,zZ47171052uV072330
VH000934,Hyundai,Elantra,2012,sedan,gasoline,2982.92,EM54259701Xv510398
VH000935,BMW,3 Series,2019,sedan,gasoline,15977.53,ri77090431Ga559412
VH000936,Ford,F-150,2010,truck,gasoline,5040.0,aU33015295WI317132
VH000937,Toyota,RAV4,2024,suv,gasoline,25032.29,Ku12125322ro251982
VH000938,Kia,Soul,2009,suv,gasoline,2400.0,yd65729882La457098
VH000939,Nissan,Altima,2016,sedan,gasoline,6242.08,XE05946096lq763812
VH000940,Chevrolet,Silverado,2011,truck,gasoline,5675.03,Qo99630189nl185524
VH000941,Ford,Focus,2022,sedan,hybrid,12720.71,vh25798730jx762529
VH000942,Hyundai,Santa Fe,2016,suv,gasoline,8135.53,Yq40167518Og666136
VH000943,Kia,Sorento,2015,suv,gasoline,6727.83,yY26276599Xp009985
VH000944,Honda,Pilot,2022,suv,gasoline,26207.65,Jf85099879Gt375101
VH000945,Chevrolet,Cruze,2024,sedan,gasoline,16251.68,iS59299964wz134031
VH000946,Kia,Sportage,2020,suv,gasoline,12146.7,JE32749821LO675991
VH000947,Toyota,Tacoma,2022,truck,gasoline,22198.5,Dv14194786DH441268
VH000948,BMW,3 Series,2016,sedan,gasoline,9396.52,mS21237832Vb741046
VH000949,Ford,Explorer,2008,suv,hybrid,4680.0,JZ50834736ST508645
VH000950,Honda,Odyssey,2008,minivan,gasoline,4440.0,Kx75788731cR313036
VH000951,Toyota,Camry,2020,sedan,gasoline,10514.24,KI67618547TD250358
VH000952,Hyundai,Accent,2020,sedan,gasoline,7981.25,ys79402429QI397303
VH000953,Chevrolet,Tahoe,2022,suv,diesel,29972.27,kG17309436Jp291391
VH000954,Ford,Mustang,2009,sedan,gasoline,3840.0,Pe09785618TP697552
VH000955,Toyota,Highlander,2014,suv,gasoline,6888.54,dQ02795835Qw500501
VH000956,Honda,CR-V,2023,suv,electric,22136.83,pA00867202EF885754
VH000957,Honda,Odyssey,2014,minivan,gasoline,7115.7,JL75970895AF288594
VH000958,Kia,Forte,2021,sedan,gasoline,10697.0,tB18545228tB985862
VH000959,Hyundai,Sonata,2019,sedan,gasoline,9437.75,Ru40960663Dh499834
VH000960,Toyota,Corolla,2020,sedan,gasoline,9300.76,uX59543778TL904586
VH000961,Kia,Soul,2024,suv,gasoline,14196.04,dM25490723OR898035
VH000962,Toyota,Tacoma,2014,truck,gasoline,6101.63,Gg19827413Rg074214
VH000963,BMW,X3,2010,suv,gasoline,5640.0,AZ49398170Pg108677
VH000964,Toyota,Corolla,2015,sedan,hybrid,4929.41,pp66619996LB312100
VH000965,Chevrolet,Malibu,2016,sedan,gasoline,5505.13,zC47826963xh806996
VH000966,Hyundai,Accent,2022,sedan,gasoline,12144.97,xI09621585aH702257
VH000967,Nissan,Sentra,2017,sedan,gasoline,6824.71,FU02903847zo764727
VH000968,Honda,Civic,2015,sedan,gasoline,4888.5,Bx76889564Nw187013
VH000969,BMW,5 Series,2024,sedan,hybrid,41699.21,Ns63553140AZ825555
VH000970,Hyundai,Elantra,2022,sedan,gasoline,13079.71,qE32691037Xd486700
VH000971,Hyundai,Tucson,2020,suv,gasoline,13162.24,ek38435812Ad558110
VH000972,Chevrolet,Equinox,2016,suv,gasoline,6641.49,qM45179015zr175873
VH000973,Ford,F-150,2012,truck,gasoline,6355.9,Jc62725737Xk483130
VH000974,Honda,Accord,2011,sedan,electric,3480.0,ke88181985nx228957
VH000975,Chevrolet,Malibu,2023,sedan,gasoline,16050.42,hD19673551zi618260
VH000976,Hyundai,Tucson,2015,suv,gasoline,6366.51,ps22266826gY096966
VH000977,BMW,7 Series,2024,sedan,gasoline,69757.94,JE12803418Rq028480
VH000978,Chevrolet,Equinox,2022,suv,hybrid,18229.88,im47214673Md356308
VH000979,BMW,3 Series,2015,sedan,gasoline,8962.57,dk10182309um626056
VH000980,BMW,3 Series,2010,sedan,hybrid,5280.0,Ce70645610nN671361
VH000981,Toyota,Corolla,2020,sedan,gasoline,11140.5,XR28274994OL878709
VH000982,Kia,Soul,2015,suv,gasoline,4630.53,Rr31272880hL280398
VH000983,Toyota,Tacoma,2021,truck,gasoline,14472.31,vn46750328Ls683245
VH000984,Ford,Explorer,2008,suv,electric,4680.0,Wr70121782WL248164
VH000985,Kia,Optima,2008,sedan,gasoline,3000.0,Gt12435452zo683952
VH000986,Kia,Sportage,2022,suv,gasoline,14549.54,xs95530665bx952766
VH000987,Chevrolet,Cruze,2012,sedan,gasoline,2768.74,Xn77817066Do913032
VH000988,Chevrolet,Malibu,2019,sedan,gasoline,9732.99,Rx45049679rU823199
VH000989,Nissan,Altima,2021,sedan,gasoline,11615.76,My40864305xp873889
VH000990,BMW,X5,2010,suv,gasoline,7440.0,sI03383887lS609295
VH000991,Kia,Optima,2013,sedan,gasoline,3939.84,Qb69473037GP938504
VH000992,Nissan,Sentra,2014,sedan,gasoline,3497.17,uZ38935349Hf223611
VH000993,BMW,5 Series,2009,sedan,hybrid,6720.0,OI64986912Bf497763
VH000994,BMW,5 Series,2019,sedan,gasoline,18310.39,DO00753257mc001944
VH000995,Chevrolet,Malibu,2020,sedan,gasoline,11512.24,Mp61743588oO981877
VH000996,Kia,Sorento,2014,suv,gasoline,6416.63,HE63729728vj614186
VH000997,BMW,X3,2015,suv,diesel,10267.61,Pg78717104hW963817
VH000998,Hyundai,Elantra,2022,sedan,gasoline,11005.54,qf82222836ka025768
VH000999,Nissan,Frontier,2018,truck,gasoline,10780.18,oc80375749rU925020
VH001000,Toyota,Tacoma,2011,truck,gasoline,4080.0,Nm80928636ye688881
VH001001,BMW,5 Series,2010,sedan,hybrid,6720.0,GW50336665Vb642072
VH001002,Honda,CR-V,2019,suv,gasoline,10253.69,th41574846rb104086
VH001003,Hyundai,Tucson,2010,suv,gasoline,3480.0,Sf61808333Wl504791
VH001004,Toyota,Highlander,2013,suv,gasoline,6066.81,Gr94929436Ou226958
VH001005,Hyundai,Accent,2015,sedan,gasoline,4567.31,Hx77240598gx952059
VH001006,Nissan,Pathfinder,2013,suv,gasoline,5723.01,HC21148826Gz894831
VH001007,Honda,Civic,2015,sedan,gasoline,4732.25,Yo42601358rF769527
VH001008,BMW,7 Series,2016,sedan,gasoline,19453.2,qt24965549Ya306450
VH001009,Nissan,Pathfinder,2008,suv,gasoline,4320.0,nJ39475879TY126920
VH001010,Hyundai,Santa Fe,2011,suv,gasoline,3960.0,BC13372037rW305209
VH001011,Ford,Mustang,2015,sedan,gasoline,7237.51,QE91991235FU279613
VH001012,BMW,5 Series,2016,sedan,gasoline,12067.14,as86841483RV023409
VH001013,Chevrolet,Equinox,2011,suv,gasoline,3480.0,Bf50310902YM918380
VH001014,Nissan,Altima,2009,sedan,gasoline,3120.0,WZ19712565xz788831
VH001015,Toyota,Tacoma,2010,truck,gasoline,4080.0,mT91208037AX284530
VH001016,Kia,Soul,2013,suv,hybrid,3159.72,OQ35080971ao510462
VH001017,Kia,Optima,2022,sedan,hybrid,14793.55,IM22686506kc698227
VH001018,Kia,Soul,2011,suv,gasoline,2430.96,VC88963778cM785078
VH001019,Ford,Focus,2020,sedan,gasoline,8911.74,KM53409524EH087154
VH001020,Ford,Focus,2012,sedan,gasoline,3273.74,Ij92850038xv892640
VH001021,BMW,3 Series,2010,sedan,gasoline,5280.0,HJ81021440EJ166388
VH001022,BMW,X5,2009,suv,hybrid,7440.0,mq15118302Pr097903
VH001023,BMW,7 Series,2018,sedan,gasoline,25100.01,Bs84195695CS888936
VH001024,Toyota,Corolla,2015,sedan,gasoline,4652.81,oe69185403lM189544
VH001025,Kia,Forte,2015,sedan,gasoline,4863.95,UO07616883vc259705
VH001026,BMW,X5,2013,suv,gasoline,10602.12,XS39066021RY992732
VH001027,BMW,3 Series,2020,sedan,gasoline,18564.88,Ut09476083Kh088806
VH001028,Honda,Civic,2017,sedan,electric,6836.01,LG67525132BB138732
VH001029,Chevrolet,Equinox,2018,suv,gasoline,9565.55,JW84777869mn560898
VH001030,Kia,Forte,2018,sedan,gasoline,6898.39,qD39115669jN372617
VH001031,Toyota,Highlander,2017,suv,gasoline,11571.15,qM59817707ob779163
VH001032,Ford,Explorer,2012,suv,gasoline,4821.86,FO17322676Cd376654
VH001033,Chevrolet,Malibu,2010,sedan,gasoline,3120.0,zk24982036NB145073
VH001034,Chevrolet,Silverado,2017,truck,gasoline,10567.14,XH16566424Jy774096
VH001035,Chevrolet,Cruze,2015,sedan,gasoline,4645.13,hL53128410gY844484
VH001036,Chevrolet,Equinox,2016,suv,gasoline,6408.72,jB50470842sO423890
VH001037,Toyota,Highlander,2024,suv,hybrid,29546.69,jN00894662sb440670
VH001038,Toyota,Highlander,2008,suv,gasoline,4560.0,yT04785172cA141751
VH001039,Nissan,Sentra,2020,sedan,gasoline,8982.38,wu31524028ry674537
VH001040,Toyota,Highlander,2023,suv,gasoline,23613.02,vq09546957Fp090982
VH001041,Ford,Escape,2010,suv,gasoline,3490.43,FI39775044OR487834
VH001042,Kia,Sportage,2023,suv,gasoline,17139.8,NN52845434Bd825555
VH001043,Nissan,Altima,2020,sedan,gasoline,12184.44,Zd31119752LN214355
VH001044,Hyundai,Sonata,2008,sedan,gasoline,3240.0,PN94047944nZ964550
VH001045,Toyota,Camry,2012,sedan,gasoline,4497.11,af39245785aG903858
VH001046,Nissan,Rogue,2018,suv,gasoline,10697.8,IO75199842ws694092
VH001047,Hyundai,Tucson,2014,suv,gasoline,5639.09,Ss45888634bM526581
VH001048,Hyundai,Sonata,2010,sedan,gasoline,3240.0,eg98217515vv635153
VH001049,Toyota,RAV4,2014,suv,gasoline,5428.46,st52911495Lo286880
VH001050,Hyundai,Tucson,2013,suv,hybrid,4828.16,Uk57986258eb282249
VH001051,Toyota,RAV4,2017,suv,gasoline,7708.3,XY51808986bN861324
VH001052,BMW,X5,2013,suv,gasoline,9282.69,vx39664735xY329554
VH001053,Nissan,Sentra,2017,sedan,gasoline,5544.87,Yj24235110Ul006572
VH001054,Toyota,Highlander,2022,suv,gasoline,19962.01,MR18683246Ug765763
VH001055,Kia,Soul,2015,suv,gasoline,4861.86,Mj16759775cb588466
VH001056,BMW,7 Series,2012,sedan,gasoline,14214.24,VO49890643YT425222
VH001057,Ford,F-150,2013,truck,gasoline,7451.27,YI13738093RV480448
VH001058,Ford,Escape,2018,suv,gasoline,9794.9,cS87211451ot015938
VH001059,Honda,Pilot,2015,suv,gasoline,8994.14,ih43170430nD474884
VH001060,Honda,Odyssey,2018,minivan,electric,12081.39,ti25278965JJ743404
VH001061,Hyundai,Accent,2013,sedan,gasoline,3145.24,jW96925766He967773
VH001062,Kia,Forte,2017,sedan,electric,5591.18,kF29667060IG020254
VH001063,Ford,Mustang,2021,sedan,hybrid,14017.38,AZ02378273rj993802
VH001064,BMW,5 Series,2010,sedan,electric,6720.0,sG75134309XH881428
VH001065,BMW,5 Series,2022,sedan,hybrid,27731.66,da37446453oT324885
VH001066,Honda,CR-V,2022,suv,hybrid,18985.76,Ve11302791hZ245984
VH001067,Nissan,Frontier,2021,truck,gasoline,16397.4,vR54444104yb543483
VH001068,Kia,Forte,2013,sedan,gasoline,3403.87,Ex71420829pG190646
VH001069,Honda,Pilot,2009,suv,electric,4800.0,Tz09560397hb833533
VH001070,Kia,Sportage,2018,suv,gasoline,8633.59,Pk44372500rH027472
VH001071,Kia,Optima,2015,sedan,gasoline,5541.4,pj72709487YB719739
VH001072,Ford,Mustang,2016,sedan,gasoline,8201.92,yY55644636nr954127
VH001073,Toyota,Highlander,2008,suv,gasoline,4560.0,nk85116448uT107284
VH001074,Hyundai,Elantra,2009,sedan,gasoline,2640.0,Oj40124246FR424025
VH001075,Ford,Mustang,2017,sedan,gasoline,9315.09,Be79876796kD747690
VH001076,Hyundai,Elantra,2012,sedan,gasoline,2885.69,kl90440945Zo863087
VH001077,Toyota,Corolla,2021,sedan,gasoline,9813.14,VF38727689xF354755
VH001078,Toyota,Camry,2020,sedan,gasoline,10462.25,BL75876406gf889920
VH001079,BMW,X3,2008,suv,gasoline,5640.0,Ik12940399Pg198149
VH001080,Nissan,Altima,2015,sedan,gasoline,5095.62,PE62482542uA540867
VH001081,BMW,7 Series,2019,sedan,gasoline,33387.39,mC67073931bR492419
VH001082,Honda,Civic,2021,sedan,hybrid,12448.05,mg99932495sp641137
VH001083,Nissan,Pathfinder,2023,suv,gasoline,24388.02,og95346467wZ255971
VH001084,BMW,X3,2011,suv,gasoline,5663.11,aw33060704kk770736
VH001085,Toyota,Camry,2014,sedan,gasoline,5294.63,kA35256713OZ496755
VH001086,Kia,Soul,2023,suv,gasoline,14477.0,Sv79295986Ec878354
VH001087,Nissan,Sentra,2016,sedan,hybrid,4713.41,wx91943926gw191385
VH001088,Chevrolet,Tahoe,2024,suv,gasoline,44978.76,FW24683867HL507189
VH001089,Hyundai,Tucson,2011,suv,gasoline,3958.3,vE27416066aP086822
VH001090,Chevrolet,Malibu,2015,sedan,gasoline,6224.9,Pd15346602QY614623
VH001091,Hyundai,Accent,2013,sedan,electric,3301.7,MI46801797Sd982187
VH001092,Ford,Escape,2015,suv,gasoline,6707.08,Bt28681187pz088635
VH001093,Chevrolet,Tahoe,2012,suv,gasoline,7250.39,DT14860839iH634200
VH001094,Toyota,Highlander,2008,suv,gasoline,4560.0,ls23716189td807597
VH001095,Honda,CR-V,2017,suv,gasoline,7669.28,cz45301656oY731772
VH001096,Ford,Escape,2018,suv,gasoline,10893.46,Oq44636343pS899442
VH001097,BMW,3 Series,2023,sedan,gasoline,32737.6,fs91774027jE748166
VH001098,Hyundai,Accent,2018,sedan,gasoline,6444.37,hx96022901Qb197033
VH001099,BMW,3 Series,2019,sedan,gasoline,18861.31,vr45184105zc267834
VH001100,Toyota,Camry,2018,sedan,gasoline,8014.52,Rq41652222SR608949
VH001101,BMW,7 Series,2023,sedan,diesel,61414.88,Xf56823575hv852910
VH001102,BMW,5 Series,2017,sedan,gasoline,17070.11,hp78010284kR295079
VH001103,Ford,Explorer,2023,suv,gasoline,22600.43,Bl83742854aI987000
VH001104,Ford,F-150,2014,truck,gasoline,8070.86,cG15810970Xo969300
VH001105,Ford,Mustang,2022,sedan,gasoline,20642.82,RW85190910kR444893
VH001106,Hyundai,Sonata,2013,sedan,gasoline,4890.94,WP02496230Dz038314
VH001107,Ford,Mustang,2012,sedan,gasoline,4139.54,YN78230378Xv624634
VH001108,Toyota,RAV4,2010,suv,gasoline,3600.0,Iv72940555vJ470437
VH001109,Chevrolet,Tahoe,2013,suv,gasoline,9494.94,Vm17168307ay549222
VH001110,Ford,Mustang,2011,sedan,hybrid,3840.0,yp60958333li432041
VH001111,Hyundai,Accent,2016,sedan,electric,4230.39,zE50928702WN715136
VH001112,Hyundai,Tucson,2011,suv,hybrid,3931.9,OA23263093ZC166757
VH001113,Honda,Pilot,2012,suv,hybrid,5169.06,Xn62797598mc307109
VH001114,BMW,3 Series,2019,sedan,gasoline,14536.61,XH42915556Gt676449
VH001115,Ford,F-150,2016,truck,hybrid,10502.67,DD47155522bv774773
VH001116,BMW,X3,2021,suv,hybrid,22798.52,gt34397445WL907250
VH001117,BMW,X3,2023,suv,gasoline,34986.46,Im26167160QW482293
VH001118,Honda,CR-V,2011,suv,electric,3720.0,Tp60104198gQ863301
VH001119,Nissan,Frontier,2015,truck,hybrid,6291.43,DO74349415FD364122
VH001120,Chevrolet,Cruze,2010,sedan,gasoline,2452.97,gy60321686gG245556
VH001121,Kia,Forte,2017,sedan,gasoline,5825.4,dy36478122cp624425
VH001122,Honda,Odyssey,2009,minivan,electric,4440.0,gt80816757az169536
VH001123,Chevrolet,Silverado,2017,truck,gasoline,12249.99,pj04455688yd396616
VH001124,BMW,X5,2019,suv,gasoline,26184.09,Eq90502380PH841621
VH001125,Kia,Sorento,2008,suv,gasoline,3960.0,AK18248386HH905882
VH001126,Nissan,Rogue,2019,suv,gasoline,10710.16,AI41184732yG580869
VH001127,Nissan,Sentra,2008,sedan,gasoline,2520.0,rW91380675OV418875
VH001128,Hyundai,Tucson,2020,suv,gasoline,12415.08,AE56804239Vj738159
VH001129,BMW,7 Series,2017,sedan,gasoline,25827.54,ar04692011JM080179
VH001130,Kia,Sportage,2014,suv,gasoline,5111.48,eW25266328Ba054557
VH001131,Hyundai,Santa Fe,2009,suv,gasoline,3960.0,rI29207453iF308458
VH001132,Nissan,Sentra,2024,sedan,hybrid,14217.44,hl49473068zx329680
VH001133,Toyota,Corolla,2018,sedan,gasoline,8547.2,iV87831209Xe521476
VH001134,Toyota,Corolla,2018,sedan,gasoline,8240.93,rj62632822Ct330174
VH001135,Toyota,RAV4,2015,suv,gasoline,5800.26,Md92702342TP021911
VH001136,BMW,7 Series,2021,sedan,hybrid,42575.62,YE34295832Af351525
VH001137,Toyota,Camry,2014,sedan,gasoline,5002.41,LQ54092656Di795128
VH001138,Nissan,Altima,2008,sedan,gasoline,3120.0,cz22929998wh963298
VH001139,Kia,Sportage,2021,suv,gasoline,14224.21,WF65250459ev339248
VH001140,BMW,X5,2021,suv,gasoline,30953.96,QU21365314AF940123
VH001141,Ford,Focus,2012,sedan,gasoline,3192.76,kr25466184jj524537
VH001142,Ford,Escape,2020,suv,gasoline,12489.76,Sx28115871AV233067
VH001143,Ford,F-150,2022,truck,gasoline,23945.53,BH57364927sP718959
VH001144,Chevrolet,Silverado,2013,truck,gasoline,7460.51,yf74644337KS126686
VH001145,Honda,CR-V,2023,suv,electric,20598.76,WC12143779yR766908
VH001146,Toyota,Camry,2009,sedan,gasoline,3360.0,TF35371036cR743810
VH001147,Ford,Focus,2008,sedan,gasoline,2520.0,tY47086773sZ477290
VH001148,Honda,Pilot,2013,suv,gasoline,6371.29,WJ08864198AT398271
VH001149,Ford,Focus,2019,sedan,gasoline,7605.98,qz68111391qM988419
VH001150,Honda,CR-V,2020,suv,gasoline,12836.68,PY26044885Kk996818
VH001151,Hyundai,Santa Fe,2024,suv,gasoline,26485.32,nj23934311ME498442
VH001152,Toyota,Camry,2012,sedan,gasoline,4024.61,gL13372645Ta337301
VH001153,Nissan,Sentra,2016,sedan,electric,4672.94,US45347822cg661092
VH001154,Chevrolet,Malibu,2017,sedan,diesel,6536.59,qd23898537ZP609867
VH001155,Nissan,Pathfinder,2016,suv,hybrid,9988.59,mt97431125QC046311
VH001156,Ford,Escape,2023,suv,gasoline,16955.49,oe63651432Hb944798
VH001157,Chevrolet,Equinox,2011,suv,gasoline,3480.0,rB44454640LU843534
VH001158,Kia,Sorento,2019,suv,gasoline,12778.74,Qh92852944Dl854500
VH001159,Honda,CR-V,2011,suv,gasoline,4009.52,ch65588496kO220091
VH001160,Toyota,Corolla,2024,sedan,gasoline,18285.96,NK14742161Sp044787
VH001161,Ford,Explorer,2015,suv,gasoline,8289.03,cw53810715Dh259693
VH001162,Chevrolet,Tahoe,2012,suv,gasoline,7703.97,Mk65691899hs753036
VH001163,Toyota,Corolla,2013,sedan,gasoline,4249.64,gl98545285pd438729
VH001164,Toyota,Tacoma,2015,truck,gasoline,6357.39,lp24793555EG840069
VH001165,Toyota,Highlander,2011,suv,gasoline,4945.34,Je64135679vh644622
VH001166,BMW,X5,2022,suv,gasoline,40299.99,Ww04234043lk821246
VH001167,Nissan,Rogue,2023,suv,gasoline,20099.19,Qu13204110ud129668
VH001168,BMW,5 Series,2023,sedan,hybrid,41473.67,cT91784248oH759503
VH001169,Hyundai,Tucson,2011,suv,gasoline,3511.31,AZ84708464bB156684
VH001170,Toyota,RAV4,2015,suv,gasoline,5939.84,az55894202uy605844
VH001171,Chevrolet,Silverado,2012,truck,gasoline,6215.49,am30209429nc009879
VH001172,BMW,7 Series,2010,sedan,gasoline,10560.0,rc17575267JL794936
VH001173,Toyota,Highlander,2020,suv,gasoline,15600.08,mh34357814XT203700
VH001174,Hyundai,Tucson,2021,suv,electric,15726.02,Sw15752491io142109
VH001175,Chevrolet,Cruze,2016,sedan,gasoline,5177.47,Vg11911761ai714873
VH001176,Chevrolet,Cruze,2010,sedan,gasoline,2400.0,Ur34508851uj927562
VH001177,Toyota,RAV4,2013,suv,gasoline,5222.0,nX20688158xZ463155
VH001178,Chevrolet,Cruze,2014,sedan,hybrid,4144.68,WB29611751QD505107
VH001179,Hyundai,Sonata,2012,sedan,gasoline,3609.9,jj43933183aN588032
VH001180,Chevrolet,Equinox,2024,suv,gasoline,23358.29,cq52090073vR561714
VH001181,Chevrolet,Cruze,2017,sedan,gasoline,5845.28,TD40928554ac284523
VH001182,Chevrolet,Malibu,2020,sedan,gasoline,12697.77,qN29390940KU442895
VH001183,BMW,5 Series,2016,sedan,gasoline,15104.56,Nj63769582za838244
VH001184,Chevrolet,Malibu,2022,sedan,gasoline,13831.76,kZ31566614QO527430
VH001185,Chevrolet,Tahoe,2016,suv,gasoline,13470.85,Dp74626509Cx008689
VH001186,Ford,Escape,2024,suv,gasoline,20902.29,EO42138283xC217327
VH001187,BMW,X3,2013,suv,gasoline,8436.36,rz40533628UL768874
VH001188,Hyundai,Sonata,2017,sedan,gasoline,8590.18,Gt15486574aF438753
VH001189,BMW,5 Series,2013,sedan,gasoline,8071.9,kb31162535zC550549
VH001190,Chevrolet,Equinox,2015,suv,gasoline,5585.94,ij69828864dY897805
VH001191,Honda,Pilot,2023,suv,gasoline,26310.7,uc09676839lc563990
VH001192,Chevrolet,Malibu,2015,sedan,gasoline,6358.79,pi23115493KR451484
VH001193,Toyota,Highlander,2017,suv,gasoline,9456.19,FR26652467tZ762983
VH001194,Hyundai,Tucson,2018,suv,gasoline,9112.82,Zj76842859Co311777
VH001195,BMW,3 Series,2015,sedan,hybrid,10374.21,Iw27754613ru995459
VH001196,Nissan,Altima,2014,sedan,gasoline,5618.55,ph15124029fU549970
VH001197,Ford,Explorer,2023,suv,electric,28013.3,jL98086146Bq786135
VH001198,Kia,Sportage,2022,suv,gasoline,14839.63,pj48356441If452578
VH001199,Ford,Explorer,2021,suv,hybrid,20319.95,AC49809151Os271084
VH001200,Honda,Accord,2018,sedan,gasoline,10393.05,xY36433109mV686340
VH001201,Toyota,Highlander,2013,suv,gasoline,6717.73,aa33315849vI846638
VH001202,Honda,Odyssey,2023,minivan,gasoline,22726.43,nl30715833JH661136
VH001203,Chevrolet,Equinox,2024,suv,hybrid,19023.53,nr08912664fT807923
VH001204,Hyundai,Sonata,2022,sedan,gasoline,17494.67,MS33225086cS456632
VH001205,Nissan,Frontier,2015,truck,electric,7941.81,Pv89954938aD317127
VH001206,Honda,Odyssey,2015,minivan,gasoline,8684.96,ME76774791ek223046
VH001207,BMW,3 Series,2015,sedan,gasoline,8779.54,zi09218921Xq786569
VH001208,BMW,X3,2014,suv,gasoline,8002.65,yd55803655Fo882043
VH001209,Honda,Pilot,2024,suv,gasoline,27671.09,Pj21565915aE039046
VH001210,Chevrolet,Malibu,2019,sedan,electric,9654.28,et09024736Xr118959
VH001211,Ford,Explorer,2014,suv,gasoline,7218.62,ES12462794my243961
VH001212,Toyota,Highlander,2008,suv,gasoline,4560.0,lA12079259kx033919
VH001213,Kia,Forte,2013,sedan,hybrid,3401.29,LR95282813Mp620901
VH001214,Honda,Odyssey,2011,minivan,gasoline,5034.86,jb93701650Se721671
VH001215,Kia,Forte,2023,sedan,gasoline,12823.21,Eo84929644vg840391
VH001216,Toyota,Camry,2018,sedan,gasoline,9594.05,zI71060447vR239709
VH001217,Honda,CR-V,2008,suv,gasoline,3720.0,EX68291174tL931086
VH001218,Ford,F-150,2009,truck,gasoline,5040.0,Fi18397183dx503070
VH001219,Kia,Soul,2016,suv,hybrid,5271.28,DS20672611uf082618
VH001220,Kia,Soul,2015,suv,gasoline,4060.54,Jj61800264kL877502
VH001221,Honda,CR-V,2017,suv,gasoline,9726.22,rD67481456zr069587
VH001222,Chevrolet,Tahoe,2016,suv,gasoline,12576.4,NK40761273ZP971660
VH001223,Toyota,Tacoma,2020,truck,gasoline,14969.8,NL49890689kX162948
VH001224,Toyota,Camry,2011,sedan,electric,3599.7,JL01024683ns084380
VH001225,Kia,Optima,2023,sedan,hybrid,15972.32,fR39997840eY114415
VH001226,Chevrolet,Cruze,2022,sedan,gasoline,12055.68,Az64966567ev859717
VH001227,Honda,Odyssey,2012,minivan,gasoline,5898.6,VK26769923Sa861243
VH001228,Toyota,RAV4,2014,suv,gasoline,5373.45,Lj20830640GO511363
VH001229,Kia,Optima,2017,sedan,gasoline,6896.94,pA57707880gi460205
VH001230,Chevrolet,Cruze,2013,sedan,gasoline,3575.5,tA64661484Xm335048
VH001231,Kia,Soul,2015,suv,gasoline,3780.26,rP63966383TW566800
VH001232,Hyundai,Elantra,2022,sedan,gasoline,11755.22,zz10168154ys703131
VH001233,Hyundai,Santa Fe,2012,suv,electric,4621.57,km09952293Jo111845
VH001234,Toyota,RAV4,2017,suv,gasoline,9447.84,xQ33274926tZ416175
VH001235,Kia,Sportage,2020,suv,diesel,11893.56,mP87838542nI975837
VH001236,Ford,Focus,2013,sedan,gasoline,2937.93,TG91327919sI321451
VH001237,Toyota,Camry,2018,sedan,gasoline,9301.73,fH70566595fL995978
VH001238,Ford,Focus,2022,sedan,gasoline,13530.32,BT82491072gk995315
VH001239,Toyota,Tacoma,2022,truck,gasoline,18058.36,zD91768006fM191323
VH001240,Nissan,Pathfinder,2013,suv,gasoline,5028.68,eZ48167462vj346622
VH001241,Chevrolet,Tahoe,2024,suv,gasoline,41490.67,TH39363661sT414174
VH001242,Kia,Sportage,2016,suv,gasoline,7128.53,Pd33740850hv603854
VH001243,Chevrolet,Silverado,2012,truck,electric,5940.79,Qr56850192cE098540
VH001244,Chevrolet,Silverado,2015,truck,gasoline,7924.14,WX85321438xb033830
VH001245,BMW,7 Series,2024,sedan,gasoline,72773.93,hJ24195460aU710665
VH001246,Hyundai,Elantra,2014,sedan,gasoline,3604.53,su82134922NN218936
VH001247,Hyundai,Tucson,2010,suv,gasoline,3480.0,zi38447133xv376632
VH001248,Chevrolet,Tahoe,2018,suv,gasoline,19404.24,BH47721087cN618295
VH001249,Honda,CR-V,2015,suv,gasoline,6682.59,ii64557662Mu914164
VH001250,Nissan,Frontier,2020,truck,gasoline,15139.07,RY00722725UB115153
VH001251,Kia,Sorento,2015,suv,gasoline,7802.41,li47731351vl336079
VH001252,Kia,Sorento,2019,suv,gasoline,11948.94,VG46569297Ul580549
VH001253,Hyundai,Santa Fe,2019,suv,hybrid,14240.19,YN09810858Yv531173
VH001254,Honda,Pilot,2009,suv,gasoline,4800.0,nd50355591mx369913
VH001255,Kia,Optima,2020,sedan,gasoline,9917.53,CB45656999Sw544309
VH001256,Hyundai,Santa Fe,2009,suv,gasoline,3960.0,Mu11305836BH923181
VH001257,Nissan,Sentra,2015,sedan,electric,4340.92,wq17214706AJ898120
VH001258,Honda,Odyssey,2022,minivan,gasoline,22966.2,zh40922100jv607440
VH001259,BMW,5 Series,2024,sedan,gasoline,45029.4,bf25053505ol332560
VH001260,Ford,F-150,2013,truck,gasoline,6143.49,CF89833633nw267485
VH001261,Ford,Explorer,2011,suv,gasoline,4774.05,sF97695541ke661036
VH001262,Hyundai,Santa Fe,2021,suv,gasoline,17485.47,zL84946046nk695719
VH001263,Chevrolet,Malibu,2017,sedan,gasoline,6364.29,zk84598134Ht016555
VH001264,BMW,X5,2014,suv,gasoline,13122.12,eJ93426549XD453294
VH001265,Toyota,Corolla,2014,sedan,gasoline,4494.21,Ue40453409Ri130880
VH001266,BMW,7 Series,2010,sedan,gasoline,10560.0,xt62224644WU851680
VH001267,Ford,Focus,2014,sedan,gasoline,3788.04,qb24749726Dn161875
VH001268,Nissan,Frontier,2016,truck,gasoline,6990.76,sY34284816uv014460
VH001269,Ford,F-150,2008,truck,hybrid,5040.0,fg60538098Ro286957
VH001270,Ford,Explorer,2012,suv,gasoline,6360.5,Yw09611687OK767368
VH001271,Ford,Explorer,2014,suv,electric,8288.69,oj65551713VY562421
VH001272,Nissan,Rogue,2015,suv,gasoline,5348.47,eh21713555gE154340
VH001273,Toyota,RAV4,2019,suv,gasoline,10138.45,Ss62298852Ja854196
VH001274,Toyota,Tacoma,2022,truck,diesel,18268.78,cb17393463LA932018
VH001275,Toyota,Tacoma,2018,truck,gasoline,10078.05,ex96636848jO503576
VH001276,Chevrolet,Cruze,2024,sedan,hybrid,13741.27,ab16420527Rw151752
VH001277,Kia,Sorento,2015,suv,gasoline,7846.98,sv65291030ry662983
VH001278,BMW,5 Series,2017,sedan,gasoline,17783.42,Fv13853118PB917440
VH001279,Honda,Pilot,2019,suv,gasoline,17106.2,vR89136804bJ272412
VH001280,Chevrolet,Equinox,2012,suv,gasoline,4439.07,WH42759272Hj885722
VH001281,Chevrolet,Silverado,2012,truck,gasoline,6675.1,Fc97458816Nc092617
VH001282,Honda,CR-V,2017,suv,gasoline,8116.89,eE47562272fV031890
VH001283,Ford,Mustang,2012,sedan,gasoline,4596.94,jQ25001762yj359386
VH001284,Chevrolet,Silverado,2015,truck,gasoline,9292.7,GI73867501ya617460
VH001285,Nissan,Altima,2019,sedan,gasoline,10838.48,dP71751895ul403795
VH001286,Kia,Sportage,2022,suv,diesel,15523.76,VB74876650QJ365658
VH001287,Kia,Sorento,2016,suv,gasoline,7562.18,Yc92967039PS226474
VH001288,BMW,5 Series,2012,sedan,gasoline,7497.44,lP93014981Vk109128
VH001289,Kia,Forte,2017,sedan,gasoline,6598.8,du25499278la888506
VH001290,Ford,Focus,2018,sedan,gasoline,7134.98,qp14041848aD778021
VH001291,Kia,Optima,2015,sedan,gasoline,5280.03,NW19905405zi538883
VH001292,Ford,Escape,2014,suv,gasoline,4952.14,uE58566496py344067
VH001293,Chevrolet,Equinox,2023,suv,gasoline,20687.04,Sp36678542UG954366
VH001294,Kia,Sorento,2016,suv,gasoline,8184.48,Ry54679151zF201078
VH001295,Honda,Accord,2012,sedan,gasoline,3589.53,yr46962659qE944900
VH001296,Hyundai,Accent,2020,sedan,gasoline,7821.53,HF66333704gZ004663
VH001297,Toyota,RAV4,2015,suv,gasoline,7220.88,qo07916292Zp691091
VH001298,Ford,Mustang,2013,sedan,hybrid,4982.19,bI89751859vr519520
VH001299,Toyota,RAV4,2009,suv,gasoline,3600.0,mg74187074wk905659
VH001300,Kia,Sorento,2021,suv,gasoline,15027.43,ob80290377JT387704
VH001301,Honda,Accord,2011,sedan,gasoline,3480.0,Cu29006452Pc755905
VH001302,Ford,Focus,2019,sedan,gasoline,8224.72,ME08794271lH812156
VH001303,Nissan,Rogue,2020,suv,gasoline,10815.62,KX06060443Qf353840
VH001304,Toyota,Tacoma,2017,truck,gasoline,9497.41,Mg75949266UX890860
VH001305,Chevrolet,Tahoe,2014,suv,gasoline,10119.88,uf04960205YB596505
VH001306,Ford,Focus,2024,sedan,gasoline,15151.39,EK78852828XH686583
VH001307,Hyundai,Accent,2013,sedan,hybrid,3032.15,GD32428329IF414846
VH001308,Nissan,Rogue,2010,suv,gasoline,3480.0,mK98078036fc776750
VH001309,Toyota,Corolla,2010,sedan,gasoline,2765.2,bJ41708693gM997757
VH001310,Nissan,Frontier,2018,truck,gasoline,8959.82,BB71433874Tc233931
VH001311,Kia,Forte,2012,sedan,gasoline,2822.44,wt86134068wo743452
VH001312,Chevrolet,Tahoe,2012,suv,gasoline,7144.09,kT69807543Vi594125
VH001313,Honda,CR-V,2024,suv,gasoline,22076.44,Jf92938520Ox633923
VH001314,Chevrolet,Silverado,2022,truck,hybrid,24058.47,Je29913368RX925445
VH001315,Honda,Odyssey,2021,minivan,gasoline,18256.58,bc73061484XG059620
VH001316,Ford,Focus,2023,sedan,gasoline,13296.56,Sb99128500Aj753202
VH001317,Honda,CR-V,2024,suv,gasoline,21076.94,Cf58231658Dg813857
VH001318,Chevrolet,Cruze,2022,sedan,gasoline,11675.99,Qx77165540ke516303
VH001319,Kia,Optima,2023,sedan,gasoline,15776.06,hE19381576kv638998
VH001320,BMW,3 Series,2020,sedan,hybrid,20463.45,Kc19026579wd332493
VH001321,Honda,Civic,2018,sedan,hybrid,8171.42,PB70994616ph919360
VH001322,Ford,Explorer,2023,suv,hybrid,28065.28,yP23124413GS650396
VH001323,Kia,Soul,2010,suv,gasoline,2400.0,cF11517894cs737467
VH001324,Nissan,Pathfinder,2021,suv,gasoline,18285.54,gb39060750KH924940
VH001325,Chevrolet,Equinox,2016,suv,gasoline,6708.58,aj09570387Mm706714
VH001326,Toyota,Corolla,2018,sedan,gasoline,6636.37,ns49888312YV966964
VH001327,Nissan,Altima,2009,sedan,gasoline,3120.0,EE51467481Dp385255
VH001328,Honda,Odyssey,2011,minivan,gasoline,5098.7,UV36195701ll454189
VH001329,Honda,CR-V,2021,suv,gasoline,17532.5,Qo02384610xe567553
VH001330,Hyundai,Elantra,2020,sedan,gasoline,9356.16,bt92368069PM157628
VH001331,Chevrolet,Malibu,2019,sedan,gasoline,10389.57,DH25636694Db206741
VH001332,Honda,Pilot,2021,suv,hybrid,20278.37,Nq12107086VS876893
VH001333,Toyota,RAV4,2015,suv,gasoline,5730.04,NI41221638Dj257625
VH001334,Toyota,Tacoma,2018,truck,gasoline,12305.56,VW39974676WM741628
VH001335,Toyota,Tacoma,2017,truck,gasoline,9497.28,Ds07183016md574815
VH001336,Toyota,Highlander,2021,suv,gasoline,19959.28,iE23183567ft045661
VH001337,Nissan,Frontier,2014,truck,gasoline,6446.32,hQ29086441dZ257530
VH001338,Chevrolet,Silverado,2023,truck,gasoline,31043.97,uW10152549cX268388
VH001339,Honda,CR-V,2022,suv,hybrid,16481.24,Gf84186248xg526521
VH001340,Hyundai,Santa Fe,2013,suv,gasoline,6138.54,Xx43727017tt921950
VH001341,BMW,5 Series,2014,sedan,electric,10346.89,aJ01132206oI187445
VH001342,Ford,Focus,2015,sedan,gasoline,4917.72,RZ89951526rR607494
VH001343,BMW,7 Series,2023,sedan,gasoline,60830.02,yz84728581Le490865
VH001344,Toyota,Highlander,2008,suv,gasoline,4560.0,Qo43885979Ko320116
VH001345,Toyota,Corolla,2019,sedan,gasoline,9156.34,Ho73238821Rg218573
VH001346,BMW,X3,2009,suv,gasoline,5640.0,XG03631244zL495032
VH001347,BMW,3 Series,2012,sedan,gasoline,6844.98,zH80580352Kf639496
VH001348,Chevrolet,Malibu,2017,sedan,gasoline,8440.8,NZ31457044GY290885
VH001349,Chevrolet,Tahoe,2014,suv,gasoline,11242.17,vq82384403fT408767
VH001350,Nissan,Altima,2023,sedan,gasoline,19076.77,jM63815432JO077413
VH001351,Kia,Sportage,2015,suv,gasoline,6346.0,jL14161187cw502346
VH001352,Kia,Optima,2022,sedan,gasoline,15312.84,SL12902893dN480442
VH001353,Kia,Sorento,2010,suv,gasoline,3960.0,hi10384266Az468512
VH001354,Honda,Odyssey,2024,minivan,gasoline,27574.84,wR85388018eS482342
VH001355,BMW,X5,2024,suv,gasoline,43620.0,Lq70216505iZ678246
VH001356,Toyota,Camry,2024,sedan,gasoline,23767.81,EX89750690pf492589
VH001357,Kia,Sportage,2023,suv,gasoline,17789.75,lD29189220ef254556
VH001358,Honda,Accord,2008,sedan,gasoline,3480.0,oA00839113Jk638508
VH001359,Kia,Optima,2012,sedan,gasoline,3034.79,xp65736759jx795395
VH001360,Nissan,Altima,2022,sedan,gasoline,13963.42,wl71441505xW199766
VH001361,BMW,X3,2017,suv,electric,15322.21,RC70966177JZ740366
VH001362,Kia,Sorento,2013,suv,gasoline,6097.99,RA71218381Cv717173
VH001363,Kia,Soul,2021,suv,hybrid,10517.44,js85235104qu470989
VH001364,Nissan,Frontier,2011,truck,gasoline,3840.0,Qe12113138Na370128
VH001365,Honda,Pilot,2014,suv,gasoline,6793.89,Qa13547457Ok631764
VH001366,Chevrolet,Tahoe,2016,suv,hybrid,12512.62,dx48657963BW821108
VH001367,Toyota,Camry,2019,sedan,electric,10560.55,fn59635182Au434497
VH001368,BMW,X5,2013,suv,gasoline,10263.9,Wp31498358lv684726
VH001369,Honda,Pilot,2012,suv,gasoline,5252.99,lG74102278Zu250105
VH001370,Chevrolet,Tahoe,2024,suv,gasoline,35386.98,cx09484591SR277105
VH001371,Nissan,Frontier,2019,truck,gasoline,10725.8,rV20245545Gq297140
VH001372,Chevrolet,Silverado,2019,truck,gasoline,16352.6,IO82167639Ks737561
VH001373,Honda,Civic,2024,sedan,electric,17965.38,tj11197891Oq645021
VH001374,Honda,Pilot,2012,suv,gasoline,5935.17,wA11754226VC245208
VH001375,Kia,Optima,2019,sedan,diesel,10626.18,rV71164603hg146784
VH001376,Nissan,Frontier,2013,truck,gasoline,4926.92,NQ75471195Me916000
VH001377,Honda,CR-V,2023,suv,gasoline,18428.42,VP43385124Sf297404
VH001378,Honda,CR-V,2011,suv,gasoline,3720.0,Ku87766334hB616855
VH001379,Kia,Sorento,2012,suv,gasoline,4274.82,np66933417Lk629416
VH001380,Chevrolet,Malibu,2010,sedan,gasoline,3120.0,FU33990150mP324057
VH001381,Nissan,Frontier,2016,truck,gasoline,7577.9,zD64600280jO975330
VH001382,Hyundai,Tucson,2014,suv,electric,5957.07,Kq93826709SM346314
VH001383,Chevrolet,Cruze,2018,sedan,diesel,6985.75,FZ77315189Vq538863
VH001384,BMW,3 Series,2024,sedan,hybrid,37954.07,xS55806928GO503591
VH001385,Chevrolet,Equinox,2019,suv,gasoline,11552.22,bU98108457Ph989847
VH001386,Toyota,Camry,2012,sedan,gasoline,3744.6,Dq17809490LC708045
VH001387,Ford,Focus,2015,sedan,gasoline,4147.89,uW70185306iA651547
VH001388,Hyundai,Sonata,2024,sedan,gasoline,18294.97,VE51187451CY670259
VH001389,Honda,Odyssey,2010,minivan,gasoline,4440.0,aN79205451BG267141
VH001390,BMW,5 Series,2022,sedan,gasoline,33331.56,IN58356869oD358653
VH001391,BMW,5 Series,2024,sedan,electric,43274.75,xy43296487mJ934858
VH001392,Nissan,Pathfinder,2008,suv,gasoline,4320.0,Dw84280752mF545682
VH001393,Ford,Explorer,2012,suv,gasoline,4784.36,NH86541516lJ744519
VH001394,Ford,Escape,2011,suv,gasoline,3936.99,QU78518581Yb668698
VH001395,Hyundai,Accent,2010,sedan,gasoline,2280.0,bA47662945sq524484
VH001396,Hyundai,Sonata,2018,sedan,hybrid,8200.98,ob14752070Wf623414
VH001397,Ford,Focus,2017,sedan,gasoline,5911.84,Ih41574849Hj833295
VH001398,Kia,Soul,2012,suv,gasoline,3024.58,Qm83190774xG990319
VH001399,Honda,CR-V,2020,suv,gasoline,15056.2,qk94290953lB475326
VH001400,Chevrolet,Equinox,2014,suv,gasoline,6243.9,vl49397504gp239631
VH001401,Honda,Pilot,2013,suv,electric,7257.69,BI80409689TJ443778
VH001402,Kia,Sorento,2017,suv,electric,8279.34,nB86851433lU126957
VH001403,Kia,Optima,2017,sedan,gasoline,7657.96,yn76390008Uz219228
VH001404,Honda,Pilot,2022,suv,hybrid,23762.15,eR87003922Lg887836
VH001405,Hyundai,Santa Fe,2018,suv,gasoline,10249.65,Sq92623836yb032438
VH001406,Honda,Civic,2021,sedan,gasoline,11097.67,xh82206814qF386833
VH001407,Hyundai,Elantra,2008,sedan,gasoline,2640.0,CG55916022wY946128
VH001408,Chevrolet,Equinox,2017,suv,gasoline,8197.82,wH56781027tD956715
VH001409,Kia,Sportage,2023,suv,gasoline,17811.33,AF93923083nD593058
VH001410,BMW,3 Series,2024,sedan,gasoline,30577.63,up18713662NK114684
VH001411,Nissan,Rogue,2020,suv,gasoline,13054.23,mg86164634qv472311
VH001412,Toyota,Corolla,2022,sedan,gasoline,12814.13,MV52651547tK875710
VH001413,Chevrolet,Equinox,2015,suv,gasoline,6191.38,yN00031784rI928024
VH001414,BMW,3 Series,2014,sedan,gasoline,8380.4,hg79803235SC228490
VH001415,Kia,Sorento,2023,suv,electric,18731.81,sZ77029222KJ328731
VH001416,Ford,Explorer,2024,suv,gasoline,27918.02,YA31983840WL352327
VH001417,Toyota,RAV4,2021,suv,gasoline,12944.61,VM22152978lO504975
VH001418,Ford,Focus,2012,sedan,diesel,3164.68,dE72643068JI478854
VH001419,Toyota,Camry,2012,sedan,gasoline,4368.63,Dp82504698tl945019
VH001420,Honda,Civic,2008,sedan,gasoline,2880.0,oH13206962DF610810
VH001421,Hyundai,Santa Fe,2013,suv,gasoline,5696.17,Uf22289269uy633876
VH001422,Honda,Odyssey,2023,minivan,gasoline,25517.57,vt24033079xf598823
VH001423,Nissan,Rogue,2024,suv,electric,20415.07,vY91732582yr926263
VH001424,Honda,Accord,2017,sedan,electric,7726.77,mM50573630wO283264
VH001425,Chevrolet,Silverado,2016,truck,gasoline,11314.62,kb12759025nk419579
VH001426,Ford,Escape,2008,suv,gasoline,3480.0,eB98818091lc617681
VH001427,Nissan,Pathfinder,2012,suv,hybrid,4919.51,Qm69794020yy293665
VH001428,Toyota,Tacoma,2011,truck,hybrid,4080.0,qG67833689AO912024
VH001429,BMW,5 Series,2023,sedan,gasoline,41889.57,hL33531609Bo432817
VH001430,Chevrolet,Silverado,2021,truck,gasoline,22445.11,UT86432671df595875
VH001431,Nissan,Frontier,2011,truck,gasoline,4025.5,SU28482715ra998147
VH001432,BMW,5 Series,2016,sedan,gasoline,15227.29,sm01302740gh736835
VH001433,Kia,Sportage,2022,suv,electric,16880.11,zH98379392KC547947
VH001434,Kia,Optima,2009,sedan,gasoline,3000.0,ZW25937472iC707683
VH001435,Ford,F-150,2011,truck,gasoline,5231.01,Nn44426110xc467647
VH001436,Ford,Escape,2014,suv,gasoline,5849.61,gY23105499je248784
VH001437,Chevrolet,Silverado,2023,truck,gasoline,25324.66,Js32716043wy625786
VH001438,Kia,Sportage,2013,suv,gasoline,4373.01,PY18680360UG018009
VH001439,Kia,Optima,2020,sedan,gasoline,12420.91,NU71759030Av847536
VH001440,Chevrolet,Silverado,2021,truck,gasoline,22276.5,tP90338303CA273892
VH001441,Kia,Sportage,2018,suv,gasoline,8639.69,ER49916041PL560120
VH001442,Kia,Soul,2019,suv,gasoline,7042.43,lj28317176bq527862
VH001443,Chevrolet,Equinox,2010,suv,electric,3480.0,Iy58599319Pk058246
VH001444,Honda,Pilot,2022,suv,hybrid,23344.7,mc98397919zg668159
VH001445,Kia,Sportage,2018,suv,gasoline,8787.62,Rp62547044Zk007153
VH001446,Chevrolet,Malibu,2008,sedan,gasoline,3120.0,ts36756078Ew212401
VH001447,Honda,Odyssey,2018,minivan,gasoline,10710.66,KU48238267OF079511
VH001448,Ford,Explorer,2024,suv,gasoline,25166.19,aJ43213146Ph147078
VH001449,Ford,Focus,2011,sedan,hybrid,2520.0,RS00886856Ly067790
VH001450,Honda,Accord,2010,sedan,gasoline,3480.0,ZC87853127nZ439246
VH001451,Chevrolet,Tahoe,2019,suv,gasoline,17234.99,jE18449944fN255228
VH001452,Hyundai,Sonata,2020,sedan,electric,12071.89,BB45020906jS628568
VH001453,Hyundai,Sonata,2013,sedan,hybrid,4494.89,Rd68943534iV044233
VH001454,Kia,Sportage,2017,suv,gasoline,8476.34,TY95674943ya195312
VH001455,Nissan,Sentra,2015,sedan,hybrid,4944.77,CQ13340327ql891244
VH001456,Kia,Soul,2024,suv,gasoline,13765.71,gX56384633Qc651709
VH001457,Honda,Civic,2009,sedan,gasoline,2880.0,aA66090332ro954292
VH001458,Chevrolet,Malibu,2017,sedan,gasoline,7461.29,Uv59799042tR339653
VH001459,Nissan,Altima,2014,sedan,gasoline,5616.52,So28136272aZ836611
VH001460,Toyota,RAV4,2013,suv,gasoline,5463.54,tu69616623Gi328282
VH001461,BMW,3 Series,2017,sedan,hybrid,13026.8,zo91799950vR915318
VH001462,Hyundai,Tucson,2018,suv,gasoline,8453.75,rH44203678wf339836
VH001463,Toyota,Highlander,2012,suv,gasoline,5911.47,IH77009158Xu751953
VH001464,Ford,Focus,2013,sedan,gasoline,3683.02,rT91029262JA090212
VH001465,Toyota,Corolla,2014,sedan,electric,3730.33,OJ14669529Ce215597
VH001466,Honda,Accord,2023,sedan,gasoline,16876.33,vg39899161Zt605004
VH001467,Nissan,Pathfinder,2022,suv,electric,17671.87,hF57540944hh070556
VH001468,BMW,5 Series,2020,sedan,gasoline,22303.93,bd37126804jg363531
VH001469,Ford,Focus,2024,sedan,gasoline,16174.87,BF66841232Eg700728
VH001470,Toyota,Corolla,2023,sedan,gasoline,16057.13,Ua17618939VP846132
VH001471,Hyundai,Accent,2021,sedan,gasoline,10380.71,Zn25149206MV675491
VH001472,Toyota,Corolla,2015,sedan,gasoline,5226.59,Rt12959864vy842331
VH001473,Hyundai,Accent,2013,sedan,gasoline,2800.5,YT06045779DB909440
VH001474,BMW,X5,2014,suv,gasoline,12920.05,Xe82900560cd325375
VH001475,BMW,7 Series,2011,sedan,gasoline,10560.0,nL21827731aC482704
VH001476,Hyundai,Santa Fe,2017,suv,hybrid,9569.86,Jb54114938FC059116
VH001477,Hyundai,Tucson,2019,suv,gasoline,12513.96,BC99154763Zm087408
VH001478,Ford,Explorer,2017,suv,gasoline,9593.41,er23709847ps135400
VH001479,Nissan,Altima,2012,sedan,gasoline,3376.35,oo67831962Zi272833
VH001480,BMW,5 Series,2018,sedan,diesel,15932.91,rz50791427Ub125418
VH001481,BMW,3 Series,2020,sedan,gasoline,21301.55,ZL04759316GN378550
VH001482,Kia,Forte,2023,sedan,electric,13010.11,Vr01041796vh827835
VH001483,Kia,Sorento,2008,suv,hybrid,3960.0,GD85465612yc081113
VH001484,Honda,Civic,2022,sedan,gasoline,15708.06,ru77730275RC551143
VH001485,Nissan,Sentra,2023,sedan,gasoline,15238.82,VC59756151Lq947935
VH001486,Toyota,Camry,2018,sedan,gasoline,9417.25,mO30583868GU027504
VH001487,Hyundai,Santa Fe,2020,suv,electric,14286.33,to72753170gz412789
VH001488,Toyota,Tacoma,2010,truck,gasoline,4080.0,VM15206064UY199927
VH001489,Ford,Explorer,2017,suv,diesel,10039.63,fL86338609jH455169
VH001490,Ford,Mustang,2020,sedan,gasoline,12001.39,Bi69674109zh509597
VH001491,Ford,F-150,2018,truck,gasoline,14033.64,HJ73361010lN561347
VH001492,BMW,7 Series,2021,sedan,gasoline,38932.8,ik92487890kx716340
VH001493,Honda,Accord,2024,sedan,gasoline,22364.99,jf44485915yg254843
VH001494,Chevrolet,Tahoe,2024,suv,diesel,41282.85,Sg58858410ZJ638992
VH001495,Nissan,Frontier,2021,truck,gasoline,15811.93,jQ38662148NU838562
VH001496,Ford,F-150,2024,truck,gasoline,34903.62,ZF23639633Jf106771
VH001497,Toyota,Camry,2020,sedan,gasoline,10927.28,hc60913294Va949995
VH001498,Toyota,Tacoma,2016,truck,gasoline,9327.23,ZN58104666tj624268
VH001499,BMW,X3,2017,suv,hybrid,13433.69,Yv12361553ZC908857
VH001500,Honda,Pilot,2023,suv,gasoline,26246.05,Cx51111020LR021019
VH001501,Ford,Focus,2021,sedan,gasoline,9048.86,jY33981361Gy983886
VH001502,Kia,Forte,2022,sedan,gasoline,11238.5,ns66098824vP084679
VH001503,Hyundai,Elantra,2018,sedan,gasoline,8137.55,UH29278427Ub663594
VH001504,Hyundai,Tucson,2018,suv,gasoline,10808.34,lh74119577QG968936
VH001505,Toyota,Camry,2024,sedan,electric,21855.65,AM47171177Uy875066
VH001506,Honda,Civic,2019,sedan,gasoline,9838.27,Dq68566059OS828019
VH001507,Nissan,Frontier,2012,truck,gasoline,4431.22,BH75220290XE326450
VH001508,Ford,Escape,2008,suv,gasoline,3480.0,RY98873342ky305977
VH001509,Ford,Escape,2009,suv,gasoline,3480.0,si26932982HK478446
VH001510,Toyota,Corolla,2017,sedan,gasoline,6598.18,yD61615704hx971294
VH001511,BMW,5 Series,2008,sedan,gasoline,6720.0,Fy13315717mS473941
VH001512,Hyundai,Elantra,2019,sedan,gasoline,7189.41,Wj52352392ao376897
VH001513,Chevrolet,Silverado,2020,truck,gasoline,17930.59,Gu94370820OS490493
VH001514,Chevrolet,Equinox,2017,suv,gasoline,9053.36,Ex40668887Dj026498
VH001515,Nissan,Sentra,2017,sedan,diesel,6517.38,Sd52424229qI942379
VH001516,Hyundai,Sonata,2020,sedan,gasoline,12261.85,qn68524485Sd622959
VH001517,Kia,Soul,2008,suv,gasoline,2400.0,Ge36112311Zu480745
VH001518,Toyota,Tacoma,2020,truck,gasoline,13993.86,Vk16336637OD296861
VH001519,Kia,Sorento,2017,suv,gasoline,9529.15,OC90710617WW494814
VH001520,Kia,Sorento,2010,suv,gasoline,3960.0,dF85314955it376868
VH001521,BMW,X3,2018,suv,gasoline,15690.09,pe52540550pu738494
VH001522,Chevrolet,Silverado,2021,truck,gasoline,21620.8,zH65550667nq172723
VH001523,Nissan,Rogue,2014,suv,gasoline,6204.99,Eb39199728Ou798378
VH001524,Toyota,Highlander,2019,suv,gasoline,13556.39,br82699586NK548261
VH001525,Kia,Sportage,2014,suv,gasoline,4721.72,YB03610216mQ636460
VH001526,Toyota,Camry,2023,sedan,gasoline,18713.04,sP33790881rZ345542
VH001527,Nissan,Rogue,2015,suv,gasoline,5961.0,hL06528856KT445652
VH001528,Hyundai,Accent,2010,sedan,gasoline,2280.0,xt81343411sh542688
VH001529,Hyundai,Elantra,2020,sedan,gasoline,8903.68,oX96600596zj332754
VH001530,Nissan,Sentra,2022,sedan,gasoline,10592.18,nO42102689Wf032113
VH001531,Kia,Forte,2019,sedan,gasoline,7473.72,Kz67818754dH441897
VH001532,Ford,Explorer,2015,suv,gasoline,7344.02,mo94999343Iq097430
VH001533,Hyundai,Elantra,2017,sedan,gasoline,5847.32,Rt36185578pG887533
VH001534,Toyota,Tacoma,2016,truck,electric,8164.15,GB47364798Aw506679
VH001535,Kia,Soul,2021,suv,gasoline,10016.32,qU24481574WO721067
VH001536,Kia,Optima,2015,sedan,gasoline,5149.23,qW84323133AO460503
VH001537,Chevrolet,Silverado,2013,truck,gasoline,7620.77,Dp03533418oE760987
VH001538,Ford,Explorer,2020,suv,gasoline,18474.89,JN42541898Nc568359
VH001539,Chevrolet,Malibu,2020,sedan,gasoline,10828.35,Kn93482670pZ966107
VH001540,Toyota,RAV4,2023,suv,gasoline,20569.77,gB00666531au382461
VH001541,Chevrolet,Tahoe,2022,suv,gasoline,27281.71,Sw95868917NV540936
VH001542,Nissan,Sentra,2014,sedan,gasoline,3600.91,hf34241909qz929972
VH001543,Nissan,Altima,2015,sedan,electric,5726.22,ay30862114pU745915
VH001544,Nissan,Pathfinder,2017,suv,diesel,10538.21,Hd34217803qG296320
VH001545,Ford,Explorer,2018,suv,gasoline,12746.86,UA45939729Ia777496
VH001546,Chevrolet,Cruze,2010,sedan,gasoline,2400.0,nG79493090dw690965
VH001547,Honda,Civic,2015,sedan,gasoline,4836.06,jG58934095ME655522
VH001548,Hyundai,Sonata,2017,sedan,hybrid,7034.75,zh92803161Cj008688
VH001549,Hyundai,Accent,2021,sedan,gasoline,10130.58,dA50505497ka443687
VH001550,Ford,Focus,2020,sedan,gasoline,9101.78,ak60204609wO240609
VH001551,Ford,Focus,2016,sedan,gasoline,4919.84,Rj82462164BC680651
VH001552,Honda,Pilot,2023,suv,gasoline,23702.35,tz94178333gQ352747
VH001553,Toyota,Corolla,2015,sedan,gasoline,5426.6,JV97837551mR699919
VH001554,Hyundai,Accent,2019,sedan,hybrid,7454.09,Pw12004589rv709285
VH001555,Toyota,Tacoma,2024,truck,gasoline,28787.67,Va28458840QM035885
VH001556,Kia,Optima,2014,sedan,gasoline,5286.72,AU72098377cx557486
VH001557,Nissan,Sentra,2023,sedan,gasoline,13689.24,wr23908232wJ928328
VH001558,Chevrolet,Equinox,2012,suv,electric,4096.24,qb47201047Xu808564
VH001559,Hyundai,Tucson,2008,suv,gasoline,3480.0,id92223288ny594740
VH001560,Hyundai,Accent,2014,sedan,hybrid,3158.31,AN87127870oF179855
VH001561,Toyota,RAV4,2011,suv,gasoline,3600.0,pJ66366287PH622832
VH001562,Hyundai,Accent,2022,sedan,gasoline,10483.47,zE01930620Qh766454
VH001563,Hyundai,Santa Fe,2012,suv,gasoline,5162.74,Ej69268494yZ064227
VH001564,Honda,Civic,2020,sedan,gasoline,11573.54,XS25096193XJ919447
VH001565,BMW,7 Series,2013,sedan,gasoline,16213.29,Uw26866938Kj609710
VH001566,Chevrolet,Silverado,2019,truck,gasoline,17147.55,TG51029469RP178850
VH001567,Hyundai,Santa Fe,2011,suv,gasoline,4289.18,bO72343906tX838782
VH001568,Ford,Focus,2021,sedan,hybrid,10658.09,tB42618871ZI253054
VH001569,Hyundai,Elantra,2008,sedan,gasoline,2640.0,eD53048339Ze832411
VH001570,Kia,Optima,2016,sedan,gasoline,7051.37,bB75452087GU773021
VH001571,Hyundai,Accent,2012,sedan,gasoline,3021.87,sP23991022RY792803
VH001572,Toyota,Camry,2017,sedan,hybrid,8508.33,xq94063503lR358486
VH001573,Ford,Escape,2011,suv,gasoline,3699.15,Hd81307468Gd237090
VH001574,Chevrolet,Malibu,2013,sedan,gasoline,4022.32,KF93506330Jd957346
VH001575,Kia,Optima,2020,sedan,gasoline,9929.02,wV28111898Jc845784
VH001576,Chevrolet,Equinox,2009,suv,gasoline,3480.0,Cz87676928zU219351
VH001577,Honda,Accord,2020,sedan,gasoline,13209.49,IW81519982jm201543
VH001578,Chevrolet,Silverado,2012,truck,gasoline,5885.16,Tl32725117um280924
VH001579,BMW,X3,2018,suv,gasoline,17503.17,bc08470814QE346276
VH001580,Honda,Civic,2021,sedan,gasoline,12567.88,ua30217149GG584968
VH001581,BMW,7 Series,2022,sedan,hybrid,46854.06,NB77352406Zr066923
VH001582,Ford,Focus,2010,sedan,gasoline,2520.0,Fw12342197Wp893233
VH001583,Hyundai,Santa Fe,2022,suv,electric,18418.4,CA18202569ou743052
VH001584,Chevrolet,Malibu,2009,sedan,gasoline,3120.0,Kv43860708Js628119
VH001585,BMW,7 Series,2024,sedan,hybrid,58897.76,HK30115762xG031282
VH001586,Hyundai,Sonata,2015,sedan,gasoline,6581.89,Tm57567944CT894373
VH001587,Kia,Soul,2018,suv,gasoline,7014.81,pc55057149nP648344
VH001588,Nissan,Sentra,2024,sedan,electric,14263.02,vH80977112Wa246870
VH001589,BMW,X5,2012,suv,gasoline,9861.14,pi85862144Fj907477
VH001590,Toyota,Tacoma,2012,truck,gasoline,4490.65,OX02071048NB142245
VH001591,Toyota,Highlander,2020,suv,gasoline,16011.79,ih76231187CR850541
VH001592,Nissan,Frontier,2021,truck,gasoline,17779.92,hU42515486Qn702466
VH001593,Nissan,Rogue,2015,suv,gasoline,6847.03,mI85753276dq874764
VH001594,Nissan,Rogue,2011,suv,gasoline,3831.74,Vj87523335Qq421135
VH001595,Toyota,Highlander,2019,suv,gasoline,14297.96,Sc33932669WY460896
VH001596,Ford,Focus,2022,sedan,gasoline,11621.18,QA63895720qW254844
VH001597,Hyundai,Tucson,2019,suv,gasoline,12479.55,Hj44982938tu203570
VH001598,Nissan,Pathfinder,2016,suv,hybrid,8558.87,yb04663852PK391461
VH001599,Honda,Pilot,2024,suv,gasoline,26863.04,pH08499651DV643004
VH001600,Nissan,Sentra,2008,sedan,gasoline,2520.0,yE17838522pO051244
VH001601,Chevrolet,Cruze,2013,sedan,gasoline,3713.08,bG07240126kl926637
VH001602,Toyota,Highlander,2017,suv,hybrid,10572.96,SI65157545Cj030262
VH001603,Kia,Sportage,2023,suv,gasoline,17591.01,An39405949ZC207815
VH001604,Hyundai,Santa Fe,2010,suv,gasoline,3960.0,XB72975486KI241840
VH001605,Chevrolet,Tahoe,2016,suv,gasoline,13884.94,HI82733942sr795133
VH001606,Honda,Pilot,2021,suv,gasoline,20412.37,qF37946611Et177701
VH001607,Nissan,Sentra,2008,sedan,diesel,2520.0,qE95857930pw729977
VH001608,Toyota,Highlander,2016,suv,hybrid,9370.87,sP92183979CA847934
VH001609,Chevrolet,Silverado,2016,truck,diesel,11468.04,Bj55177631ZW851253
VH001610,Honda,Pilot,2012,suv,gasoline,6078.18,gF86516293WR294449
VH001611,Kia,Optima,2021,sedan,hybrid,10618.63,ac36295229Cx078408
VH001612,Chevrolet,Equinox,2023,suv,gasoline,18361.59,oZ63904483Ul967100
VH001613,Toyota,Highlander,2013,suv,gasoline,5418.85,MI16263485mM176701
VH001614,Chevrolet,Tahoe,2021,suv,gasoline,24323.2,gf80877676PD939256
VH001615,Ford,Escape,2016,suv,gasoline,6818.6,Ve81642233BD439740
VH001616,Hyundai,Tucson,2017,suv,gasoline,7824.74,Dl87448890Zj225377
VH001617,Chevrolet,Tahoe,2013,suv,gasoline,9643.57,pU39369304MY099750
VH001618,Hyundai,Sonata,2016,sedan,electric,7194.75,qf59080067JP674195
VH001619,Hyundai,Elantra,2015,sedan,gasoline,4888.83,xD25685516WX229374
VH001620,Chevrolet,Silverado,2023,truck,gasoline,26162.09,UH96707678HM148029
VH001621,Ford,Focus,2013,sedan,gasoline,3632.23,hm99400805ou419636
VH001622,Ford,Focus,2016,sedan,gasoline,5212.87,Bs24288494au977183
VH001623,Hyundai,Elantra,2012,sedan,gasoline,3386.54,Lm66877762bT495980
VH001624,BMW,5 Series,2010,sedan,gasoline,6835.34,JO85494543Fr413891
VH001625,Toyota,Corolla,2013,sedan,gasoline,3514.67,RQ81074391qi215069
VH001626,Ford,Escape,2014,suv,gasoline,4851.85,ob80394743jN503386
VH001627,BMW,3 Series,2020,sedan,gasoline,20786.14,Jr69248091xj484385
VH001628,Hyundai,Elantra,2021,sedan,gasoline,12517.91,oV43068282SI461612
VH001629,Hyundai,Tucson,2017,suv,gasoline,7281.93,qh46193202Lb226025
VH001630,BMW,3 Series,2020,sedan,electric,16761.92,Ol05110127Jk739597
VH001631,Ford,F-150,2019,truck,gasoline,16960.83,Fy00678356Yf172103
VH001632,Honda,Pilot,2020,suv,gasoline,17556.54,ZQ38391002Ih167023
VH001633,Chevrolet,Tahoe,2011,suv,diesel,6240.0,CG77939222xM838066
VH001634,Nissan,Rogue,2012,suv,gasoline,4596.43,sI54384348kh286630
VH001635,BMW,X5,2012,suv,gasoline,9150.61,iK05137665CA391530
VH001636,Ford,F-150,2016,truck,gasoline,11773.33,Fl95586228Nz295879
VH001637,Chevrolet,Cruze,2021,sedan,gasoline,8620.75,ET02512051av982224
VH001638,Ford,Focus,2014,sedan,gasoline,3654.53,Sv04855356Kp326680
VH001639,Toyota,Highlander,2019,suv,gasoline,13445.42,Sh53325298mA886527
VH001640,BMW,X5,2016,suv,gasoline,14725.17,at84310122fg142078
VH001641,Ford,Escape,2024,suv,hybrid,19189.39,ab02765595IF732641
VH001642,Chevrolet,Silverado,2022,truck,gasoline,21166.65,SU78043796NZ619997
VH001643,Nissan,Rogue,2008,suv,gasoline,3480.0,MA90553671ks660340
VH001644,Hyundai,Sonata,2009,sedan,gasoline,3240.0,ID58912796QM872830
VH001645,Nissan,Rogue,2024,suv,gasoline,22926.9,Ev16027587Vi484896
VH001646,Hyundai,Accent,2023,sedan,gasoline,14251.13,gX09613380vi609730
VH001647,Ford,Focus,2009,sedan,gasoline,2520.0,vV45852704Is484956
VH001648,Hyundai,Santa Fe,2013,suv,gasoline,5121.63,eE15021896ED882437
VH001649,BMW,X5,2013,suv,gasoline,10767.07,xm48182161pl492370
VH001650,Nissan,Sentra,2016,sedan,gasoline,5530.01,aL85058992Wh639654
VH001651,Ford,Focus,2019,sedan,gasoline,7399.96,xA57706759PU505301
VH001652,Chevrolet,Cruze,2011,sedan,gasoline,2400.0,UX46979320IM085136
VH001653,Toyota,RAV4,2019,suv,gasoline,12265.68,Mu03181865qA572149
VH001654,Kia,Optima,2011,sedan,gasoline,3509.75,xO51317650xx298575
VH001655,Ford,Escape,2017,suv,gasoline,9067.79,dP63551372Ad539214
VH001656,Kia,Forte,2017,sedan,electric,5698.09,wF53845473di517970
VH001657,Kia,Soul,2017,suv,gasoline,5147.11,QG23243553oe142164
VH001658,Ford,Escape,2022,suv,gasoline,16419.0,kN17144485jC225900
VH001659,BMW,X3,2022,suv,electric,23045.12,hq39371554UJ560654
VH001660,Toyota,Highlander,2020,suv,gasoline,17671.22,xc60195889lU161355
VH001661,Toyota,Highlander,2012,suv,gasoline,5609.93,Pf60322646sJ400489
VH001662,BMW,3 Series,2012,sedan,electric,6683.5,ww46685981hQ491829
VH001663,Honda,CR-V,2016,suv,gasoline,8638.72,pe28616671Kt984430
VH001664,Ford,F-150,2017,truck,gasoline,12733.39,Bs04491526aF685718
VH001665,Chevrolet,Equinox,2018,suv,gasoline,9736.21,mL49094353ks131608
VH001666,Toyota,Highlander,2022,suv,gasoline,19333.66,BC84968448YH177344
VH001667,BMW,5 Series,2017,sedan,electric,13926.28,It54514528Oc814010
VH001668,Kia,Forte,2010,sedan,gasoline,2520.0,Ra63975508of076104
VH001669,Chevrolet,Malibu,2019,sedan,gasoline,8527.56,jV15110420Zl020789
VH001670,Chevrolet,Cruze,2023,sedan,gasoline,11760.37,XF08661755VX994318
VH001671,Honda,Odyssey,2020,minivan,gasoline,13783.05,Jg80334396de589792
VH001672,Kia,Soul,2015,suv,gasoline,4222.91,cY32278090YZ626991
VH001673,Toyota,RAV4,2015,suv,gasoline,6962.52,Eg80508446Az117421
VH001674,BMW,3 Series,2019,sedan,gasoline,18786.39,Nl50462188il635410
VH001675,Kia,Optima,2020,sedan,hybrid,10666.1,Nj75802043Zn106667
VH001676,Ford,Escape,2024,suv,gasoline,24861.76,dm56496764nz473108
VH001677,BMW,X5,2012,suv,gasoline,9273.72,Hh57117060In262285
VH001678,Ford,Focus,2014,sedan,gasoline,4110.53,Ci84472515kn376755
VH001679,Hyundai,Tucson,2024,suv,gasoline,21160.51,BD03494999vE524332
VH001680,Hyundai,Santa Fe,2015,suv,gasoline,6617.59,st03408616xH172502
VH001681,BMW,5 Series,2022,sedan,hybrid,30169.48,XJ67948924za117462
VH001682,Ford,F-150,2013,truck,gasoline,6177.75,DB18010191Rw877089
VH001683,Ford,Escape,2012,suv,gasoline,4333.45,TL71330273XW504869
VH001684,Toyota,Camry,2021,sedan,diesel,12177.68,pX14285808mG144870
VH001685,Ford,Focus,2021,sedan,diesel,11496.19,LF36084410Hz297814
VH001686,Toyota,RAV4,2020,suv,gasoline,11449.55,Cq84337864xJ453764
VH001687,Kia,Sportage,2022,suv,gasoline,14825.26,cG20510144uv305699
VH001688,Hyundai,Sonata,2023,sedan,gasoline,17495.92,XR72683233jR532528
VH001689,Nissan,Pathfinder,2012,suv,gasoline,4946.79,ZQ27685563nx269924
VH001690,Kia,Optima,2024,sedan,gasoline,20276.54,dZ99139185vg825552
VH001691,Nissan,Pathfinder,2018,suv,gasoline,12726.05,uv45938256JD562700
VH001692,Nissan,Rogue,2009,suv,gasoline,3480.0,wQ87210705bG254647
VH001693,BMW,5 Series,2013,sedan,gasoline,8252.68,FC13872368mr339867
VH001694,BMW,X3,2008,suv,gasoline,5640.0,uj44798481RV160160
VH001695,Nissan,Altima,2023,sedan,gasoline,18751.61,hV02022640kQ173798
VH001696,Nissan,Pathfinder,2024,suv,gasoline,31219.32,oQ10499554bm903863
VH001697,BMW,X5,2011,suv,gasoline,8685.58,xg34095184vd133672
VH001698,Toyota,Highlander,2011,suv,gasoline,4979.39,fC58848386OX355414
VH001699,BMW,5 Series,2020,sedan,gasoline,25724.82,yw02492423Vj313370
VH001700,Ford,Focus,2021,sedan,gasoline,11611.88,WQ48573079AS897169
VH001701,Ford,Mustang,2020,sedan,gasoline,14132.77,xb21306641sS151337
VH001702,Ford,Focus,2013,sedan,gasoline,3337.69,hW16608071Cg812072
VH001703,Honda,Pilot,2010,suv,gasoline,4800.0,fT15198909im355277
VH001704,BMW,3 Series,2010,sedan,gasoline,5445.37,Nz24805076Cf261031
VH001705,Chevrolet,Tahoe,2017,suv,gasoline,15224.69,DC55292033Gg372138
VH001706,Kia,Optima,2014,sedan,gasoline,5340.28,bi68110157gF483130
VH001707,Kia,Soul,2021,suv,gasoline,11148.09,Yx16046522Un591698
VH001708,Chevrolet,Silverado,2023,truck,gasoline,30814.73,Bg82718241Zt002725
VH001709,Kia,Sorento,2013,suv,gasoline,5715.38,Px88959668xg161049
VH001710,BMW,7 Series,2017,sedan,hybrid,24075.77,Mq31788800vq254081
VH001711,Honda,Accord,2022,sedan,gasoline,15679.64,Sy05308759IV605158
VH001712,Chevrolet,Silverado,2014,truck,hybrid,6629.99,CD18291514Mv774897
VH001713,Nissan,Sentra,2009,sedan,gasoline,2520.0,fS08934060hJ935603
VH001714,Hyundai,Sonata,2018,sedan,diesel,8067.11,ry85347086Bl115155
VH001715,Nissan,Altima,2008,sedan,hybrid,3120.0,wk63614571zq969930
VH001716,Toyota,Camry,2015,sedan,gasoline,6781.29,ZV62278566cw341611
VH001717,Honda,Odyssey,2010,minivan,gasoline,4440.0,Op62350583gt456981
VH001718,Nissan,Frontier,2013,truck,gasoline,5519.11,QK61388662TG145339
VH001719,BMW,3 Series,2015,sedan,electric,9812.61,Gz00917487Gl322267
VH001720,Honda,Pilot,2017,suv,gasoline,9898.29,Bo75738591Gv206290
VH001721,Kia,Sorento,2018,suv,hybrid,11223.51,RU74704722aq145213
VH001722,Honda,CR-V,2017,suv,gasoline,7593.94,Qr54043343eW576151
VH001723,BMW,X5,2016,suv,gasoline,15134.86,Dx50922184RQ922932
VH001724,Toyota,Highlander,2024,suv,hybrid,31817.61,LB44561945wP586564
VH001725,Toyota,RAV4,2018,suv,gasoline,9011.96,eq47144321rA523619
VH001726,Kia,Soul,2014,suv,gasoline,3654.63,Lj84383701EQ823369
VH001727,BMW,7 Series,2011,sedan,gasoline,11220.26,xe50997188pF795318
VH001728,Ford,Explorer,2008,suv,gasoline,4680.0,RX28358564eg343191
VH001729,Toyota,RAV4,2018,suv,diesel,11241.79,AN83502335Jo040237
VH001730,Honda,Civic,2010,sedan,electric,2960.65,Ee88479474oK743671
VH001731,Toyota,Camry,2014,sedan,gasoline,4483.95,nj67437868LG381051
VH001732,Toyota,Camry,2011,sedan,gasoline,3733.66,Si07622068ri287686
VH001733,Hyundai,Elantra,2017,sedan,gasoline,6103.55,VS64109457pq891780
VH001734,Toyota,RAV4,2018,suv,gasoline,8879.41,Ar67169098Yq634553
VH001735,Hyundai,Tucson,2018,suv,gasoline,10477.63,rV80301004OR718875
VH001736,Ford,Escape,2016,suv,gasoline,7824.69,vW96743038OQ889820
VH001737,Ford,F-150,2020,truck,gasoline,20449.83,cF08587852mi633558
VH001738,Ford,Mustang,2008,sedan,hybrid,3840.0,xs75025518mY073779
VH001739,BMW,X3,2024,suv,hybrid,38367.76,bm68528905yL460485
VH001740,BMW,X3,2008,suv,gasoline,5640.0,Dw30311640Fq472207
VH001741,Hyundai,Sonata,2009,sedan,hybrid,3240.0,ol17814220Yk054288
VH001742,Kia,Sportage,2009,suv,gasoline,3360.0,sC44996228Wg372928
VH001743,BMW,X3,2009,suv,gasoline,5640.0,yB39520979qu747959
VH001744,Ford,Explorer,2016,suv,gasoline,8814.61,bP17051244hF757732
VH001745,Nissan,Sentra,2011,sedan,gasoline,2520.0,zm70316672ux634686
VH001746,Honda,Pilot,2020,suv,gasoline,15209.01,HL35456281DY451359
VH001747,Hyundai,Sonata,2009,sedan,gasoline,3240.0,pC15683323Fm140866
VH001748,Toyota,RAV4,2016,suv,gasoline,7363.49,wU61779770Mx309647
VH001749,Chevrolet,Malibu,2010,sedan,gasoline,3120.0,fG03952053PS472560
VH001750,Chevrolet,Tahoe,2018,suv,gasoline,16822.59,DC36314759fA309737
VH001751,Kia,Soul,2015,suv,gasoline,4494.44,Wq06604016tE488051
VH001752,BMW,X5,2018,suv,gasoline,19912.0,NL52953822hO992671
VH001753,Kia,Optima,2020,sedan,hybrid,9253.55,Xh18722301Xs797084
VH001754,Hyundai,Tucson,2024,suv,gasoline,20472.3,Nl46463932PY194396
VH001755,Honda,Pilot,2018,suv,gasoline,12436.91,QL99327713eI222069
VH001756,Toyota,RAV4,2020,suv,gasoline,14811.47,aO71456978Ix989174
VH001757,Kia,Soul,2024,suv,gasoline,16497.68,WS24825422ax848448
VH001758,Nissan,Rogue,2011,suv,gasoline,3779.62,Rx32895189iy475612
VH001759,Toyota,Tacoma,2014,truck,gasoline,6267.01,OR02191106At891534
VH001760,Hyundai,Accent,2014,sedan,gasoline,3859.17,eQ19443978HQ232505
VH001761,Nissan,Altima,2013,sedan,gasoline,3872.01,hW59724358pw828442
VH001762,BMW,X3,2015,suv,gasoline,11442.71,GY09171479nJ731570
VH001763,Toyota,Tacoma,2014,truck,gasoline,5890.2,mG55870468me519646
VH001764,Kia,Forte,2013,sedan,gasoline,3461.27,bj39145884qc886675
VH001765,Hyundai,Sonata,2013,sedan,gasoline,4028.27,tj60754473Kv342633
VH001766,BMW,7 Series,2017,sedan,gasoline,21668.23,SE05147129Dg797882
VH001767,Honda,Civic,2014,sedan,gasoline,4758.88,vr26007087eN345929
VH001768,Toyota,Tacoma,2016,truck,gasoline,9442.61,yF16846315HN341940
VH001769,Honda,Odyssey,2018,minivan,gasoline,12616.08,xh09010294Pr406964
VH001770,Kia,Soul,2010,suv,gasoline,2400.0,uY66482899sK891065
VH001771,Hyundai,Accent,2018,sedan,gasoline,6911.69,oi79238425TV431669
VH001772,Ford,F-150,2011,truck,gasoline,5040.0,QI44527073pU644375
VH001773,Kia,Optima,2010,sedan,gasoline,3000.0,my79772440bw791644
VH001774,Chevrolet,Silverado,2012,truck,hybrid,5835.56,kc34994296xg659850
VH001775,BMW,5 Series,2008,sedan,gasoline,6720.0,rO40905044Ms218888
VH001776,Toyota,Camry,2021,sedan,hybrid,14319.8,ff03801115bF974359
VH001777,Ford,Focus,2016,sedan,gasoline,5802.84,ez94093230GH834379
VH001778,Hyundai,Accent,2024,sedan,electric,15500.22,ti73597985Lj521152
VH001779,BMW,5 Series,2013,sedan,gasoline,8899.34,zE42205028lN970580
VH001780,Hyundai,Tucson,2014,suv,gasoline,5132.76,Kc85368548wG948085
VH001781,Ford,Mustang,2020,sedan,gasoline,15510.63,Vh66385586Kd316233
VH001782,BMW,7 Series,2016,sedan,hybrid,20902.97,nG34070822eQ104443
VH001783,Ford,F-150,2022,truck,hybrid,23676.56,Ys93374081Ro051800
VH001784,Nissan,Pathfinder,2014,suv,diesel,7117.7,by39053983kx633066
VH001785,Nissan,Frontier,2011,truck,gasoline,3840.0,Ts78866526Bl034725
VH001786,Nissan,Pathfinder,2009,suv,gasoline,4320.0,em70329163NO686465
VH001787,Toyota,RAV4,2014,suv,gasoline,5335.18,vn78720093Iz198485
VH001788,Chevrolet,Tahoe,2013,suv,electric,9394.22,Rg16124553jo049263
VH001789,BMW,7 Series,2013,sedan,electric,13458.6,ai64174328TD348440
VH001790,BMW,5 Series,2021,sedan,gasoline,27965.03,lJ82483673Hz175085
VH001791,Kia,Optima,2013,sedan,gasoline,4378.38,vD58221128IG054613
VH001792,BMW,X3,2024,suv,gasoline,34075.48,JY47569279Zf425491
VH001793,Nissan,Rogue,2009,suv,hybrid,3480.0,HC30711527xG582525
VH001794,Ford,Focus,2009,sedan,gasoline,2520.0,sa26616225Hy555566
VH001795,Kia,Soul,2009,suv,electric,2400.0,Nt06331280Yg989071
VH001796,BMW,7 Series,2024,sedan,diesel,68501.4,OE12124838UM898902
VH001797,BMW,X5,2021,suv,gasoline,27201.4,Hm74510860VO302625
VH001798,Nissan,Rogue,2022,suv,gasoline,15664.17,dl64819074Ms400630
VH001799,BMW,X3,2019,suv,electric,18634.8,Od33209683mM893566
VH001800,Chevrolet,Equinox,2013,suv,gasoline,4357.65,Ks39415824Jx975745
VH001801,Ford,Mustang,2008,sedan,diesel,3840.0,sH70007167QV311745
VH001802,Chevrolet,Tahoe,2022,suv,diesel,30216.85,IM76589001gv420106
VH001803,Toyota,RAV4,2014,suv,electric,5496.35,UA11288473Fc162868
VH001804,Kia,Forte,2021,sedan,gasoline,11350.84,pb48296234mt576328
VH001805,Hyundai,Elantra,2020,sedan,diesel,9979.5,RY52972876ZF819327
VH001806,Chevrolet,Equinox,2008,suv,gasoline,3480.0,HZ37004368ZK406512
VH001807,Chevrolet,Cruze,2019,sedan,gasoline,7791.95,Gy49950315RC924211
VH001808,Honda,Accord,2022,sedan,hybrid,14552.89,Ej55724524zJ638142
VH001809,Nissan,Rogue,2022,suv,gasoline,17977.91,Ev29029523CG065413
VH001810,Chevrolet,Tahoe,2022,suv,gasoline,26195.13,Hl14729790Oe371932
VH001811,Hyundai,Santa Fe,2016,suv,gasoline,8885.18,pD03751646ml386935
VH001812,Honda,CR-V,2019,suv,gasoline,12547.84,oK43708172Gl384129
VH001813,Kia,Forte,2021,sedan,gasoline,9041.09,Fr66932554ht417080
VH001814,Chevrolet,Silverado,2021,truck,electric,18144.11,CC16368564Rh184656
VH001815,BMW,3 Series,2019,sedan,gasoline,15089.36,LB32030869LE820885
VH001816,Hyundai,Accent,2022,sedan,gasoline,10005.33,so81733669gH936554
VH001817,Toyota,RAV4,2013,suv,electric,4876.45,eI15762701cd178519
VH001818,Honda,Pilot,2011,suv,gasoline,4800.0,Nz56052855kk216079
VH001819,Ford,Focus,2023,sedan,gasoline,13683.39,IF96993366cH238945
VH001820,Nissan,Sentra,2008,sedan,gasoline,2520.0,Gd53715427HA669793
VH001821,Chevrolet,Tahoe,2019,suv,electric,17815.77,rP22605174ga869706
VH001822,Ford,Focus,2019,sedan,gasoline,7789.29,mo64456249LZ314435
VH001823,Kia,Forte,2019,sedan,gasoline,8984.47,Af07801051cG399423
VH001824,BMW,X3,2014,suv,gasoline,9907.83,rg25995989xC744364
VH001825,Honda,Civic,2008,sedan,gasoline,2880.0,bt38949116jY196025
VH001826,Honda,Accord,2012,sedan,gasoline,3613.17,oX15552491oa135778
VH001827,Toyota,Highlander,2015,suv,gasoline,8062.63,eF99526888TD009019
VH001828,Ford,Mustang,2014,sedan,hybrid,5394.97,OZ12715849uJ980600
VH001829,Toyota,Highlander,2011,suv,gasoline,4560.0,FG33381986Ze240862
VH001830,Hyundai,Tucson,2013,suv,gasoline,4516.02,FH41044312GM090626
VH001831,Hyundai,Accent,2019,sedan,gasoline,7067.48,Be48433165XR048943
VH001832,Chevrolet,Equinox,2017,suv,gasoline,9451.85,Ns33915982Rm205502
VH001833,Nissan,Altima,2020,sedan,gasoline,11852.19,uX96403358KR562692
VH001834,Toyota,Corolla,2017,sedan,gasoline,7541.76,Kx35463827Iq665175
VH001835,Ford,Explorer,2013,suv,gasoline,6742.18,SY93995060NT483341
VH001836,Ford,Mustang,2022,sedan,gasoline,16498.67,ay48418060tW139114
VH001837,Kia,Sorento,2013,suv,gasoline,4756.34,aq60620791dG229053
VH001838,Hyundai,Accent,2021,sedan,gasoline,9321.08,zs28223905DB475464
VH001839,Nissan,Sentra,2015,sedan,gasoline,5186.67,XY09500086TX511733
VH001840,Ford,Mustang,2008,sedan,diesel,3840.0,qN31187093gW340214
VH001841,BMW,3 Series,2017,sedan,gasoline,12535.72,qV82770844Po711274
VH001842,Toyota,Corolla,2018,sedan,gasoline,7058.44,gc42893294vn361631
VH001843,Chevrolet,Malibu,2014,sedan,hybrid,4870.04,vQ31210511ug350272
VH001844,BMW,3 Series,2023,sedan,gasoline,31258.2,Kw09353189BE208645
VH001845,Ford,Escape,2012,suv,gasoline,4563.74,Lo67520388dT475263
VH001846,Toyota,Corolla,2012,sedan,hybrid,3755.13,tL55512325JA913108
VH001847,Kia,Soul,2023,suv,gasoline,13025.25,WH87643860SM579473
VH001848,Nissan,Sentra,2014,sedan,gasoline,3362.72,Gx94333326zm131250
VH001849,BMW,7 Series,2015,sedan,gasoline,16282.55,Rw89421841lX697237
VH001850,Kia,Soul,2022,suv,gasoline,10276.47,Nf89775016TY190995
VH001851,Hyundai,Sonata,2010,sedan,gasoline,3314.07,th19623151xG050780
VH001852,BMW,X5,2013,suv,diesel,9732.08,kX48349188UM758321
VH001853,Chevrolet,Malibu,2018,sedan,gasoline,9031.5,XM51684198iE333881
VH001854,BMW,X5,2010,suv,gasoline,7440.0,VY13652070Zj696755
VH001855,Nissan,Pathfinder,2015,suv,electric,8077.44,Rz81476661DF718231
VH001856,Toyota,Highlander,2018,suv,gasoline,12594.41,Vp27390006Ht513572
VH001857,Chevrolet,Malibu,2013,sedan,gasoline,3671.65,lI24921393CW593730
VH001858,Hyundai,Tucson,2017,suv,gasoline,8560.14,dY41975720Qe976315
VH001859,Hyundai,Santa Fe,2021,suv,gasoline,16040.39,dh08411990zx399446
VH001860,Ford,Focus,2017,sedan,gasoline,5388.09,XA85926455BF754979
VH001861,Toyota,Camry,2020,sedan,gasoline,13106.93,Rt04923190Yl799274
VH001862,Chevrolet,Equinox,2021,suv,gasoline,13637.3,tQ80088829EA151011
VH001863,BMW,5 Series,2014,sedan,gasoline,9821.4,IA30465720sY885506
VH001864,Ford,Focus,2011,sedan,gasoline,2520.0,od54015427Vk981919
VH001865,Ford,Escape,2017,suv,gasoline,9505.42,mY98147043Kl243550
VH001866,BMW,3 Series,2023,sedan,gasoline,25835.87,sA69282241WP842344
VH001867,Ford,Explorer,2020,suv,gasoline,14563.73,WS75735159xj797476
VH001868,Ford,Explorer,2024,suv,gasoline,26194.7,wB28885162bL301180
VH001869,Nissan,Pathfinder,2012,suv,gasoline,5362.33,sw92620987VB469893
VH001870,Chevrolet,Cruze,2019,sedan,gasoline,7842.09,Fz01194332CT286917
VH001871,BMW,3 Series,2008,sedan,gasoline,5280.0,Qb75691332pA016137
VH001872,Honda,Pilot,2010,suv,gasoline,4800.0,SK29211946Me175466
VH001873,Honda,CR-V,2010,suv,gasoline,3720.0,eE07613240cC548683
VH001874,Kia,Sportage,2014,suv,gasoline,5437.67,dy69202853Ao322347
VH001875,BMW,5 Series,2008,sedan,gasoline,6720.0,EP55044024TE653255
VH001876,Hyundai,Santa Fe,2009,suv,gasoline,3960.0,lV84506701KH420100
VH001877,Nissan,Rogue,2019,suv,gasoline,9669.47,Da48531074sp645587
VH001878,Nissan,Pathfinder,2010,suv,gasoline,4320.0,Pp34757625ko409392
VH001879,Chevrolet,Malibu,2019,sedan,gasoline,8995.21,zD41411544Fx094262
VH001880,Ford,Mustang,2017,sedan,hybrid,9293.14,JF04568451fA454411
VH001881,Ford,Explorer,2013,suv,gasoline,5942.38,Jr13151669Tc064818
VH001882,Hyundai,Tucson,2018,suv,gasoline,8261.12,Qr24889500yx809491
VH001883,BMW,3 Series,2015,sedan,gasoline,10006.51,SM68229616MD385477
VH001884,Kia,Forte,2017,sedan,gasoline,6565.85,Oo86318300JB677317
VH001885,Nissan,Rogue,2014,suv,gasoline,5605.59,Wy85590543an598624
VH001886,Nissan,Sentra,2019,sedan,gasoline,7788.87,Ru19076846sU233955
VH001887,Toyota,Highlander,2020,suv,gasoline,15681.56,Tt33184611kA816525
VH001888,Hyundai,Sonata,2021,sedan,gasoline,13095.91,WD92565008HF201763
VH001889,Ford,F-150,2024,truck,gasoline,30343.88,ue00958990Ig088683
VH001890,Chevrolet,Cruze,2024,sedan,gasoline,14909.09,vD31287194We854169
VH001891,Honda,Accord,2009,sedan,gasoline,3480.0,XT77003812CP502274
VH001892,BMW,3 Series,2018,sedan,hybrid,16090.94,iJ94391899Ir467036
VH001893,Kia,Forte,2024,sedan,gasoline,13645.67,CR53945546Au745621
VH001894,Chevrolet,Equinox,2013,suv,gasoline,4616.8,Kq39698221XY101345
VH001895,Toyota,RAV4,2011,suv,hybrid,3600.0,Vl30683585pe568958
VH001896,Honda,Civic,2008,sedan,gasoline,2880.0,hk97810634RU319901
VH001897,Toyota,Camry,2023,sedan,gasoline,16236.02,pp43224441cw659504
VH001898,Chevrolet,Malibu,2012,sedan,gasoline,3333.06,Rv43227736cC992820
VH001899,Chevrolet,Equinox,2017,suv,gasoline,9420.06,gm74202513da026293
VH001900,Toyota,Corolla,2014,sedan,gasoline,4799.2,yG63444020vZ939103
VH001901,BMW,X5,2010,suv,gasoline,7440.0,bW39139833Sz664973
VH001902,BMW,3 Series,2012,sedan,diesel,5964.16,ar09109727bo857746
VH001903,Kia,Sportage,2014,suv,gasoline,5273.32,GY86201204uC646128
VH001904,Hyundai,Santa Fe,2021,suv,gasoline,15509.53,GA23527316Lj281031
VH001905,Nissan,Rogue,2012,suv,electric,4383.22,Bj95845589pA595119
VH001906,Hyundai,Accent,2016,sedan,gasoline,4757.79,py95966953Up233674
VH001907,Hyundai,Tucson,2019,suv,gasoline,10035.96,Uu41987482bE319670
VH001908,Hyundai,Tucson,2015,suv,hybrid,6111.73,xI87126593sG619861
VH001909,Chevrolet,Tahoe,2014,suv,gasoline,10351.42,qY15851234kX370284
VH001910,Honda,Pilot,2010,suv,gasoline,4801.33,an65599312GS182786
VH001911,Hyundai,Tucson,2016,suv,hybrid,6152.86,vH92293484eH955691
VH001912,Chevrolet,Cruze,2014,sedan,gasoline,4156.94,Si06924064Jk676234
VH001913,Ford,Explorer,2020,suv,gasoline,19383.68,kX14050844CD852202
VH001914,Hyundai,Sonata,2020,sedan,hybrid,10470.67,Nl74189961hG079182
VH001915,Toyota,Highlander,2019,suv,hybrid,16158.48,Gt34382250oB976798
VH001916,Ford,F-150,2013,truck,gasoline,6931.6,Jb55099618OZ918269
VH001917,Hyundai,Elantra,2009,sedan,hybrid,2640.0,ul08098599OM025988
VH001918,Ford,F-150,2021,truck,gasoline,21194.87,be16507475xt237340
VH001919,Hyundai,Santa Fe,2017,suv,gasoline,8867.36,wo48750164Aq044562
VH001920,Nissan,Rogue,2024,suv,gasoline,20001.88,RP23018924vo485385
VH001921,Chevrolet,Silverado,2011,truck,gasoline,5268.16,SA68934697jq865316
VH001922,Ford,Focus,2017,sedan,gasoline,5114.12,os69455150NL057906
VH001923,Nissan,Pathfinder,2019,suv,gasoline,11816.94,Mo79030771xP309878
VH001924,Ford,Explorer,2013,suv,electric,7142.36,qc89212848cz694447
VH001925,Chevrolet,Equinox,2009,suv,gasoline,3480.0,vX75615135ej016747
VH001926,Chevrolet,Malibu,2011,sedan,gasoline,3671.49,Al74530695kS048625
VH001927,Honda,Accord,2014,sedan,gasoline,6194.12,yT42157671NW051538
VH001928,Nissan,Rogue,2009,suv,gasoline,3480.0,ZL51475283Sa359658
VH001929,Ford,Mustang,2020,sedan,gasoline,15253.94,Vo30496451CE986436
VH001930,Kia,Forte,2012,sedan,gasoline,2807.86,dY84137799bN078969
VH001931,Toyota,Tacoma,2019,truck,gasoline,12771.48,LD10891427fI574944
VH001932,Ford,F-150,2008,truck,hybrid,5040.0,IW10393530WN034872
VH001933,Toyota,RAV4,2016,suv,gasoline,7318.47,Kv88007730wg420619
VH001934,Ford,Explorer,2023,suv,gasoline,25586.93,gH97108844Gq377145
VH001935,Hyundai,Accent,2019,sedan,gasoline,8059.27,JO47643234ir814369
VH001936,Toyota,RAV4,2020,suv,electric,14882.78,Ng76536311zb061130
VH001937,BMW,7 Series,2010,sedan,electric,10560.0,BU65037921rY613623
VH001938,Honda,Accord,2008,sedan,hybrid,3480.0,Xn53242627pg514566
VH001939,Chevrolet,Malibu,2021,sedan,gasoline,13268.02,xA49420984Cv764895
VH001940,Kia,Optima,2013,sedan,gasoline,4165.4,gD26470256gB088936
VH001941,Honda,Civic,2018,sedan,gasoline,9005.3,Mo56766652yK850355
VH001942,Nissan,Sentra,2016,sedan,gasoline,5696.26,Je35898029tK662816
VH001943,Hyundai,Santa Fe,2017,suv,gasoline,8507.98,vm35670079Vd312884
VH001944,Chevrolet,Cruze,2021,sedan,gasoline,8732.93,dP84218888pr213298
VH001945,Kia,Forte,2012,sedan,hybrid,3086.62,Jy18428363Ql499435
VH001946,Kia,Soul,2013,suv,gasoline,3494.09,nf19775880lg448332
VH001947,Ford,Focus,2021,sedan,gasoline,10426.91,Ua37475031Gi464387
VH001948,Ford,F-150,2019,truck,gasoline,15641.95,fJ13728182nr715840
VH001949,Ford,F-150,2013,truck,gasoline,6658.1,UA19509006Du608792
VH001950,Honda,Accord,2014,sedan,gasoline,5114.93,Pa93249711YC625470
VH001951,Chevrolet,Silverado,2022,truck,gasoline,22250.69,fV57127864Qk185552
VH001952,Nissan,Frontier,2016,truck,gasoline,7437.56,QU16698624QQ788021
VH001953,Toyota,Tacoma,2015,truck,gasoline,7884.58,Wm56190215AM936424
VH001954,Honda,Odyssey,2008,minivan,gasoline,4440.0,Sw20456397vh486323
VH001955,Kia,Sportage,2021,suv,hybrid,15501.18,Sk48211264Tr685170
VH001956,Ford,Escape,2020,suv,gasoline,11776.91,NI64061284gd249418
VH001957,Honda,Odyssey,2012,minivan,hybrid,4985.52,Zm09514040Yq028132
VH001958,Toyota,Tacoma,2021,truck,gasoline,15885.84,BK62615475rZ931497
VH001959,Chevrolet,Malibu,2018,sedan,gasoline,7282.15,Tt67082731RQ387185
VH001960,Chevrolet,Silverado,2012,truck,gasoline,5015.57,gV31433022SD713172
VH001961,Ford,Escape,2014,suv,gasoline,5113.44,fL06055032yE864104
VH001962,Kia,Sorento,2022,suv,gasoline,18905.17,Gt08367626fv470810
VH001963,Nissan,Altima,2010,sedan,electric,3120.0,qH00448141pk647182
VH001964,Honda,Civic,2021,sedan,hybrid,12707.57,Fl23139234qy634060
VH001965,Chevrolet,Cruze,2011,sedan,hybrid,2820.35,Nw36582867sR588836
VH001966,Honda,Odyssey,2014,minivan,gasoline,7151.5,gL20111429Ie325877
VH001967,BMW,X3,2011,suv,gasoline,5902.26,Bl39100074MQ082528
VH001968,Toyota,Camry,2013,sedan,gasoline,3993.23,Ql37786777mm823941
VH001969,Chevrolet,Malibu,2008,sedan,gasoline,3120.0,Hr93442631PJ587085
VH001970,Chevrolet,Equinox,2015,suv,electric,6904.37,BY45173877nJ135260
VH001971,Nissan,Frontier,2014,truck,gasoline,5287.48,aZ65340080KE716356
VH001972,Toyota,Highlander,2010,suv,gasoline,4560.0,lt07804222pu153527
VH001973,BMW,X5,2008,suv,gasoline,7440.0,UT63459592ys919229
VH001974,BMW,X5,2023,suv,gasoline,39660.01,ue34700397XU113810
VH001975,Ford,Explorer,2016,suv,gasoline,10350.26,xb31240037vA269013
VH001976,BMW,5 Series,2019,sedan,gasoline,19866.54,fN35538286fi710456
VH001977,Kia,Forte,2013,sedan,gasoline,3807.68,yq05225498ys051153
VH001978,Toyota,Corolla,2014,sedan,gasoline,4240.65,Lr49150539yx534183
VH001979,Honda,Civic,2023,sedan,gasoline,17295.2,pF26152678Bm344305
VH001980,Toyota,RAV4,2023,suv,gasoline,17156.92,pl42717235Xe019060
VH001981,BMW,3 Series,2022,sedan,electric,21838.91,yl25371142hG313113
VH001982,Kia,Forte,2023,sedan,gasoline,14256.45,kj33563596NQ491490
VH001983,Kia,Sorento,2012,suv,gasoline,4238.91,yH89658031Kj699495
VH001984,Hyundai,Accent,2020,sedan,gasoline,7635.41,TP47933050bL144060
VH001985,Kia,Soul,2024,suv,hybrid,14054.18,it74587870PJ141277
VH001986,Kia,Sorento,2011,suv,gasoline,3960.0,nn16714763gI005660
VH001987,Chevrolet,Malibu,2018,sedan,diesel,7878.1,Vb32945647Ka054527
VH001988,Chevrolet,Malibu,2022,sedan,gasoline,16393.44,qP81291873XK287512
VH001989,Toyota,Camry,2014,sedan,gasoline,5618.03,HW40805858Op112285
VH001990,Hyundai,Accent,2020,sedan,hybrid,7145.49,jB38739494af723174
VH001991,Toyota,Tacoma,2009,truck,gasoline,4080.0,vm74037678de090023
VH001992,Honda,CR-V,2012,suv,gasoline,4250.62,En74768480VW547357
VH001993,Kia,Forte,2009,sedan,gasoline,2520.0,lb84698792WF363745
VH001994,Chevrolet,Equinox,2023,suv,gasoline,17851.42,gu16068141hh701941
VH001995,Toyota,Highlander,2023,suv,gasoline,22012.11,BZ41655989Dv174090
VH001996,BMW,X3,2020,suv,gasoline,23425.16,WR42795677nE181927
VH001997,Chevrolet,Cruze,2012,sedan,hybrid,2433.66,Xg62527897Xg380881
VH001998,Ford,Escape,2008,suv,gasoline,3480.0,eG78874292vG222474
VH001999,Toyota,Tacoma,2022,truck,gasoline,19104.3,wu23124195fg551862
VH002000,Ford,Mustang,2023,sedan,hybrid,19124.54,Pv21605935ta340417
VH002001,Hyundai,Accent,2024,sedan,hybrid,16363.08,kR20498951cE993949
VH002002,Ford,Explorer,2020,suv,gasoline,19251.39,mo46648068ZS302633
VH002003,Hyundai,Tucson,2016,suv,gasoline,7975.48,Ia23248015UX201019
VH002004,Honda,Accord,2012,sedan,gasoline,4075.98,wp92551516Jq935153
VH002005,Honda,Odyssey,2010,minivan,electric,4440.0,SN47034865nv473713
VH002006,Toyota,Corolla,2015,sedan,electric,5466.03,Ym68893324ZQ943404
VH002007,Ford,Escape,2011,suv,gasoline,3674.23,uf82452358XV806484
VH002008,Chevrolet,Cruze,2017,sedan,gasoline,6147.66,RO12706102Sy976591
VH002009,Chevrolet,Tahoe,2020,suv,hybrid,22157.57,lA98886270gy185333
VH002010,Chevrolet,Malibu,2020,sedan,electric,9857.45,HE73641771FW483027
VH002011,Toyota,Camry,2008,sedan,gasoline,3360.0,wa23264429gZ539992
VH002012,Chevrolet,Tahoe,2023,suv,gasoline,36406.54,xm45432424DE614835
VH002013,Hyundai,Accent,2013,sedan,gasoline,3306.94,tj12200938Pb770063
VH002014,Kia,Sportage,2023,suv,gasoline,16021.17,Sz65056524Om792906
VH002015,BMW,X3,2009,suv,gasoline,5640.0,hq89321494ju795744
VH002016,Chevrolet,Tahoe,2017,suv,gasoline,13266.93,Xg22069106oj921973
VH002017,Ford,F-150,2022,truck,gasoline,25350.24,wY58952876HN244097
VH002018,Honda,Pilot,2023,suv,gasoline,29089.58,Hw69745980kU295064
VH002019,Ford,Mustang,2012,sedan,gasoline,5088.98,SS59353527sW245551
VH002020,Kia,Optima,2017,sedan,gasoline,7336.06,xe80335350NU404672
VH002021,Hyundai,Accent,2019,sedan,gasoline,7423.5,Nk29624705bc710692
VH002022,Honda,Civic,2008,sedan,gasoline,2880.0,YN79418511ej918462
VH002023,Nissan,Rogue,2014,suv,gasoline,5873.97,TX42433049ZE477543
VH002024,Hyundai,Santa Fe,2017,suv,gasoline,10527.28,zV51052002aV293905
VH002025,Honda,CR-V,2018,suv,gasoline,9313.61,Ef80391267Td142192
VH002026,Kia,Optima,2010,sedan,gasoline,3000.0,PQ00202616Fg418146
VH002027,Kia,Optima,2020,sedan,gasoline,10483.61,lu38379744gR258711
VH002028,Kia,Optima,2017,sedan,hybrid,7736.61,FU13450710Hx075450
VH002029,Kia,Optima,2015,sedan,gasoline,4740.58,ZP44475395KX885967
VH002030,Ford,Focus,2014,sedan,gasoline,3479.61,xt37825163KB158321
VH002031,Toyota,RAV4,2015,suv,gasoline,6502.84,PX64259456ED420892
VH002032,Nissan,Pathfinder,2021,suv,diesel,15594.51,eG67422700BK491083
VH002033,Nissan,Sentra,2024,sedan,gasoline,15350.95,Pu97831316uo288160
VH002034,Chevrolet,Tahoe,2011,suv,gasoline,6240.0,ys62821801Ry957876
VH002035,Nissan,Sentra,2013,sedan,gasoline,3176.19,BX51793263KB080421
VH002036,Honda,CR-V,2022,suv,hybrid,15221.56,CY57416874BZ562132
VH002037,Chevrolet,Equinox,2012,suv,hybrid,4217.24,HG13071050ZY139431
VH002038,Nissan,Rogue,2013,suv,gasoline,4397.57,Zp06841579Sr800311
VH002039,Hyundai,Accent,2017,sedan,gasoline,5759.28,ou83123098cC698978
VH002040,Kia,Sorento,2008,suv,gasoline,3960.0,On85916353Lx382948
VH002041,Chevrolet,Silverado,2014,truck,hybrid,6874.99,Xk95070077uT885121
VH002042,Honda,Odyssey,2021,minivan,electric,20930.61,UN45019311xR585297
VH002043,Ford,Escape,2016,suv,gasoline,7287.8,zV14407183Tu891232
VH002044,Ford,Escape,2015,suv,electric,7116.93,oC16975500vS282875
VH002045,Kia,Soul,2011,suv,gasoline,2400.0,Wb37494723xI255818
VH002046,Nissan,Sentra,2009,sedan,gasoline,2520.0,Tr23609567uK497724
VH002047,BMW,5 Series,2021,sedan,gasoline,25894.81,FQ35103943rY434424
VH002048,Chevrolet,Cruze,2018,sedan,gasoline,7504.29,xN47755874qV016247
VH002049,Toyota,Tacoma,2013,truck,gasoline,5961.7,la34480860ko111315
VH002050,BMW,3 Series,2023,sedan,diesel,32752.01,Ov30430727YR588967
VH002051,Chevrolet,Equinox,2018,suv,gasoline,8151.24,jQ78340662Vp904086
VH002052,Honda,Pilot,2013,suv,gasoline,7313.06,KM85339034FX351823
VH002053,Hyundai,Elantra,2023,sedan,gasoline,12777.68,Al41796934tl399327
VH002054,Honda,Accord,2015,sedan,gasoline,7126.47,Ox51715177Cv545885
VH002055,Nissan,Altima,2008,sedan,gasoline,3120.0,tz04213927PK689580
VH002056,Nissan,Frontier,2022,truck,gasoline,17241.12,CS05095343Fe065020
VH002057,BMW,X5,2011,suv,gasoline,7509.19,Pu30446236VT426838
VH002058,Kia,Forte,2012,sedan,hybrid,2795.08,dR48614602eS826174
VH002059,Hyundai,Accent,2023,sedan,gasoline,12548.28,LH53256620cC440482
VH002060,Honda,CR-V,2016,suv,hybrid,7500.68,Oa98871707kk260279
VH002061,Hyundai,Tucson,2015,suv,gasoline,5759.65,cz68390849Ws232132
VH002062,Kia,Sorento,2013,suv,gasoline,5584.28,rE33334914AI982714
VH002063,Nissan,Sentra,2021,sedan,hybrid,10460.37,Dh16039064zP736065
VH002064,BMW,X3,2014,suv,hybrid,9019.1,gN45627058yj553980
VH002065,Ford,Focus,2022,sedan,gasoline,10245.57,fe61831631RR790686
VH002066,Toyota,Camry,2013,sedan,gasoline,4724.74,RP83189422QT225831
VH002067,Honda,Pilot,2012,suv,gasoline,6421.53,XS75065177uO782564
VH002068,Nissan,Pathfinder,2012,suv,gasoline,5493.25,iB46782524TO543498
VH002069,Nissan,Rogue,2014,suv,gasoline,5368.78,Wf77866838gZ234148
VH002070,Chevrolet,Equinox,2010,suv,gasoline,3480.0,JA57186642jo787612
VH002071,Kia,Forte,2020,sedan,gasoline,9510.14,De07497545EW885920
VH002072,Ford,Focus,2019,sedan,gasoline,7391.22,Zg04716039qk312800
VH002073,BMW,3 Series,2020,sedan,gasoline,17636.28,oO53195145ig551763
VH002074,Toyota,Camry,2022,sedan,gasoline,13991.17,rt07216022dl750360
VH002075,Toyota,Highlander,2024,suv,gasoline,29474.37,GE69392840Zk246084
VH002076,Honda,Accord,2012,sedan,gasoline,4274.18,WY58453276Rd945196
VH002077,Nissan,Rogue,2022,suv,gasoline,17104.42,mQ07041560Tr493121
VH002078,Honda,Accord,2008,sedan,gasoline,3480.0,fN60630351Lb645014
VH002079,Nissan,Frontier,2015,truck,gasoline,5997.91,zK89572258wi099899
VH002080,Nissan,Altima,2012,sedan,gasoline,3277.58,Wz20630280re100440
VH002081,Nissan,Sentra,2018,sedan,gasoline,7194.73,cD28225861Es392800
VH002082,Chevrolet,Equinox,2021,suv,gasoline,14142.87,uR73355915Nq799654
VH002083,Ford,Mustang,2018,sedan,gasoline,11319.22,nL09815618Lb800709
VH002084,Chevrolet,Tahoe,2013,suv,gasoline,7473.56,cM88601232xs807338
VH002085,BMW,X3,2014,suv,hybrid,7787.62,li58450631iR205128
VH002086,BMW,7 Series,2014,sedan,diesel,17006.39,iR29721498Ro757607
VH002087,Honda,Accord,2015,sedan,gasoline,7158.39,ZT62032900nV115285
VH002088,Ford,Focus,2024,sedan,hybrid,14306.05,dT71613592Mf414771
VH002089,Kia,Sportage,2022,suv,gasoline,14909.2,Jx76606308Bp448111
VH002090,BMW,3 Series,2013,sedan,hybrid,6249.96,Ky43505393ym542698
VH002091,Hyundai,Accent,2014,sedan,gasoline,3596.92,lO49898365qC939099
VH002092,Honda,Odyssey,2010,minivan,hybrid,4440.0,ZZ61741640vr121657
VH002093,BMW,3 Series,2022,sedan,gasoline,24991.64,ki15211369kH579234
VH002094,Nissan,Altima,2015,sedan,electric,5223.41,Kt98225931jl576033
VH002095,Toyota,Highlander,2012,suv,gasoline,6081.59,AD88616138GV217128
VH002096,Honda,Civic,2012,sedan,diesel,3350.53,VB20069955OW515120
VH002097,Honda,Civic,2024,sedan,gasoline,15910.41,kO45123019kM682605
VH002098,Kia,Sportage,2014,suv,gasoline,5570.75,nj03569352Da627152
VH002099,Honda,Civic,2013,sedan,diesel,4472.1,vT36578193WM288191
VH002100,Chevrolet,Silverado,2018,truck,gasoline,11725.92,BN03354724Dd069240
VH002101,BMW,X3,2014,suv,hybrid,9190.22,zC75918603NO579714
VH002102,Ford,Explorer,2024,suv,hybrid,31641.03,bf27799191kZ960111
VH002103,BMW,5 Series,2014,sedan,electric,11531.6,yp93122206vu781393
VH002104,Hyundai,Sonata,2024,sedan,gasoline,23181.07,FS73095940Lf128596
VH002105,BMW,X3,2019,suv,gasoline,19533.25,yL19187330gJ956212
VH002106,BMW,X5,2018,suv,gasoline,21590.79,RK60409634mb158901
VH002107,BMW,7 Series,2018,sedan,gasoline,31430.79,hC95607027OE663386
VH002108,Honda,Accord,2016,sedan,gasoline,6943.67,Py36437830pD348424
VH002109,Ford,Explorer,2011,suv,electric,4680.0,Zx85010933BL339049
VH002110,Ford,F-150,2011,truck,gasoline,5385.41,Fb58764959Mq434292
VH002111,Toyota,Tacoma,2024,truck,electric,28822.36,Ax70992955ib420312
VH002112,Ford,Focus,2013,sedan,gasoline,3166.96,Cv00887726DA142502
VH002113,Toyota,Tacoma,2017,truck,gasoline,10667.96,YM49301417sB350429
VH002114,Kia,Sorento,2019,suv,gasoline,12949.47,pd47567438zs401523
VH002115,Ford,Mustang,2014,sedan,gasoline,6216.27,tk30064866fM034065
VH002116,Chevrolet,Cruze,2010,sedan,diesel,2400.0,Rf62053760Jw006941
VH002117,Hyundai,Santa Fe,2012,suv,gasoline,5308.45,Ze22099880uE226219
VH002118,Nissan,Pathfinder,2022,suv,gasoline,20297.08,IS46605785gb190079
VH002119,Ford,F-150,2008,truck,gasoline,5040.0,Un28262304OU932138
VH002120,Toyota,Camry,2009,sedan,gasoline,3360.0,Ia79568885YZ863412
VH002121,BMW,3 Series,2017,sedan,hybrid,12559.19,aU29342674JF728446
VH002122,Toyota,Highlander,2017,suv,gasoline,10500.97,Qe27351305vG191165
VH002123,Chevrolet,Tahoe,2019,suv,gasoline,20064.16,fu23873253du533634
VH002124,Toyota,Tacoma,2021,truck,gasoline,15913.86,qu02394480et470329
VH002125,Kia,Sorento,2013,suv,gasoline,4778.58,GF09364983dM856255
VH002126,Chevrolet,Malibu,2008,sedan,gasoline,3120.0,XT14093784dT031224
VH002127,Toyota,Tacoma,2024,truck,electric,26294.54,uY82486167eh786057
VH002128,Chevrolet,Equinox,2014,suv,gasoline,5972.92,tm51390662JX374677
VH002129,Ford,Focus,2010,sedan,gasoline,2520.0,Ni16371647OC362127
VH002130,Nissan,Frontier,2012,truck,gasoline,4604.31,cN97595187Ea908861
VH002131,Kia,Forte,2022,sedan,gasoline,10265.73,xa54035291oK478439
VH002132,Hyundai,Elantra,2010,sedan,hybrid,2640.0,mZ11873266wa531619
VH002133,Nissan,Rogue,2010,suv,hybrid,3480.0,kO29463388Mp612341
VH002134,Kia,Sportage,2015,suv,gasoline,6543.92,Qj06345624mA521247
VH002135,Kia,Sorento,2022,suv,gasoline,21343.31,vz94580454Fc378745
VH002136,Nissan,Altima,2023,sedan,gasoline,18751.58,mO53810896kW488089
VH002137,Ford,Mustang,2022,sedan,gasoline,15616.05,gP21355905XO455988
VH002138,Nissan,Pathfinder,2015,suv,gasoline,7203.7,HC81286443iP790058
VH002139,Hyundai,Elantra,2024,sedan,hybrid,17518.53,EF21514768LR049497
VH002140,Toyota,Corolla,2018,sedan,gasoline,6670.54,SM19464998GZ350791
VH002141,Ford,Escape,2020,suv,gasoline,11535.34,SO75351608BV931042
VH002142,Kia,Forte,2019,sedan,gasoline,7861.8,pF86010181Cz501108
VH002143,Chevrolet,Silverado,2015,truck,gasoline,9024.83,GM32098855AJ701821
VH002144,Kia,Sportage,2012,suv,gasoline,4424.21,lN43759422NX607507
VH002145,Hyundai,Santa Fe,2017,suv,gasoline,9465.91,BO00058795nN913193
VH002146,Toyota,Tacoma,2015,truck,electric,6859.94,WG65330372MP000011
VH002147,Toyota,Highlander,2022,suv,gasoline,22022.41,MP44165459es709677
VH002148,Nissan,Altima,2015,sedan,gasoline,6143.3,TE42571479CX499209
VH002149,Chevrolet,Equinox,2014,suv,gasoline,5843.05,Hp88151044Vv521285
VH002150,Hyundai,Sonata,2024,sedan,gasoline,18094.86,ya60813133GY979625
VH002151,Nissan,Pathfinder,2019,suv,gasoline,15420.68,wV06712838PY245399
VH002152,BMW,X3,2019,suv,gasoline,17660.8,mW93811447eV731595
VH002153,Hyundai,Accent,2009,sedan,gasoline,2280.0,pl95549687Sv712289
VH002154,Toyota,Camry,2011,sedan,gasoline,3394.84,CG69887036iu564422
VH002155,Hyundai,Sonata,2016,sedan,gasoline,7040.22,rB86394562mo596230
VH002156,Kia,Soul,2017,suv,electric,5334.9,nx72472662FP017898
VH002157,Chevrolet,Malibu,2009,sedan,gasoline,3120.0,ya29736174lg189242
VH002158,Chevrolet,Malibu,2016,sedan,diesel,5809.5,wv48713206du880831
VH002159,Ford,Escape,2024,suv,gasoline,20608.81,WB92577517Ke847252
VH002160,Hyundai,Santa Fe,2016,suv,gasoline,7476.04,Zh94575011Zm155738
VH002161,Chevrolet,Tahoe,2012,suv,gasoline,7539.49,gz06754054Ox850663
VH002162,Chevrolet,Tahoe,2013,suv,gasoline,8019.07,nf47409673QM208249
VH002163,Ford,Explorer,2016,suv,gasoline,8473.18,LP61813516av617720
VH002164,Chevrolet,Silverado,2018,truck,gasoline,14363.47,dy82956044LL504941
VH002165,Chevrolet,Tahoe,2012,suv,hybrid,6333.51,mf78764119yh347655
VH002166,Toyota,Camry,2021,sedan,gasoline,12914.61,eJ63334035rF739526
VH002167,Nissan,Sentra,2021,sedan,gasoline,11786.11,RF43422923Fx817565
VH002168,Nissan,Altima,2017,sedan,gasoline,6956.26,qD25817474ue287393
VH002169,BMW,3 Series,2011,sedan,gasoline,5280.0,Ai99540595hF073335
VH002170,Chevrolet,Malibu,2008,sedan,hybrid,3120.0,Ot68264195Oq397847
VH002171,Chevrolet,Silverado,2019,truck,gasoline,15940.04,uh31875301KB620919
VH002172,Chevrolet,Cruze,2019,sedan,gasoline,8506.86,uE49517039Qp156785
VH002173,Kia,Optima,2012,sedan,gasoline,3929.57,Lb28620880VJ128845
VH002174,BMW,7 Series,2019,sedan,gasoline,31300.15,NI60430419Ch902113
VH002175,Toyota,RAV4,2013,suv,gasoline,5415.34,Zi01481981IL816523
VH002176,BMW,3 Series,2014,sedan,gasoline,7783.46,HK36144963GJ907684
VH002177,Hyundai,Elantra,2017,sedan,gasoline,5941.21,fW84003772SA176864
VH002178,Kia,Soul,2011,suv,gasoline,2744.45,tU01750699Gg042641
VH002179,Toyota,Highlander,2014,suv,gasoline,6800.25,qF70909416Xk795103
VH002180,Hyundai,Tucson,2016,suv,gasoline,7008.19,NT12426128HJ936905
VH002181,Ford,F-150,2012,truck,gasoline,5744.51,lk84568972nX066683
VH002182,Chevrolet,Tahoe,2019,suv,gasoline,19739.51,yY00775088he475089
VH002183,Ford,Focus,2024,sedan,gasoline,17295.78,UU63528326Ol054696
VH002184,Hyundai,Sonata,2016,sedan,gasoline,7576.99,wk10405426sX301902
VH002185,BMW,5 Series,2022,sedan,gasoline,29273.15,bb39366153XX354127
VH002186,Kia,Soul,2024,suv,gasoline,13686.76,Pb42852116ZU801808
VH002187,Chevrolet,Equinox,2018,suv,gasoline,9879.36,nz24966335Cb526170
VH002188,Ford,Mustang,2014,sedan,diesel,5895.41,fU22314694fh359221
VH002189,Chevrolet,Cruze,2010,sedan,gasoline,2400.0,AH16998218RC952069
VH002190,BMW,7 Series,2008,sedan,electric,10560.0,zX42560743Xd296604
VH002191,BMW,7 Series,2012,sedan,hybrid,12724.48,yy13885593zI920985
VH002192,Chevrolet,Silverado,2013,truck,gasoline,6380.38,NZ22262376YO456594
VH002193,Toyota,Corolla,2009,sedan,gasoline,2760.0,vg21620749wG701581
VH002194,Hyundai,Accent,2012,sedan,hybrid,2868.5,AP46890339fn715537
VH002195,Kia,Sportage,2015,suv,gasoline,5744.08,DY00703593KX618564
VH002196,Honda,Civic,2013,sedan,gasoline,4338.1,lk83303824af608442
VH002197,Toyota,Highlander,2022,suv,gasoline,24272.69,GX50057009Wo973334
VH002198,Kia,Optima,2023,sedan,gasoline,18068.25,rs99859063vK381990
VH002199,BMW,5 Series,2014,sedan,diesel,9373.97,Ue89725562yw521976
VH002200,BMW,X5,2019,suv,gasoline,23027.37,PL42034230cS132398
VH002201,Nissan,Frontier,2021,truck,gasoline,14348.99,vR28590635Et518858
VH002202,Kia,Forte,2019,sedan,gasoline,7743.77,IL92713840BE432342
VH002203,Hyundai,Accent,2020,sedan,gasoline,8536.87,cL78903886Tg076092
VH002204,Toyota,Corolla,2016,sedan,gasoline,6535.21,bV44814722ua729152
VH002205,Ford,Explorer,2023,suv,gasoline,23498.8,Aj04308974MN843598
VH002206,BMW,X5,2019,suv,gasoline,22560.43,lR36183185IZ817780
VH002207,Honda,CR-V,2023,suv,gasoline,19358.29,lt56005907PZ241147
VH002208,Kia,Forte,2018,sedan,hybrid,6438.53,bB43467407lZ163256
VH002209,BMW,X3,2016,suv,gasoline,10301.37,qL51639643rQ878203
VH002210,Kia,Forte,2013,sedan,gasoline,3787.69,XV50531288Tc342834
VH002211,Nissan,Frontier,2019,truck,gasoline,12804.52,Ls05113073ot484918
VH002212,Nissan,Altima,2022,sedan,gasoline,15661.77,Wv08210009No509716
VH002213,Hyundai,Tucson,2022,suv,gasoline,15811.92,Ny23760201FP185431
VH002214,Nissan,Pathfinder,2018,suv,gasoline,12047.04,Zp42801344oI882666
VH002215,Hyundai,Sonata,2021,sedan,gasoline,13008.34,dh48794462af068366
VH002216,Toyota,Tacoma,2012,truck,gasoline,4743.62,eR22746508Qb564281
VH002217,Toyota,Camry,2022,sedan,gasoline,14146.27,cw76723804WO264101
VH002218,Honda,Civic,2023,sedan,gasoline,16325.56,vL93923520PM890039
VH002219,BMW,5 Series,2014,sedan,gasoline,10981.56,oQ37781717MF435579
VH002220,Kia,Forte,2014,sedan,gasoline,4029.67,WF57999809vN734652
VH002221,Ford,Explorer,2019,suv,gasoline,12654.34,Ji50485880iR137000
VH002222,BMW,5 Series,2020,sedan,gasoline,27115.78,dv54436077IG275170
VH002223,Ford,Escape,2009,suv,electric,3480.0,tY29167168qg720180
VH002224,Chevrolet,Equinox,2022,suv,electric,16244.83,lw19045260IB302934
VH002225,BMW,X3,2009,suv,gasoline,5640.0,Bh09165858xH930575
VH002226,Honda,Pilot,2015,suv,gasoline,7591.14,Yo18590640Rp048048
VH002227,Toyota,Camry,2014,sedan,gasoline,5189.48,hC03277463nv626818
VH002228,Toyota,Tacoma,2020,truck,gasoline,14514.92,VG11225033oE260670
VH002229,Kia,Sorento,2023,suv,gasoline,19232.15,tj25600565Pt523687
VH002230,Toyota,Highlander,2021,suv,gasoline,18420.02,Db15093772YW920205
VH002231,Ford,Focus,2024,sedan,gasoline,14694.48,Vf81940510Xl736656
VH002232,BMW,7 Series,2020,sedan,hybrid,42474.38,KV99574128JT409531
VH002233,Chevrolet,Tahoe,2010,suv,gasoline,6240.0,Vk00875856qA057059
VH002234,Hyundai,Tucson,2022,suv,gasoline,17261.05,Yj86658215gf164279
VH002235,Kia,Optima,2015,sedan,gasoline,5679.05,iF48244178VM080862
VH002236,Toyota,Tacoma,2019,truck,gasoline,11255.72,zl35491198Ee844198
VH002237,Honda,Pilot,2018,suv,gasoline,12767.1,Al06999247bu871559
VH002238,Hyundai,Accent,2018,sedan,gasoline,6494.39,yM42933829dh867161
VH002239,Nissan,Rogue,2013,suv,gasoline,5211.59,nA96563467Ad466728
VH002240,Chevrolet,Equinox,2016,suv,gasoline,7411.65,Jo25476620rJ742454
VH002241,Nissan,Rogue,2014,suv,electric,6162.71,Up13396525dP835141
VH002242,Chevrolet,Malibu,2017,sedan,gasoline,7703.14,wc52576443ZS183579
VH002243,Toyota,RAV4,2008,suv,gasoline,3600.0,xt44541586VC621916
VH002244,Toyota,RAV4,2012,suv,gasoline,3821.23,pt69759672XS995397
VH002245,Hyundai,Elantra,2012,sedan,gasoline,3289.81,Jk09716003SL395926
VH002246,BMW,7 Series,2011,sedan,gasoline,10560.0,fd46924176Ds697266
VH002247,Nissan,Pathfinder,2009,suv,gasoline,4320.0,zV24150720MJ285606
VH002248,Chevrolet,Tahoe,2011,suv,gasoline,7339.13,hi93260769QQ669072
VH002249,Nissan,Rogue,2021,suv,gasoline,15558.65,Uu09299775jA508965
VH002250,Kia,Soul,2010,suv,gasoline,2400.0,Gq94264914Sr368907
VH002251,Chevrolet,Cruze,2019,sedan,gasoline,7247.88,vG80368221Co080757
VH002252,Ford,Explorer,2016,suv,gasoline,8373.94,dE38591603gM644163
VH002253,Chevrolet,Silverado,2022,truck,gasoline,24501.68,TB60036239bz444241
VH002254,Kia,Sportage,2015,suv,gasoline,6045.17,IJ69465370GL033101
VH002255,Ford,Explorer,2011,suv,electric,5511.44,nd20384323uY288579
VH002256,Nissan,Sentra,2017,sedan,gasoline,5456.21,rL27183194Jp843367
VH002257,Kia,Soul,2024,suv,gasoline,14118.71,Yg90228492MS167278
VH002258,Honda,Accord,2021,sedan,hybrid,12991.05,CF49220473tf772210
VH002259,Hyundai,Santa Fe,2015,suv,gasoline,7040.72,th08571909eq394151
VH002260,Chevrolet,Cruze,2016,sedan,gasoline,5632.66,MT81306577qq370435
VH002261,Toyota,Tacoma,2021,truck,gasoline,16642.16,tl91193742Kw296229
VH002262,Chevrolet,Equinox,2009,suv,hybrid,3480.0,kb04959756je160500
VH002263,Kia,Soul,2019,suv,gasoline,7276.86,pY34516073nV145838
VH002264,Kia,Optima,2023,sedan,hybrid,14981.43,Rp33287938dm513910
VH002265,Toyota,Corolla,2013,sedan,gasoline,4261.14,uo58338080rE656317
VH002266,Nissan,Pathfinder,2009,suv,gasoline,4320.0,GI98621297qH706609
VH002267,Kia,Soul,2015,suv,gasoline,4206.85,tm33820698nE300034
VH002268,Honda,Pilot,2016,suv,gasoline,9585.94,ps86562891xP918589
VH002269,Ford,F-150,2012,truck,hybrid,5230.47,Ks35178066Pn412900
VH002270,Toyota,Corolla,2011,sedan,gasoline,2926.65,RS31833595nE899673
VH002271,Kia,Sportage,2022,suv,diesel,16736.17,Fe54825658tb227644
VH002272,Kia,Soul,2009,suv,gasoline,2400.0,Cn00553947RP334160
VH002273,Honda,Odyssey,2020,minivan,hybrid,15556.66,hQ16263198FQ270157
VH002274,Toyota,Camry,2023,sedan,gasoline,17779.5,vM55293723rn102036
VH002275,Nissan,Altima,2017,sedan,gasoline,7748.52,uI35648188ng536677
VH002276,Chevrolet,Malibu,2009,sedan,gasoline,3120.0,nZ08973115UB218823
VH002277,Ford,Mustang,2020,sedan,gasoline,12973.97,ZR17625666kD162520
VH002278,Kia,Optima,2024,sedan,gasoline,17945.84,Sl56799519KF722343
VH002279,Chevrolet,Cruze,2018,sedan,gasoline,6745.52,OB95986890gJ677994
VH002280,Toyota,Camry,2010,sedan,gasoline,3360.0,ob64797504SB821098
VH002281,Hyundai,Santa Fe,2013,suv,gasoline,5140.15,gA91067749EV971258
VH002282,Toyota,Camry,2024,sedan,diesel,23777.71,wF36269187SJ986401
VH002283,Toyota,Camry,2012,sedan,gasoline,4410.58,ZZ30616926Bp819405
VH002284,Nissan,Rogue,2015,suv,hybrid,5884.97,Ag03220468bL293527
VH002285,Honda,Odyssey,2017,minivan,gasoline,11367.29,AV57025692zq986776
VH002286,Hyundai,Accent,2017,sedan,gasoline,5427.77,ls35273820Lt782717
VH002287,Honda,Odyssey,2008,minivan,gasoline,4440.0,ab08247070CY991381
VH002288,Honda,Accord,2008,sedan,electric,3480.0,jO32802423tu907228
VH002289,Hyundai,Elantra,2022,sedan,hybrid,13357.37,Eu46225525VY956771
VH002290,Hyundai,Elantra,2014,sedan,gasoline,4229.91,AR47330147eP892911
VH002291,Chevrolet,Cruze,2012,sedan,gasoline,2882.03,Rf04934081NT139118
VH002292,BMW,3 Series,2020,sedan,gasoline,20976.68,Di66865199Ta030465
VH002293,BMW,3 Series,2022,sedan,gasoline,21737.01,Qf79376094Kw282346
VH002294,Toyota,RAV4,2018,suv,gasoline,8546.89,ri11449640TF565118
VH002295,Ford,Mustang,2023,sedan,hybrid,21946.67,lj53953923Fi415286
VH002296,Ford,Mustang,2015,sedan,hybrid,7456.1,Hc67609247sb729131
VH002297,Hyundai,Elantra,2012,sedan,gasoline,3229.12,Ge71399690cb614321
VH002298,Honda,Odyssey,2016,minivan,gasoline,8978.19,LT97188931tx934072
VH002299,Ford,Mustang,2016,sedan,gasoline,7783.96,eB19970433KG005077
VH002300,Ford,F-150,2017,truck,gasoline,11365.26,wY79190544xo870110
VH002301,Nissan,Frontier,2023,truck,gasoline,20206.76,oe62368663hy361239
VH002302,Ford,F-150,2012,truck,gasoline,5979.25,Vk63867881ep597586
VH002303,Nissan,Altima,2011,sedan,gasoline,3264.64,gK19081090xK488236
VH002304,Chevrolet,Tahoe,2014,suv,hybrid,10924.01,Gh21292801QD740973
VH002305,Honda,Pilot,2014,suv,gasoline,8417.98,TR14914957yy796463
VH002306,Hyundai,Santa Fe,2022,suv,gasoline,21634.72,Vl92918430Md302084
VH002307,BMW,X3,2014,suv,gasoline,8969.25,gA14067558yd283476
VH002308,Kia,Sorento,2024,suv,gasoline,23662.43,BY54547448th785236
VH002309,Ford,Focus,2017,sedan,gasoline,6120.38,Uw52931921nH466031
VH002310,Ford,F-150,2009,truck,gasoline,5040.0,zM76732098nv373783
VH002311,Toyota,Highlander,2012,suv,gasoline,5822.48,jB41431433Mi079694
VH002312,Hyundai,Elantra,2010,sedan,gasoline,2640.0,kw52226935IE301275
VH002313,BMW,3 Series,2022,sedan,gasoline,25823.49,Lc53827443IF102716
VH002314,Honda,Odyssey,2010,minivan,gasoline,4440.0,ZS03044344Cv472437
VH002315,Honda,Odyssey,2022,minivan,gasoline,18693.59,ZM52925943NQ326128
VH002316,Honda,Accord,2012,sedan,hybrid,4060.62,LG53917786ib856965
VH002317,Chevrolet,Cruze,2010,sedan,hybrid,2400.0,ER86334299GD726741
VH002318,Chevrolet,Malibu,2009,sedan,gasoline,3120.0,mH80429084Un184384
VH002319,Hyundai,Tucson,2023,suv,gasoline,17504.92,tr99508464dd375734
VH002320,BMW,7 Series,2023,sedan,gasoline,65224.95,QQ67854552As150985
VH002321,Ford,F-150,2011,truck,gasoline,5040.0,rY12163268EK845240
VH002322,Ford,Escape,2015,suv,gasoline,6714.02,kp96956722Dm390906
VH002323,Nissan,Rogue,2012,suv,gasoline,3684.91,Iv89015447NJ955592
VH002324,Honda,Civic,2011,sedan,hybrid,2880.0,cI95521276of259851
VH002325,Kia,Optima,2022,sedan,gasoline,13016.22,nc51200086DK018953
VH002326,Kia,Soul,2018,suv,gasoline,7246.49,fz37921387LU306307
VH002327,Nissan,Rogue,2016,suv,gasoline,6960.51,YC21226882GX019053
VH002328,Ford,F-150,2013,truck,gasoline,5949.79,kP33442388Bi184631
VH002329,Toyota,Corolla,2012,sedan,gasoline,3381.23,SR21936608la277036
VH002330,Toyota,Tacoma,2021,truck,gasoline,15512.97,MD86611810lP852566
VH002331,Nissan,Altima,2017,sedan,electric,7102.83,vs41865022mk729003
VH002332,Toyota,RAV4,2023,suv,gasoline,21983.59,eN72129527RD405050
VH002333,Kia,Optima,2014,sedan,hybrid,4148.76,An83772112sg121598
VH002334,Honda,Odyssey,2022,minivan,gasoline,19405.35,BM81254682Vm715489
VH002335,Honda,CR-V,2022,suv,gasoline,18454.08,Ab86736484kT070077
VH002336,Chevrolet,Equinox,2008,suv,gasoline,3480.0,Qv96662527sC079809
VH002337,Hyundai,Tucson,2017,suv,gasoline,9403.75,dc98078663MG930437
VH002338,Hyundai,Elantra,2015,sedan,hybrid,5164.21,Qb52404160wr973620
VH002339,Toyota,Tacoma,2024,truck,gasoline,27423.1,wm75611557KP282412
VH002340,Hyundai,Accent,2013,sedan,gasoline,3109.92,fp79560338Pi168741
VH002341,Ford,Focus,2015,sedan,gasoline,4220.05,Wo95218273FN532000
VH002342,Kia,Sorento,2019,suv,gasoline,11259.74,uU95280636DB352801
VH002343,Chevrolet,Cruze,2024,sedan,gasoline,14117.87,Ye40998727LS610687
VH002344,Hyundai,Accent,2018,sedan,gasoline,5492.54,mg53519350qB023079
VH002345,BMW,X3,2022,suv,gasoline,24514.58,Ts73726480BQ719832
VH002346,Nissan,Altima,2010,sedan,gasoline,3120.0,Wx75502853eT408284
VH002347,Toyota,RAV4,2010,suv,gasoline,3600.0,FB85196079wX503085
VH002348,BMW,X5,2015,suv,hybrid,13052.68,SV45518629Cx299284
VH002349,Ford,Explorer,2022,suv,hybrid,20485.23,Ds64232953ZW792252
VH002350,Nissan,Pathfinder,2014,suv,gasoline,6930.1,Qb90431511ki056846
VH002351,Kia,Soul,2015,suv,gasoline,4453.14,Pv00427659LR524250
VH002352,Hyundai,Sonata,2008,sedan,gasoline,3240.0,sn89695929BB739325
VH002353,Kia,Sportage,2018,suv,gasoline,10528.4,CG67939783lQ970573
VH002354,Kia,Optima,2009,sedan,gasoline,3000.0,ET26570475Si927935
VH002355,Nissan,Pathfinder,2019,suv,hybrid,13288.16,Jz58660891Jv043025
VH002356,Hyundai,Accent,2016,sedan,hybrid,4022.43,mO64967680XC456929
VH002357,Ford,Focus,2013,sedan,gasoline,3950.27,nq67625752DV354001
VH002358,BMW,X5,2010,suv,gasoline,7440.0,hP51622718XU017443
VH002359,Kia,Sorento,2020,suv,gasoline,12979.42,Ss94944618cw466565
VH002360,Kia,Sorento,2023,suv,gasoline,22905.49,yK88114009Wc051772
VH002361,Chevrolet,Equinox,2017,suv,gasoline,8981.47,rL34776338rX696651
VH002362,Ford,Explorer,2008,suv,hybrid,4680.0,LZ18820553vd617225
VH002363,Kia,Soul,2022,suv,gasoline,11691.85,VR60479159JV639122
VH002364,Kia,Sorento,2016,suv,gasoline,8590.43,Am29502071YJ138413
VH002365,Honda,Pilot,2013,suv,gasoline,7228.39,ll64639044yr422183
VH002366,Ford,Focus,2024,sedan,gasoline,15354.62,Tb14822949NF847225
VH002367,Nissan,Altima,2021,sedan,gasoline,14081.05,Kk55167482Gt063669
VH002368,Hyundai,Santa Fe,2011,suv,electric,4004.29,yc58234238NR410910
VH002369,Chevrolet,Silverado,2024,truck,gasoline,34226.92,ez39253751nF213085
VH002370,Ford,Explorer,2008,suv,gasoline,4680.0,kK77840914Iw809267
VH002371,Ford,Escape,2014,suv,gasoline,4677.0,vr40392319lP622624
VH002372,Hyundai,Santa Fe,2013,suv,hybrid,5797.45,BV65166881Ik309212
VH002373,Toyota,Tacoma,2019,truck,gasoline,11389.58,mX93267922Xj688284
VH002374,Nissan,Frontier,2019,truck,gasoline,11585.99,DD93443631Te604003
VH002375,Honda,Pilot,2009,suv,gasoline,4800.0,om62633833On434906
VH002376,Hyundai,Elantra,2019,sedan,gasoline,7847.95,BE60912898kZ806314
VH002377,Ford,F-150,2020,truck,gasoline,19135.19,Sc02822179Xa451094
VH002378,Chevrolet,Equinox,2022,suv,gasoline,18363.18,qG52053566xr651415
VH002379,Honda,Accord,2022,sedan,gasoline,17605.18,vg85721600ED758656
VH002380,Nissan,Rogue,2015,suv,electric,5728.85,zw82135940Bd917662
VH002381,Toyota,RAV4,2017,suv,gasoline,8543.54,iZ12271812IU750687
VH002382,Chevrolet,Equinox,2016,suv,gasoline,8169.5,py31181303jZ372825
VH002383,Chevrolet,Malibu,2017,sedan,gasoline,6893.66,IS02589113YM668807
VH002384,Honda,Civic,2015,sedan,gasoline,5358.59,Sd07000025qG687140
VH002385,Ford,Mustang,2014,sedan,gasoline,5932.24,Wt09096541be121005
VH002386,Nissan,Sentra,2011,sedan,gasoline,2738.68,xA23081461nn021618
VH002387,Nissan,Altima,2020,sedan,gasoline,12866.37,xp74646093hy243954
VH002388,Toyota,Tacoma,2024,truck,electric,28116.64,OF31023760If201631
VH002389,BMW,7 Series,2018,sedan,gasoline,30156.77,qD49294316Vd804275
VH002390,Chevrolet,Tahoe,2020,suv,hybrid,21664.95,dT09674378TI885916
VH002391,BMW,7 Series,2023,sedan,gasoline,55867.09,WZ27351882UU818606
VH002392,Ford,Explorer,2013,suv,gasoline,5449.43,vs16577492ky544310
VH002393,Ford,F-150,2010,truck,electric,5040.0,aZ22115600mF529821
VH002394,Kia,Soul,2012,suv,gasoline,2804.48,Ec80099349er316204
VH002395,Honda,Accord,2024,sedan,gasoline,20586.28,aa95845718GH253957
VH002396,Honda,Odyssey,2017,minivan,gasoline,9496.37,sB41142343uC891357
VH002397,Toyota,Camry,2015,sedan,hybrid,6127.32,mZ21231078uF796783
VH002398,Kia,Forte,2009,sedan,hybrid,2520.0,BP49990143AN346618
VH002399,Ford,Focus,2016,sedan,gasoline,5486.18,jg94183598dm642498
VH002400,BMW,7 Series,2021,sedan,gasoline,38261.91,fz15467568pq788496
VH002401,Kia,Forte,2014,sedan,gasoline,3800.96,vV26184759YU923104
VH002402,Hyundai,Accent,2011,sedan,gasoline,2317.04,rA90100044nd072491
VH002403,Nissan,Rogue,2014,suv,hybrid,4636.37,zk76685230CB360866
VH002404,Kia,Forte,2017,sedan,gasoline,6278.48,ms23693825up309080
VH002405,Nissan,Frontier,2016,truck,gasoline,9040.6,bB30526904Tg580118
VH002406,Ford,Escape,2012,suv,gasoline,4669.32,kQ93273556IL374957
VH002407,BMW,5 Series,2008,sedan,gasoline,6720.0,cI25529539FO379591
VH002408,Nissan,Sentra,2013,sedan,gasoline,2996.15,Fb72662311PB626090
VH002409,Hyundai,Sonata,2020,sedan,gasoline,10591.48,Hm82845662qb118010
VH002410,Honda,Pilot,2010,suv,electric,4800.0,LU13806413yo247106
VH002411,Ford,Mustang,2020,sedan,gasoline,13571.84,Mq75675443dc496353
VH002412,Toyota,Corolla,2023,sedan,gasoline,16461.25,tw10237960Or934929
VH002413,Hyundai,Sonata,2016,sedan,gasoline,7353.69,ic11664762uk066456
VH002414,Ford,Mustang,2008,sedan,electric,3840.0,pJ24270012py726411
VH002415,Ford,F-150,2019,truck,diesel,13900.75,lG76677365RS372701
VH002416,BMW,X5,2016,suv,gasoline,14257.58,dk45681970el062343
VH002417,Kia,Sorento,2012,suv,gasoline,4683.17,wo91714765Cb731158
VH002418,Ford,Mustang,2009,sedan,gasoline,3840.0,Cn18924026AK343258
VH002419,BMW,X3,2016,suv,gasoline,12661.27,Ba88832069rc887886
VH002420,BMW,3 Series,2019,sedan,gasoline,14109.43,TK83333825qg130411
VH002421,Ford,F-150,2020,truck,gasoline,20712.15,lE50515240aG328546
VH002422,Hyundai,Sonata,2024,sedan,gasoline,17738.77,qL55319279KJ605060
VH002423,Chevrolet,Tahoe,2013,suv,gasoline,8784.55,wA14044288ez685763
VH002424,Chevrolet,Silverado,2018,truck,gasoline,12262.24,Nh41463552Sr853859
VH002425,Ford,Focus,2021,sedan,gasoline,10352.86,Do57618099EA012826
VH002426,Toyota,Highlander,2017,suv,hybrid,9479.49,tz66377167Jh167732
VH002427,Honda,CR-V,2010,suv,gasoline,3720.0,lm64404499vb875662
VH002428,Nissan,Sentra,2017,sedan,gasoline,5601.39,An77613147nb349497
VH002429,Honda,Civic,2009,sedan,hybrid,2880.0,Op01197289pY734656
VH002430,Honda,CR-V,2010,suv,electric,3720.0,UP23642171FJ171744
VH002431,Hyundai,Sonata,2015,sedan,gasoline,5074.41,fk26824332KE684687
VH002432,Kia,Sportage,2015,suv,gasoline,5360.48,tT08528975Nv300492
VH002433,BMW,X3,2012,suv,gasoline,7395.78,kR17331683ip487097
VH002434,Chevrolet,Malibu,2024,sedan,gasoline,22021.81,xB21057978RQ220153
VH002435,BMW,3 Series,2020,sedan,hybrid,19152.89,pK88207476pR770903
VH002436,Hyundai,Sonata,2019,sedan,gasoline,10586.33,Pb19524270Zp212779
VH002437,Chevrolet,Equinox,2008,suv,gasoline,3480.0,CS14089440jG076310
VH002438,BMW,5 Series,2013,sedan,gasoline,8231.48,Nq17259618pi654098
VH002439,BMW,3 Series,2016,sedan,gasoline,12448.51,RE51847506Bh138414
VH002440,Toyota,Corolla,2015,sedan,gasoline,5389.65,Ih48784232eU771404
VH002441,Nissan,Sentra,2013,sedan,gasoline,3100.36,xE79359931ZM758204
VH002442,BMW,X3,2018,suv,gasoline,13315.67,PN18531068iq337500
VH002443,Hyundai,Accent,2018,sedan,gasoline,5387.46,iR22305417Ld209485
VH002444,Honda,Odyssey,2020,minivan,gasoline,14203.8,Ru42254465qL931200
VH002445,Honda,Pilot,2022,suv,gasoline,20288.23,WN41591537IV963496
VH002446,Toyota,Corolla,2016,sedan,gasoline,6029.07,Yo04842639PB982669
VH002447,Ford,Focus,2009,sedan,gasoline,2520.0,bi63164942CP702822
VH002448,Chevrolet,Tahoe,2019,suv,gasoline,18775.38,hk41807276fu191995
VH002449,Chevrolet,Cruze,2024,sedan,gasoline,15790.88,Zq07373897Td203001
VH002450,Nissan,Frontier,2012,truck,hybrid,4778.76,ea40417546aS559704
VH002451,Chevrolet,Malibu,2010,sedan,gasoline,3120.0,lb80603432Hl718030
VH002452,Ford,Escape,2021,suv,gasoline,15414.61,az92937366HQ047002
VH002453,Hyundai,Tucson,2011,suv,gasoline,3938.31,Qj37339540Qk949395
VH002454,BMW,3 Series,2016,sedan,gasoline,10011.55,oN16817482mV985372
VH002455,Chevrolet,Silverado,2009,truck,diesel,4920.0,wy43470200Pn047338
VH002456,Chevrolet,Tahoe,2020,suv,gasoline,23141.32,ny43347620Lx888199
VH002457,Nissan,Pathfinder,2024,suv,gasoline,23930.76,PY84848743PW799899
VH002458,BMW,X3,2021,suv,gasoline,24145.19,oK29481681PF621937
VH002459,Toyota,Corolla,2019,sedan,gasoline,7952.6,Bl81202177ZP804767
VH002460,Kia,Sportage,2011,suv,gasoline,3360.0,ui95418406CU139287
VH002461,Toyota,Highlander,2020,suv,gasoline,14181.67,AM14171641mn104240
VH002462,Ford,Escape,2023,suv,hybrid,19868.54,MM35993409sb243502
VH002463,Ford,F-150,2011,truck,hybrid,5040.0,lI06793155ZA386962
VH002464,Ford,Mustang,2013,sedan,gasoline,5288.34,cR63537930FS948778
VH002465,Chevrolet,Cruze,2014,sedan,gasoline,3718.86,DK14391952HF483722
VH002466,Ford,Focus,2009,sedan,gasoline,2520.0,CR95476297gK655749
VH002467,Nissan,Pathfinder,2008,suv,gasoline,4320.0,qr99370290KS971531
VH002468,Nissan,Sentra,2016,sedan,gasoline,5652.36,Yd75287212Rn950554
VH002469,Chevrolet,Silverado,2009,truck,hybrid,4920.0,gp76214211aF033034
VH002470,Hyundai,Accent,2020,sedan,diesel,8624.9,Ud98087907mb588473
VH002471,Kia,Soul,2009,suv,gasoline,2400.0,Qt48594375bt537361
VH002472,Toyota,Highlander,2009,suv,gasoline,4560.0,EW15149177um893217
VH002473,Kia,Optima,2013,sedan,hybrid,4156.23,IG62326708Bv857068
VH002474,Hyundai,Sonata,2021,sedan,gasoline,13025.19,Za46723213Dn538332
VH002475,Chevrolet,Equinox,2010,suv,gasoline,3480.0,iM80089457lz629411
VH002476,Nissan,Sentra,2011,sedan,diesel,2905.79,cq61152559Dw193592
VH002477,Nissan,Frontier,2014,truck,hybrid,6280.98,sm47303679yz436757
VH002478,Honda,Civic,2016,sedan,electric,5650.57,UA78012531fd889472
VH002479,Nissan,Pathfinder,2016,suv,gasoline,9773.84,XB04136475ra227539
VH002480,Ford,Explorer,2009,suv,gasoline,4680.0,sR56855974sU931503
VH002481,Toyota,Highlander,2023,suv,gasoline,28179.28,KG50776378Gz601849
VH002482,BMW,7 Series,2019,sedan,gasoline,36772.45,RH10472860PB099800
VH002483,BMW,3 Series,2022,sedan,gasoline,22438.78,Ok36356035ln505251
VH002484,Chevrolet,Tahoe,2018,suv,gasoline,16233.5,cG69749269dP879536
VH002485,Honda,Civic,2014,sedan,gasoline,4194.29,Kh48156892Zp166884
VH002486,Hyundai,Accent,2024,sedan,gasoline,13939.86,Mq04059557rC133503
VH002487,Hyundai,Accent,2021,sedan,hybrid,8114.57,Pw29622392gO257548
VH002488,Hyundai,Accent,2010,sedan,electric,2280.0,um98797156LC369001
VH002489,Ford,F-150,2023,truck,gasoline,29612.0,ML43749003iG545479
VH002490,BMW,7 Series,2015,sedan,gasoline,19528.05,mA29352732oD655233
VH002491,Honda,Accord,2011,sedan,gasoline,3978.36,NT75591981Gz543933
VH002492,Kia,Forte,2008,sedan,hybrid,2520.0,Sq97610492oM046395
VH002493,Kia,Sportage,2011,suv,gasoline,3635.7,jJ76906816fo638297
VH002494,Ford,Focus,2015,sedan,gasoline,4169.26,Qq15319622Ms163248
VH002495,Kia,Soul,2014,suv,gasoline,3965.37,to44249998kw813587
VH002496,BMW,X3,2021,suv,gasoline,23058.7,BH42787642Qn358946
VH002497,Hyundai,Accent,2015,sedan,gasoline,3621.94,rh06904868EZ297858
VH002498,Chevrolet,Equinox,2024,suv,gasoline,24593.79,Jl69142636FI474900
VH002499,Nissan,Frontier,2018,truck,gasoline,10698.87,KA70606029rI335545
VH002500,Hyundai,Sonata,2023,sedan,gasoline,16706.38,xZ06439806md158925
VH002501,Toyota,Tacoma,2012,truck,gasoline,5225.06,IP69829931Um466619
VH002502,Nissan,Sentra,2016,sedan,gasoline,5527.6,wG92429527Db833660
VH002503,BMW,5 Series,2013,sedan,gasoline,7813.52,yt28646468Io765536
VH002504,Toyota,Highlander,2024,suv,hybrid,32821.15,lf99228840EQ342082
VH002505,Honda,CR-V,2010,suv,hybrid,3720.0,CT07186253qW125808
VH002506,Toyota,Camry,2011,sedan,gasoline,3369.27,Pi51203373WA325593
VH002507,Chevrolet,Cruze,2022,sedan,gasoline,10475.16,wD09196830tJ001980
VH002508,Nissan,Frontier,2024,truck,electric,24803.35,gp46623432KS397294
VH002509,Nissan,Rogue,2023,suv,gasoline,17373.01,gl56996260Sn200677
VH002510,Chevrolet,Tahoe,2024,suv,diesel,42456.13,PI08704404xC039370
VH002511,BMW,7 Series,2011,sedan,gasoline,11195.42,SB77184032qo231868
VH002512,Honda,CR-V,2012,suv,diesel,4442.5,mr37131551qQ274009
VH002513,Toyota,Camry,2022,sedan,gasoline,18159.13,dn11866607pV806446
VH002514,Kia,Optima,2009,sedan,hybrid,3000.0,Tq58915466SD710084
VH002515,Kia,Sportage,2020,suv,hybrid,12675.49,JN91113974Pz277370
VH002516,Toyota,RAV4,2023,suv,hybrid,21027.97,QH01923200rZ462279
VH002517,Honda,CR-V,2011,suv,diesel,3720.0,sy84794750Xd307297
VH002518,BMW,5 Series,2018,sedan,gasoline,20353.41,sE58035032aZ334659
VH002519,Toyota,Highlander,2010,suv,gasoline,4560.0,wh51983876OZ181035
VH002520,Kia,Sorento,2010,suv,gasoline,3960.0,aF47991187lZ968842
VH002521,Kia,Sorento,2023,suv,gasoline,23596.61,fE89152400pb405240
VH002522,Toyota,Tacoma,2013,truck,gasoline,5271.73,YJ75481172Qi357988
VH002523,Honda,Civic,2016,sedan,hybrid,6421.51,Xy36982601cU489662
VH002524,Chevrolet,Tahoe,2010,suv,gasoline,6240.0,dg26725702CU620646
VH002525,Nissan,Sentra,2021,sedan,gasoline,9377.36,Lg70478818lQ554670
VH002526,Toyota,RAV4,2012,suv,gasoline,3744.59,Go57090575RE037644
VH002527,Kia,Soul,2023,suv,gasoline,14855.01,Za61426870jL074325
VH002528,Ford,Explorer,2023,suv,electric,24916.9,yN04488353aP605491
VH002529,BMW,3 Series,2009,sedan,gasoline,5280.0,Xs61293020bd984441
VH002530,Hyundai,Tucson,2010,suv,electric,3526.77,qF24499787xg589694
VH002531,BMW,7 Series,2016,sedan,gasoline,23385.57,ZT19679398xc879233
VH002532,BMW,X5,2008,suv,gasoline,7440.0,cV77667501ki778520
VH002533,Honda,CR-V,2015,suv,gasoline,7566.8,EX98323374Tt382449
VH002534,Honda,Pilot,2009,suv,gasoline,4800.0,qJ25470922wF909440
VH002535,Chevrolet,Malibu,2011,sedan,gasoline,3120.0,ne54327631SP530794
VH002536,Kia,Optima,2016,sedan,hybrid,6004.61,Fv95134827Zm248737
VH002537,Kia,Soul,2015,suv,gasoline,3918.29,vS68435608uR687210
VH002538,Kia,Optima,2008,sedan,gasoline,3000.0,UT38600585Wz014573
VH002539,Hyundai,Accent,2024,sedan,gasoline,13519.4,jv44517209Ug708908
VH002540,Hyundai,Accent,2018,sedan,gasoline,5840.62,nq49104013Ql757107
VH002541,BMW,7 Series,2016,sedan,gasoline,23809.52,LU86469470YK854134
VH002542,Chevrolet,Malibu,2020,sedan,diesel,10691.48,BA50466203yI690774
VH002543,Kia,Sportage,2022,suv,gasoline,17359.51,Ko38906463df727954
VH002544,BMW,3 Series,2011,sedan,gasoline,5280.0,Us28750763XB396892
VH002545,Chevrolet,Malibu,2019,sedan,gasoline,9504.5,PW86332136ym833443
VH002546,BMW,X5,2014,suv,hybrid,12527.2,nd45795313nP959487
VH002547,Hyundai,Accent,2020,sedan,gasoline,8971.04,Ak61316992SG916946
VH002548,Nissan,Rogue,2008,suv,gasoline,3480.0,AK18644869NF993362
VH002549,Kia,Sorento,2012,suv,gasoline,4856.94,ni25687869Ah299785
VH002550,Nissan,Pathfinder,2010,suv,gasoline,4320.0,lk95516852qm965365
VH002551,Hyundai,Tucson,2017,suv,hybrid,7088.1,Lk84568256ff655688
VH002552,Chevrolet,Equinox,2024,suv,hybrid,20114.48,aE64154097ai837099
VH002553,Nissan,Rogue,2024,suv,gasoline,22707.42,Dt80305128vD546831
VH002554,Ford,Explorer,2018,suv,gasoline,10991.1,Zs11937689mn060456
VH002555,Hyundai,Sonata,2020,sedan,gasoline,13349.5,Sz20757029cF870561
VH002556,Ford,Mustang,2017,sedan,gasoline,7981.29,ij57589945Re929116
VH002557,Nissan,Frontier,2013,truck,gasoline,5902.21,Uv15036032Qh620018
VH002558,Hyundai,Sonata,2012,sedan,gasoline,3909.72,Ne20898278Dx541156
VH002559,Nissan,Rogue,2017,suv,hybrid,9085.31,Mq49556032iq172875
VH002560,Chevrolet,Tahoe,2024,suv,hybrid,36751.36,mR65701009KX080204
VH002561,Hyundai,Tucson,2014,suv,gasoline,5861.24,ga93119307Em665716
VH002562,Toyota,Highlander,2020,suv,gasoline,18729.52,QO11256404oI097877
VH002563,Hyundai,Sonata,2013,sedan,gasoline,4342.98,TT06479733Wg277228
VH002564,Chevrolet,Cruze,2021,sedan,gasoline,11161.83,Cy94960233mN660946
VH002565,Kia,Soul,2023,suv,gasoline,13028.37,Qk29711270mH039749
VH002566,Honda,Accord,2009,sedan,gasoline,3480.0,Qc86522538Aw070115
VH002567,Kia,Sportage,2017,suv,diesel,7351.98,SH58813178Qg869179
VH002568,Toyota,RAV4,2015,suv,hybrid,6775.84,LT10608451jz683921
VH002569,Toyota,Highlander,2018,suv,gasoline,13636.37,ad71496601KK858358
VH002570,Chevrolet,Silverado,2018,truck,electric,15226.04,MC71602976wv105734
VH002571,Nissan,Altima,2022,sedan,gasoline,12739.05,XN20930264Pb156074
VH002572,Kia,Forte,2008,sedan,gasoline,2520.0,cz87087929ra095290
VH002573,Nissan,Altima,2010,sedan,gasoline,3120.0,pP49821547nQ296789
VH002574,Toyota,Corolla,2023,sedan,gasoline,16323.79,Wb27694093vI304895
VH002575,Chevrolet,Cruze,2024,sedan,gasoline,17360.04,vT67035029Bg833082
VH002576,Kia,Forte,2023,sedan,gasoline,13441.08,JM94354538xl604238
VH002577,Nissan,Pathfinder,2008,suv,gasoline,4320.0,LD79008105OL840758
VH002578,Kia,Sportage,2013,suv,gasoline,4550.59,vu81048253kZ432096
VH002579,Kia,Sorento,2010,suv,gasoline,3960.0,zx68918272np496530
VH002580,Chevrolet,Malibu,2021,sedan,hybrid,14652.91,bM86660835rA578210
VH002581,Ford,Focus,2023,sedan,gasoline,12948.52,Wf13055256kI576178
VH002582,BMW,X3,2008,suv,gasoline,5640.0,Dp48714279Pw364894
VH002583,Ford,F-150,2021,truck,gasoline,20953.58,Bp29623125Lu998996
VH002584,Nissan,Altima,2020,sedan,gasoline,10293.01,WI35566427sy141292
VH002585,Honda,Civic,2013,sedan,gasoline,3743.71,jg71329446le111856
VH002586,BMW,X5,2012,suv,gasoline,8153.23,EP19360730fo950644
VH002587,Honda,Odyssey,2021,minivan,gasoline,17759.41,wA24469558uD427737
VH002588,Kia,Sportage,2009,suv,diesel,3360.0,Rw92370315rN357401
VH002589,Nissan,Frontier,2024,truck,hybrid,26703.21,Hq40165494cd078260
VH002590,BMW,7 Series,2024,sedan,gasoline,69298.51,UR84613853Bn362702
VH002591,Chevrolet,Cruze,2018,sedan,gasoline,6863.9,kh91992470bg205345
VH002592,Chevrolet,Silverado,2016,truck,gasoline,8876.46,Nd62913457Yt747750
VH002593,Nissan,Rogue,2011,suv,gasoline,3727.49,sC88394044zR505918
VH002594,Hyundai,Santa Fe,2024,suv,hybrid,22058.07,mp77335992MZ255133
VH002595,Hyundai,Tucson,2024,suv,gasoline,23917.78,VC51820177Ss407121
VH002596,BMW,7 Series,2021,sedan,gasoline,48891.35,Ed72484319gf984688
VH002597,Hyundai,Elantra,2021,sedan,electric,9806.13,lZ92116051CP190365
VH002598,Hyundai,Sonata,2022,sedan,gasoline,14565.61,lu65345218ut179038
VH002599,Ford,Focus,2018,sedan,gasoline,7499.52,vN00322662AV469781
VH002600,Kia,Soul,2012,suv,gasoline,2866.64,sd89936593xE068211
VH002601,Kia,Sorento,2013,suv,gasoline,6159.51,dJ12048055dg750848
VH002602,Honda,Odyssey,2019,minivan,gasoline,13623.87,kY87068216Sv756719
VH002603,Honda,Accord,2014,sedan,gasoline,6113.39,us02870932qw264232
VH002604,Chevrolet,Tahoe,2009,suv,electric,6240.0,ui00608795oy283667
VH002605,Chevrolet,Cruze,2020,sedan,gasoline,8346.42,bn31566335dK167619
VH002606,Chevrolet,Tahoe,2023,suv,gasoline,29939.55,Hs32163515ze543576
VH002607,Hyundai,Accent,2008,sedan,gasoline,2280.0,nB26203438bn390091
VH002608,Nissan,Altima,2021,sedan,gasoline,13263.86,Vw43300434kT481127
VH002609,Chevrolet,Malibu,2023,sedan,gasoline,18561.65,jW50394244DE524722
VH002610,BMW,3 Series,2024,sedan,gasoline,36083.62,uF13472948mP193112
VH002611,Toyota,Highlander,2019,suv,gasoline,14551.86,ga85360615GE458208
VH002612,Toyota,Highlander,2013,suv,hybrid,6959.42,xi96159490GA752076
VH002613,Hyundai,Elantra,2013,sedan,hybrid,3869.54,Tt49493140mO148245
VH002614,Kia,Sportage,2015,suv,gasoline,6218.12,QD06415214Aj638230
VH002615,Toyota,Highlander,2010,suv,gasoline,4560.0,Iw19127640tQ806437
VH002616,Nissan,Pathfinder,2013,suv,gasoline,6373.54,Mk26320997KQ252215
VH002617,Nissan,Frontier,2010,truck,electric,3840.0,kM81657299UG886566
VH002618,Toyota,Corolla,2018,sedan,gasoline,7999.38,hB90028440Az235346
VH002619,Hyundai,Santa Fe,2017,suv,gasoline,8183.17,Lm53243650ki052978
VH002620,Hyundai,Tucson,2010,suv,gasoline,3480.0,WJ41179463LL217419
VH002621,Toyota,RAV4,2016,suv,hybrid,6583.03,xX47079876tq472098
VH002622,Ford,Focus,2019,sedan,gasoline,8574.71,nf02297646pd458492
VH002623,Toyota,Tacoma,2013,truck,gasoline,4765.42,hJ29878306xq948158
VH002624,Honda,Pilot,2013,suv,gasoline,7115.12,UP44509766Lg166251
VH002625,Chevrolet,Tahoe,2020,suv,hybrid,24825.77,HT95987139oQ575102
VH002626,Nissan,Sentra,2023,sedan,gasoline,13132.32,LN36971523zr919460
VH002627,Honda,Pilot,2024,suv,gasoline,32250.99,Zb42050833Uw110158
VH002628,Hyundai,Accent,2023,sedan,gasoline,11447.21,qi37398472GS386628
VH002629,Nissan,Rogue,2019,suv,diesel,11348.97,TZ87169838YJ710417
VH002630,Toyota,Tacoma,2010,truck,gasoline,4080.0,qH12170802aG081649
VH002631,Hyundai,Accent,2009,sedan,gasoline,2280.0,rC94240222Ag184129
VH002632,Chevrolet,Malibu,2018,sedan,diesel,8560.86,pA44065408rJ281300
VH002633,Toyota,Highlander,2014,suv,gasoline,7796.35,pp60145200FR391707
VH002634,Hyundai,Santa Fe,2014,suv,gasoline,5388.41,KR60725274AC345053
VH002635,Hyundai,Sonata,2019,sedan,gasoline,10496.61,KZ60478669kK327729
VH002636,Toyota,Camry,2010,sedan,gasoline,3360.0,Zk45992935og983218
VH002637,Ford,Escape,2011,suv,hybrid,3480.0,ll80423006mU623963
VH002638,Toyota,Corolla,2012,sedan,gasoline,3269.73,Nc94737896AQ233879
VH002639,Kia,Sorento,2015,suv,gasoline,7612.18,QY81562195Wz346532
VH002640,Toyota,Tacoma,2015,truck,hybrid,7336.98,wR22521937Rd685232
VH002641,Ford,Escape,2014,suv,gasoline,5731.86,jc33849231uM848594
VH002642,Kia,Sportage,2008,suv,gasoline,3360.0,Lf50053654ZM487574
VH002643,Toyota,Corolla,2014,sedan,gasoline,4618.95,Hi10054537Av770012
VH002644,Honda,CR-V,2017,suv,gasoline,9355.85,fs06826971IZ339718
VH002645,Toyota,Corolla,2011,sedan,gasoline,3107.13,tS29927521Gq701551
VH002646,Chevrolet,Malibu,2013,sedan,gasoline,3819.54,CK39677622Ad555430
VH002647,Ford,Mustang,2018,sedan,gasoline,10147.61,JB75035794DL284719
VH002648,Honda,Odyssey,2014,minivan,diesel,6906.49,hw91893284lI897305
VH002649,Hyundai,Elantra,2013,sedan,gasoline,3497.12,mo80491215zi781307
VH002650,Ford,Escape,2008,suv,gasoline,3480.0,xU19515842Rx873557
VH002651,Ford,F-150,2023,truck,gasoline,28499.73,dE41707803AG861712
VH002652,Kia,Soul,2022,suv,gasoline,10581.38,Gp13740730Qb559364
VH002653,Toyota,RAV4,2023,suv,gasoline,20308.93,Pz65333700Fy337266
VH002654,Honda,Civic,2020,sedan,gasoline,9821.31,Cw33215628px696249
VH002655,Toyota,RAV4,2009,suv,gasoline,3600.0,Dd22139463lU167612
VH002656,Nissan,Pathfinder,2024,suv,gasoline,31246.53,rd96541077jk300626
VH002657,Hyundai,Santa Fe,2009,suv,gasoline,3960.0,DC40583528XN431190
VH002658,BMW,7 Series,2011,sedan,gasoline,10560.0,Sq26579784KZ060914
VH002659,Chevrolet,Cruze,2021,sedan,hybrid,11156.18,Fv85599795Kv965644
VH002660,Ford,Explorer,2016,suv,hybrid,9578.06,Pq32349646sC878263
VH002661,Hyundai,Tucson,2010,suv,gasoline,3480.0,Fj35179845DN719227
VH002662,Honda,CR-V,2016,suv,hybrid,7685.19,Bc47511030qu200770
VH002663,Ford,Focus,2019,sedan,gasoline,6745.34,Ph84592324od950204
VH002664,Chevrolet,Cruze,2015,sedan,hybrid,3703.22,GH55775382Cw488148
VH002665,Kia,Sportage,2017,suv,hybrid,8901.1,zy23523881dO022489
VH002666,Hyundai,Elantra,2016,sedan,gasoline,4673.47,Jm88222882CL730146
VH002667,Ford,Explorer,2023,suv,gasoline,28180.1,mY25949768PB730909
VH002668,BMW,X5,2018,suv,gasoline,17696.02,iR34178072Na780806
VH002669,Honda,CR-V,2019,suv,hybrid,12416.83,FR95515713iR333499
VH002670,Toyota,Corolla,2012,sedan,gasoline,3621.28,rT74195237iz182330
VH002671,Honda,Odyssey,2022,minivan,gasoline,20967.42,oh09322128HB714111
VH002672,Hyundai,Tucson,2022,suv,gasoline,17314.9,iJ82748756PB490752
VH002673,BMW,X5,2022,suv,gasoline,35524.43,FO19985997Cq815140
VH002674,Hyundai,Elantra,2020,sedan,hybrid,10857.88,Sa06874171jz083574
VH002675,Nissan,Frontier,2011,truck,gasoline,4441.15,Nw17344031JD121535
VH002676,Honda,CR-V,2019,suv,gasoline,12273.24,YL41829856lT629150
VH002677,Ford,Explorer,2009,suv,gasoline,4680.0,Di67104485nX942225
VH002678,Nissan,Altima,2021,sedan,gasoline,14248.93,Xz29068108kZ443983
VH002679,Hyundai,Elantra,2024,sedan,gasoline,14814.71,qg37331754gR895196
VH002680,Kia,Soul,2018,suv,electric,6335.77,sU52263671jG385057
VH002681,Hyundai,Tucson,2024,suv,gasoline,19426.07,nx53985675FZ712406
VH002682,Chevrolet,Equinox,2018,suv,hybrid,8735.25,MS30410944PO773823
VH002683,Honda,Civic,2009,sedan,gasoline,2880.0,Ao88601935nL253995
VH002684,Ford,Escape,2009,suv,gasoline,3480.0,Kg60914233yA236215
VH002685,Hyundai,Tucson,2020,suv,gasoline,13531.47,bQ96208113gi561037
VH002686,BMW,X5,2010,suv,electric,7665.26,vr38689167nl231038
VH002687,Nissan,Rogue,2010,suv,gasoline,3480.0,Rh50310578uk395607
VH002688,Ford,Explorer,2020,suv,gasoline,17600.34,Dm34086381us265080
VH002689,Honda,Accord,2023,sedan,gasoline,21649.96,YH57181040pR274696
VH002690,BMW,5 Series,2011,sedan,hybrid,7237.92,Md21228327Mc520033
VH002691,Chevrolet,Tahoe,2014,suv,gasoline,10830.85,Yd82734782NU200438
VH002692,Toyota,Camry,2020,sedan,gasoline,13221.0,Zs16588896fF911281
VH002693,Nissan,Rogue,2013,suv,hybrid,4353.96,KO10382096dH314757
VH002694,Nissan,Frontier,2023,truck,hybrid,19872.31,ie92419206vN717136
VH002695,Kia,Sorento,2019,suv,hybrid,12842.37,bZ24587676ry958350
VH002696,Honda,Pilot,2018,suv,gasoline,14848.7,tX96571701xB457734
VH002697,Chevrolet,Cruze,2018,sedan,gasoline,6083.03,WU08489861cW572947
VH002698,Kia,Sorento,2010,suv,gasoline,3960.0,EM99424854qB899293
VH002699,Hyundai,Tucson,2022,suv,gasoline,16236.9,Xf35879967QN957619
VH002700,Hyundai,Elantra,2009,sedan,electric,2640.0,pB41176167ih273110
VH002701,BMW,X5,2023,suv,gasoline,43894.5,df73347114PG175311
VH002702,Toyota,Highlander,2008,suv,gasoline,4560.0,EO43760730tu309842
VH002703,Ford,Escape,2021,suv,gasoline,14813.96,kI66086458CX835888
VH002704,BMW,X5,2018,suv,gasoline,19639.17,it70035802ic499269
VH002705,Honda,CR-V,2024,suv,hybrid,26101.89,Vr80681031zE254239
VH002706,Honda,Accord,2009,sedan,gasoline,3480.0,Oj13281368Jl233032
VH002707,BMW,3 Series,2013,sedan,gasoline,7455.05,ul87015763mB259740
VH002708,Nissan,Rogue,2012,suv,gasoline,4133.71,mc19653828EW939386
VH002709,Chevrolet,Equinox,2021,suv,gasoline,14840.06,nM26169061Hv499223
VH002710,Hyundai,Tucson,2019,suv,electric,11758.81,wj40990678hG649306
VH002711,Ford,F-150,2011,truck,gasoline,5040.0,FK75496361Si594808
VH002712,Chevrolet,Malibu,2022,sedan,gasoline,12995.6,JX25898450gV527961
VH002713,BMW,X5,2024,suv,gasoline,41589.05,nP92595335PX558758
VH002714,Toyota,Tacoma,2015,truck,hybrid,7369.37,QJ92957090xt585465
VH002715,Hyundai,Elantra,2010,sedan,gasoline,2670.04,YJ15322941XZ878584
VH002716,Honda,Civic,2018,sedan,gasoline,7684.58,Za84889847GN799301
VH002717,Toyota,RAV4,2014,suv,gasoline,5541.18,im24575601KK315639
VH002718,BMW,3 Series,2010,sedan,gasoline,5280.0,qU51416614SG336378
VH002719,Hyundai,Santa Fe,2024,suv,gasoline,22623.43,XA70873699uG595341
VH002720,Ford,F-150,2024,truck,gasoline,35481.31,RO16346123bF446233
VH002721,BMW,7 Series,2009,sedan,gasoline,10560.0,MJ07372909Cx990206
VH002722,Kia,Soul,2020,suv,gasoline,9736.46,BS72118442uV226040
VH002723,Toyota,Tacoma,2015,truck,gasoline,7137.09,fL76261092nK275027
VH002724,Chevrolet,Silverado,2012,truck,gasoline,5881.73,Dg94149842GO732524
VH002725,Kia,Optima,2019,sedan,gasoline,9844.07,om49448608qL871881
VH002726,Hyundai,Elantra,2013,sedan,diesel,3597.48,xp94473918Br815300
VH002727,Toyota,RAV4,2019,suv,gasoline,10448.57,pQ24054125sY836419
VH002728,Chevrolet,Cruze,2024,sedan,gasoline,14025.89,mh82926629pw824232
VH002729,Honda,CR-V,2015,suv,hybrid,6370.95,GB36819724mF910211
VH002730,Ford,F-150,2020,truck,gasoline,18812.17,uu35823066Ge145058
VH002731,Nissan,Altima,2008,sedan,gasoline,3120.0,qu79779695kJ694142
VH002732,Chevrolet,Malibu,2022,sedan,gasoline,16452.27,zo50921473xO009649
VH002733,Kia,Forte,2010,sedan,gasoline,2520.0,jU92255893Lm874206
VH002734,Toyota,Corolla,2012,sedan,hybrid,3605.71,GW15871440cB549971
VH002735,Chevrolet,Cruze,2014,sedan,gasoline,3558.67,eB12822776xl916068
VH002736,BMW,7 Series,2015,sedan,gasoline,17951.5,da38244649cW742873
VH002737,Honda,Odyssey,2024,minivan,gasoline,24556.01,ap25167294zE090042
VH002738,Chevrolet,Cruze,2023,sedan,gasoline,12460.17,qh97616165On795882
VH002739,BMW,7 Series,2020,sedan,gasoline,36691.39,Cq57316186eI373425
VH002740,Kia,Sorento,2010,suv,gasoline,3960.0,oA61275119lB900624
VH002741,Chevrolet,Equinox,2009,suv,hybrid,3480.0,vP11810461RU633966
VH002742,Ford,F-150,2011,truck,gasoline,5477.49,Kc13591921Kb498499
VH002743,Nissan,Frontier,2017,truck,gasoline,7815.13,Bg44921320oR158040
VH002744,Ford,Explorer,2017,suv,gasoline,10472.84,bw80972663ke089686
VH002745,Kia,Sorento,2017,suv,gasoline,10014.54,UY39538108xB968223
VH002746,Nissan,Sentra,2021,sedan,gasoline,11985.43,aM55839516ut576406
VH002747,Kia,Sportage,2023,suv,gasoline,18998.79,Yi85622531Yf903783
VH002748,Toyota,RAV4,2017,suv,gasoline,9176.09,ap89290720kL180123
VH002749,Chevrolet,Malibu,2009,sedan,gasoline,3120.0,Jh30894464zH003784
VH002750,Kia,Sorento,2012,suv,gasoline,4269.31,Gw93024141Qb917071
VH002751,Hyundai,Accent,2012,sedan,gasoline,3064.91,Yp64756863Ec758587
VH002752,BMW,X5,2015,suv,hybrid,14709.99,bJ47473990Tl508964
VH002753,Nissan,Rogue,2012,suv,gasoline,3624.91,DK16152913kf271379
VH002754,Ford,Explorer,2016,suv,gasoline,10527.99,Rx68680591bG934704
VH002755,BMW,3 Series,2018,sedan,gasoline,16440.85,vj97468022nk368448
VH002756,Nissan,Pathfinder,2014,suv,hybrid,7509.58,VM41533558cV877841
VH002757,Chevrolet,Cruze,2022,sedan,gasoline,10062.85,II22598982Db615623
VH002758,Hyundai,Sonata,2017,sedan,gasoline,8164.92,Ch11174118YA121455
VH002759,Hyundai,Tucson,2022,suv,hybrid,15059.04,Tp07250874qZ321196
VH002760,Kia,Sportage,2020,suv,gasoline,12694.96,Am87039196Gf435377
VH002761,Chevrolet,Cruze,2018,sedan,gasoline,6395.72,yB95382415FB899218
VH002762,Ford,Focus,2009,sedan,gasoline,2520.0,fg16533929lQ564165
VH002763,Toyota,Tacoma,2014,truck,electric,7202.33,jK18662079hG653974
VH002764,Kia,Sportage,2009,suv,gasoline,3360.0,yU48576147La691741
VH002765,Kia,Sorento,2017,suv,gasoline,8555.86,Tb97328516DM752449
VH002766,Honda,Civic,2015,sedan,gasoline,4582.01,Zu75033755RX861196
VH002767,Ford,Escape,2020,suv,gasoline,10732.38,yZ58288798CO502504
VH002768,Ford,Escape,2015,suv,gasoline,6504.62,Af71069940Jc389978
VH002769,Ford,Explorer,2012,suv,gasoline,5684.99,UC30215005py878112
VH002770,BMW,5 Series,2024,sedan,gasoline,38005.71,tS12251969Mo985198
VH002771,Toyota,Corolla,2017,sedan,gasoline,7317.12,LW71896193cC024961
VH002772,Chevrolet,Tahoe,2014,suv,gasoline,9639.0,vU65788423AM074249
VH002773,Nissan,Altima,2010,sedan,diesel,3120.0,Xu09139200OP076384
VH002774,Honda,Accord,2021,sedan,gasoline,14701.9,Om70630813dY084983
VH002775,BMW,X3,2008,suv,gasoline,5640.0,gA22411591Fu951762
VH002776,Hyundai,Santa Fe,2011,suv,gasoline,3960.0,Hg24661655eW225292
VH002777,Toyota,RAV4,2023,suv,gasoline,20357.07,me59066748sk405444
VH002778,Hyundai,Accent,2010,sedan,gasoline,2280.0,Iv13628691Vv119997
VH002779,Hyundai,Santa Fe,2024,suv,gasoline,22230.03,Fn40014787qh999497
VH002780,Hyundai,Santa Fe,2022,suv,gasoline,18211.7,kn26061040VU304996
VH002781,Toyota,Camry,2010,sedan,hybrid,3360.0,nS13923087Mf521187
VH002782,Hyundai,Elantra,2020,sedan,hybrid,8841.26,zB05004240Iv899505
VH002783,Ford,Focus,2008,sedan,gasoline,2520.0,sc41882921bx959053
VH002784,BMW,X5,2023,suv,gasoline,45650.6,Ba41639763zg865975
VH002785,Nissan,Frontier,2012,truck,gasoline,4680.37,sn08675203qg664970
VH002786,Kia,Forte,2016,sedan,gasoline,4644.71,LS70532914GI752413
VH002787,Toyota,RAV4,2021,suv,gasoline,16796.59,Bd67836746tu598889
VH002788,Nissan,Pathfinder,2011,suv,gasoline,4626.34,CF31741173lI176070
VH002789,Nissan,Rogue,2022,suv,gasoline,15827.93,Sw56158282JJ801495
VH002790,Toyota,RAV4,2009,suv,gasoline,3600.0,lV28551267iM041542
VH002791,Kia,Sorento,2012,suv,gasoline,5337.07,lO15553131rR721984
VH002792,Honda,CR-V,2020,suv,gasoline,12957.39,Zg69121506xW500900
VH002793,Chevrolet,Equinox,2018,suv,gasoline,8265.72,fA71213748Le472830
VH002794,Honda,Odyssey,2023,minivan,diesel,22287.35,tc66442880kO055429
VH002795,Hyundai,Elantra,2008,sedan,hybrid,2640.0,KI02538333hj241065
VH002796,Kia,Sportage,2013,suv,gasoline,4332.43,yK82517083Ss364937
VH002797,Chevrolet,Malibu,2013,sedan,gasoline,4530.2,DW87874596kG554983
VH002798,Hyundai,Elantra,2008,sedan,gasoline,2640.0,tN56092727Pu637516
VH002799,Nissan,Sentra,2021,sedan,electric,10039.37,Bd40803252VN483521
VH002800,Ford,Mustang,2017,sedan,gasoline,8949.78,NC78520337kt413422
VH002801,BMW,X5,2022,suv,gasoline,35560.03,sR75320320Lg913523
VH002802,Chevrolet,Malibu,2013,sedan,hybrid,4431.58,Oj49199429uL363558
VH002803,Toyota,RAV4,2022,suv,gasoline,14632.53,uP39062069QJ075695
VH002804,Chevrolet,Cruze,2009,sedan,gasoline,2400.0,Wn66822216TX526959
VH002805,Kia,Optima,2017,sedan,electric,7871.92,dZ89330478Lx355053
VH002806,Honda,Pilot,2024,suv,gasoline,29550.31,xP76456810qp993589
VH002807,Hyundai,Sonata,2023,sedan,gasoline,20126.07,YA85555673dV114434
VH002808,Honda,Odyssey,2020,minivan,gasoline,16620.48,kZ20775373vi533145
VH002809,BMW,X3,2019,suv,gasoline,19777.54,Nb85777544Jd541311
VH002810,Kia,Sportage,2016,suv,gasoline,6577.23,Eh38103523lu947099
VH002811,Toyota,RAV4,2024,suv,hybrid,23182.47,Cf15123064dz114182
VH002812,BMW,3 Series,2019,sedan,gasoline,18515.88,HO41526509QE323435
VH002813,Hyundai,Accent,2013,sedan,gasoline,2824.19,HI84152166Pd406597
VH002814,Honda,Civic,2017,sedan,hybrid,6474.44,Nb68913365xN436163
VH002815,Chevrolet,Equinox,2011,suv,hybrid,3934.37,Hd80420192DE791678
VH002816,Chevrolet,Silverado,2013,truck,gasoline,7547.32,Hu29032550hV808359
VH002817,Toyota,Highlander,2011,suv,gasoline,4988.4,od93188255ia632733
VH002818,Hyundai,Elantra,2022,sedan,gasoline,11403.66,KQ98565299IS213507
VH002819,Kia,Optima,2013,sedan,gasoline,4141.02,uy59541039Vg074934
VH002820,Ford,Escape,2021,suv,gasoline,15786.14,kg36211054dq679036
VH002821,BMW,X3,2022,suv,gasoline,23484.44,ce50696519te850583
VH002822,Chevrolet,Tahoe,2019,suv,gasoline,19061.2,zU06518960PO184556
VH002823,BMW,5 Series,2015,sedan,electric,11413.89,PL42940265ir764619
VH002824,Ford,F-150,2010,truck,gasoline,5040.0,kY77509475oE335811
VH002825,Honda,Odyssey,2010,minivan,gasoline,4440.0,Nn01720715Zt658883
VH002826,Nissan,Sentra,2021,sedan,gasoline,11811.6,Pr23770821QT440937
VH002827,Ford,Focus,2019,sedan,gasoline,8088.48,Vx55993801Jg515773
VH002828,Hyundai,Santa Fe,2010,suv,hybrid,3960.0,rT39873828ZO008573
VH002829,Ford,Escape,2023,suv,gasoline,18824.46,xL66030011tx073812
VH002830,Honda,Pilot,2012,suv,electric,6191.03,Rm11549298gm695203
VH002831,Hyundai,Accent,2008,sedan,gasoline,2280.0,sh46268868Dk043177
VH002832,Ford,Explorer,2022,suv,gasoline,20888.42,ek52373194aQ065412
VH002833,Hyundai,Tucson,2014,suv,gasoline,5692.6,dv02081974Fv551661
VH002834,BMW,5 Series,2023,sedan,hybrid,32158.46,Fc70923062bT668111
VH002835,Chevrolet,Tahoe,2014,suv,gasoline,8652.08,az15872488iA744562
VH002836,BMW,3 Series,2024,sedan,gasoline,31490.74,Yk94304619eF504478
VH002837,Hyundai,Elantra,2010,sedan,gasoline,2681.2,VF63451400gE190619
VH002838,Hyundai,Santa Fe,2022,suv,gasoline,20581.22,gl21454201zq475756
VH002839,Toyota,Highlander,2008,suv,gasoline,4560.0,xL31032954hB145386
VH002840,Hyundai,Santa Fe,2022,suv,electric,19374.03,Tj22284128HA013806
VH002841,Honda,Accord,2017,sedan,gasoline,7836.87,fb42386107rj892131
VH002842,Honda,Pilot,2009,suv,gasoline,4800.0,gx53697322Ht822960
VH002843,Chevrolet,Malibu,2023,sedan,diesel,19400.47,NC96851102pk230417
VH002844,Hyundai,Sonata,2019,sedan,gasoline,9797.65,QR93195459Vi812847
VH002845,Chevrolet,Malibu,2014,sedan,gasoline,4477.73,vh50207499pR774728
VH002846,Hyundai,Tucson,2024,suv,gasoline,20600.63,NB45194116Py101285
VH002847,Hyundai,Elantra,2012,sedan,hybrid,2903.31,OM80050883GP940427
VH002848,Kia,Sportage,2018,suv,gasoline,9131.15,Kv33896787IE195140
VH002849,Toyota,Highlander,2015,suv,gasoline,7146.75,fb56001122VI917448
VH002850,Chevrolet,Malibu,2022,sedan,hybrid,15828.85,sT29316080PB658492
VH002851,Chevrolet,Silverado,2010,truck,gasoline,4950.56,NX16167889Rt112319
VH002852,Ford,Focus,2014,sedan,gasoline,3795.38,Vi19903053IR461396
VH002853,Kia,Soul,2015,suv,gasoline,4428.05,hz49176148CK642058
VH002854,Hyundai,Elantra,2014,sedan,gasoline,4390.83,Rb13032023Oh725230
VH002855,Ford,F-150,2019,truck,gasoline,15534.04,Ze56509525WK374220
VH002856,Honda,CR-V,2022,suv,gasoline,19880.24,ua10159652ym660023
VH002857,Toyota,RAV4,2012,suv,gasoline,3737.3,hf77011574rj565388
VH002858,Chevrolet,Malibu,2016,sedan,gasoline,5879.9,Sj17062147JK588128
VH002859,Hyundai,Sonata,2017,sedan,gasoline,7271.94,Ay95951064rw099759
VH002860,Kia,Forte,2013,sedan,gasoline,3585.53,NU79937031yF023496
VH002861,Toyota,RAV4,2017,suv,gasoline,8913.18,gX79506661Ca416532
VH002862,Hyundai,Tucson,2020,suv,gasoline,11320.72,lQ48596048pS761862
VH002863,Toyota,Camry,2015,sedan,gasoline,6298.0,pN99197032Ri078329
VH002864,Nissan,Altima,2010,sedan,gasoline,3120.0,zi76333003VR254084
VH002865,Nissan,Sentra,2014,sedan,gasoline,3959.56,PA93767386TS635505
VH002866,BMW,3 Series,2016,sedan,gasoline,9433.2,sn55021864ve390251
VH002867,Ford,F-150,2011,truck,gasoline,5040.0,Oc62880268jT846232
VH002868,Toyota,RAV4,2009,suv,gasoline,3600.0,rD66973157GW167098
VH002869,Honda,Accord,2020,sedan,gasoline,11104.04,Gk46059169OF228393
VH002870,Ford,Mustang,2014,sedan,hybrid,6175.96,EW77755486ef218058
VH002871,Chevrolet,Malibu,2019,sedan,electric,9250.94,vb46568983Cx981277
VH002872,BMW,3 Series,2022,sedan,gasoline,28484.23,GM48950261Oc651467
VH002873,Hyundai,Santa Fe,2016,suv,gasoline,7034.62,Uv16469699EP780187
VH002874,BMW,X5,2016,suv,gasoline,15947.1,vv36802086pD998804
VH002875,Hyundai,Elantra,2009,sedan,gasoline,2640.0,ZX72640616Qc366319
VH002876,Honda,Pilot,2020,suv,electric,16044.41,Yn44676619Aw471102
VH002877,Chevrolet,Cruze,2020,sedan,gasoline,9528.0,bI41344213Tl189012
VH002878,Honda,Civic,2022,sedan,gasoline,15089.12,Pg03507430ex330618
VH002879,Hyundai,Accent,2017,sedan,gasoline,6237.95,st45113971EL742866
VH002880,Kia,Soul,2021,suv,gasoline,10000.32,Wq86035689Um705831
VH002881,Chevrolet,Malibu,2015,sedan,gasoline,5364.76,et01698407Oa640875
VH002882,Honda,Pilot,2022,suv,gasoline,24234.09,Ai84005071lW214582
VH002883,Kia,Sportage,2013,suv,gasoline,4423.07,IK29648027ji846693
VH002884,Toyota,Tacoma,2017,truck,gasoline,8551.75,xK86363891yi974204
VH002885,Nissan,Rogue,2012,suv,gasoline,4731.55,PL10597328lL835098
VH002886,Hyundai,Tucson,2018,suv,electric,9861.12,fS88100009la208993
VH002887,Hyundai,Sonata,2021,sedan,diesel,13083.28,JR01533422Mw549222
VH002888,Hyundai,Accent,2009,sedan,gasoline,2280.0,KP68207755Vq873422
VH002889,Hyundai,Santa Fe,2024,suv,gasoline,25652.14,vt68177175KX729201
VH002890,BMW,X5,2010,suv,hybrid,7440.0,DH57211814Gn304631
VH002891,Toyota,Tacoma,2010,truck,gasoline,4080.0,rC66746759Dl863621
VH002892,Ford,F-150,2021,truck,gasoline,18817.16,DE07173198rh658830
VH002893,Hyundai,Santa Fe,2008,suv,gasoline,3960.0,fW67581799SY722523
VH002894,Ford,Focus,2016,sedan,gasoline,5530.17,IF53201946XL386985
VH002895,Ford,Focus,2009,sedan,gasoline,2520.0,TT95443183Cg035142
VH002896,Ford,Focus,2019,sedan,gasoline,8826.07,gz68598420NR972429
VH002897,Honda,Civic,2008,sedan,gasoline,2880.0,XE37956692Rq071274
VH002898,Toyota,Camry,2020,sedan,gasoline,13008.94,ka14980963sm837485
VH002899,Chevrolet,Tahoe,2018,suv,hybrid,17210.22,Ql79196016qj585960
VH002900,Honda,Odyssey,2021,minivan,gasoline,16778.76,eX20340203we533747
VH002901,Toyota,Tacoma,2022,truck,gasoline,21310.76,GB05612995hk200402
VH002902,BMW,3 Series,2014,sedan,gasoline,7044.74,zG08035970sO594566
VH002903,Chevrolet,Malibu,2013,sedan,gasoline,3629.5,uF07367808pl908938
VH002904,Kia,Forte,2010,sedan,gasoline,2520.0,kp46352366KH952601
VH002905,Hyundai,Accent,2008,sedan,gasoline,2280.0,Gu38559007PW929082
VH002906,BMW,X5,2022,suv,gasoline,34576.44,Wc89984068VV648636
VH002907,Honda,CR-V,2020,suv,gasoline,13860.74,Do81811818pF627129
VH002908,BMW,5 Series,2009,sedan,gasoline,6720.0,Li65803092iF201615
VH002909,Ford,F-150,2019,truck,gasoline,16903.82,Ik34324293mJ278639
VH002910,Hyundai,Santa Fe,2021,suv,gasoline,13986.84,dL41981889xX264433
VH002911,Kia,Sportage,2021,suv,gasoline,14016.94,YD47255117pj020737
VH002912,BMW,X5,2021,suv,gasoline,28427.76,bF40407549UG257908
VH002913,Hyundai,Accent,2024,sedan,gasoline,14397.92,AT55392292Hc796752
VH002914,Honda,Odyssey,2020,minivan,hybrid,14413.71,Oj55354113PB130260
VH002915,Ford,F-150,2024,truck,gasoline,33209.84,fE30876327mZ100659
VH002916,Honda,Accord,2013,sedan,gasoline,5026.86,En88694614XF277685
VH002917,Chevrolet,Cruze,2010,sedan,electric,2425.22,Om75454220um370190
VH002918,BMW,X3,2008,suv,gasoline,5640.0,nY68421252uQ658076
VH002919,Ford,Explorer,2010,suv,gasoline,4680.0,jx29591641Rt393815
VH002920,BMW,X3,2021,suv,gasoline,21808.43,UH29076228eI260330
VH002921,BMW,X3,2016,suv,hybrid,10132.4,Af55915726wX815962
VH002922,Kia,Sorento,2017,suv,gasoline,10550.74,tw98164783tQ723497
VH002923,Honda,Odyssey,2020,minivan,gasoline,15927.69,gz03347720AU681646
VH002924,Honda,Pilot,2014,suv,gasoline,8249.74,Rw46182366ZY457579
VH002925,Nissan,Frontier,2015,truck,gasoline,7088.91,UI53503327ma663342
VH002926,Nissan,Pathfinder,2017,suv,gasoline,11152.65,nM33957767Se475847
VH002927,Chevrolet,Equinox,2012,suv,hybrid,3730.3,QQ23297977Is221936
VH002928,Hyundai,Accent,2018,sedan,gasoline,6023.0,UD86450585yp448994
VH002929,Chevrolet,Equinox,2019,suv,gasoline,12404.04,Te61598242jg984405
VH002930,BMW,3 Series,2008,sedan,gasoline,5280.0,XR92250782bD707544
VH002931,Ford,F-150,2021,truck,hybrid,20763.56,MO25505184kx269276
VH002932,Chevrolet,Silverado,2012,truck,gasoline,5393.02,oW87938269aj864005
VH002933,Nissan,Pathfinder,2022,suv,gasoline,22606.9,qO74021223sn789451
VH002934,Honda,Accord,2020,sedan,gasoline,13901.54,pr84699556QN166518
VH002935,BMW,3 Series,2009,sedan,gasoline,5280.0,ym76775919An950604
VH002936,Kia,Soul,2012,suv,gasoline,2701.86,cx94400689vo027881
VH002937,Chevrolet,Equinox,2023,suv,gasoline,20824.61,TM75521487et238687
VH002938,Toyota,Corolla,2022,sedan,gasoline,12268.88,Vk89604146Mg940929
VH002939,Chevrolet,Cruze,2010,sedan,gasoline,2400.0,mC21815570Yn627147
VH002940,Chevrolet,Silverado,2010,truck,gasoline,4920.0,nc67048706ac831729
VH002941,Kia,Soul,2008,suv,gasoline,2400.0,pd16658981Qi407322
VH002942,BMW,X3,2024,suv,gasoline,31033.81,Rw61740271rE428392
VH002943,Hyundai,Tucson,2008,suv,gasoline,3480.0,xg89274761vX864200
VH002944,Ford,F-150,2013,truck,gasoline,6787.27,aO34004668Ji303704
VH002945,Nissan,Frontier,2010,truck,electric,3840.0,uT51526863YL955280
VH002946,Nissan,Pathfinder,2022,suv,gasoline,17679.86,Oy53650956Ec663642
VH002947,Honda,Accord,2013,sedan,gasoline,5003.56,oM49734101ZZ824626
VH002948,Kia,Soul,2021,suv,hybrid,9609.81,UK12328359eD865523
VH002949,Chevrolet,Equinox,2018,suv,gasoline,9279.81,PI85705631iO076964
VH002950,Honda,Pilot,2022,suv,gasoline,20497.39,wa48768858Tf500990
VH002951,Ford,Escape,2018,suv,gasoline,8847.05,BM20537511ij996093
VH002952,Chevrolet,Silverado,2013,truck,gasoline,6004.4,jA75137515sR879224
VH002953,BMW,7 Series,2021,sedan,gasoline,45925.21,zw49779966Qc518432
VH002954,Toyota,Corolla,2020,sedan,gasoline,10290.3,eW27920374Ho767860
VH002955,Nissan,Pathfinder,2016,suv,gasoline,10194.8,GY55075162YW611664
VH002956,Toyota,RAV4,2018,suv,gasoline,10716.38,kl43080046AL123046
VH002957,BMW,X5,2019,suv,gasoline,23910.14,pZ08682713ig049107
VH002958,Honda,Pilot,2009,suv,gasoline,4800.0,Uk29254153vy400969
VH002959,Honda,Accord,2012,sedan,gasoline,4502.87,Hx39045393Ue648737
VH002960,Chevrolet,Equinox,2023,suv,gasoline,18746.2,ab88755373PN374690
VH002961,Chevrolet,Equinox,2013,suv,gasoline,4193.46,zP27926543HK418472
VH002962,Honda,Civic,2023,sedan,gasoline,14121.48,MF81487665BN708644
VH002963,BMW,X3,2020,suv,gasoline,23005.38,vP74579509Br171079
VH002964,Ford,Focus,2015,sedan,gasoline,4747.59,SZ78997315ec250479
VH002965,Nissan,Frontier,2011,truck,gasoline,4544.78,nU87129687jC974814
VH002966,Chevrolet,Tahoe,2014,suv,gasoline,8634.97,Oy42008846dV313963
VH002967,Hyundai,Santa Fe,2008,suv,gasoline,3960.0,qq57411961Lp199058
VH002968,Kia,Forte,2009,sedan,hybrid,2520.0,Mw05173802yx819174
VH002969,Nissan,Sentra,2012,sedan,gasoline,3038.84,VE76961992wX014003
VH002970,Honda,Pilot,2012,suv,gasoline,6181.63,SM79077554sT673309
VH002971,BMW,3 Series,2014,sedan,hybrid,9266.55,VP03841252uN631585
VH002972,Hyundai,Tucson,2024,suv,gasoline,19113.85,Mm46424947BY477225
VH002973,Nissan,Sentra,2012,sedan,gasoline,2906.9,Je79426649KK987545
VH002974,Nissan,Rogue,2020,suv,hybrid,13361.16,Ta00194167Oj557031
VH002975,Toyota,Camry,2015,sedan,gasoline,6619.51,CR25217820GX829407
VH002976,Ford,Focus,2018,sedan,gasoline,6441.12,nq37502677pD995940
VH002977,BMW,X3,2014,suv,gasoline,7788.39,Ri74523544Ns889503
VH002978,Hyundai,Tucson,2013,suv,hybrid,5197.3,Il19996019sL106871
VH002979,Ford,F-150,2021,truck,electric,21778.35,Mz08325322KM447001
VH002980,Toyota,Camry,2014,sedan,hybrid,5521.85,UQ07921427dL074235
VH002981,Honda,Odyssey,2010,minivan,gasoline,4458.02,VY28207394ZB103891
VH002982,Kia,Soul,2020,suv,hybrid,7548.52,Rg84900116Yp514650
VH002983,Honda,Accord,2022,sedan,electric,14652.56,KP96517124Ht084742
VH002984,Chevrolet,Equinox,2014,suv,gasoline,5538.66,XK24522408ls038064
VH002985,Hyundai,Sonata,2016,sedan,gasoline,7297.76,pN73669765Qq186263
VH002986,Honda,Civic,2009,sedan,gasoline,2880.0,ce45525391KW899025
VH002987,BMW,3 Series,2017,sedan,hybrid,12584.39,Qk01815804bn726784
VH002988,Nissan,Pathfinder,2013,suv,gasoline,5241.01,rQ91368733Ue641752
VH002989,Toyota,Camry,2020,sedan,hybrid,12438.76,cs19675958ai416056
VH002990,Kia,Sportage,2024,suv,hybrid,23421.19,Bs80999725cV615186
VH002991,Ford,Focus,2014,sedan,gasoline,4517.14,eD37864842IN224669
VH002992,Hyundai,Tucson,2022,suv,gasoline,16198.84,JW58981522cw064000
VH002993,Ford,F-150,2018,truck,electric,15564.36,OT39927949az065068
VH002994,Honda,Accord,2021,sedan,gasoline,13364.05,zl22962640yi404387
VH002995,Nissan,Pathfinder,2010,suv,gasoline,4320.0,CT59672776mj791514
VH002996,Ford,Escape,2021,suv,gasoline,13252.88,vD95755085sz164729
VH002997,Nissan,Altima,2015,sedan,gasoline,5288.99,yE31801112Rg560242
VH002998,Honda,Pilot,2012,suv,gasoline,6215.63,lW08910715Sw744855
VH002999,Nissan,Sentra,2024,sedan,gasoline,13858.56,nW71743374Qj615490
VH003000,Kia,Optima,2021,sedan,electric,13089.37,WD13131909kO055193
VH003001,Hyundai,Tucson,2016,suv,gasoline,6502.57,xN37687999GE308766
VH003002,Toyota,Camry,2013,sedan,gasoline,4865.62,vB88492356kH645365
VH003003,Chevrolet,Cruze,2017,sedan,gasoline,5530.58,WE41575957ro877927
VH003004,Honda,Civic,2014,sedan,gasoline,5066.08,Zi32850689XK775035
VH003005,Hyundai,Elantra,2008,sedan,gasoline,2640.0,CP02261240ru545983
VH003006,Hyundai,Sonata,2015,sedan,gasoline,6436.6,sS70885592IF774194
VH003007,Honda,Accord,2017,sedan,gasoline,7881.52,xR57723344Cj572432
VH003008,Ford,Escape,2009,suv,gasoline,3480.0,Dl65344724yX338474
VH003009,Honda,Pilot,2022,suv,gasoline,21749.01,Uk28610876pH729672
VH003010,Honda,Pilot,2013,suv,gasoline,6148.66,zV50530558tW377875
VH003011,Hyundai,Santa Fe,2010,suv,gasoline,3971.31,gQ68888643ot439923
VH003012,Honda,Odyssey,2008,minivan,gasoline,4440.0,tD46086499Bs095827
VH003013,Hyundai,Tucson,2008,suv,gasoline,3480.0,Ge67200823un367295
VH003014,Chevrolet,Malibu,2019,sedan,gasoline,9762.35,lJ32814029et986629
VH003015,Hyundai,Elantra,2011,sedan,gasoline,2640.0,RF05547327eJ511603
VH003016,Hyundai,Accent,2018,sedan,hybrid,7025.11,lr71909929SN155575
VH003017,Honda,CR-V,2017,suv,hybrid,9893.09,Ba91139429RO589297
VH003018,Hyundai,Accent,2022,sedan,gasoline,12209.29,eJ44506295nl254725
VH003019,Honda,CR-V,2018,suv,gasoline,11554.34,Ch34659399UO581939
VH003020,Ford,Mustang,2021,sedan,gasoline,15498.29,PN15608419Dp924931
VH003021,Hyundai,Sonata,2013,sedan,gasoline,4803.55,sf16930433kJ508562
VH003022,Nissan,Frontier,2017,truck,gasoline,8874.97,AM61519349zs032657
VH003023,Honda,Odyssey,2021,minivan,hybrid,18807.89,EX20634775uQ550462
VH003024,Honda,CR-V,2016,suv,gasoline,8287.75,UK28711965Nl216154
VH003025,Nissan,Frontier,2009,truck,gasoline,3840.0,xe32769925Dl171887
VH003026,Honda,CR-V,2018,suv,gasoline,11272.64,WJ69048358es947017
VH003027,Honda,Accord,2015,sedan,hybrid,6052.32,mu06188432tZ557072
VH003028,Hyundai,Santa Fe,2012,suv,hybrid,4296.43,qv64670946jq569096
VH003029,Chevrolet,Cruze,2010,sedan,gasoline,2400.0,xA91173725Wp140606
VH003030,Ford,Focus,2014,sedan,gasoline,4321.5,JM54198722cv335259
VH003031,Toyota,Camry,2021,sedan,hybrid,15775.46,KH18761414yu444785
VH003032,Toyota,Camry,2014,sedan,gasoline,5020.26,fm61563470JV760279
VH003033,Toyota,Corolla,2008,sedan,gasoline,2760.0,DE30749551LD669714
VH003034,Nissan,Rogue,2013,suv,gasoline,4552.75,SN24130975Xh418597
VH003035,Kia,Sorento,2020,suv,gasoline,12741.27,Fq29932699UX210112
VH003036,Nissan,Frontier,2013,truck,gasoline,5900.76,nh58895579yY473163
VH003037,Ford,Focus,2022,sedan,gasoline,12441.73,Aa16926239uN198627
VH003038,Honda,Accord,2015,sedan,gasoline,6183.42,eg17144510sR182167
VH003039,BMW,X3,2019,suv,electric,17435.44,IM69475295St332695
VH003040,Honda,Pilot,2010,suv,gasoline,4929.35,rA05271773EK821619
VH003041,Nissan,Frontier,2013,truck,gasoline,5870.05,sD14383062tc657881
VH003042,Hyundai,Sonata,2019,sedan,gasoline,9401.86,mU66068608Sd330052
VH003043,Honda,Odyssey,2019,minivan,gasoline,13342.69,tL67749494hX647893
VH003044,Honda,Civic,2009,sedan,gasoline,2880.0,IB23451810Kf787871
VH003045,Hyundai,Sonata,2019,sedan,gasoline,10137.98,RC59521041FH069285
VH003046,Hyundai,Santa Fe,2008,suv,hybrid,3960.0,rN14403638Lq105202
VH003047,Ford,Escape,2016,suv,gasoline,6965.16,ER08569712Uv371810
VH003048,Nissan,Altima,2017,sedan,gasoline,7128.46,Wi50952665ln090140
VH003049,Ford,Explorer,2014,suv,gasoline,6284.17,qh88838885Uw235712
VH003050,Kia,Sorento,2020,suv,hybrid,16314.38,Fj95286704do116746
VH003051,Chevrolet,Malibu,2016,sedan,gasoline,5510.0,Br04424409YM348087
VH003052,Ford,Explorer,2010,suv,gasoline,4680.0,Gr55881467Jt843693
VH003053,Nissan,Sentra,2023,sedan,gasoline,15483.62,Bi79958110RI752063
VH003054,Kia,Sorento,2010,suv,gasoline,3960.0,ZY08673346Hj778307
VH003055,BMW,X5,2009,suv,gasoline,7440.0,Jg65874419hM292976
VH003056,Nissan,Sentra,2014,sedan,gasoline,3362.77,iQ89114902LY742528
VH003057,Chevrolet,Cruze,2017,sedan,gasoline,5887.39,Ru78263003ct518517
VH003058,BMW,X5,2018,suv,gasoline,21886.08,xF98307874Qq118396
VH003059,BMW,X3,2024,suv,gasoline,37822.64,tw39893745Zh662346
VH003060,BMW,X5,2022,suv,hybrid,37417.06,lC73164319zz602267
VH003061,Honda,Civic,2013,sedan,gasoline,4041.65,Hs11460601xU023592
VH003062,Hyundai,Sonata,2008,sedan,gasoline,3240.0,cj32733987Oy611614
VH003063,Toyota,Camry,2018,sedan,gasoline,10308.25,LB63976716sz979790
VH003064,Chevrolet,Silverado,2011,truck,hybrid,5075.13,em24116792ZP035727
VH003065,Hyundai,Elantra,2013,sedan,gasoline,3625.75,EZ84259544jN802175
VH003066,BMW,5 Series,2016,sedan,gasoline,13185.99,SA80913255iP739933
VH003067,BMW,5 Series,2017,sedan,gasoline,17007.37,Ao38153832Sx078927
VH003068,Ford,Focus,2011,sedan,gasoline,2656.07,Km33018998BR266216
VH003069,Honda,Pilot,2018,suv,gasoline,13329.25,qN59069471Ij886132
VH003070,Chevrolet,Cruze,2018,sedan,gasoline,5993.94,EF56921744ig054417
VH003071,Kia,Forte,2019,sedan,gasoline,7002.23,PF69810513lE864410
VH003072,Hyundai,Sonata,2020,sedan,gasoline,13177.51,Zb50826281Lp512677
VH003073,Honda,Odyssey,2013,minivan,gasoline,5894.51,kc99584786cG124935
VH003074,Chevrolet,Tahoe,2009,suv,gasoline,6240.0,nv93673461tV224187
VH003075,Ford,Focus,2008,sedan,gasoline,2520.0,hm70616983Bz174299
VH003076,Kia,Soul,2015,suv,gasoline,3854.32,uv27677132Os251575
VH003077,Toyota,RAV4,2018,suv,gasoline,9025.39,ZU65757700aN485246
VH003078,Chevrolet,Equinox,2014,suv,hybrid,4667.68,sK65516650No704891
VH003079,BMW,5 Series,2010,sedan,gasoline,6720.0,Yj24488480tu000796
VH003080,Hyundai,Accent,2013,sedan,gasoline,3085.67,sI00946494EM534401
VH003081,Honda,Pilot,2008,suv,gasoline,4800.0,Jo87066552jX852727
VH003082,Ford,F-150,2020,truck,gasoline,17699.05,Lm57153150fi948173
VH003083,Hyundai,Sonata,2018,sedan,gasoline,9786.05,YX10903049Ou520861
VH003084,BMW,3 Series,2009,sedan,gasoline,5280.0,HN25784651jy105266
VH003085,BMW,3 Series,2019,sedan,gasoline,16922.85,em37370440Zv926620
VH003086,Hyundai,Elantra,2017,sedan,gasoline,5845.26,hJ90745854Vu545488
VH003087,Nissan,Frontier,2017,truck,gasoline,10070.23,Qf24226712Cp603692
VH003088,Kia,Forte,2017,sedan,gasoline,5863.59,WH19221538be308431
VH003089,BMW,X5,2017,suv,gasoline,16590.48,TB05281740fw251554
VH003090,Kia,Forte,2012,sedan,gasoline,3078.03,dL19024333Ay750707
VH003091,Chevrolet,Cruze,2013,sedan,electric,2963.47,Tp12237042Uq328827
VH003092,Hyundai,Accent,2023,sedan,gasoline,10844.02,Jy00584302iU241687
VH003093,Nissan,Frontier,2022,truck,gasoline,16567.47,vE49136526LM052843
VH003094,Hyundai,Tucson,2023,suv,gasoline,18191.92,XM77161852fn721261
VH003095,Ford,Explorer,2012,suv,gasoline,6378.15,gP22669842Rs355477
VH003096,Hyundai,Elantra,2012,sedan,gasoline,3502.78,gv98961174Ky746657
VH003097,Chevrolet,Silverado,2024,truck,gasoline,31771.98,EI77336295JP871230
VH003098,Honda,CR-V,2019,suv,gasoline,10310.98,gA90808066OP188365
VH003099,Kia,Forte,2014,sedan,gasoline,3867.12,KX08424289kR366376
VH003100,Hyundai,Elantra,2023,sedan,electric,15154.78,xP67378419Ur521703
VH003101,Honda,Civic,2009,sedan,gasoline,2880.0,Vq35173181Kz175047
VH003102,BMW,X3,2015,suv,gasoline,11610.24,Cd75274214Px626333
VH003103,Chevrolet,Tahoe,2010,suv,gasoline,6240.0,Mo41650856mZ928219
VH003104,Hyundai,Accent,2015,sedan,gasoline,3806.34,iQ54889147jw149361
VH003105,Hyundai,Elantra,2012,sedan,gasoline,2862.14,JN50181380tI947870
VH003106,BMW,5 Series,2016,sedan,gasoline,12305.99,eO55740550UQ924407
VH003107,Ford,Escape,2009,suv,gasoline,3480.0,hr54667377Mj459754
VH003108,Ford,Focus,2022,sedan,hybrid,12876.52,TJ12067069sR515695
VH003109,BMW,7 Series,2015,sedan,gasoline,20031.67,Ki59545151in567598
VH003110,BMW,3 Series,2018,sedan,diesel,15753.01,TZ88941064Gg100903
VH003111,Chevrolet,Malibu,2022,sedan,gasoline,13896.3,HX99095858Az370344
VH003112,Honda,Accord,2008,sedan,gasoline,3480.0,Wz31377934En866636
VH003113,BMW,3 Series,2016,sedan,hybrid,12049.83,gq94249851IW877876
VH003114,Chevrolet,Equinox,2024,suv,electric,18753.66,Fw17412092tg240580
VH003115,Nissan,Pathfinder,2011,suv,gasoline,5058.25,wE71248532Zt943751
VH003116,Hyundai,Sonata,2024,sedan,electric,18811.57,sG05418291Qj859579
VH003117,Honda,Civic,2017,sedan,hybrid,6319.93,of14386580KN903642
VH003118,BMW,X3,2020,suv,electric,22535.69,QE23046170Pp841858
VH003119,Kia,Forte,2015,sedan,gasoline,3873.16,jb62832480yc158863
VH003120,BMW,5 Series,2012,sedan,gasoline,9146.33,SW01995392Vg836499
VH003121,Nissan,Frontier,2010,truck,hybrid,3863.87,kh93160249lL877859
VH003122,Chevrolet,Malibu,2013,sedan,diesel,4441.72,QU38013674Xu907166
VH003123,Honda,Civic,2008,sedan,diesel,2880.0,zA05434895tJ740925
VH003124,Kia,Forte,2018,sedan,diesel,7911.96,Na25862544hH963050
VH003125,Toyota,Highlander,2009,suv,gasoline,4560.0,lc75390984kU321354
VH003126,Hyundai,Accent,2016,sedan,hybrid,4688.42,vj18686718ku152688
VH003127,Toyota,Camry,2014,sedan,gasoline,4614.85,zf87973899gz104712
VH003128,Honda,Odyssey,2009,minivan,hybrid,4440.0,Hq54301038PP524165
VH003129,Chevrolet,Tahoe,2024,suv,gasoline,39830.08,gc18709813Ps993877
VH003130,Hyundai,Elantra,2008,sedan,gasoline,2640.0,GZ72677489QK428859
VH003131,Toyota,Corolla,2017,sedan,gasoline,6599.74,EO75960611AF383589
VH003132,Ford,Explorer,2018,suv,gasoline,14259.98,xx49973330Ul444400
VH003133,Nissan,Altima,2020,sedan,gasoline,11368.7,uS06039887QP163762
VH003134,BMW,3 Series,2017,sedan,gasoline,11698.98,ch54065233eK813599
VH003135,Nissan,Pathfinder,2018,suv,gasoline,10592.11,WJ91528677xm299063
VH003136,BMW,7 Series,2008,sedan,gasoline,10560.0,Au41818471vO140052
VH003137,Chevrolet,Malibu,2011,sedan,gasoline,3120.0,vm39074463Jh534849
VH003138,Nissan,Frontier,2017,truck,gasoline,9967.03,Zu83523742Vf499909
VH003139,BMW,3 Series,2022,sedan,gasoline,21711.05,dv11772587Pn852444
VH003140,Ford,F-150,2008,truck,gasoline,5040.0,GQ92227960bN142014
VH003141,Nissan,Pathfinder,2022,suv,gasoline,20743.79,nf79819163ll031875
VH003142,Chevrolet,Equinox,2013,suv,gasoline,4911.27,Dr42953739zh364876
VH003143,Honda,Civic,2019,sedan,gasoline,9320.08,Pm63712814bG671283
VH003144,Honda,Civic,2024,sedan,hybrid,20126.84,gc10067410Lw493303
VH003145,Nissan,Pathfinder,2019,suv,gasoline,12776.59,bI37358020IZ374517
VH003146,Toyota,RAV4,2024,suv,gasoline,22513.55,Jj68112055Ak415728
VH003147,Honda,Accord,2009,sedan,gasoline,3480.0,Ck19842522Lj569351
VH003148,Hyundai,Santa Fe,2009,suv,gasoline,3960.0,Dy24296999cH136301
VH003149,Ford,F-150,2021,truck,gasoline,22277.73,mh87688224gx027853
VH003150,Ford,Escape,2015,suv,gasoline,6343.88,zx72400826vU858052
VH003151,Hyundai,Santa Fe,2023,suv,gasoline,20195.13,Gd34078178BL387451
VH003152,BMW,5 Series,2013,sedan,gasoline,9946.95,YU03570721Db771410
VH003153,BMW,X5,2017,suv,gasoline,15667.16,vo83064669Xe183967
VH003154,Honda,Odyssey,2017,minivan,hybrid,10147.48,xs18666402Nj920443
VH003155,BMW,7 Series,2010,sedan,hybrid,10560.0,yq23704497bv782822
VH003156,BMW,X5,2013,suv,gasoline,10368.47,EU56397251AT440975
VH003157,BMW,X3,2017,suv,hybrid,15406.11,kn72654014gB478143
VH003158,Chevrolet,Cruze,2020,sedan,gasoline,9782.87,Pi19987732fH867945
VH003159,Honda,Accord,2021,sedan,gasoline,15017.69,lt15613504MR318383
VH003160,Honda,Odyssey,2015,minivan,diesel,9095.13,Ps01053141rj527519
VH003161,Chevrolet,Cruze,2012,sedan,gasoline,2806.06,fT03786056JG525188
VH003162,Ford,F-150,2013,truck,gasoline,7059.72,pJ44463080Jw613154
VH003163,BMW,5 Series,2012,sedan,gasoline,8924.69,Jl36964009oo179932
VH003164,Hyundai,Elantra,2021,sedan,gasoline,10424.28,om71670961Kr108524
VH003165,Hyundai,Tucson,2018,suv,gasoline,8419.84,lf67678279rL872340
VH003166,Kia,Soul,2015,suv,hybrid,4352.48,Ok44437678xH739074
VH003167,Honda,Pilot,2017,suv,hybrid,10906.25,Hv11568428RV079286
VH003168,Chevrolet,Equinox,2016,suv,gasoline,6753.13,FR45383407KA513821
VH003169,Toyota,Highlander,2022,suv,electric,24020.35,dK63972860QL425467
VH003170,Kia,Sportage,2012,suv,gasoline,4331.55,ZZ20299017QM648519
VH003171,Toyota,Corolla,2017,sedan,gasoline,5966.89,IV76354847tB284600
VH003172,Honda,CR-V,2009,suv,hybrid,3720.0,bY54070850Mh720991
VH003173,Hyundai,Accent,2013,sedan,gasoline,3255.77,pk07403835gK141298
VH003174,Chevrolet,Cruze,2022,sedan,gasoline,10130.8,hK84921341GX252194
VH003175,Hyundai,Sonata,2016,sedan,gasoline,5918.78,cW92191735FF252748
VH003176,Ford,F-150,2014,truck,gasoline,8691.66,Jq33964762QB529835
VH003177,Nissan,Rogue,2009,suv,gasoline,3480.0,IQ93605254Sw683349
VH003178,Chevrolet,Cruze,2024,sedan,gasoline,17216.19,xl87301480si022764
VH003179,Honda,Odyssey,2021,minivan,gasoline,18162.58,QK36129226JY769577
VH003180,Toyota,Highlander,2019,suv,gasoline,15787.96,vM19553775uG398245
VH003181,Hyundai,Santa Fe,2008,suv,hybrid,3960.0,CV11790225XY033764
VH003182,Toyota,Corolla,2013,sedan,diesel,4025.97,jO33342824rV006127
VH003183,BMW,3 Series,2023,sedan,gasoline,32869.32,lr91454248uF912751
VH003184,Chevrolet,Tahoe,2019,suv,gasoline,18092.55,zr93819063cG313568
VH003185,Nissan,Sentra,2009,sedan,gasoline,2520.0,aI74791865Kk076476
VH003186,Hyundai,Tucson,2016,suv,gasoline,7507.47,RL61444284Fo780737
VH003187,Hyundai,Tucson,2016,suv,gasoline,7602.72,Iv78769959lp730688
VH003188,Hyundai,Tucson,2008,suv,gasoline,3480.0,wC06123694Cl369059
VH003189,Toyota,Highlander,2021,suv,gasoline,17426.26,He91567424sr970579
VH003190,Kia,Sorento,2018,suv,gasoline,12100.5,hS20797135SU951586
VH003191,Ford,Escape,2020,suv,diesel,11783.09,nz03726955UG784576
VH003192,Honda,Civic,2023,sedan,gasoline,14896.73,yV10172856Kn064960
VH003193,BMW,5 Series,2022,sedan,gasoline,34486.2,hT72245179qK113310
VH003194,Toyota,RAV4,2011,suv,gasoline,3907.3,ec51310563th780157
VH003195,Nissan,Pathfinder,2014,suv,gasoline,7251.67,IX28438702IE664997
VH003196,Honda,Civic,2011,sedan,gasoline,3347.98,Vz14749433wW658347
VH003197,Nissan,Pathfinder,2014,suv,gasoline,6225.5,tq97483420Xk833739
VH003198,BMW,X3,2018,suv,gasoline,17684.17,tg13183434Wn187165
VH003199,Toyota,RAV4,2018,suv,gasoline,8838.77,MJ47307517PR920502
VH003200,Toyota,RAV4,2014,suv,gasoline,5373.63,vC99119169XQ120864
VH003201,Kia,Sorento,2008,suv,gasoline,3960.0,Be53028459aB584279
VH003202,Kia,Sportage,2019,suv,electric,11768.42,oB49670435wE693653
VH003203,Ford,Focus,2021,sedan,gasoline,10080.75,eS88415619hI800855
VH003204,Nissan,Rogue,2016,suv,hybrid,6398.38,hb49382720fi049082
VH003205,BMW,3 Series,2017,sedan,gasoline,12587.98,Lj24562738xM874152
VH003206,Kia,Sorento,2011,suv,gasoline,4403.46,mx10300312lz343840
VH003207,Toyota,Camry,2011,sedan,gasoline,3365.4,LB40991764nC667509
VH003208,BMW,3 Series,2020,sedan,gasoline,20796.38,Le58872977Gi293192
VH003209,Ford,Explorer,2010,suv,gasoline,4680.0,sw51734437Lu780717
VH003210,Toyota,RAV4,2023,suv,gasoline,20595.39,Jg67575163ed898385
VH003211,Chevrolet,Silverado,2023,truck,gasoline,25083.79,IL11831319hv211803
VH003212,Ford,Explorer,2012,suv,hybrid,5207.16,QT72221043HS469591
VH003213,Kia,Soul,2011,suv,gasoline,2707.69,HE23415764tI893140
VH003214,BMW,X3,2014,suv,gasoline,8594.64,sO58598531jS702346
VH003215,Toyota,Corolla,2024,sedan,gasoline,15863.85,WA29617703hG091047
VH003216,Toyota,RAV4,2011,suv,gasoline,4236.96,qq77111867Lf284050
VH003217,Chevrolet,Cruze,2016,sedan,diesel,4458.93,Mo99762520tW006948
VH003218,BMW,X5,2014,suv,gasoline,10903.52,Ei77961692lx087965
VH003219,Ford,Explorer,2019,suv,gasoline,15562.3,gh45967072Br899665
VH003220,Ford,Explorer,2019,suv,gasoline,13523.73,FO72305174Fh282219
VH003221,Nissan,Frontier,2011,truck,gasoline,4079.76,vF88878179iF668820
VH003222,Chevrolet,Silverado,2013,truck,gasoline,6571.76,Hc14000713WY340021
VH003223,Kia,Sportage,2012,suv,gasoline,3764.6,OM24350005jX881568
VH003224,Chevrolet,Silverado,2018,truck,hybrid,12546.6,vA31761840cc522160
VH003225,Hyundai,Santa Fe,2018,suv,hybrid,10638.26,hC46331744hC599440
VH003226,Honda,Odyssey,2017,minivan,gasoline,9502.52,Xm06654229VN317827
VH003227,Ford,Focus,2010,sedan,gasoline,2555.86,XG58693485Ao962443
VH003228,Honda,Pilot,2024,suv,gasoline,28198.59,Xt32425170Ii066399
VH003229,Chevrolet,Equinox,2009,suv,gasoline,3480.0,Bm24318245tx563208
VH003230,BMW,X3,2022,suv,gasoline,26483.42,Nf70484099Ib814849
VH003231,Ford,Explorer,2020,suv,hybrid,17872.23,ah02713720CP812858
VH003232,BMW,X3,2014,suv,gasoline,8161.37,lc24481052RI393379
VH003233,Hyundai,Sonata,2023,sedan,gasoline,18208.49,ml51620948mN911822
VH003234,Hyundai,Elantra,2013,sedan,hybrid,3907.19,oS83993707Ld429666
VH003235,Ford,Escape,2010,suv,gasoline,3480.0,EN78518155LG798344
VH003236,Hyundai,Tucson,2016,suv,gasoline,6938.82,jR93399678Im974126
VH003237,Honda,Civic,2020,sedan,gasoline,11769.59,eo85794349tQ013498
VH003238,Toyota,Corolla,2023,sedan,gasoline,14802.42,qA10536824bE350947
VH003239,Toyota,Highlander,2023,suv,gasoline,25122.27,YB30338944co554467
VH003240,Kia,Soul,2016,suv,gasoline,4572.83,qq16922286MU262764
VH003241,Toyota,RAV4,2010,suv,hybrid,3600.0,LR06957635oy654063
VH003242,Ford,F-150,2009,truck,diesel,5040.0,KL10858977xb416576
VH003243,Nissan,Rogue,2023,suv,gasoline,18844.73,dR74427229da797731
VH003244,Kia,Sorento,2017,suv,gasoline,9195.3,Zk41526053LP011582
VH003245,Chevrolet,Equinox,2011,suv,hybrid,3941.91,hl61342682td352605
VH003246,Nissan,Sentra,2011,sedan,gasoline,2520.0,AW05656766Cy109386
VH003247,Kia,Optima,2015,sedan,gasoline,5811.07,Zw93736484EO639179
VH003248,Kia,Optima,2020,sedan,electric,9340.36,Dn86994990nJ442723
VH003249,Hyundai,Accent,2014,sedan,gasoline,3310.35,Cy54228573WU969050
VH003250,Nissan,Rogue,2012,suv,gasoline,3826.34,kq93480472VK232999
VH003251,Kia,Optima,2017,sedan,gasoline,7889.13,OG73244642Lx186980
VH003252,Hyundai,Tucson,2013,suv,gasoline,4179.42,Vh94861225cL443858
VH003253,Hyundai,Accent,2011,sedan,diesel,2295.46,Zn42092414Fo242459
VH003254,Kia,Soul,2014,suv,gasoline,3567.46,nI30056837se155065
VH003255,Hyundai,Elantra,2020,sedan,gasoline,10516.98,xB38633600FJ213249
VH003256,Nissan,Frontier,2017,truck,gasoline,9681.0,TM67881220fI227136
VH003257,Nissan,Altima,2023,sedan,gasoline,19371.48,BL10343672YP767677
VH003258,Chevrolet,Malibu,2011,sedan,gasoline,3120.0,fR22800859ev514722
VH003259,Hyundai,Accent,2016,sedan,gasoline,4708.06,oL23246239Ff597831
VH003260,Hyundai,Accent,2011,sedan,gasoline,2280.0,hZ54852804Bv402868
VH003261,Chevrolet,Equinox,2019,suv,hybrid,10725.12,yh53340586bw540188
VH003262,Ford,Mustang,2019,sedan,gasoline,11918.59,VC49518172ng865232
VH003263,Hyundai,Elantra,2008,sedan,electric,2640.0,Ui99841383NA365770
VH003264,BMW,X3,2015,suv,gasoline,9870.69,OD84411442qo565386
VH003265,BMW,7 Series,2023,sedan,gasoline,55105.96,Fs78467209Lw506495
VH003266,BMW,5 Series,2020,sedan,gasoline,27185.55,Be92077035zz720675
VH003267,Nissan,Sentra,2019,sedan,gasoline,6748.66,KI16563513Ks408396
VH003268,Nissan,Pathfinder,2023,suv,gasoline,27062.37,eb57981671zl146172
VH003269,BMW,X3,2010,suv,gasoline,5640.0,FG08830971Pa870377
VH003270,Nissan,Frontier,2015,truck,gasoline,6933.78,UA05535740cU659277
VH003271,Chevrolet,Silverado,2008,truck,gasoline,4920.0,yf61242432hl479178
VH003272,Nissan,Altima,2008,sedan,gasoline,3120.0,OT96626466yy507690
VH003273,Toyota,Highlander,2020,suv,gasoline,18345.46,gT43355508mC308098
VH003274,Ford,Focus,2013,sedan,gasoline,3587.75,bj28595219ZN784818
VH003275,Kia,Forte,2011,sedan,electric,2520.0,sw31978676xJ248538
VH003276,BMW,X3,2017,suv,hybrid,11933.23,jW95192165TK636084
VH003277,Chevrolet,Tahoe,2020,suv,gasoline,20193.18,up07655610xa113919
VH003278,Chevrolet,Cruze,2016,sedan,gasoline,5566.08,ji91442266zk359425
VH003279,Nissan,Pathfinder,2015,suv,gasoline,7037.1,bt09876473EM509703
VH003280,Honda,Accord,2016,sedan,gasoline,7856.22,nU79644184HI703678
VH003281,Nissan,Altima,2012,sedan,gasoline,3647.92,xj68098730PP561112
VH003282,Hyundai,Tucson,2011,suv,hybrid,3646.19,hU57897356KY387368
VH003283,Hyundai,Sonata,2020,sedan,gasoline,11329.57,UL72458236EW425198
VH003284,Toyota,Camry,2012,sedan,gasoline,3656.01,Sx19174543Dx294099
VH003285,Toyota,Tacoma,2017,truck,hybrid,10221.93,GP74504923Zw876834
VH003286,Chevrolet,Malibu,2019,sedan,hybrid,10323.61,nz48706278Lm536636
VH003287,Nissan,Pathfinder,2010,suv,gasoline,4320.0,Nx82359249dg730750
VH003288,Ford,Focus,2024,sedan,electric,14587.25,KX64747275Hv245383
VH003289,Hyundai,Elantra,2020,sedan,gasoline,10533.1,QW75702410lv573206
VH003290,Nissan,Sentra,2010,sedan,gasoline,2520.0,En39091582WH758482
VH003291,Kia,Optima,2014,sedan,gasoline,4368.44,cO35248430Kl820856
VH003292,Hyundai,Elantra,2020,sedan,gasoline,9634.68,kL78509225DG007491
VH003293,Chevrolet,Cruze,2023,sedan,gasoline,14861.18,RP44635649Hj487293
VH003294,Nissan,Rogue,2014,suv,electric,5293.91,Vw18675093ZM833775
VH003295,BMW,7 Series,2022,sedan,gasoline,50657.91,jm60253492MN143921
VH003296,Ford,Escape,2016,suv,gasoline,8118.95,cz68280502qn104244
VH003297,BMW,7 Series,2017,sedan,electric,22232.4,hQ28059963Jy109800
VH003298,Kia,Sportage,2008,suv,gasoline,3360.0,Oa71297144KP505031
VH003299,Nissan,Frontier,2008,truck,gasoline,3840.0,Sk77031485jR811942
VH003300,Hyundai,Accent,2009,sedan,gasoline,2280.0,pB05987265Sx637935
VH003301,BMW,7 Series,2023,sedan,hybrid,63317.01,QU65577070UU482472
VH003302,Ford,Focus,2019,sedan,gasoline,8536.78,LJ40086371kZ397070
VH003303,Honda,Pilot,2019,suv,gasoline,13060.95,es54029264JI488092
VH003304,Nissan,Sentra,2010,sedan,gasoline,2520.0,fI73864970pH905407
VH003305,Honda,Odyssey,2019,minivan,gasoline,13889.1,es23266684XR374282
VH003306,Ford,Explorer,2014,suv,hybrid,7739.43,iM14435774Ry084719
VH003307,Ford,Escape,2019,suv,gasoline,9507.49,YJ20591541dT081811
VH003308,Chevrolet,Tahoe,2023,suv,hybrid,37912.33,zV98752539nq480664
VH003309,Ford,Focus,2011,sedan,gasoline,2520.0,Lp42082754gW211954
VH003310,BMW,X5,2012,suv,electric,9641.31,va67302434BM482873
VH003311,Nissan,Altima,2012,sedan,gasoline,3675.62,Es02749158lv659090
VH003312,Nissan,Altima,2010,sedan,gasoline,3120.0,lx67332839vf552616
VH003313,Kia,Sportage,2017,suv,gasoline,7675.06,Gp44060932LT154197
VH003314,Honda,Civic,2021,sedan,gasoline,10363.02,tQ59820089GE057555
VH003315,Kia,Forte,2019,sedan,gasoline,6883.65,wq91702031YC748202
VH003316,Honda,Civic,2021,sedan,gasoline,12569.43,cg53670180et952303
VH003317,Ford,Escape,2023,suv,gasoline,21278.11,ZE49360556jy127194
VH003318,Ford,F-150,2011,truck,gasoline,5273.08,Xy55826819to667016
VH003319,Nissan,Rogue,2008,suv,gasoline,3480.0,WA08338061Aj987885
VH003320,Ford,Mustang,2016,sedan,diesel,7742.39,jw03195399Me170579
VH003321,Ford,Focus,2010,sedan,gasoline,2520.0,Mk06996934ju905711
VH003322,Kia,Sorento,2013,suv,gasoline,5912.3,hI54137306vB837439
VH003323,Nissan,Sentra,2022,sedan,gasoline,12473.6,tH76089103IJ459962
VH003324,Chevrolet,Equinox,2019,suv,gasoline,9878.72,zT35519918Sg139218
VH003325,Chevrolet,Malibu,2023,sedan,hybrid,14602.21,rQ81601511Qy520228
VH003326,BMW,5 Series,2011,sedan,gasoline,7625.65,sL16970522hy207329
VH003327,Ford,Focus,2018,sedan,gasoline,5942.54,ML97002775PU951216
VH003328,Chevrolet,Cruze,2021,sedan,gasoline,11131.94,RP17600491lK312545
VH003329,Ford,F-150,2016,truck,hybrid,11998.77,Ns13722603gv723169
VH003330,Hyundai,Elantra,2010,sedan,gasoline,2640.0,ql66198562cp647759
VH003331,Ford,Focus,2012,sedan,gasoline,2958.48,az50731200Iv736545
VH003332,BMW,5 Series,2009,sedan,gasoline,6720.0,CF63102836Xg831781
VH003333,Chevrolet,Equinox,2024,suv,electric,24606.86,TL53832604Qc763580
VH003334,Kia,Soul,2020,suv,gasoline,8019.18,hG44962212zE032945
VH003335,Kia,Sportage,2018,suv,gasoline,8025.69,FW36839313lq357746
VH003336,BMW,3 Series,2012,sedan,gasoline,6948.06,Nf06089266PA318402
VH003337,Hyundai,Santa Fe,2011,suv,gasoline,4276.84,DQ03403462MP766497
VH003338,Toyota,RAV4,2010,suv,gasoline,3600.0,oU99990183Gp662427
VH003339,Chevrolet,Silverado,2016,truck,gasoline,9711.83,pu62402165sA778794
VH003340,Chevrolet,Silverado,2022,truck,gasoline,22444.35,po96885086sm094434
VH003341,Hyundai,Elantra,2016,sedan,gasoline,5041.25,bs10999450jB127618
VH003342,Chevrolet,Malibu,2010,sedan,gasoline,3120.0,ex13634882ya547867
VH003343,Chevrolet,Silverado,2020,truck,diesel,15281.52,bG24436061cX013868
VH003344,BMW,5 Series,2022,sedan,hybrid,29927.52,mK34919085Xb368448
VH003345,Nissan,Altima,2023,sedan,gasoline,16421.03,WB88302871sR918093
VH003346,Hyundai,Elantra,2013,sedan,hybrid,3184.9,mj05835529VU451395
VH003347,Ford,Focus,2017,sedan,gasoline,5847.67,cD42300027aS060415
VH003348,Hyundai,Accent,2014,sedan,gasoline,3989.5,Ws04084836qX831584
VH003349,Toyota,Tacoma,2022,truck,gasoline,21271.98,EB09723513bW256920
VH003350,Toyota,Camry,2015,sedan,gasoline,6860.14,nG74198291ol289341
VH003351,BMW,5 Series,2011,sedan,gasoline,7898.06,rK32498875KB275313
VH003352,BMW,3 Series,2008,sedan,hybrid,5280.0,lz67436707TB347778
VH003353,Honda,Odyssey,2015,minivan,gasoline,8041.12,qZ08556339fW236490
VH003354,Nissan,Rogue,2017,suv,gasoline,7989.56,WX49940844op864442
VH003355,Hyundai,Accent,2012,sedan,gasoline,2407.38,TZ63244100Wn424340
VH003356,Toyota,Corolla,2020,sedan,gasoline,10956.65,al23168850bk563680
VH003357,Honda,CR-V,2015,suv,hybrid,7355.74,UZ78791740Fi814651
VH003358,BMW,X3,2024,suv,gasoline,39503.58,PH56978903DF806647
VH003359,Hyundai,Santa Fe,2014,suv,gasoline,5627.01,yp74299955XC160090
VH003360,Toyota,Corolla,2023,sedan,gasoline,15536.3,Ba50173502hB267961
VH003361,Toyota,Tacoma,2009,truck,gasoline,4080.0,xu45343403ld364747
VH003362,Toyota,Highlander,2018,suv,hybrid,13463.04,MG62163778ZU435115
VH003363,Nissan,Altima,2008,sedan,gasoline,3120.0,rk55923496pp818769
VH003364,Toyota,Corolla,2016,sedan,electric,5902.25,MH23093938yt996857
VH003365,Nissan,Altima,2023,sedan,electric,15152.31,qE85515549ln790362
VH003366,Toyota,Camry,2021,sedan,gasoline,15824.28,ri61279371sR364758
VH003367,Kia,Sorento,2009,suv,gasoline,3960.0,WL44391650Lo517988
VH003368,BMW,X3,2022,suv,gasoline,25855.2,HW98632369RN257075
VH003369,Hyundai,Elantra,2024,sedan,gasoline,18143.57,HX07307013Ie078645
VH003370,Honda,CR-V,2024,suv,gasoline,21014.93,Mx51746551kU359286
VH003371,Nissan,Frontier,2024,truck,hybrid,26517.72,iI47450486Dt164546
VH003372,BMW,5 Series,2024,sedan,hybrid,38593.21,yG01772014Cn568140
VH003373,Kia,Sorento,2009,suv,gasoline,3960.0,ls28598746Ij851655
VH003374,Kia,Forte,2022,sedan,gasoline,10307.17,dl29580929ua521207
VH003375,Kia,Sportage,2023,suv,gasoline,19501.06,FF89403242jc229596
VH003376,Honda,CR-V,2009,suv,gasoline,3720.0,sI12057854AZ630628
VH003377,Ford,F-150,2019,truck,gasoline,14296.2,cX39506297rE323061
VH003378,Chevrolet,Cruze,2021,sedan,gasoline,8660.05,Rx43853340MH536031
VH003379,Hyundai,Elantra,2009,sedan,gasoline,2640.0,fc97989751vS170418
VH003380,Nissan,Pathfinder,2019,suv,gasoline,14241.58,rI00179546dn956223
VH003381,BMW,X5,2016,suv,gasoline,14674.59,BW79818628kp941166
VH003382,Chevrolet,Equinox,2023,suv,gasoline,17716.22,lP74671631ZC130303
VH003383,Chevrolet,Cruze,2022,sedan,hybrid,10309.19,re19591786Md431358
VH003384,Honda,Pilot,2011,suv,gasoline,4925.43,BE08797882uB326170
VH003385,Kia,Sorento,2013,suv,gasoline,4792.39,Ey54134822Ia837211
VH003386,Toyota,Highlander,2022,suv,gasoline,18896.79,kG92286221IM878421
VH003387,Kia,Soul,2009,suv,gasoline,2400.0,bz33017750xd196274
VH003388,Hyundai,Accent,2009,sedan,gasoline,2280.0,Nw15815761aK282019
VH003389,Nissan,Frontier,2019,truck,gasoline,12268.4,AS34694781xq648212
VH003390,Honda,Civic,2021,sedan,gasoline,13426.28,zQ34025773yF516566
VH003391,Kia,Sorento,2018,suv,gasoline,9657.84,Pr84523236du813928
VH003392,Kia,Sportage,2021,suv,electric,15116.18,cI71701506UN682480
VH003393,BMW,7 Series,2018,sedan,gasoline,32796.83,la50644019gR937192
VH003394,BMW,7 Series,2018,sedan,gasoline,31349.25,vr09062012dx526831
VH003395,Hyundai,Sonata,2011,sedan,gasoline,3240.0,mg48882135fd954672
VH003396,Toyota,Camry,2016,sedan,electric,7941.03,kd38223877PN731567
VH003397,Nissan,Frontier,2023,truck,gasoline,18692.87,Op96828700lm460351
VH003398,Honda,Pilot,2019,suv,gasoline,13188.96,Se28335695Uz595582
VH003399,Hyundai,Accent,2009,sedan,gasoline,2280.0,qJ74533103UI907965
VH003400,Ford,Explorer,2014,suv,diesel,7299.22,js06908784cA986280
VH003401,BMW,7 Series,2024,sedan,gasoline,73587.42,FW18802718ti487488
VH003402,BMW,3 Series,2009,sedan,gasoline,5280.0,FN81503204pi421964
VH003403,BMW,7 Series,2022,sedan,gasoline,54650.48,Eu24943665bq393668
VH003404,Hyundai,Elantra,2021,sedan,hybrid,9793.48,IR18084341Zo115932
VH003405,BMW,X3,2018,suv,gasoline,13484.21,jY55779378Dh721455
VH003406,Ford,Focus,2009,sedan,hybrid,2520.0,tl18131262ra135826
VH003407,Ford,F-150,2011,truck,hybrid,5814.48,PJ00223919kz740878
VH003408,Chevrolet,Malibu,2022,sedan,gasoline,14608.0,dY77541047Us739643
VH003409,Chevrolet,Equinox,2018,suv,gasoline,8253.1,mD82730944wn918005
VH003410,Honda,Accord,2014,sedan,gasoline,4826.52,Pf42840037um980577
VH003411,BMW,5 Series,2017,sedan,diesel,15033.3,fZ83055145QH058854
VH003412,Ford,Escape,2020,suv,gasoline,12632.86,YO80312171To534831
VH003413,Hyundai,Santa Fe,2020,suv,gasoline,13074.54,Wz36606774SD442549
VH003414,Hyundai,Accent,2016,sedan,gasoline,4711.67,QN04965214MI639102
VH003415,Chevrolet,Malibu,2023,sedan,gasoline,19514.32,Ok34046089Bf409818
VH003416,Ford,Explorer,2016,suv,gasoline,10549.1,as32859171YA923863
VH003417,Kia,Optima,2013,sedan,gasoline,4595.24,uA37861436hY432904
VH003418,Toyota,RAV4,2018,suv,electric,9597.33,iv02819151uo694760
VH003419,Chevrolet,Tahoe,2022,suv,gasoline,25894.29,VY30257353GY852148
VH003420,Toyota,Corolla,2015,sedan,gasoline,4721.37,Cu05822263gN015374
VH003421,Nissan,Altima,2024,sedan,hybrid,18319.68,Vb04503241Qu393314
VH003422,Chevrolet,Tahoe,2014,suv,gasoline,8600.44,WW03675265pY222187
VH003423,Chevrolet,Malibu,2017,sedan,gasoline,6553.94,Ca63703425fm238997
VH003424,Hyundai,Santa Fe,2024,suv,gasoline,25844.02,cv93667773Ni954528
VH003425,Nissan,Frontier,2024,truck,hybrid,25057.7,LI43069731Lx396169
VH003426,BMW,X5,2015,suv,hybrid,14894.42,oI31746333qC607199
VH003427,Toyota,Highlander,2018,suv,hybrid,12030.66,Zc48079587BQ568927
VH003428,Kia,Optima,2023,sedan,gasoline,17053.5,gF78518605oR682822
VH003429,Nissan,Pathfinder,2024,suv,gasoline,26653.84,CC36621405Te035421
VH003430,Nissan,Sentra,2021,sedan,gasoline,11689.87,qM94183516KP463201
VH003431,BMW,3 Series,2014,sedan,diesel,8100.97,Fb30543437Ou524767
VH003432,Nissan,Frontier,2021,truck,gasoline,18083.42,aG02785726JH863207
VH003433,BMW,X3,2020,suv,hybrid,18678.59,KG09440899bb476138
VH003434,Nissan,Sentra,2019,sedan,gasoline,7040.7,Hy22861525fu444336
VH003435,BMW,3 Series,2016,sedan,gasoline,9439.57,lW18654756aL032374
VH003436,Kia,Forte,2011,sedan,gasoline,2671.69,kq80445034xF440686
VH003437,BMW,X5,2008,suv,gasoline,7440.0,hH34272210eN697311
VH003438,Honda,CR-V,2013,suv,hybrid,4553.57,Ru23526572kh544990
VH003439,BMW,X3,2024,suv,hybrid,34458.91,ic95031694Gc214964
VH003440,Hyundai,Tucson,2010,suv,diesel,3480.0,MD05133045zt166311
VH003441,Kia,Sorento,2014,suv,gasoline,7078.64,vD61330339nv986693
VH003442,Ford,Explorer,2022,suv,gasoline,21647.72,gi90471724Xs512047
VH003443,BMW,X3,2020,suv,gasoline,22827.9,xq23784523Yt360734
VH003444,Ford,Focus,2020,sedan,gasoline,8504.94,cj73214618WR903045
VH003445,Chevrolet,Silverado,2009,truck,gasoline,4920.0,QY80432882lH974575
VH003446,BMW,5 Series,2018,sedan,gasoline,20660.65,Ia57045153he971382
VH003447,Nissan,Frontier,2019,truck,gasoline,12353.23,HA38177315xy510001
VH003448,Ford,Escape,2014,suv,gasoline,5719.68,HS56642860hC946400
VH003449,Chevrolet,Cruze,2014,sedan,hybrid,3333.48,sr61214902ub471473
VH003450,Ford,F-150,2008,truck,gasoline,5040.0,qe93694789br661041
VH003451,Toyota,Camry,2020,sedan,gasoline,13111.7,jl34632815cD961429
VH003452,Honda,Accord,2014,sedan,hybrid,5889.67,Vs86422028Bx130629
VH003453,Ford,F-150,2015,truck,gasoline,10085.02,fr90927624SE869126
VH003454,Nissan,Frontier,2015,truck,gasoline,6483.76,dh71211455Bp822825
VH003455,Hyundai,Santa Fe,2009,suv,gasoline,3960.0,pO97738349dz868225
VH003456,BMW,3 Series,2016,sedan,gasoline,12173.4,Zd14601722PQ976664
VH003457,Nissan,Altima,2022,sedan,gasoline,15869.44,pW91693970Hm033718
VH003458,BMW,X5,2019,suv,gasoline,24859.81,Nt86270659RJ285145
VH003459,Nissan,Rogue,2013,suv,gasoline,4868.12,su13940007Rs564849
VH003460,Chevrolet,Cruze,2022,sedan,gasoline,10777.89,ek13866410xa244930
VH003461,Honda,Pilot,2017,suv,gasoline,12961.43,Zu91529076ew629298
VH003462,Nissan,Rogue,2010,suv,gasoline,3480.0,Zg45097091ae414205
VH003463,Kia,Sorento,2008,suv,electric,3960.0,Ey69801227PU026969
VH003464,BMW,X5,2023,suv,electric,43402.26,rM31440849Ve963488
VH003465,BMW,X5,2008,suv,gasoline,7440.0,Og03036164tB020614
VH003466,Nissan,Pathfinder,2017,suv,diesel,10764.58,vZ77134095lz104215
VH003467,Toyota,Tacoma,2016,truck,gasoline,7897.72,PR97331763Of350306
VH003468,Toyota,Tacoma,2011,truck,gasoline,4080.0,Vi38816365zE039970
VH003469,Hyundai,Sonata,2020,sedan,gasoline,10837.26,Xw56912923UP846898
VH003470,Nissan,Rogue,2008,suv,hybrid,3480.0,wI80362588SG001261
VH003471,Ford,F-150,2022,truck,gasoline,27272.18,VF77372157Xn995607
VH003472,Toyota,RAV4,2013,suv,gasoline,4692.61,tw08461672BO124982
VH003473,BMW,7 Series,2014,sedan,gasoline,16225.51,SN80402940Xk116704
VH003474,BMW,5 Series,2014,sedan,gasoline,10840.86,gT62857853EL830959
VH003475,Nissan,Rogue,2021,suv,gasoline,16167.61,Hu19588423Wd975277
VH003476,Toyota,Highlander,2022,suv,gasoline,24296.74,Yi77239652xf488419
VH003477,Hyundai,Elantra,2011,sedan,gasoline,2743.53,JC99202014WR027453
VH003478,Ford,Mustang,2016,sedan,hybrid,8467.95,sL68489664qg638154
VH003479,BMW,5 Series,2017,sedan,gasoline,17462.3,sH57033914hW898406
VH003480,Kia,Sportage,2014,suv,gasoline,4735.86,gp41392149ts300799
VH003481,Kia,Sorento,2023,suv,gasoline,24415.72,jp35968221Qv698360
VH003482,Kia,Sorento,2015,suv,gasoline,7598.38,kT93847161OI598011
VH003483,Toyota,Corolla,2011,sedan,gasoline,2760.0,hy10017730WG409517
VH003484,Honda,CR-V,2014,suv,gasoline,6265.1,As44655730li754411
VH003485,Chevrolet,Silverado,2020,truck,gasoline,17330.24,Zm50039927HM817412
VH003486,Chevrolet,Cruze,2014,sedan,hybrid,3877.66,sR82657843YJ083207
VH003487,Chevrolet,Malibu,2012,sedan,hybrid,3915.7,rz30972587WC407480
VH003488,Honda,Civic,2009,sedan,electric,2880.0,RA11831393HJ928630
VH003489,Nissan,Altima,2016,sedan,gasoline,7171.93,qr96084053yw336244
VH003490,Nissan,Frontier,2024,truck,gasoline,21829.76,Fd60250597eP139863
VH003491,Hyundai,Accent,2022,sedan,gasoline,11594.16,Su07745883dn598583
VH003492,Hyundai,Sonata,2019,sedan,gasoline,11071.78,cu21341333Ed494822
VH003493,Hyundai,Sonata,2019,sedan,gasoline,9755.31,KS94823038pV942809
VH003494,Honda,CR-V,2014,suv,gasoline,5626.18,cL55777715zR303289
VH003495,Chevrolet,Tahoe,2017,suv,gasoline,13842.17,dJ12642112IA558916
VH003496,Nissan,Rogue,2023,suv,gasoline,17230.37,xE50825033Pd247652
VH003497,Chevrolet,Equinox,2009,suv,gasoline,3480.0,CY32762762NN151344
VH003498,BMW,7 Series,2021,sedan,hybrid,48314.6,St10753459HD425791
VH003499,Chevrolet,Cruze,2013,sedan,gasoline,3565.07,ZC73455342Jv116708
VH003500,Honda,Accord,2016,sedan,gasoline,7358.55,jW06939267dk621262
VH003501,Kia,Sorento,2024,suv,electric,24972.0,BK92643524kN177694
VH003502,Kia,Forte,2019,sedan,gasoline,9016.33,IR34897065VZ381450
VH003503,Chevrolet,Cruze,2018,sedan,gasoline,7011.87,Aa37536493lf926808
VH003504,Hyundai,Accent,2008,sedan,gasoline,2280.0,Nl86677251CY025859
VH003505,Nissan,Altima,2022,sedan,gasoline,12697.68,Qv91842375tA301096
VH003506,Ford,Explorer,2024,suv,electric,26389.11,SX75693384ez831950
VH003507,Kia,Optima,2023,sedan,gasoline,14613.95,rK67875851aA782362
VH003508,Honda,Pilot,2013,suv,gasoline,5775.38,YH47508803Xf656510
VH003509,Kia,Soul,2013,suv,gasoline,3477.39,IC29861393li693061
VH003510,BMW,X5,2008,suv,gasoline,7440.0,wE74526010EW064994
VH003511,Ford,Mustang,2018,sedan,gasoline,10728.12,GD71200683XH395359
VH003512,Nissan,Sentra,2021,sedan,gasoline,11647.29,nf02090155QZ437271
VH003513,Hyundai,Elantra,2022,sedan,gasoline,13810.97,Xw19632833dy477073
VH003514,BMW,5 Series,2024,sedan,gasoline,44560.74,eU88118011oE592118
VH003515,Toyota,Camry,2011,sedan,hybrid,3554.83,kK05054845Ql050059
VH003516,Toyota,Corolla,2012,sedan,gasoline,3147.43,Vf81270346nu715471
VH003517,BMW,3 Series,2014,sedan,gasoline,8133.77,vq88455151Tc310449
VH003518,Toyota,Tacoma,2023,truck,gasoline,19622.08,Mn46778475sA151812
VH003519,Ford,F-150,2019,truck,gasoline,13864.88,WY59446918DT140311
VH003520,BMW,5 Series,2023,sedan,gasoline,39090.53,dx08479030Xf791773
VH003521,Ford,F-150,2014,truck,gasoline,8037.16,pi13844154xV647063
VH003522,Hyundai,Elantra,2022,sedan,gasoline,12834.9,xp44643049aE025831
VH003523,Nissan,Rogue,2013,suv,gasoline,5426.44,FA67200416Nm230831
VH003524,Kia,Forte,2010,sedan,hybrid,2571.87,am02226757DU299120
VH003525,Nissan,Pathfinder,2015,suv,gasoline,7224.88,NO49423301Ru573070
VH003526,Ford,F-150,2023,truck,gasoline,28353.88,ft47564476bh436775
VH003527,Hyundai,Santa Fe,2023,suv,gasoline,18980.36,tI55205636kb143736
VH003528,Chevrolet,Cruze,2008,sedan,gasoline,2400.0,yG81773746Ck824817
VH003529,Hyundai,Elantra,2015,sedan,gasoline,4901.66,jD32391249TC859688
VH003530,Nissan,Sentra,2012,sedan,gasoline,2959.7,MM39322647Ei769785
VH003531,Kia,Forte,2020,sedan,gasoline,8382.14,hi17383493Tk970186
VH003532,Honda,CR-V,2019,suv,gasoline,12802.17,jq83637942Yh967419
VH003533,Toyota,Highlander,2018,suv,gasoline,11922.14,ts07661727Rg023719
VH003534,Nissan,Altima,2017,sedan,gasoline,6534.35,iK36297719uV460664
VH003535,Ford,F-150,2017,truck,gasoline,12308.63,qL79268954hv570802
VH003536,Nissan,Frontier,2011,truck,gasoline,3966.26,YN47209932ZX935745
VH003537,Hyundai,Elantra,2015,sedan,gasoline,4215.02,OC40224590Rf822647
VH003538,Hyundai,Elantra,2013,sedan,gasoline,3715.23,Nl00754195Lt863192
VH003539,Chevrolet,Malibu,2012,sedan,electric,3288.26,Qv80822766PQ056355
VH003540,Toyota,Tacoma,2010,truck,gasoline,4080.0,RH86787391bg485529
VH003541,BMW,3 Series,2019,sedan,gasoline,15800.07,Zn65264032yl711109
VH003542,Nissan,Altima,2010,sedan,gasoline,3197.14,ms22224414lB985267
VH003543,Chevrolet,Silverado,2018,truck,gasoline,14210.98,Ca06649998yo421930
VH003544,Toyota,Highlander,2008,suv,gasoline,4560.0,ay38785063nO524918
VH003545,Ford,Escape,2010,suv,gasoline,3480.0,zN33540071zQ194186
VH003546,Chevrolet,Malibu,2021,sedan,gasoline,14801.96,MO64072091WY926061
VH003547,BMW,X5,2014,suv,gasoline,12958.56,dU05776486IC198532
VH003548,Chevrolet,Tahoe,2018,suv,gasoline,16806.78,lg67047133cg622177
VH003549,Hyundai,Tucson,2012,suv,gasoline,4704.41,Rq29511680RT063382
VH003550,Honda,Pilot,2017,suv,gasoline,10422.13,yQ07614413wI658592
VH003551,Hyundai,Santa Fe,2008,suv,electric,3960.0,qa74464788qe284023
VH003552,Hyundai,Tucson,2011,suv,gasoline,3480.0,BC04316159qO283088
VH003553,Honda,CR-V,2023,suv,gasoline,21870.38,ta63440504TV207647
VH003554,Honda,Accord,2019,sedan,hybrid,10924.82,Xb78726326qQ290740
VH003555,Kia,Sorento,2019,suv,gasoline,13840.89,Kz30544659yl147907
VH003556,Chevrolet,Cruze,2017,sedan,gasoline,5446.64,rO91345993fF475798
VH003557,Ford,Mustang,2019,sedan,gasoline,11959.02,Ck18177910kQ144456
VH003558,BMW,3 Series,2014,sedan,hybrid,8371.43,qZ89622749RC701640
VH003559,Honda,CR-V,2012,suv,gasoline,4473.12,Ju75665543uo355928
VH003560,Honda,Accord,2010,sedan,hybrid,3480.0,VL83453671WV419557
VH003561,Chevrolet,Malibu,2009,sedan,gasoline,3120.0,WL95520257Ye545212
VH003562,Kia,Forte,2008,sedan,gasoline,2520.0,We91370574SD221964
VH003563,Hyundai,Accent,2009,sedan,gasoline,2280.0,XF47570748ZF219299
VH003564,Nissan,Pathfinder,2024,suv,gasoline,29758.68,di67998293XW995859
VH003565,Chevrolet,Cruze,2009,sedan,gasoline,2400.0,gj38054768sa246966
VH003566,Ford,Mustang,2017,sedan,hybrid,9343.08,TH68303126yb284220
VH003567,Toyota,Corolla,2021,sedan,gasoline,10338.99,ld96323513YR542794
VH003568,Honda,Odyssey,2020,minivan,gasoline,14825.04,BG92535333qx091541
VH003569,BMW,X3,2010,suv,gasoline,5640.0,FK65572037rG558182
VH003570,Hyundai,Tucson,2012,suv,gasoline,4194.34,ir20535312hM101742
VH003571,Honda,CR-V,2019,suv,hybrid,11589.92,qo41470589QL810862
VH003572,Honda,Civic,2023,sedan,gasoline,14113.87,WX09266273hr931813
VH003573,Ford,Escape,2024,suv,gasoline,23037.94,YI46157828fq723282
VH003574,Kia,Sportage,2020,suv,gasoline,12369.3,Tw40382695SR440863
VH003575,Toyota,Camry,2011,sedan,gasoline,3617.75,AG78998529Ul591767
VH003576,Nissan,Sentra,2022,sedan,gasoline,13330.42,UX39945992JA322478
VH003577,Chevrolet,Tahoe,2013,suv,gasoline,7236.12,Ei43155122UN489565
VH003578,Nissan,Sentra,2022,sedan,hybrid,12415.82,hK34444447Ai942477
VH003579,Kia,Soul,2009,suv,gasoline,2400.0,GB30027534Kr911970
VH003580,Ford,Escape,2009,suv,gasoline,3480.0,cG99813491Ve088881
VH003581,Toyota,Camry,2012,sedan,gasoline,4009.01,Of55454192ZM751505
VH003582,Ford,Escape,2010,suv,electric,3480.0,CT40067085mB009197
VH003583,BMW,X5,2016,suv,gasoline,13749.24,Gu06566244gS774158
VH003584,Chevrolet,Equinox,2012,suv,gasoline,4687.64,Wz07703485Zs685916
VH003585,Toyota,Tacoma,2019,truck,hybrid,11516.01,TH93790960pc796834
VH003586,BMW,7 Series,2021,sedan,gasoline,48046.43,aC65206527gK461576
VH003587,BMW,3 Series,2022,sedan,gasoline,27832.45,GB20815006AX991838
VH003588,Chevrolet,Malibu,2011,sedan,gasoline,3168.43,kc50536242St805502
VH003589,Hyundai,Sonata,2016,sedan,gasoline,7576.62,VO66435080QX135865
VH003590,Toyota,Tacoma,2024,truck,gasoline,28643.21,MF47776429Pz428473
VH003591,Toyota,Highlander,2013,suv,gasoline,5868.56,za31650714xZ354295
VH003592,Ford,Explorer,2011,suv,gasoline,4680.0,pa08819517Ml745611
VH003593,Kia,Sorento,2010,suv,electric,3960.0,IN88682163gh653462
VH003594,Hyundai,Tucson,2023,suv,gasoline,21181.76,ys26014027Ry006720
VH003595,Kia,Optima,2019,sedan,gasoline,9459.75,qF28242906ej423429
VH003596,Nissan,Pathfinder,2016,suv,gasoline,9905.98,Jm28951633Vp073541
VH003597,Chevrolet,Equinox,2017,suv,gasoline,7221.46,MS66062965Ti688400
VH003598,Kia,Forte,2018,sedan,gasoline,6256.27,Ec61566259ba163296
VH003599,Nissan,Pathfinder,2015,suv,gasoline,7447.71,Jj23611498QY541047
VH003600,Kia,Soul,2015,suv,gasoline,3715.82,Kl62758044AN723676
VH003601,Honda,CR-V,2017,suv,gasoline,8385.56,DU33025891MO910594
VH003602,Kia,Forte,2011,sedan,gasoline,2520.0,qS47544990aR680401
VH003603,BMW,X3,2009,suv,gasoline,5640.0,om43749645cE376945
VH003604,Hyundai,Elantra,2017,sedan,hybrid,5941.26,je73066450KH138790
VH003605,Hyundai,Elantra,2009,sedan,gasoline,2640.0,Xq58615814of280284
VH003606,BMW,X5,2021,suv,gasoline,28288.41,gI92923076eO557659
VH003607,Kia,Sportage,2009,suv,gasoline,3360.0,vV79278941iU501636
VH003608,Hyundai,Accent,2009,sedan,gasoline,2280.0,Ok22309111pl510572
VH003609,Kia,Optima,2016,sedan,gasoline,7057.42,XX90302952fS343480
VH003610,Chevrolet,Malibu,2010,sedan,gasoline,3120.0,uk37133880As311604
VH003611,Hyundai,Sonata,2024,sedan,gasoline,22436.28,yd36207137hn273785
VH003612,Kia,Sportage,2024,suv,gasoline,20480.55,VG30469526gr297720
VH003613,Ford,F-150,2015,truck,gasoline,8548.99,pN60228621ZZ697905
VH003614,Ford,Escape,2015,suv,diesel,6905.19,vn64426866SU425895
VH003615,Ford,Explorer,2015,suv,gasoline,7680.49,jr86051415mJ686757
VH003616,Nissan,Rogue,2010,suv,gasoline,3573.8,Je68554164AD728672
VH003617,Hyundai,Sonata,2016,sedan,gasoline,7566.49,pS66048721qV168763
VH003618,Ford,Escape,2024,suv,gasoline,22893.2,LW77192996cm844754
VH003619,Kia,Optima,2018,sedan,gasoline,7726.99,Bo82159584Bm098228
VH003620,Nissan,Sentra,2014,sedan,electric,3980.86,Lf74609195Aj058418
VH003621,Nissan,Sentra,2022,sedan,gasoline,11602.18,kJ90384550mS953118
VH003622,BMW,3 Series,2024,sedan,gasoline,31216.34,vZ44616814KM399812
VH003623,Chevrolet,Tahoe,2021,suv,gasoline,22409.04,wI87214640qt423837
VH003624,Ford,F-150,2022,truck,gasoline,23768.05,Ia61826187oc902991
VH003625,Chevrolet,Equinox,2018,suv,gasoline,10093.08,bz33075519Zw484866
VH003626,Ford,Explorer,2023,suv,hybrid,23992.26,lW70128853JV961616
VH003627,Chevrolet,Cruze,2017,sedan,gasoline,6157.85,HM09329745bB613094
VH003628,Hyundai,Elantra,2008,sedan,gasoline,2640.0,xj35388677gj153508
VH003629,Nissan,Frontier,2011,truck,gasoline,3840.0,PB92404063Fc592643
VH003630,Ford,Mustang,2008,sedan,gasoline,3840.0,oz01920155gH346751
VH003631,BMW,X5,2015,suv,gasoline,12379.77,Eq62171762Zq691322
VH003632,Hyundai,Sonata,2015,sedan,gasoline,5092.78,SH20728352Ed323089
VH003633,BMW,7 Series,2022,sedan,electric,46858.28,Ov44298003tu296237
VH003634,Nissan,Pathfinder,2021,suv,gasoline,15573.58,Ra18249863GK933645
VH003635,Toyota,Camry,2010,sedan,electric,3360.0,Qe84843428Xu731557
VH003636,BMW,7 Series,2015,sedan,gasoline,18687.5,lU54214372sF723775
VH003637,Nissan,Pathfinder,2013,suv,gasoline,6411.6,Bj59251232gN976728
VH003638,Kia,Sorento,2014,suv,gasoline,5543.13,QT85562136fJ059233
VH003639,Chevrolet,Tahoe,2015,suv,electric,12347.12,Mo89363836sg408270
VH003640,Toyota,Tacoma,2020,truck,gasoline,16076.51,YV99088173Yx931174
VH003641,Chevrolet,Cruze,2024,sedan,gasoline,13329.41,DC47202857lQ825745
VH003642,Ford,Explorer,2023,suv,hybrid,24094.72,wW71251053jU453975
VH003643,Toyota,Tacoma,2018,truck,gasoline,10601.11,fs84355266uU667412
VH003644,Ford,Explorer,2010,suv,gasoline,4680.0,QF85217512pe373909
VH003645,Kia,Forte,2016,sedan,gasoline,4985.7,La16402327wU610778
VH003646,Ford,Focus,2014,sedan,gasoline,3997.28,sB24273275SY173221
VH003647,Ford,Escape,2017,suv,hybrid,7560.75,Jg29210102jC129599
VH003648,Ford,Explorer,2009,suv,gasoline,4680.0,ry87189458wE736909
VH003649,Ford,Focus,2009,sedan,gasoline,2520.0,hn95629710dR344134
VH003650,Nissan,Pathfinder,2024,suv,electric,30993.84,Bd50086085ea343754
VH003651,Ford,Focus,2018,sedan,electric,6265.92,VL24184881Ul085515
VH003652,Nissan,Pathfinder,2024,suv,gasoline,26568.53,mq47860864Ex897258
VH003653,Chevrolet,Equinox,2019,suv,gasoline,10303.51,QP72869986zo666030
VH003654,Kia,Sorento,2023,suv,gasoline,21257.38,nZ99069392CG982155
VH003655,Toyota,RAV4,2016,suv,gasoline,7005.48,sZ81598198mE403657
VH003656,Nissan,Frontier,2008,truck,gasoline,3840.0,bi97409713iZ678746
VH003657,Kia,Optima,2017,sedan,gasoline,6515.23,Pw39688529lM220426
VH003658,Kia,Soul,2016,suv,gasoline,5497.41,Ok17937493ck649871
VH003659,Kia,Soul,2011,suv,gasoline,2692.56,Ck08868789mV523970
VH003660,BMW,7 Series,2016,sedan,electric,23494.55,dy91792250no166692
VH003661,Nissan,Rogue,2024,suv,gasoline,18967.06,Lb61992637dU075256
VH003662,Nissan,Altima,2023,sedan,gasoline,14687.95,wQ19640776ev984886
VH003663,Hyundai,Elantra,2014,sedan,gasoline,4245.2,AH48894764EY513581
VH003664,Kia,Soul,2017,suv,gasoline,5837.53,Ms43563110GO337875
VH003665,Kia,Optima,2024,sedan,gasoline,19022.08,EX96420008Jv943613
VH003666,Nissan,Rogue,2021,suv,gasoline,13027.16,Jv35522780hd815435
VH003667,Chevrolet,Malibu,2020,sedan,hybrid,10249.78,As69940823Mv813983
VH003668,Chevrolet,Cruze,2016,sedan,gasoline,5326.17,sD18628689ZP572993
VH003669,Kia,Soul,2019,suv,gasoline,8097.49,uB18888036tu386161
VH003670,Nissan,Pathfinder,2022,suv,gasoline,23052.56,uc16335158EG667154
VH003671,Honda,Accord,2012,sedan,gasoline,4351.87,KE47108733NH171394
VH003672,Chevrolet,Tahoe,2016,suv,electric,13863.73,Wh25629920sD843666
VH003673,Chevrolet,Cruze,2021,sedan,gasoline,10363.85,au63449766ob608509
VH003674,Toyota,Camry,2011,sedan,gasoline,3385.71,PN46218025tA692309
VH003675,Ford,Escape,2009,suv,electric,3480.0,wb98458305xq333025
VH003676,Toyota,Camry,2016,sedan,gasoline,6915.52,Tr08449145sb312142
VH003677,Honda,Odyssey,2016,minivan,gasoline,9597.25,kB02618503BT743543
VH003678,Ford,F-150,2013,truck,gasoline,6296.62,zN82681035wV860993
VH003679,Ford,Escape,2020,suv,gasoline,12675.33,zB16804406rN169822
VH003680,Hyundai,Sonata,2016,sedan,gasoline,5904.21,Hr56721694EQ406864
VH003681,Chevrolet,Malibu,2008,sedan,hybrid,3120.0,LI91003111ry586659
VH003682,Kia,Forte,2020,sedan,gasoline,7821.14,il85688425YP324861
VH003683,Nissan,Altima,2016,sedan,gasoline,6068.16,VW05111333Yf197000
VH003684,Ford,F-150,2016,truck,gasoline,11507.3,Wk62768457vz405702
VH003685,Toyota,Corolla,2018,sedan,gasoline,7304.33,Dh47716791wQ850417
VH003686,Kia,Sorento,2023,suv,gasoline,21370.31,Ju00299816yU035724
VH003687,Honda,Accord,2016,sedan,gasoline,6700.6,bT88646136ck947250
VH003688,Toyota,Corolla,2010,sedan,gasoline,2760.0,Av89854463HJ516513
VH003689,BMW,X5,2010,suv,gasoline,7440.0,qr72467045ih481140
VH003690,Kia,Soul,2021,suv,gasoline,9797.26,rt02006598Hs745170
VH003691,Toyota,Camry,2020,sedan,gasoline,13732.94,Mk44554920Rz931621
VH003692,Honda,Odyssey,2014,minivan,gasoline,7076.47,Ru52332353ug817076
VH003693,Honda,Pilot,2008,suv,gasoline,4800.0,On55900408RM801578
VH003694,Hyundai,Sonata,2022,sedan,hybrid,17753.43,GS61833449TD196828
VH003695,Ford,Explorer,2013,suv,hybrid,5823.08,jN26567329Wh459873
VH003696,Chevrolet,Equinox,2023,suv,diesel,16288.17,kc55849178dJ989042
VH003697,BMW,3 Series,2020,sedan,gasoline,16426.5,Ut08071425VK477733
VH003698,Honda,CR-V,2017,suv,gasoline,8927.56,Ad88066189Ga872128
VH003699,BMW,X3,2018,suv,gasoline,15392.15,uR13075953BZ708497
VH003700,Honda,Civic,2019,sedan,gasoline,10042.06,sV30794435CN935614
VH003701,Toyota,Tacoma,2010,truck,gasoline,4082.64,qa89710172Yz959287
VH003702,Ford,Focus,2008,sedan,gasoline,2520.0,ae07726997sR814931
VH003703,Ford,F-150,2011,truck,hybrid,5301.24,LJ23041905dL750507
VH003704,Toyota,Camry,2019,sedan,gasoline,11013.76,We88436619wN086328
VH003705,Toyota,Tacoma,2015,truck,electric,7617.61,hB60274720SQ960338
VH003706,Chevrolet,Equinox,2014,suv,gasoline,4668.7,iq93959882qB033082
VH003707,Honda,Accord,2014,sedan,hybrid,5521.77,qG42409501vF853901
VH003708,Ford,F-150,2013,truck,gasoline,5909.82,oW03270058kR991270
VH003709,Toyota,Camry,2009,sedan,gasoline,3360.0,hK37162691HK536197
VH003710,Chevrolet,Malibu,2018,sedan,gasoline,7830.27,Bb48209657zA818526
VH003711,Honda,Odyssey,2018,minivan,gasoline,11933.16,xG58159376yU001427
VH003712,Hyundai,Sonata,2013,sedan,gasoline,4007.05,ed37125514Oh495058
VH003713,Kia,Forte,2011,sedan,gasoline,2786.06,Hb40044413qJ767423
VH003714,Toyota,Corolla,2019,sedan,gasoline,9561.64,su98091669ce652762
VH003715,Honda,Civic,2019,sedan,gasoline,7899.26,vb19811589eK973036
VH003716,Hyundai,Tucson,2023,suv,gasoline,16962.37,uG61830122JA607451
VH003717,Chevrolet,Malibu,2015,sedan,hybrid,6034.27,Or72056405cr205192
VH003718,BMW,3 Series,2021,sedan,gasoline,23982.93,fW71930808et082073
VH003719,Honda,Pilot,2018,suv,gasoline,13709.82,oM17656932Pu394461
VH003720,Honda,Civic,2013,sedan,hybrid,4228.66,hj98297555iE356671
VH003721,BMW,7 Series,2011,sedan,gasoline,11460.94,Ow82580134Sv433609
VH003722,Ford,Mustang,2017,sedan,gasoline,10353.58,iF14112855Nd652286
VH003723,Hyundai,Elantra,2017,sedan,gasoline,5354.71,Xe80300811TM176118
VH003724,Kia,Sportage,2018,suv,gasoline,9613.11,qp33610516vq354018
VH003725,Kia,Sorento,2014,suv,gasoline,7031.33,cG93885208ZY858166
VH003726,Toyota,Corolla,2020,sedan,gasoline,8655.53,WN99822994BZ610457
VH003727,Nissan,Altima,2015,sedan,gasoline,4961.75,YY88578893gX044093
VH003728,Hyundai,Sonata,2023,sedan,gasoline,15347.92,Mi26114150ov091973
VH003729,Toyota,RAV4,2010,suv,electric,3600.0,HE40373179rS740503
VH003730,Toyota,RAV4,2020,suv,gasoline,13388.06,MY82084025LH379502
VH003731,Honda,Odyssey,2023,minivan,gasoline,25305.86,Ff69720725QX096345
VH003732,Honda,Civic,2018,sedan,gasoline,7085.37,KL10733194rc591860
VH003733,Toyota,Highlander,2015,suv,gasoline,7702.72,gi26042308GO561109
VH003734,Hyundai,Elantra,2009,sedan,gasoline,2640.0,Yt33130909ky214651
VH003735,Hyundai,Sonata,2016,sedan,gasoline,7433.26,XM03626027LQ985296
VH003736,Kia,Sorento,2018,suv,gasoline,11954.05,Cl98284308fj842477
VH003737,Chevrolet,Tahoe,2012,suv,gasoline,7515.38,tf83849424vG699741
VH003738,Kia,Sorento,2012,suv,gasoline,4464.65,lO85163771SF577284
VH003739,Toyota,Camry,2015,sedan,gasoline,5577.08,Pg75504811pc881306
VH003740,Chevrolet,Silverado,2018,truck,gasoline,14692.0,LM89034156hy463354
VH003741,Kia,Sportage,2018,suv,gasoline,8694.28,zC63169754QA031981
VH003742,Toyota,RAV4,2015,suv,electric,6342.98,cv68424152Lo858455
VH003743,Chevrolet,Equinox,2010,suv,gasoline,3480.0,QQ02832310wK437688
VH003744,Toyota,Camry,2017,sedan,gasoline,6952.11,wA14863400Oj945892
VH003745,Ford,Focus,2010,sedan,gasoline,2587.2,hm92319830MU803563
VH003746,BMW,5 Series,2021,sedan,electric,31310.09,mv75797979Bs834486
VH003747,Ford,Mustang,2021,sedan,gasoline,15575.55,Cg15480431CU025038
VH003748,Toyota,Camry,2023,sedan,hybrid,17189.25,eo98945987ND775202
VH003749,Chevrolet,Malibu,2013,sedan,gasoline,4321.28,to58079109EA668603
VH003750,Honda,Civic,2023,sedan,gasoline,16420.71,Ot74464475SN162258
VH003751,Honda,Accord,2019,sedan,gasoline,11740.65,jx89332811ag604254
VH003752,Kia,Forte,2009,sedan,hybrid,2520.0,ZA09646918Ow556269
VH003753,Toyota,Camry,2018,sedan,hybrid,10126.79,Bw50263103Rl779036
VH003754,Toyota,RAV4,2018,suv,gasoline,8379.06,yE07502140Xy626726
VH003755,Nissan,Altima,2015,sedan,gasoline,6110.06,uc46481588AT660989
VH003756,Honda,Civic,2012,sedan,gasoline,3143.77,wY86460987TC210738
VH003757,Nissan,Pathfinder,2022,suv,hybrid,21017.43,AS62360128wE773969
VH003758,Honda,Pilot,2011,suv,gasoline,4800.0,Oi10841454cd384041
VH003759,Kia,Sportage,2019,suv,gasoline,9956.47,qL07496044fu557705
VH003760,BMW,7 Series,2024,sedan,gasoline,76128.11,qi81597976Bk160163
VH003761,Kia,Forte,2020,sedan,gasoline,9958.48,cD72251467PU912295
VH003762,Honda,Accord,2010,sedan,hybrid,3480.0,hq53770713UM765481
VH003763,Nissan,Altima,2014,sedan,gasoline,5070.43,lG94619816Fb636193
VH003764,Toyota,RAV4,2009,suv,gasoline,3600.0,Dv41803666LC351770
VH003765,Honda,Accord,2014,sedan,gasoline,5355.05,je41518159La411735
VH003766,Honda,Odyssey,2023,minivan,gasoline,21979.31,IY73808605yr722706
VH003767,Honda,Civic,2015,sedan,diesel,5604.69,DD70486600BD440701
VH003768,Nissan,Rogue,2014,suv,gasoline,5539.4,Qe08614275fz139509
VH003769,BMW,X5,2011,suv,gasoline,8686.61,cp97427044OL411665
VH003770,Kia,Optima,2020,sedan,gasoline,9298.31,TA35295926PZ029521
VH003771,Hyundai,Sonata,2017,sedan,gasoline,6743.3,fW43024181rd597349
VH003772,Kia,Optima,2019,sedan,gasoline,8802.97,tc69398922NR799862
VH003773,Toyota,Tacoma,2008,truck,gasoline,4080.0,Qj91396950Qk475190
VH003774,Honda,Pilot,2023,suv,gasoline,27143.79,gC61487914XB757590
VH003775,Hyundai,Elantra,2023,sedan,electric,15807.74,pa07832718Fo664541
VH003776,BMW,X5,2018,suv,gasoline,18709.31,bd99515488OP609837
VH003777,Toyota,Corolla,2014,sedan,hybrid,4562.97,Zp56169647pD328967
VH003778,Chevrolet,Cruze,2021,sedan,gasoline,9873.49,GX08738890Xe268271
VH003779,Hyundai,Sonata,2023,sedan,gasoline,17878.29,QQ87935488AU686980
VH003780,Ford,Focus,2008,sedan,gasoline,2520.0,ZC15523900nn359282
VH003781,Ford,Explorer,2011,suv,hybrid,5081.13,GB97542525BJ311511
VH003782,Ford,F-150,2013,truck,gasoline,5890.81,Wx97783235dP976299
VH003783,Hyundai,Accent,2011,sedan,gasoline,2280.0,Vu89395510pJ197193
VH003784,Ford,Mustang,2018,sedan,gasoline,10010.97,An87484587cz867577
VH003785,BMW,5 Series,2018,sedan,gasoline,18879.29,EE17488766QP114518
VH003786,BMW,5 Series,2009,sedan,diesel,6720.0,HP78375936mn816688
VH003787,Ford,Mustang,2015,sedan,gasoline,6002.36,kb74093381Ix916683
VH003788,Chevrolet,Malibu,2022,sedan,gasoline,15694.57,kU34586029rM523823
VH003789,Hyundai,Santa Fe,2024,suv,hybrid,22366.99,Ll88705074cC859227
VH003790,Toyota,Corolla,2021,sedan,gasoline,12700.03,dX55424014gJ102732
VH003791,Nissan,Altima,2008,sedan,hybrid,3120.0,Vs66106554Fw431636
VH003792,Chevrolet,Cruze,2022,sedan,gasoline,12244.48,DL93050273VV386649
VH003793,Kia,Forte,2011,sedan,gasoline,2581.04,ud76791869fc180404
VH003794,Nissan,Pathfinder,2014,suv,gasoline,6425.53,ia50144310FW550244
VH003795,Nissan,Rogue,2022,suv,gasoline,15551.51,OM45130838vy867621
VH003796,BMW,5 Series,2013,sedan,gasoline,10123.37,iJ23532223Fk071715
VH003797,Chevrolet,Equinox,2014,suv,gasoline,4911.6,Le89933123RA889565
VH003798,Kia,Sportage,2012,suv,gasoline,3561.22,NQ91815892Xv064962
VH003799,Chevrolet,Cruze,2015,sedan,gasoline,3869.06,ye19915468iK367135
VH003800,Kia,Sorento,2024,suv,gasoline,22225.7,nL29497391pJ526034
VH003801,Ford,Focus,2023,sedan,gasoline,15275.05,Uj97348012lP719088
VH003802,Chevrolet,Malibu,2011,sedan,hybrid,3345.96,ql26178414Hq400562
VH003803,Toyota,Highlander,2014,suv,gasoline,7572.72,Ls83717556Fu498346
VH003804,Toyota,Camry,2011,sedan,gasoline,3939.19,SJ65566346NE144762
VH003805,Chevrolet,Malibu,2016,sedan,gasoline,6005.5,oL73249450Pc111912
VH003806,Toyota,Camry,2022,sedan,gasoline,16102.47,fn99339315Fs132399
VH003807,Ford,F-150,2012,truck,gasoline,6609.16,ez61418826Ro127476
VH003808,Chevrolet,Equinox,2012,suv,hybrid,4225.61,Lv78027414Ow359609
VH003809,Hyundai,Sonata,2024,sedan,diesel,17851.24,oS32928120se128744
VH003810,Kia,Forte,2024,sedan,gasoline,14517.4,hj77225210mW882428
VH003811,Kia,Forte,2016,sedan,hybrid,5302.28,Vn25748660VS442995
VH003812,Chevrolet,Equinox,2020,suv,gasoline,12490.15,UE25508038XO449490
VH003813,Nissan,Rogue,2018,suv,gasoline,9088.01,vm00041214Ok599688
VH003814,Hyundai,Elantra,2008,sedan,gasoline,2640.0,Rn94362863PQ135804
VH003815,Nissan,Sentra,2013,sedan,gasoline,3916.9,gw01907107Bv991364
VH003816,Nissan,Sentra,2020,sedan,gasoline,9817.68,YQ00647657JF172838
VH003817,Honda,Pilot,2018,suv,gasoline,14190.21,Qy71521283Pb271264
VH003818,Nissan,Rogue,2015,suv,diesel,5800.66,gJ01268660ix842737
VH003819,Hyundai,Santa Fe,2022,suv,gasoline,21147.93,uR27799319Sj237440
VH003820,Ford,F-150,2017,truck,gasoline,11227.95,Ww15962527HR195271
VH003821,Nissan,Sentra,2016,sedan,hybrid,5776.73,bd01708689YL330537
VH003822,Nissan,Pathfinder,2022,suv,gasoline,18442.9,qc24757817co434438
VH003823,Honda,CR-V,2014,suv,gasoline,5349.11,zI46207374uQ779300
VH003824,Honda,Civic,2009,sedan,diesel,2880.0,bD54047090QS570370
VH003825,Kia,Sportage,2019,suv,gasoline,12079.32,Xt76245204VF800573
VH003826,Ford,Explorer,2014,suv,gasoline,8042.0,qJ64496782SP530877
VH003827,Nissan,Sentra,2009,sedan,gasoline,2520.0,kR81924767VN122027
VH003828,BMW,5 Series,2015,sedan,gasoline,11380.58,LN91776084hs023104
VH003829,Chevrolet,Equinox,2014,suv,gasoline,5069.84,ZD22776139Ti594080
VH003830,BMW,X3,2023,suv,gasoline,28633.96,xh89523537dO069453
VH003831,Honda,CR-V,2018,suv,gasoline,11400.06,Qe73112513dA207002
VH003832,Toyota,Camry,2021,sedan,gasoline,13409.64,DN25946736sS926287
VH003833,Honda,CR-V,2020,suv,gasoline,15208.01,zZ27537042IM037398
VH003834,Honda,Odyssey,2010,minivan,gasoline,4574.13,OB14819032HM197782
VH003835,Nissan,Pathfinder,2016,suv,hybrid,10253.64,iX51359677Yb528749
VH003836,Ford,Escape,2021,suv,gasoline,14328.54,Lu68831256jZ800112
VH003837,BMW,7 Series,2022,sedan,gasoline,56695.15,DH35557766xb078686
VH003838,Hyundai,Sonata,2008,sedan,diesel,3240.0,jq49395717tp000308
VH003839,Toyota,Tacoma,2014,truck,gasoline,6002.58,Ga88987781Jr400503
VH003840,Nissan,Pathfinder,2011,suv,diesel,4320.0,Cz62936524uI421961
VH003841,Chevrolet,Tahoe,2013,suv,gasoline,8746.14,tH92483637fy574419
VH003842,Kia,Forte,2012,sedan,gasoline,3238.3,yT59760150iX213411
VH003843,Toyota,Camry,2022,sedan,electric,16623.12,hl52294255po713392
VH003844,Kia,Optima,2013,sedan,gasoline,4662.01,Mn09288906Dl414654
VH003845,Kia,Optima,2022,sedan,gasoline,14936.28,fD47023081JB027027
VH003846,Kia,Soul,2019,suv,gasoline,6430.68,Kk70712519gZ752520
VH003847,Chevrolet,Tahoe,2022,suv,electric,26612.39,wZ33210998Pi204227
VH003848,Honda,Accord,2009,sedan,gasoline,3480.0,dC02167621yH632950
VH003849,Honda,Odyssey,2010,minivan,electric,4440.0,qz24408075jd795238
VH003850,Toyota,Highlander,2017,suv,gasoline,11683.14,Pi33967153kL595612
VH003851,Kia,Optima,2018,sedan,hybrid,8481.21,MP44192822Yk919009
VH003852,Nissan,Pathfinder,2021,suv,gasoline,19284.9,LX32292493Yq076909
VH003853,Toyota,Camry,2009,sedan,gasoline,3360.0,nu55093794Kl168484
VH003854,Ford,Explorer,2011,suv,gasoline,4680.0,Wf34313520Qg962651
VH003855,Chevrolet,Silverado,2009,truck,gasoline,4920.0,hQ42201789ot316308
VH003856,Toyota,RAV4,2018,suv,gasoline,10362.41,JP64351028vM116431
VH003857,Ford,Focus,2015,sedan,gasoline,4593.59,gy22081869Jl677603
VH003858,Kia,Soul,2012,suv,electric,3164.0,iS10968939RP366351
VH003859,Ford,F-150,2012,truck,electric,6106.98,qf07916180qA384425
VH003860,Toyota,Tacoma,2023,truck,gasoline,21608.06,sp16103237zK304296
VH003861,Honda,CR-V,2012,suv,gasoline,4953.03,RJ41813256tV349123
VH003862,Nissan,Sentra,2011,sedan,gasoline,2520.0,HS72660895cx686642
VH003863,BMW,7 Series,2018,sedan,gasoline,32316.86,YI21687523hY866803
VH003864,Kia,Soul,2023,suv,gasoline,14473.12,cr21662550MP161680
VH003865,BMW,7 Series,2014,sedan,hybrid,17107.46,Vl35893023MC746801
VH003866,Ford,F-150,2020,truck,electric,20762.08,iD34569900py688963
VH003867,Honda,CR-V,2022,suv,gasoline,19504.66,IA43029914bH889706
VH003868,Nissan,Sentra,2009,sedan,gasoline,2520.0,nZ64983756hS336518
VH003869,Toyota,Highlander,2017,suv,gasoline,10561.04,VY77914257dj141044
VH003870,BMW,5 Series,2018,sedan,gasoline,17876.27,rU02139764Ff805417
VH003871,Kia,Optima,2015,sedan,gasoline,4755.96,ui50083645PK132936
VH003872,Hyundai,Accent,2024,sedan,gasoline,15624.74,bG29598294Sn694041
VH003873,Hyundai,Accent,2024,sedan,gasoline,13901.79,AQ98486756hS834132
VH003874,Nissan,Pathfinder,2014,suv,diesel,6178.75,Pf80350419iv545002
VH003875,BMW,X5,2011,suv,gasoline,7440.0,ru24637733CR444064
VH003876,BMW,7 Series,2018,sedan,gasoline,25531.54,Ed88032521jk293646
VH003877,Chevrolet,Silverado,2017,truck,gasoline,11281.11,RW92832006nQ441674
VH003878,BMW,X5,2022,suv,gasoline,38709.87,VY41000081dV949444
VH003879,Chevrolet,Tahoe,2023,suv,gasoline,36322.93,zs61514886Qk314174
VH003880,Toyota,Highlander,2023,suv,gasoline,26425.42,Fs50212775sb256367
VH003881,Honda,Civic,2016,sedan,gasoline,6091.75,oa27701341Fq813295
VH003882,Chevrolet,Cruze,2015,sedan,gasoline,4929.16,mN52550457Rk070185
VH003883,Honda,CR-V,2015,suv,gasoline,6417.85,de10857426TH634718
VH003884,Nissan,Sentra,2016,sedan,gasoline,4532.01,NO29098735aA980680
VH003885,Chevrolet,Equinox,2013,suv,diesel,5214.12,Mx69354622Mb665214
VH003886,Kia,Optima,2018,sedan,hybrid,7819.52,xb20596953Mt299061
VH003887,Hyundai,Accent,2016,sedan,gasoline,4759.77,pd79201293aG602598
VH003888,Kia,Sorento,2015,suv,gasoline,6601.12,HQ46052230cp161726
VH003889,Kia,Forte,2013,sedan,gasoline,3521.07,XX57280149yX164233
VH003890,BMW,X5,2013,suv,gasoline,10579.3,In09993995Yp354252
VH003891,BMW,X3,2018,suv,hybrid,17320.69,rw95446325Rw299369
VH003892,Ford,F-150,2019,truck,gasoline,14728.88,lT16759628GS292093
VH003893,Nissan,Sentra,2022,sedan,gasoline,12745.29,lN26797801gF053580
VH003894,Ford,Focus,2015,sedan,gasoline,4840.16,Je18465815YJ395001
VH003895,Nissan,Altima,2018,sedan,gasoline,8745.16,zz27626441hN075012
VH003896,Ford,Explorer,2009,suv,gasoline,4680.0,nI52223591ux528325
VH003897,Nissan,Altima,2013,sedan,gasoline,4623.0,fO94558002nB047159
VH003898,Chevrolet,Equinox,2012,suv,gasoline,3765.09,EY27875008ht773852
VH003899,Chevrolet,Equinox,2016,suv,gasoline,7124.69,pS66379550uR236078
VH003900,Nissan,Sentra,2022,sedan,gasoline,13475.09,EV50295571xL392710
VH003901,BMW,7 Series,2016,sedan,gasoline,19545.93,Sn86048628qH459980
VH003902,BMW,X5,2024,suv,electric,41843.72,pG84898378Kp861533
VH003903,Hyundai,Tucson,2024,suv,gasoline,22585.25,YR09248368Po209846
VH003904,Chevrolet,Tahoe,2016,suv,hybrid,14336.25,Vh00512222DV492515
VH003905,Nissan,Frontier,2020,truck,hybrid,14957.52,ib03610624ZP204531
VH003906,Hyundai,Sonata,2021,sedan,gasoline,12154.39,Tt96726266Wh679707
VH003907,Ford,Escape,2012,suv,electric,4561.87,PZ65124949yO110537
VH003908,Nissan,Pathfinder,2016,suv,gasoline,9114.93,uv85040461dI568471
VH003909,Toyota,Camry,2008,sedan,gasoline,3360.0,Xi59643911JI006710
VH003910,Hyundai,Sonata,2017,sedan,hybrid,8411.69,vp79687791BN985241
VH003911,BMW,7 Series,2009,sedan,gasoline,10560.0,Rb19683926wy017760
VH003912,Ford,Mustang,2018,sedan,gasoline,11296.68,dX00961923Ql726891
VH003913,Kia,Sportage,2016,suv,hybrid,6192.68,GL55458645Cp926286
VH003914,Chevrolet,Cruze,2023,sedan,gasoline,13749.58,PX87197931OE155925
VH003915,Nissan,Frontier,2018,truck,electric,11031.77,Tn14653708jT366366
VH003916,Toyota,Corolla,2008,sedan,gasoline,2760.0,nr26402785by336374
VH003917,Chevrolet,Cruze,2015,sedan,gasoline,4563.53,zb56495797Hq121911
VH003918,Toyota,Highlander,2010,suv,gasoline,4611.25,hE95525633lt413873
VH003919,Nissan,Altima,2008,sedan,gasoline,3120.0,iM16063634rx313623
VH003920,Honda,Accord,2013,sedan,gasoline,4100.39,pL30264256xM283994
VH003921,Kia,Soul,2013,suv,gasoline,3583.74,Bx13772661Ra304875
VH003922,BMW,X3,2015,suv,gasoline,9898.02,vE07760560Be638122
VH003923,Hyundai,Elantra,2012,sedan,gasoline,3266.92,gF77638982No165061
VH003924,Chevrolet,Cruze,2019,sedan,hybrid,7908.68,Gw96490455hZ002993
VH003925,Kia,Forte,2020,sedan,gasoline,8361.86,fp27882813sh025368
VH003926,Nissan,Pathfinder,2012,suv,gasoline,5560.39,Yz94737972ri626967
VH003927,Ford,Focus,2015,sedan,gasoline,3899.33,on23084322wA477759
VH003928,Toyota,RAV4,2013,suv,gasoline,5017.65,kS55811643RY160780
VH003929,Hyundai,Sonata,2021,sedan,gasoline,14123.2,Nh72850252Lw272661
VH003930,Chevrolet,Malibu,2023,sedan,gasoline,15460.72,fr90855944tU411457
VH003931,Kia,Optima,2011,sedan,gasoline,3036.56,pq22911251At253472
VH003932,BMW,7 Series,2011,sedan,gasoline,10560.0,Rt44274030Jn739127
VH003933,BMW,5 Series,2009,sedan,gasoline,6720.0,VE63102983be629330
VH003934,Kia,Sportage,2017,suv,diesel,7990.44,OO00957411dd375738
VH003935,Chevrolet,Malibu,2013,sedan,gasoline,4370.53,dN75187324sO249625
VH003936,Toyota,RAV4,2008,suv,gasoline,3600.0,eO44552876HB561466
VH003937,Honda,Pilot,2019,suv,gasoline,15379.77,IC60884417Dw792167
VH003938,Kia,Optima,2022,sedan,diesel,13119.74,Nj05127624kp909644
VH003939,Chevrolet,Malibu,2024,sedan,gasoline,21000.24,DJ78365158Qg580428
VH003940,Hyundai,Tucson,2012,suv,gasoline,3905.95,Ah41481201NZ143669
VH003941,Nissan,Sentra,2010,sedan,gasoline,2520.0,YG91704151AT680109
VH003942,Kia,Optima,2021,sedan,gasoline,12303.14,Xs76614618ly886456
VH003943,Toyota,Tacoma,2016,truck,electric,9483.33,jM21779738DQ114442
VH003944,Honda,Accord,2020,sedan,gasoline,12845.92,Vx61083225vm844309
VH003945,Toyota,Corolla,2021,sedan,gasoline,13012.91,cd12155728Fc121421
VH003946,Honda,Civic,2017,sedan,gasoline,7473.06,So53310740Tm129723
VH003947,Kia,Sorento,2018,suv,gasoline,11377.36,eV07203588dj758950
VH003948,Kia,Sorento,2017,suv,electric,10613.13,yT96633183se202448
VH003949,BMW,X5,2018,suv,gasoline,17365.44,Aw96051327YB260438
VH003950,Kia,Sportage,2024,suv,gasoline,20069.75,rm08056189lX851492
VH003951,BMW,X5,2010,suv,gasoline,7440.0,Yx21245102Um262867
VH003952,Hyundai,Tucson,2015,suv,gasoline,6701.62,Wk89428179Hi793539
VH003953,Toyota,Corolla,2021,sedan,gasoline,10187.55,Jo00313228se677850
VH003954,Honda,Odyssey,2020,minivan,gasoline,17778.54,DA56228009qS791746
VH003955,Nissan,Sentra,2018,sedan,gasoline,6361.1,mu17407752Yo790157
VH003956,Honda,Civic,2015,sedan,hybrid,4695.92,Kd48720061xG945659
VH003957,Ford,Focus,2009,sedan,gasoline,2520.0,xE21452505sk705922
VH003958,Hyundai,Tucson,2014,suv,gasoline,6068.52,bN12894457uq212143
VH003959,Toyota,Tacoma,2015,truck,gasoline,6863.24,gg02911097lR622717
VH003960,Ford,Escape,2008,suv,gasoline,3480.0,ut98913032qp646434
VH003961,Chevrolet,Silverado,2011,truck,gasoline,4920.0,FM45245932Si333579
VH003962,Honda,CR-V,2021,suv,diesel,15041.98,Pp30623249mh817596
VH003963,Hyundai,Tucson,2024,suv,gasoline,21353.8,HP29462802Bs061605
VH003964,Toyota,Highlander,2016,suv,gasoline,8768.34,we18592726Ja138439
VH003965,Kia,Sportage,2015,suv,gasoline,6828.73,AV96110197np752685
VH003966,Ford,Focus,2010,sedan,gasoline,2569.85,si92378109kk284020
VH003967,BMW,X3,2016,suv,gasoline,10336.9,AH65808669JV062092
VH003968,Hyundai,Elantra,2018,sedan,gasoline,7612.74,Tb67139324jv646338
VH003969,Nissan,Rogue,2019,suv,hybrid,10965.84,Rl49736444bm793461
VH003970,BMW,X5,2011,suv,gasoline,8604.18,rc65073857Tm448229
VH003971,Kia,Sportage,2024,suv,gasoline,23663.8,rR78183731pi214365
VH003972,Chevrolet,Equinox,2015,suv,gasoline,6713.38,aJ12827595NS924265
VH003973,BMW,7 Series,2016,sedan,gasoline,19355.21,th26506222Wz351053
VH003974,Toyota,Corolla,2010,sedan,gasoline,2760.0,ww84773757NY601067
VH003975,Toyota,Highlander,2018,suv,gasoline,12162.58,Cv40642810Ql130358
VH003976,BMW,5 Series,2013,sedan,gasoline,8907.6,IF23296815au204481
VH003977,Toyota,Corolla,2011,sedan,gasoline,2760.0,vj93267848PZ177155
VH003978,Hyundai,Accent,2021,sedan,gasoline,8408.95,zw98071138Zl348067
VH003979,BMW,X5,2021,suv,gasoline,28424.11,VF05343290JB003028
VH003980,Ford,Explorer,2023,suv,gasoline,28265.31,US38514580nW172137
VH003981,Nissan,Frontier,2013,truck,diesel,5643.45,fv99970553fd017700
VH003982,Honda,Odyssey,2024,minivan,gasoline,29732.66,hD87459499uV198913
VH003983,Nissan,Frontier,2011,truck,gasoline,4368.55,GV83599283jr803741
VH003984,Honda,Pilot,2014,suv,gasoline,7819.48,cl17026734Fz519281
VH003985,Hyundai,Accent,2012,sedan,gasoline,2589.75,Wf08463240IS364601
VH003986,Nissan,Rogue,2008,suv,hybrid,3480.0,Nz86933325RC802089
VH003987,Kia,Sportage,2015,suv,diesel,5159.1,wi79037416Xh830367
VH003988,Kia,Sportage,2011,suv,gasoline,3361.65,JK01702855Xe832886
VH003989,Ford,Escape,2024,suv,hybrid,23161.85,PT47172889KN856167
VH003990,Toyota,Camry,2021,sedan,gasoline,12534.88,WS73826676ed478583
VH003991,Hyundai,Sonata,2009,sedan,gasoline,3240.0,Ka12461181dM187685
VH003992,Ford,Mustang,2020,sedan,gasoline,15826.54,sP40992879FM457090
VH003993,Hyundai,Tucson,2015,suv,gasoline,7193.55,Ub46194909fM656863
VH003994,Toyota,Camry,2016,sedan,gasoline,6680.75,lv39786770Yc690954
VH003995,BMW,X5,2009,suv,gasoline,7440.0,NW07891562Ac237317
VH003996,Hyundai,Elantra,2013,sedan,gasoline,3321.4,pZ34456762fL129318
VH003997,Nissan,Pathfinder,2024,suv,gasoline,27216.1,JM83111689Dz123751
VH003998,Toyota,Tacoma,2021,truck,gasoline,17344.92,YP25736945rl475830
VH003999,Chevrolet,Tahoe,2017,suv,gasoline,13433.0,kI95961753Kr142095
